[02:00:02] [INFO] ================================================
[02:00:02] [INFO]   Faculty Atlas - Daily Update
[02:00:02] [INFO]   Tuesday, June 09 2026 02:00:02
[02:00:02] [INFO]   Project: C:\Users\StevenAzeka\OneDrive\Documents\GitHub\Faculty-Jobs
[02:00:02] [INFO] ================================================
[02:00:02] [INFO] 
[02:00:02] [INFO] --------------------------------------------------
[02:00:02] [INFO]   Step 1/5 - Scrape jobs
[02:00:02] [INFO] --------------------------------------------------
[02:00:02] [INFO] Running: C:\Program Files\nodejs\npm.cmd run scrape:json
[02:13:18] [INFO]   
[02:13:18] [INFO]   > faculty-jobs@1.0.0 scrape:json
[02:13:18] [INFO]   > node scripts/scrape-to-json.js
[02:13:18] [INFO]   
[02:13:18] [INFO]   🧾 Loaded policy exclusions: 12 institutions
[02:13:18] [INFO]   🏷️  Loaded private for-profit exclusions: 0 institutions
[02:13:18] [INFO]   ↪️  Arizona Christian University override URL applied
[02:13:18] [INFO]   Wesleyan University CT listings scraped: 2 (API)
[02:13:18] [INFO]   University of Hartford CT listings scraped: 16
[02:13:18] [INFO]   ASU facultypositions listings scraped: 0
[02:13:18] [INFO]   Arizona Western College AZ listings scraped: 0
[02:13:18] [INFO]   Estrella Mountain Community College AZ listings scraped: 0
[02:13:18] [INFO]   Community Christian College AZ listings scraped: 0
[02:13:18] [INFO]   Prescott College AZ listings scraped: 0
[02:13:18] [INFO]   Trinity College CT listings scraped: 5
[02:13:18] [INFO]   Arizona Board of Regents AZ listings scraped: 0
[02:13:18] [INFO]   Eastern Arizona College AZ listings scraped: 0
[02:13:18] [INFO]   Arizona State University Digital Immersion AZ listings scraped: 0
[02:13:18] [INFO]   Arizona State University Campus Immersion AZ listings scraped: 0
[02:13:18] [INFO]   Fairfield University CT listings scraped: 4 (API)
[02:13:18] [INFO]   ↪️  Cochise County Community College District: generic page hands off to schooljobs
[02:13:18] [INFO]   Embry-Riddle Aeronautical University-Prescott AZ listings scraped: 0
[02:13:18] [INFO]   UMass Dartmouth listing scraped: 4
[02:13:18] [INFO]   Western Maricopa Education Center AZ listings scraped: 0
[02:13:18] [INFO]   ↪️  Coconino Community College: generic page hands off to schooljobs
[02:13:18] [INFO]   Yale University CT listings scraped: 0
[02:13:18] [INFO]   Ottawa University-Surprise AZ listings scraped: 0
[02:13:18] [INFO]   Northern Arizona University AZ listings scraped: 11
[02:13:18] [INFO]   UMass Lowell listing scraped: 4
[02:13:18] [INFO]   Connecticut College CT listings scraped: 18
[02:13:18] [INFO]   Central Arizona College AZ listings scraped: 1
[02:13:18] [INFO]   University of Connecticut CT listings scraped: 17
[02:13:18] [INFO]   Cochise County Community College District AZ listings scraped: 0
[02:13:18] [INFO]   Cochise County Community College District AZ listings scraped: 0
[02:13:18] [INFO]   Quinnipiac University CT listings scraped: 6
[02:13:18] [INFO]   UMass Boston listing scraped: 20
[02:13:18] [INFO]   Dine College AZ listings scraped: 0
[02:13:18] [INFO]   University of Arizona AZ listings scraped: 9
[02:13:18] [INFO]   Albertus Magnus College CT listings scraped: 0
[02:13:18] [INFO]   Charter Oak State College CT listings scraped: 0
[02:13:18] [INFO]   Coconino Community College AZ listings scraped: 1
[02:13:18] [INFO]   University of Bridgeport CT listings scraped: 4
[02:13:18] [INFO]   Connecticut State Community College CT listings scraped: 0
[02:13:18] [INFO]   Eastern Connecticut State University CT listings scraped: 0
[02:13:18] [INFO]   UMass Amherst page 1: 8 jobs
[02:13:18] [INFO]   UMass Amherst total scraped: 8
[02:13:18] [INFO]   Brandeis University MA listings scraped: 3 (API)
[02:13:18] [INFO]   Amherst College MA listings scraped: 2 (API)
[02:13:18] [INFO]   Mount Holyoke College MA listings scraped: 2 (API)
[02:13:18] [INFO]   Tufts University MA listings scraped: 5 (Jibe API)
[02:13:18] [INFO]   Massachusetts Institute of Technology MA listings scraped: 0 (PeopleClick)
[02:13:18] [INFO]   Northeastern University MA listings scraped: 3 (API)
[02:13:18] [INFO]   Wellesley College MA listings scraped: 3 (API)
[02:13:18] [INFO]   Arizona Christian University AZ listings scraped: 0
[02:13:18] [INFO]   Boston College MA listings scraped: 0
[02:13:18] [INFO]   Boston University MA listings scraped: 0
[02:13:18] [INFO]   Williams College MA listings scraped: 0
[02:13:18] [INFO]   Babson College MA listings scraped: 0
[02:13:18] [INFO]   Central Connecticut State University CT listings scraped: 0
[02:13:18] [INFO]   UC Santa Barbara UC listings scraped: 60
[02:13:18] [INFO]   UC Berkeley UC listings scraped: 150
[02:13:18] [INFO]   College of the Holy Cross MA listings scraped: 0 (Jobvite)
[02:13:18] [INFO]   UC Riverside UC listings scraped: 88
[02:13:18] [INFO]   UCLA UC listings scraped: 233
[02:13:18] [INFO]   UC Santa Cruz UC listings scraped: 87
[02:13:18] [INFO]   UC Davis UC listings scraped: 218
[02:13:18] [INFO]   UC Merced UC listings scraped: 142
[02:13:18] [INFO]   UC San Diego UC listings scraped: 163
[02:13:18] [INFO]   Bentley University MA listings scraped: 2 (API)
[02:13:18] [INFO]   UC San Francisco UC listings scraped: 374
[02:13:18] [INFO]   UC Irvine UC listings scraped: 310
[02:13:18] [INFO]   Smith College MA listings scraped: 2 (Smith Interfolio page)
[02:13:19] [INFO]   Stanford University CA Private listings scraped: 15
[02:13:19] [INFO]   Springfield College-Regional, Online, and Continuing Education MA listings scraped: 0
[02:13:19] [INFO]   ↪️  Signature Healthcare Brockton Hospital School of Nursing: generic page hands off to csod
[02:13:19] [INFO]   Academy for Jewish Religion California CA Private listings scraped: 0
[02:13:19] [INFO]   University of Southern California CA Private listings scraped: 10 (USC listing)
[02:13:19] [INFO]   American International College MA listings scraped: 0
[02:13:19] [INFO]   ↪️  Alder Graduate School of Education override URL applied
[02:13:19] [INFO]   California Institute of Technology CA Private Taleo listings scraped: 0
[02:13:19] [INFO]   Anna Maria College MA listings scraped: 1
[02:13:19] [INFO]   Acupuncture and Integrative Medicine College-Berkeley CA Private listings scraped: 0
[02:13:19] [INFO]   Alder Graduate School of Education CA Private listings scraped: 1
[02:13:19] [INFO]   Assumption University MA listings scraped: 0
[02:13:19] [INFO]   Academy of Chinese Culture and Health Sciences CA Private listings scraped: 0
[02:13:19] [INFO]   Allan Hancock College CA Private listings scraped: 0
[02:13:19] [INFO]   Bard College at Simon's Rock MA listings scraped: 0
[02:13:19] [INFO]   CT Faculty/Teaching results scraped: 27
[02:13:19] [INFO]   Montclair State University NJ listings scraped: 6 (API)
[02:13:19] [INFO]   Kean University NJ listings scraped: 5 (API)
[02:13:19] [INFO]   William Paterson University NJ listings scraped: 6 (API)
[02:13:19] [INFO]   Bay Path University MA listings scraped: 0
[02:13:19] [INFO]   Stevens Institute of Technology NJ listings scraped: 9 (API)
[02:13:19] [INFO]   Stockton University NJ listings scraped: 0
[02:13:19] [INFO]   The College of New Jersey NJ listings scraped: 0
[02:13:19] [INFO]   Signature Healthcare Brockton Hospital School of Nursing MA listings scraped: 0
[02:13:19] [INFO]   Signature Healthcare Brockton Hospital School of Nursing MA listings scraped: 0
[02:13:19] [INFO]   Benjamin Franklin Cummings Institute of Technology MA listings scraped: 0
[02:13:19] [INFO]   American Jewish University CA Private listings scraped: 0
[02:13:19] [INFO]   Fairleigh Dickinson University NJ listings scraped: 29
[02:13:19] [INFO]   New Jersey City University NJ listings scraped: 0
[02:13:19] [INFO]   CSU listing scraped: 114
[02:13:19] [INFO]   American Academy of Dramatic Arts-Los Angeles CA Private listings scraped: 0
[02:13:19] [INFO]   ↪️  American River College: generic page hands off to schooljobs
[02:13:19] [INFO]   Berklee College of Music MA listings scraped: 0
[02:13:19] [INFO]   Berkshire Community College MA listings scraped: 0
[02:13:19] [INFO]   ↪️  Boston Architectural College: generic page hands off to paycom
[02:13:19] [INFO]   Princeton University NJ listings scraped: 1
[02:13:19] [INFO]   Ramapo College of New Jersey NJ listings scraped: 1
[02:13:19] [INFO]   Rider University NJ listings scraped: 1
[02:13:19] [INFO]   New Jersey Institute of Technology NJ listings scraped: 4
[02:13:19] [INFO]   Antioch University-Los Angeles CA Private listings scraped: 0
[02:13:19] [INFO]   Boston Baptist College MA listings scraped: 0
[02:13:19] [INFO]   American River College CA Private listings scraped: 0
[02:13:19] [INFO]   American River College CA Private listings scraped: 0
[02:13:19] [INFO]   ↪️  Antelope Valley Community College District: generic page hands off to schooljobs
[02:13:19] [INFO]   Saint Peter's University NJ listings scraped: 8
[02:13:19] [INFO]   Boston Architectural College MA listings scraped: 2
[02:13:19] [INFO]   Boston Graduate School of Psychoanalysis Inc MA listings scraped: 0
[02:13:19] [INFO]   Monmouth University NJ listings scraped: 6
[02:13:19] [INFO]   Antioch University-Santa Barbara CA Private listings scraped: 0
[02:13:19] [INFO]   Capital Health School of Radiologic Technology NJ listings scraped: 0
[02:13:19] [INFO]   Capital Health School of Nursing NJ listings scraped: 0
[02:13:19] [INFO]   Bridgewater State University MA listings scraped: 0
[02:13:19] [INFO]   Bristol Community College MA listings scraped: 0
[02:13:19] [INFO]   Bunker Hill Community College MA listings scraped: 2
[02:13:19] [INFO]   Antelope Valley Community College District CA Private listings scraped: 0
[02:13:19] [INFO]   Seton Hall University NJ listings scraped: 19
[02:13:19] [INFO]   Antelope Valley Community College District CA Private listings scraped: 0
[02:13:19] [INFO]   Coalinga College CA Private listings scraped: 0
[02:13:19] [INFO]   Lemoore College CA Private listings scraped: 0
[02:13:19] [INFO]   Clark University MA listings scraped: 0
[02:13:19] [INFO]   Cambridge College MA listings scraped: 0
[02:13:19] [INFO]   Cape Cod Community College MA listings scraped: 0
[02:13:19] [INFO]   Hackensack Meridian School of Medicine NJ listings scraped: 0
[02:13:19] [INFO]   Holy Name Medical Center-Sister Claire Tynan School of Nursing NJ listings scraped: 0
[02:13:19] [INFO]   Middlebury Institute of International Studies at Monterey CA Private listings scraped: 0
[02:13:19] [INFO]   Atlantic Cape Community College NJ listings scraped: 0
[02:13:19] [INFO]   Rutgers, The State University of New Jersey NJ listings scraped: 278
[02:13:19] [INFO]   Moorpark College CA Private listings scraped: 0
[02:13:19] [INFO]   Los Angeles County College of Nursing and Allied Health CA Private listings scraped: 0
[02:13:19] [INFO]   Loma Linda University CA Private listings scraped: 0
[02:13:19] [INFO]   College of Our Lady of the Elms MA listings scraped: 1
[02:13:19] [INFO]   Conway School of Landscape Design MA listings scraped: 0
[02:13:19] [INFO]   ↪️  Dean College override URL applied
[02:13:19] [INFO]   Curry College MA listings scraped: 0
[02:13:19] [INFO]   Bergen Community College NJ listings scraped: 0
[02:13:19] [INFO]   Beth Medrash Govoha NJ listings scraped: 0
[02:13:19] [INFO]   Sanford Burnham Prebys Medical Discovery Institute CA Private listings scraped: 2
[02:13:19] [INFO]   Bloomfield College of Montclair State University NJ listings scraped: 0
[02:13:19] [INFO]   Santiago Canyon College CA Private listings scraped: 0
[02:13:19] [INFO]   Dean College MA listings scraped: 1
[02:13:19] [INFO]   Rowan University NJ listings scraped: 19
[02:13:19] [INFO]   The Chicago School at Anaheim CA Private listings scraped: 0
[02:13:19] [INFO]   The Chicago School at Los Angeles CA Private listings scraped: 0
[02:13:19] [INFO]   Emerson College MA listings scraped: 1
[02:13:19] [INFO]   Caldwell University NJ listings scraped: 1
[02:13:19] [INFO]   The Chicago School at San Diego CA Private listings scraped: 0
[02:13:19] [INFO]   Eastern Nazarene College MA listings scraped: 0
[02:13:19] [INFO]   Camden County College NJ listings scraped: 0
[02:13:19] [INFO]   Trinity Law School CA Private listings scraped: 0
[02:13:19] [INFO]   Azusa Pacific University CA Private listings scraped: 3
[02:13:19] [INFO]   Art Center College of Design CA Private listings scraped: 0
[02:13:19] [INFO]   ↪️  Endicott College: generic page hands off to workday
[02:13:19] [INFO]   Centenary University NJ listings scraped: 0
[02:13:19] [INFO]   ↪️  Brookdale Community College: generic page hands off to icims
[02:13:19] [INFO]   Emmanuel College MA listings scraped: 0
[02:13:19] [INFO]   Endicott College MA listings scraped: 3 (API)
[02:13:19] [INFO]   ↪️  Fisher College: generic page hands off to paycom
[02:13:19] [INFO]   Drew University NJ listings scraped: 2
[02:13:19] [INFO]   Bakersfield College CA Private listings scraped: 0
[02:13:19] [INFO]   County College of Morris NJ listings scraped: 1
[02:13:19] [INFO]   Brookdale Community College NJ listings scraped: 0
[02:13:19] [INFO]   Berkeley City College CA Private listings scraped: 0
[02:13:19] [INFO]   Brookdale Community College NJ listings scraped: 0
[02:13:19] [INFO]   Framingham State University MA listings scraped: 1
[02:13:19] [INFO]   ↪️  Barstow Community College: generic page hands off to schooljobs
[02:13:19] [INFO]   Fairleigh Dickinson University-Florham Campus NJ listings scraped: 1
[02:13:19] [INFO]   Bethesda University CA Private listings scraped: 0
[02:13:19] [INFO]   Fitchburg State University MA listings scraped: 0
[02:13:19] [INFO]   Fairleigh Dickinson University-Metropolitan Campus NJ listings scraped: 0
[02:13:19] [INFO]   Berkeley School of Theology CA Private listings scraped: 0
[02:13:19] [INFO]   Franklin W Olin College of Engineering MA listings scraped: 0
[02:13:19] [INFO]   Fisher College MA listings scraped: 6
[02:13:19] [INFO]   ↪️  Biola University: generic page hands off to csod
[02:13:19] [INFO]   Felician University NJ listings scraped: 0
[02:13:19] [INFO]   Cabrillo College CA Private listings scraped: 0
[02:13:19] [INFO]   Barstow Community College CA Private listings scraped: 0
[02:13:19] [INFO]   Barstow Community College CA Private listings scraped: 0
[02:13:19] [INFO]   ↪️  Butte College: generic page hands off to schooljobs
[02:13:19] [INFO]   Butte College CA Private listings scraped: 2
[02:13:19] [INFO]   ↪️  Essex County College: generic page hands off to peopleadmin
[02:13:19] [INFO]   California College of the Arts CA Private listings scraped: 1
[02:13:19] [INFO]   Essex County College NJ listings scraped: 0
[02:13:19] [INFO]   Essex County College NJ listings scraped: 0
[02:13:19] [INFO]   California Baptist University CA Private listings scraped: 0
[02:13:19] [INFO]   California Institute of Advanced Management CA Private listings scraped: 1
[02:13:19] [INFO]   Elizabeth City State University NC listings scraped: 5
[02:13:19] [INFO]   Appalachian State University NC listings scraped: 25
[02:13:19] [INFO]   Fayetteville State University NC listings scraped: 7
[02:13:19] [INFO]   California Institute of Integral Studies CA Private listings scraped: 0
[02:13:19] [INFO]   California Jazz Conservatory CA Private listings scraped: 0
[02:13:19] [INFO]   North Carolina A&T State University NC listings scraped: 40
[02:13:19] [INFO]   California Institute of the Arts CA Private listings scraped: 0
[02:13:19] [INFO]   California Lutheran University CA Private listings scraped: 0
[02:13:19] [INFO]   UNC Asheville NC listings scraped: 2
[02:13:19] [INFO]   William & Mary VA listings scraped: 0
[02:13:19] [INFO]   Biola University CA Private listings scraped: 10
[02:13:19] [INFO]   California Polytechnic State University-San Luis Obispo CA Private listings scraped: 0
[02:13:19] [INFO]   California State Polytechnic University-Humboldt CA Private listings scraped: 2
[02:13:19] [INFO]   George Mason University VA listings scraped: 0
[02:13:19] [INFO]   University of Virginia VA listings scraped: 0 (Workday search API)
[02:13:19] [INFO]   Old Dominion University VA listings scraped: 21
[02:13:19] [INFO]   California State Polytechnic University-Pomona CA Private listings scraped: 0
[02:13:19] [INFO]   James Madison University VA listings scraped: 0
[02:13:19] [INFO]   California State University-Bakersfield CA Private listings scraped: 0
[02:13:19] [INFO]   California State University-Chancellors Office CA Private listings scraped: 0
[02:13:19] [INFO]   University of Richmond VA listings scraped: 4 (API)
[02:13:19] [INFO]   NC State University NC listings scraped: 5 (HTTP fallback)
[02:13:19] [INFO]   California State University-Channel Islands CA Private listings scraped: 1
[02:13:19] [INFO]   Washington and Lee University VA listings scraped: 0
[02:13:19] [INFO]   California State University-Chico CA Private listings scraped: 1
[02:13:19] [INFO]   Hollins University VA listings scraped: 1
[02:13:19] [INFO]   California State University Maritime Academy CA Private listings scraped: 0
[02:13:19] [INFO]   Centra College VA listings scraped: 0
[02:13:19] [INFO]   UNC Charlotte NC listings scraped: 8
[02:13:19] [INFO]   Virginia Commonwealth University VA listings scraped: 0
[02:13:19] [INFO]   ↪️  California State University-East Bay: generic page hands off to pageup
[02:13:19] [INFO]   UNC Pembroke NC listings scraped: 21
[02:13:19] [INFO]   California State University-Fresno CA Private listings scraped: 0
[02:13:19] [INFO]   Riverside College of Health Careers VA listings scraped: 0
[02:13:19] [INFO]   Appalachian College of Pharmacy VA listings scraped: 2
[02:13:19] [INFO]   UNC School of the Arts NC listings scraped: 2
[02:13:19] [INFO]   Virginia Tech VA listings scraped: 64 (keyword search)
[02:13:19] [INFO]   California State University-Dominguez Hills CA Private listings scraped: 0
[02:13:19] [INFO]   California State University-Fullerton CA Private listings scraped: 0
[02:13:19] [INFO]   ↪️  California State University-Long Beach: generic page hands off to pageup
[02:13:19] [INFO]   Agora University VA listings scraped: 0
[02:13:19] [INFO]   UNC Wilmington NC listings scraped: 0
[02:13:19] [INFO]   Appalachian School of Law VA listings scraped: 1
[02:13:19] [INFO]   Averett University VA listings scraped: 1
[02:13:19] [INFO]   California State University-Long Beach CA Private listings scraped: 0
[02:13:19] [INFO]   California State University-Long Beach CA Private listings scraped: 0
[02:13:19] [INFO]   California State University-Los Angeles CA Private listings scraped: 0
[02:13:19] [INFO]   California State University-Monterey Bay CA Private listings scraped: 0
[02:13:19] [INFO]   Ascent College VA listings scraped: 0
[02:13:19] [INFO]   Bon Secours Memorial College of Nursing VA listings scraped: 1
[02:13:19] [INFO]   California State University-East Bay CA Private listings scraped: 38
[02:13:19] [INFO]   North Carolina Central University NC listings scraped: 19
[02:13:19] [INFO]   East Carolina University NC listings scraped: 51
[02:13:19] [INFO]   Bluefield University VA listings scraped: 0
[02:13:19] [INFO]   California State University-Northridge CA Private listings scraped: 0
[02:13:19] [INFO]   Blue Ridge Community College VA listings scraped: 0
[02:13:19] [INFO]   California State University-San Bernardino CA Private listings scraped: 0
[02:13:19] [INFO]   Bon Secours St Mary's Hospital School of Medical Imaging VA listings scraped: 0
[02:13:19] [INFO]   California State University-Sacramento CA Private listings scraped: 1
[02:13:19] [INFO]   Winston-Salem State University NC listings scraped: 1
[02:13:19] [INFO]   California State University-San Marcos CA Private listings scraped: 0
[02:13:19] [INFO]   California State University-Stanislaus CA Private listings scraped: 0
[02:13:19] [INFO]   Brightpoint Community College VA listings scraped: 0
[02:13:19] [INFO]   Western Carolina University NC listings scraped: 16
[02:13:19] [INFO]   Central Virginia Community College VA listings scraped: 42
[02:13:19] [INFO]   Bryant & Stratton College-Virginia Beach VA listings scraped: 0
[02:13:19] [INFO]   Wake Forest University NC listings scraped: 2
[02:13:19] [INFO]   Davidson College NC listings scraped: 0 (Workday search API)
[02:13:19] [INFO]   ↪️  Bridgewater College: generic page hands off to paycom
[02:13:19] [INFO]   California Western School of Law CA Private listings scraped: 0
[02:13:19] [INFO]   Christopher Newport University VA listings scraped: 0
[02:13:19] [INFO]   Danville Community College VA listings scraped: 0
[02:13:19] [INFO]   Canada College CA Private listings scraped: 0
[02:13:19] [INFO]   UNC Greensboro NC listings scraped: 33
[02:13:19] [INFO]   Elon University NC listings scraped: 0
[02:13:19] [INFO]   Divine Mercy University VA listings scraped: 0
[02:13:19] [INFO]   Casa Loma College-Los Angeles CA Private listings scraped: 0
[02:13:19] [INFO]   Eastern Mennonite University VA listings scraped: 0
[02:13:19] [INFO]   CBD College CA Private listings scraped: 0
[02:13:19] [INFO]   Eastern Shore Community College VA listings scraped: 0
[02:13:19] [INFO]   Bridgewater College VA listings scraped: 10
[02:13:19] [INFO]   Johnson & Wales University-Charlotte NC listings scraped: 0
[02:13:19] [INFO]   Duke University NC listings scraped: 25 (keyword search)
[02:13:19] [INFO]   ↪️  Alamance Community College: generic page hands off to schooljobs
[02:13:19] [INFO]   Cerritos College CA Private listings scraped: 1
[02:13:19] [INFO]   ↪️  Eastern Virginia Medical School: generic page hands off to icims
[02:13:19] [INFO]   Edward Via College of Osteopathic Medicine VA listings scraped: 0
[02:13:19] [INFO]   Cerro Coso Community College CA Private listings scraped: 0
[02:13:19] [INFO]   ↪️  Chabot College: generic page hands off to peopleadmin
[02:13:19] [INFO]   Asheville-Buncombe Technical Community College NC listings scraped: 0
[02:13:19] [INFO]   Ferrum College VA listings scraped: 0
[02:13:19] [INFO]   ↪️  Emory & Henry University: generic page hands off to paycom
[02:13:19] [INFO]   Alamance Community College NC listings scraped: 1
[02:13:19] [INFO]   Chaffey College CA Private listings scraped: 0
[02:13:19] [INFO]   ↪️  Barton College: generic page hands off to paycom
[02:13:19] [INFO]   Chabot College CA Private listings scraped: 3
[02:13:19] [INFO]   Harvard University MA listings scraped: 192
[02:13:19] [INFO]   Eastern Virginia Medical School VA listings scraped: 0
[02:13:19] [INFO]   Eastern Virginia Medical School VA listings scraped: 0
[02:13:19] [INFO]   California University of Science and Medicine CA Private listings scraped: 0
[02:13:19] [INFO]   Chapman University CA Private listings scraped: 1
[02:13:19] [INFO]   Beaufort County Community College NC listings scraped: 2
[02:13:19] [INFO]   College of Charleston SC listings scraped: 9
[02:13:19] [INFO]   Coastal Carolina University SC listings scraped: 8
[02:13:19] [INFO]   Charles R Drew University of Medicine and Science CA Private listings scraped: 0
[02:13:19] [INFO]   Citrus College CA Private listings scraped: 0
[02:13:19] [INFO]   Church Divinity School of the Pacific CA Private listings scraped: 3
[02:13:19] [INFO]   Clemson University SC listings scraped: 0
[02:13:19] [INFO]   Winthrop University SC listings scraped: 1
[02:13:19] [INFO]   Furman University SC: API failed, falling back to browser
[02:13:19] [INFO]   Wofford College SC listings scraped: 2 (API)
[02:13:19] [INFO]   Belmont Abbey College NC listings scraped: 0
[02:13:19] [INFO]   Emory & Henry University VA listings scraped: 7
[02:13:19] [INFO]   Barton College NC listings scraped: 6
[02:13:19] [INFO]   City College of San Francisco CA Private listings scraped: 0
[02:13:19] [INFO]   Bennett College NC listings scraped: 0
[02:13:19] [INFO]   The Citadel SC listings scraped: 0
[02:13:19] [INFO]   Delaware Technical Community College DE listings scraped: 4
[02:13:19] [INFO]   Bladen Community College NC listings scraped: 1
[02:13:19] [INFO]   University of South Carolina SC listings scraped: 90
[02:13:19] [INFO]   Claremont Lincoln University CA Private listings scraped: 0
[02:13:19] [INFO]   Clovis Community College CA Private listings scraped: 0
[02:13:19] [INFO]   ↪️  Coast Community College District Office: generic page hands off to schooljobs
[02:13:19] [INFO]   University of South Carolina-Lancaster SC listings scraped: 0
[02:13:19] [INFO]   Claremont School of Theology CA Private listings scraped: 0
[02:13:19] [INFO]   Brevard College NC listings scraped: 0
[02:13:19] [INFO]   Delaware State University DE listings scraped: 3
[02:13:19] [INFO]   University of South Carolina-Salkehatchie SC listings scraped: 0
[02:13:19] [INFO]   Presbyterian College SC listings scraped: 0
[02:13:19] [INFO]   Brunswick Community College NC listings scraped: 0
[02:13:19] [INFO]   Cabarrus College of Health Sciences NC listings scraped: 1
[02:13:19] [INFO]   Wilmington University DE Taleo listings scraped: 0
[02:13:19] [INFO]   University of South Carolina-Sumter SC listings scraped: 0
[02:13:19] [INFO]   Coastline Community College CA Private listings scraped: 0
[02:13:19] [INFO]   College of Alameda CA Private listings scraped: 0
[02:13:19] [INFO]   ↪️  Caldwell Community College and Technical Institute: generic page hands off to schooljobs
[02:13:19] [INFO]   University of South Carolina-Union SC listings scraped: 0
[02:13:19] [INFO]   College of Marin CA Private listings scraped: 0
[02:13:19] [INFO]   University of Maryland, Baltimore County MD listings scraped: 10
[02:13:19] [INFO]   University of Maryland, College Park MD listings scraped: 63 (API)
[02:13:19] [INFO]   Aiken Technical College SC listings scraped: 0
[02:13:19] [INFO]   Johns Hopkins University MD listings scraped: 1
[02:13:19] [INFO]   ↪️  Campbell University: generic page hands off to taleo
[02:13:19] [INFO]   Cape Fear Community College NC listings scraped: 0
[02:13:19] [INFO]   Allen University SC listings scraped: 0
[02:13:19] [INFO]   Caldwell Community College and Technical Institute NC listings scraped: 0
[02:13:19] [INFO]   Caldwell Community College and Technical Institute NC listings scraped: 0
[02:13:19] [INFO]   College of San Mateo CA Private listings scraped: 0
[02:13:19] [INFO]   College of the Desert CA Private listings scraped: 0
[02:13:19] [INFO]   University of Maryland, Baltimore MD Taleo listings scraped: 8
[02:13:19] [INFO]   American College of the Building Arts SC listings scraped: 0
[02:13:19] [INFO]   Anderson University SC listings scraped: 1
[02:13:19] [INFO]   Carolina Christian College NC listings scraped: 0
[02:13:19] [INFO]   Morgan State University MD listings scraped: 63
[02:13:19] [INFO]   College of the Canyons CA Private listings scraped: 0
[02:13:19] [INFO]   St. Mary's College of Maryland MD listings scraped: 0
[02:13:19] [INFO]   Towson University MD Taleo listings scraped: 0
[02:13:19] [INFO]   Campbell University NC Taleo listings scraped: 0
[02:13:19] [INFO]   Campbell University NC listings scraped: 0
[02:13:19] [INFO]   Goucher College MD listings scraped: 0
[02:13:19] [INFO]   College of the Redwoods CA Private listings scraped: 0
[02:13:19] [INFO]   Central Carolina Technical College SC listings scraped: 0
[02:13:19] [INFO]   College of the Siskiyous CA Private listings scraped: 1
[02:13:19] [INFO]   Carolina College of Biblical Studies NC listings scraped: 0
[02:13:19] [INFO]   College of the Sequoias CA Private listings scraped: 1
[02:13:19] [INFO]   ↪️  Allegany College of Maryland: generic page hands off to schooljobs
[02:13:19] [INFO]   Garrett College MD listings scraped: 0
[02:13:19] [INFO]   ↪️  Carteret Community College: generic page hands off to schooljobs
[02:13:19] [INFO]   Charleston Southern University SC listings scraped: 1
[02:13:19] [INFO]   Allegany College of Maryland MD listings scraped: 0
[02:13:19] [INFO]   Allegany College of Maryland MD listings scraped: 0
[02:13:19] [INFO]   Catawba College NC listings scraped: 0
[02:13:19] [INFO]   Carolina University NC listings scraped: 0
[02:13:19] [INFO]   Bob Jones University SC listings scraped: 0
[02:13:19] [INFO]   Benedict College SC listings scraped: 0
[02:13:19] [INFO]   Furman University SC listings scraped: 0
[02:13:19] [INFO]   Bais HaMedrash and Mesivta of Baltimore MD listings scraped: 0
[02:13:19] [INFO]   Contra Costa College CA Private listings scraped: 0
[02:13:19] [INFO]   Citadel Military College of South Carolina SC listings scraped: 0
[02:13:19] [INFO]   Coast Community College District Office CA Private listings scraped: 0
[02:13:19] [INFO]   Coast Community College District Office CA Private listings scraped: 0
[02:13:19] [INFO]   ↪️  Bowie State University: generic page hands off to workday
[02:13:19] [INFO]   Central Carolina Community College NC listings scraped: 0
[02:13:19] [INFO]   Bowie State University MD listings scraped: 7 (API)
[02:13:19] [INFO]   Capitol Technology University MD listings scraped: 0
[02:13:19] [INFO]   Claflin University SC listings scraped: 0
[02:13:19] [INFO]   Clinton College SC listings scraped: 0
[02:13:19] [INFO]   Contra Costa Community College District Office CA Private listings scraped: 0
[02:13:19] [INFO]   Compton College CA Private listings scraped: 0
[02:13:19] [INFO]   Carteret Community College NC listings scraped: 1
[02:13:19] [INFO]   Catawba Valley Community College NC listings scraped: 1
[02:13:19] [INFO]   Baltimore City Community College MD listings scraped: 0
[02:13:19] [INFO]   Coker University SC listings scraped: 0
[02:13:19] [INFO]   ↪️  Central Piedmont Community College: generic page hands off to schooljobs
[02:13:19] [INFO]   Copper Mountain Community College CA Private listings scraped: 0
[02:13:19] [INFO]   Charlotte Christian College and Theological Seminary NC listings scraped: 0
[02:13:19] [INFO]   Crafton Hills College CA Private listings scraped: 0
[02:13:19] [INFO]   Chowan University NC listings scraped: 0
[02:13:19] [INFO]   Erskine College SC listings scraped: 1
[02:13:19] [INFO]   ↪️  Denmark Technical College: generic page hands off to schooljobs
[02:13:19] [INFO]   Cecil College MD listings scraped: 0
[02:13:19] [INFO]   Concordia University-Irvine CA Private listings scraped: 0
[02:13:19] [INFO]   Columbia International University SC listings scraped: 1
[02:13:19] [INFO]   Anne Arundel Community College MD listings scraped: 0
[02:13:19] [INFO]   Chesapeake College MD listings scraped: 0
[02:13:19] [INFO]   Cuesta College CA Private listings scraped: 0
[02:13:19] [INFO]   Converse University SC listings scraped: 0
[02:13:19] [INFO]   ↪️  Cosumnes River College: generic page hands off to schooljobs
[02:13:19] [INFO]   Central Piedmont Community College NC listings scraped: 1
[02:13:19] [INFO]   ↪️  Coastal Carolina Community College: generic page hands off to schooljobs
[02:13:19] [INFO]   Cuyamaca College CA Private listings scraped: 0
[02:13:19] [INFO]   Carroll Community College MD listings scraped: 0
[02:13:19] [INFO]   ↪️  College of Southern Maryland: generic page hands off to schooljobs
[02:13:19] [INFO]   Cleveland Community College NC listings scraped: 0
[02:13:19] [INFO]   ↪️  Community College of Baltimore County: generic page hands off to schooljobs
[02:13:19] [INFO]   Cypress College CA Private listings scraped: 0
[02:13:19] [INFO]   Coastal Carolina Community College NC listings scraped: 0
[02:13:19] [INFO]   Coastal Carolina Community College NC listings scraped: 0
[02:13:19] [INFO]   College of the Albemarle NC listings scraped: 0
[02:13:19] [INFO]   Florence-Darlington Technical College SC listings scraped: 1
[02:13:19] [INFO]   Frederick Community College MD listings scraped: 0
[02:13:19] [INFO]   De Anza College CA Private listings scraped: 0
[02:13:19] [INFO]   Denmark Technical College SC listings scraped: 3
[02:13:19] [INFO]   Cosumnes River College CA Private listings scraped: 0
[02:13:19] [INFO]   Cosumnes River College CA Private listings scraped: 0
[02:13:19] [INFO]   Francis Marion University SC listings scraped: 1
[02:13:19] [INFO]   ↪️  Craven Community College: generic page hands off to schooljobs
[02:13:19] [INFO]   Daybreak University CA Private listings scraped: 0
[02:13:19] [INFO]   College of Southern Maryland MD listings scraped: 3
[02:13:19] [INFO]   ↪️  Durham Technical Community College: generic page hands off to schooljobs
[02:13:19] [INFO]   DHARMA REALM BUDDHIST UNIVERSITY CA Private listings scraped: 0
[02:13:19] [INFO]   Community College of Baltimore County MD listings scraped: 9
[02:13:19] [INFO]   Diablo Valley College CA Private listings scraped: 0
[02:13:19] [INFO]   ↪️  Davidson-Davie Community College: generic page hands off to schooljobs
[02:13:19] [INFO]   ↪️  Frostburg State University: generic page hands off to workday
[02:13:19] [INFO]   Craven Community College NC listings scraped: 0
[02:13:19] [INFO]   Craven Community College NC listings scraped: 0
[02:13:19] [INFO]   Frostburg State University MD listings scraped: 7 (API)
[02:13:19] [INFO]   Rhode Island College RI listings scraped: 4
[02:13:19] [INFO]   ↪️  Coppin State University: generic page hands off to workday
[02:13:19] [INFO]   Coppin State University MD listings scraped: 2 (API)
[02:13:19] [INFO]   ↪️  Brown University: generic page hands off to workday
[02:13:19] [INFO]   Davidson-Davie Community College NC listings scraped: 3
[02:13:19] [INFO]   Dominican School of Philosophy & Theology CA Private listings scraped: 0
[02:13:19] [INFO]   Bryant University RI listings scraped: 0
[02:13:19] [INFO]   Commonwealth University PA listings scraped: 5
[02:13:19] [INFO]   Brown University RI listings scraped: 0 (API)
[02:13:19] [INFO]   Brown University RI listings scraped: 0
[02:13:19] [INFO]   Dominican University of California CA Private listings scraped: 0
[02:13:19] [INFO]   Edgecombe Community College NC listings scraped: 2
[02:13:19] [INFO]   Kutztown University PA listings scraped: 0
[02:13:19] [INFO]   Providence College RI listings scraped: 2
[02:13:19] [INFO]   Cheyney University PA listings scraped: 2
[02:13:19] [INFO]   Rhode Island School of Design RI listings scraped: 3
[02:13:19] [INFO]   Durham Technical Community College NC listings scraped: 0
[02:13:19] [INFO]   Durham Technical Community College NC listings scraped: 0
[02:13:19] [INFO]   Shippensburg University PA listings scraped: 2
[02:13:19] [INFO]   Salve Regina University RI listings scraped: 4
[02:13:19] [INFO]   East Los Angeles College CA Private listings scraped: 0
[02:13:19] [INFO]   Downey Adult School CA Private listings scraped: 0
[02:13:19] [INFO]   Dongguk University Los Angeles CA Private listings scraped: 0
[02:13:19] [INFO]   Forsyth Technical Community College NC listings scraped: 1
[02:13:19] [INFO]   Johnson & Wales University-Providence RI listings scraped: 0
[02:13:19] [INFO]   ↪️  Fayetteville Technical Community College: generic page hands off to peopleadmin
[02:13:19] [INFO]   PennWest PA listings scraped: 7
[02:13:19] [INFO]   EDvance College CA Private listings scraped: 0
[02:13:19] [INFO]   Slippery Rock University PA listings scraped: 3
[02:13:19] [INFO]   College Unbound RI listings scraped: 1
[02:13:19] [INFO]   The Pennsylvania State University PA listings scraped: 34 (API)
[02:13:19] [INFO]   Community College of Rhode Island RI listings scraped: 0
[02:13:19] [INFO]   ↪️  Evergreen Valley College: generic page hands off to peopleadmin
[02:13:19] [INFO]   Fayetteville Technical Community College NC listings scraped: 0
[02:13:19] [INFO]   Fayetteville Technical Community College NC listings scraped: 0
[02:13:19] [INFO]   West Chester University PA listings scraped: 0
[02:13:19] [INFO]   Millersville University PA listings scraped: 4
[02:13:19] [INFO]   Epic Bible College & Graduate School CA Private listings scraped: 0
[02:13:19] [INFO]   El Camino Community College District CA Private listings scraped: 0
[02:13:19] [INFO]   Evergreen Valley College CA Private listings scraped: 0
[02:13:19] [INFO]   Evergreen Valley College CA Private listings scraped: 0
[02:13:19] [INFO]   Carnegie Mellon University PA listings scraped: 4 (API)
[02:13:19] [INFO]   Feather River Community College District CA Private listings scraped: 0
[02:13:19] [INFO]   East Stroudsburg University PA listings scraped: 0
[02:13:19] [INFO]   Bucknell University PA listings scraped: 3 (API)
[02:13:19] [INFO]   University of Pennsylvania PA listings scraped: 7 (Workday search API)
[02:13:19] [INFO]   Fielding Graduate University CA Private listings scraped: 1
[02:13:19] [INFO]   Foothill College CA Private listings scraped: 1
[02:13:19] [INFO]   ↪️  Folsom Lake College: generic page hands off to schooljobs
[02:13:19] [INFO]   Gettysburg College PA listings scraped: 18
[02:13:19] [INFO]   ↪️  Foothill-De Anza Community College District: generic page hands off to taleo
[02:13:19] [INFO]   Dickinson College PA listings scraped: 2 (API)
[02:13:20] [INFO]   Lafayette College PA listings scraped: 3 (Lafayette faculty page)
[02:13:20] [INFO]   Drexel University PA listings scraped: 7
[02:13:20] [INFO]   University of Rhode Island RI listings scraped: 29
[02:13:20] [INFO]   Franklin & Marshall College PA listings scraped: 2 (Interfolio links page)
[02:13:20] [INFO]   Franciscan School of Theology CA Private listings scraped: 0
[02:13:20] [INFO]   Swarthmore College PA listings scraped: 2
[02:13:20] [INFO]   Central Michigan University MI listings scraped: 10
[02:13:20] [INFO]   Fresno City College CA Private listings scraped: 0
[02:13:20] [INFO]   Folsom Lake College CA Private listings scraped: 0
[02:13:20] [INFO]   Folsom Lake College CA Private listings scraped: 0
[02:13:20] [INFO]   Fresno Pacific University CA Private listings scraped: 0
[02:13:20] [INFO]   Eastern Michigan University MI listings scraped: 1
[02:13:20] [INFO]   Oakland University MI listings scraped: 25
[02:13:20] [INFO]   Kalamazoo College MI listings scraped: 0
[02:13:20] [INFO]   Western Michigan University MI listings scraped: 22
[02:13:20] [INFO]   Fuller Theological Seminary CA Private listings scraped: 0
[02:13:20] [INFO]   UNC-Chapel Hill NC listings scraped: 211
[02:13:20] [INFO]   Adrian College MI listings scraped: 0
[02:13:20] [INFO]   Foothill-De Anza Community College District CA Private listings scraped: 0
[02:13:20] [INFO]   Villanova University PA listings scraped: 352
[02:13:20] [INFO]   Chicago State University IL listings scraped: 21
[02:13:20] [INFO]   Cornell University NY listings scraped: 5 (API)
[02:13:20] [INFO]   Governors State University IL listings scraped: 0
[02:13:20] [INFO]   Michigan State University MI listings scraped: 465
[02:13:20] [INFO]   Fordham University NY listings scraped: 29
[02:13:20] [INFO]   Stony Brook University (SUNY) NY listings scraped: 62
[02:13:20] [INFO]   Waiting for CUNY jobs to load...
[02:13:20] [INFO]   Claremont McKenna College Claremont listings scraped: 6
[02:13:20] [INFO]   New York University NY listings scraped: 0
[02:13:20] [INFO]   University at Buffalo (SUNY) NY listings scraped: 42
[02:13:20] [INFO]   CUNY initial job count: 10
[02:13:20] [INFO]   Keck Graduate Institute Claremont listings scraped: 7
[02:13:20] [INFO]   Claremont Colleges listings scraped: 88
[02:13:20] [INFO]   Southern Oregon University OR listings scraped: 0 (API)
[02:13:20] [INFO]   St. John's directory sub-pages found: 9
[02:13:20] [INFO]   Columbia University NY listings scraped: 570
[02:13:20] [INFO]   University of Illinois Springfield IL listings scraped: 1
[02:13:20] [INFO]   Syracuse University NY listings scraped: 37
[02:13:20] [INFO]   Pace University NY listings scraped: 8 (SaaS HR API)
[02:13:20] [INFO]   ↪️  Albion College: generic page hands off to interfolio
[02:13:20] [INFO]   Knox College IL listings scraped: 1
[02:13:20] [INFO]   University of Illinois Chicago IL listings scraped: 0
[02:13:20] [INFO]   University of Illinois Urbana-Champaign IL listings scraped: 14
[02:13:20] [INFO]   SUNY System main page listings scraped: 629
[02:13:20] [INFO]   Hofstra University NY listings scraped: 44
[02:13:20] [INFO]   Wayne State University MI listings scraped: 31
[02:13:20] [INFO]   Reed College OR listings scraped: 0
[02:13:20] [INFO]   Rochester Institute of Technology NY listings scraped: 6 (API)
[02:13:20] [INFO]   George Fox University OR listings scraped: 0
[02:13:20] [INFO]   Northern Illinois University IL listings scraped: 19
[02:13:20] [INFO]   Pacific University OR listings scraped: 0
[02:13:20] [INFO]   University at Albany (SUNY) NY listings scraped: 1
[02:13:20] [INFO]   Binghamton University (SUNY) NY listings scraped: 1
[02:13:20] [INFO]   University at Albany (SUNY) NY listings scraped: 1
[02:13:20] [INFO]   Binghamton University (SUNY) NY listings scraped: 1
[02:13:20] [INFO]   SUNY total listings scraped: 737
[02:13:20] [INFO]   Pacific Northwest College of Art OR listings scraped: 0
[02:13:20] [INFO]   Western Illinois University IL listings scraped: 0
[02:13:20] [INFO]   Eastern Oregon University OR listings scraped: 21
[02:13:20] [INFO]   Willamette University OR listings scraped: 0
[02:13:20] [INFO]   Oregon Institute of Technology OR listings scraped: 18
[02:13:20] [INFO]   Columbia Gorge Community College OR listings scraped: 0
[02:13:20] [INFO]   Long Island University NY listings scraped: 37
[02:13:20] [INFO]   Southern Illinois University Edwardsville IL listings scraped: 0
[02:13:20] [INFO]   Lewis & Clark College OR listings scraped: 0
[02:13:20] [INFO]   Chemeketa Community College OR listings scraped: 0
[02:13:20] [INFO]   Clackamas Community College OR listings scraped: 0
[02:13:20] [INFO]   ↪️  University of Portland: generic page hands off to peopleadmin
[02:13:20] [INFO]   Corban University OR listings scraped: 0
[02:13:20] [INFO]   Mount Angel Seminary OR listings scraped: 0
[02:13:20] [INFO]   Blue Mountain Community College OR listings scraped: 0
[02:13:20] [INFO]   Clatsop Community College OR listings scraped: 0
[02:13:20] [INFO]   Central Oregon Community College OR listings scraped: 0
[02:13:20] [INFO]   Bushnell University OR listings scraped: 0
[02:13:20] [INFO]   Adelphi University NY Taleo listings scraped: 3
[02:13:20] [INFO]   University of Rochester NY listings scraped: 367
[02:13:20] [INFO]   Southern Illinois University Carbondale IL listings scraped: 4
[02:13:20] [INFO]   The New School NY listings scraped: 0 (API)
[02:13:20] [INFO]   Whitman College WA listings scraped: 4 (Interfolio links page)
[02:13:20] [INFO]   Washington State University WA listings scraped: 3 (API)
[02:13:20] [INFO]   University of Portland OR listings scraped: 0
[02:13:20] [INFO]   University of Portland OR listings scraped: 0
[02:13:20] [INFO]   Alma College MI listings scraped: 0
[02:13:20] [INFO]   Eastern Washington University WA listings scraped: 21
[02:13:20] [INFO]   Evergreen State College WA listings scraped: 2
[02:13:20] [INFO]   Pacific Lutheran University WA listings scraped: 4 (HTTP fallback)
[02:13:20] [INFO]   University of Washington WA listings scraped: 319
[02:13:20] [INFO]   Albion College MI listings scraped: 3
[02:13:20] [INFO]   CUNY jobs extracted from listing: 79
[02:13:20] [INFO]   CUNY jobs after filtering: 52
[02:13:20] [INFO]   Pratt Institute NY listings scraped: 1
[02:13:20] [INFO]   Fetching CUNY job descriptions (JS-rendered pages)...
[02:13:20] [INFO]     Fetching CUNY descriptions batch 1/13...
[02:13:20] [INFO]   ↪️  University of Puget Sound: generic page hands off to icims
[02:13:20] [INFO]   Saint Martin's University WA listings scraped: 0
[02:13:20] [INFO]   Bellingham Technical College WA listings scraped: 0
[02:13:20] [INFO]   ↪️  Whitworth University-Adult Degree Programs: generic page hands off to schooljobs
[02:13:20] [INFO]   Antioch University-Seattle WA listings scraped: 0
[02:13:20] [INFO]   ↪️  Bastyr University: generic page hands off to paycom
[02:13:20] [INFO]   ↪️  Whitworth University: generic page hands off to schooljobs
[02:13:20] [INFO]   Clark College WA listings scraped: 1
[02:13:20] [INFO]   ↪️  Bates Technical College: generic page hands off to schooljobs
[02:13:20] [INFO]   ↪️  Big Bend Community College: generic page hands off to schooljobs
[02:13:20] [INFO]   Clover Park Technical College WA listings scraped: 0
[02:13:20] [INFO]   ↪️  Seattle Pacific University: generic page hands off to workday
[02:13:20] [INFO]   Seattle Pacific University WA listings scraped: 4 (API)
[02:13:20] [INFO]   Cornish College of the Arts WA listings scraped: 0
[02:13:20] [INFO]   Cascadia College WA listings scraped: 0
[02:13:20] [INFO]   Centralia College WA listings scraped: 0
[02:13:20] [INFO]   Bellevue College WA listings scraped: 0
[02:13:20] [INFO]   Columbia Basin College WA listings scraped: 0
[02:13:20] [INFO]   Edmonds College WA listings scraped: 0
[02:13:20] [INFO]   Faith International University WA listings scraped: 0
[02:13:20] [INFO]   Gonzaga University WA listings scraped: 0
[02:13:20] [INFO]   ↪️  Seattle University: generic page hands off to csod
[02:13:20] [INFO]   University of Puget Sound WA listings scraped: 0
[02:13:20] [INFO]   University of Puget Sound WA listings scraped: 0
[02:13:20] [INFO]   Andrews University MI listings scraped: 1
[02:13:20] [INFO]   City University of Seattle WA listings scraped: 0
[02:13:20] [INFO]   Everett Community College WA listings scraped: 0
[02:13:20] [INFO]   Manhattan University NY listings scraped: 0
[02:13:20] [INFO]   Whitworth University-Adult Degree Programs WA listings scraped: 0
[02:13:20] [INFO]   Whitworth University-Adult Degree Programs WA listings scraped: 0
[02:13:20] [INFO]   Bates Technical College WA listings scraped: 0
[02:13:20] [INFO]   Bates Technical College WA listings scraped: 0
[02:13:20] [INFO]   Big Bend Community College WA listings scraped: 0
[02:13:20] [INFO]   Big Bend Community College WA listings scraped: 0
[02:13:20] [INFO]   Whitworth University WA listings scraped: 0
[02:13:20] [INFO]   Whitworth University WA listings scraped: 0
[02:13:20] [INFO]   Alpena Community College MI listings scraped: 0
[02:13:20] [INFO]     Fetching CUNY descriptions batch 2/13...
[02:13:20] [INFO]   Oregon State University OR listings scraped: 288
[02:13:20] [INFO]   Yeshiva University NY listings scraped: 16
[02:13:20] [INFO]   Associated Beth Rivkah Schools NY listings scraped: 0
[02:13:20] [INFO]   Bastyr University WA listings scraped: 1
[02:13:20] [INFO]   Iona University NY listings scraped: 6
[02:13:20] [INFO]   Aquinas College MI listings scraped: 0
[02:13:20] [INFO]     Fetching CUNY descriptions batch 3/13...
[02:13:20] [INFO]   Baker College MI listings scraped: 0
[02:13:20] [INFO]   Belanger School of Nursing NY listings scraped: 0
[02:13:20] [INFO]   Seattle University WA listings scraped: 5
[02:13:20] [INFO]   ↪️  Bay de Noc Community College: generic page hands off to peopleadmin
[02:13:20] [INFO]     Fetching CUNY descriptions batch 4/13...
[02:13:20] [INFO]   Elmezzi Graduate School of Molecular Medicine NY listings scraped: 0
[02:13:20] [INFO]   Samaritan Hospital School of Nursing NY listings scraped: 0
[02:13:20] [INFO]   Bay de Noc Community College MI listings scraped: 0
[02:13:20] [INFO]   Bay de Noc Community College MI listings scraped: 0
[02:13:20] [INFO]   Bay Mills Community College MI listings scraped: 0
[02:13:20] [INFO]     Fetching CUNY descriptions batch 5/13...
[02:13:20] [INFO]   Bowdoin College ME listings scraped: 0
[02:13:20] [INFO]   St. Peter's Hospital College of Nursing NY listings scraped: 0
[02:13:20] [INFO]   Bates College ME listings scraped: 1
[02:13:20] [INFO]   Colby College ME listings scraped: 0
[02:13:20] [INFO]   Calvin Theological Seminary MI listings scraped: 1
[02:13:20] [INFO]   University of Maine System ME listings scraped (REST): 16
[02:13:20] [INFO]     Fetching CUNY descriptions batch 6/13...
[02:13:20] [INFO]   CVPH Medical Center School of Radiologic Technology NY listings scraped: 0
[02:13:20] [INFO]   Memorial Hospital School of Radiation Therapy Technology NY listings scraped: 1
[02:13:20] [INFO]   Calvin University MI listings scraped: 0
[02:13:20] [INFO]   Mesivta Torah Vodaath Rabbinical Seminary NY listings scraped: 0
[02:13:20] [INFO]   St. John's University NY SilkRoad listings scraped: 2
[02:13:20] [INFO]   Maine Media College ME listings scraped: 0
[02:13:20] [INFO]   Central Maine Community College ME listings scraped: 0
[02:13:20] [INFO]     Fetching CUNY descriptions batch 7/13...
[02:13:20] [INFO]   Cleary University MI listings scraped: 1
[02:13:20] [INFO]   College of the Atlantic ME listings scraped: 0
[02:13:20] [INFO]   Montefiore School of Nursing NY listings scraped: 0
[02:13:20] [INFO]   Eastern Maine Community College ME listings scraped: 0
[02:13:20] [INFO]   University of New Hampshire System NH listings scraped: 6 (API)
[02:13:20] [INFO]     Fetching CUNY descriptions batch 8/13...
[02:13:20] [INFO]   Pomeroy College of Nursing at Crouse Hospital NY listings scraped: 0
[02:13:20] [INFO]   The Ailey School NY listings scraped: 1
[02:13:20] [INFO]   School of Professional Horticulture, New York Botanical Garden NY listings scraped: 0
[02:13:20] [INFO]   College for Creative Studies MI listings scraped: 0
[02:13:20] [INFO]     Fetching CUNY descriptions batch 9/13...
[02:13:20] [INFO]   Concordia University Ann Arbor MI listings scraped: 0
[02:13:20] [INFO]   Academy for Jewish Religion NY listings scraped: 0
[02:13:20] [INFO]   Albany College of Pharmacy and Health Sciences NY listings scraped: 0
[02:13:20] [INFO]   Albany Medical College NY listings scraped: 0
[02:13:20] [INFO]   Saint Anselm College NH listings scraped: 0
[02:13:20] [INFO]   Cornerstone University MI listings scraped: 0
[02:13:20] [INFO]   Albert Einstein College of Medicine NY listings scraped: 0
[02:13:20] [INFO]     Fetching CUNY descriptions batch 10/13...
[02:13:20] [INFO]   Alfred University NY listings scraped: 0
[02:13:20] [INFO]   Albany Law School NY listings scraped: 0
[02:13:20] [INFO]   Cranbrook Academy of Art MI listings scraped: 0
[02:13:20] [INFO]   Davenport University MI listings scraped: 1
[02:13:20] [INFO]   American Academy of Dramatic Arts-New York NY listings scraped: 0
[02:13:20] [INFO]     Fetching CUNY descriptions batch 11/13...
[02:13:20] [INFO]   American Musical and Dramatic Academy NY listings scraped: 0
[02:13:20] [INFO]   Bard College NY listings scraped: 1
[02:13:20] [INFO]   Ecumenical Theological Seminary MI listings scraped: 0
[02:13:20] [INFO]   Delta College MI listings scraped: 0
[02:13:20] [INFO]     Fetching CUNY descriptions batch 12/13...
[02:13:20] [INFO]   Dartmouth College NH listings scraped: 132
[02:13:20] [INFO]   Barnard College NY listings scraped: 2
[02:13:20] [INFO]   Be'er Yaakov Talmudic Seminary NY listings scraped: 0
[02:13:20] [INFO]   Beth Hamedrash Shaarei Yosher Institute NY listings scraped: 0
[02:13:20] [INFO]     Fetching CUNY descriptions batch 13/13...
[02:13:20] [INFO]   Bank Street College of Education NY listings scraped: 0
[02:13:20] [INFO]   Ferris State University MI listings scraped: 1
[02:13:20] [INFO]   Binghamton University NY listings scraped: 0
[02:13:20] [INFO]   Bennington College VT listings scraped: 0
[02:13:20] [INFO]   Boricua College NY listings scraped: 0
[02:13:20] [INFO]   University of Vermont VT listings scraped: 43
[02:13:20] [INFO]   CUNY jobs with descriptions: 52/52
[02:13:20] [INFO]   Champlain College VT listings scraped: 0
[02:13:20] [INFO]   Brooklyn Law School NY listings scraped: 0
[02:13:20] [INFO]   Bryant & Stratton College-Buffalo NY listings scraped: 0
[02:13:20] [INFO]   Bryant & Stratton College-Albany NY listings scraped: 0
[02:13:20] [INFO]   Bryant & Stratton College-Greece NY listings scraped: 0
[02:13:20] [INFO]   Bryant & Stratton College-Online NY listings scraped: 0
[02:13:20] [INFO]   Bryant & Stratton College-Syracuse North NY listings scraped: 0
[02:13:20] [INFO]   Community College of Vermont VT listings scraped: 0
[02:13:20] [INFO]   Clarkson University NY listings scraped: 1
[02:13:20] [INFO]   Central Yeshiva Tomchei Tmimim Lubavitz NY listings scraped: 0
[02:13:20] [INFO]   Cayuga County Community College NY listings scraped: 0
[02:13:20] [INFO]   Canisius University NY listings scraped: 2
[02:13:20] [INFO]   Clinton Community College NY listings scraped: 0
[02:13:20] [INFO]   Portland State University OR listings scraped: 24
[02:13:20] [INFO]   Minnesota State System MN: API failed, falling back to browser
[02:13:20] [INFO]   College of Staten Island CUNY NY listings scraped: 2
[02:13:20] [INFO]   Colgate University NY listings scraped: 0
[02:13:20] [INFO]   Carleton College MN listings scraped: 4 (API)
[02:13:20] [INFO]   Colgate Rochester Crozer Divinity School NY listings scraped: 0
[02:13:20] [INFO]   Macalester College MN listings scraped: 1
[02:13:20] [INFO]   Hazelden Betty Ford Graduate School MN listings scraped: 0
[02:13:20] [INFO]   Columbia University in the City of New York NY listings scraped: 2
[02:13:20] [INFO]   Culinary Institute of America NY listings scraped: 0
[02:13:20] [INFO]   Columbia-Greene Community College NY listings scraped: 0
[02:13:20] [INFO]   CUNY Bernard M Baruch College NY listings scraped: 0
[02:13:20] [INFO]   Alexandria Technical & Community College MN listings scraped: 0
[02:13:20] [INFO]   Adler Graduate School MN listings scraped: 0
[02:13:20] [INFO]   CUNY Borough of Manhattan Community College NY listings scraped: 0
[02:13:20] [INFO]   CUNY Bronx Community College NY listings scraped: 0
[02:13:20] [INFO]   CUNY City College NY listings scraped: 0
[02:13:20] [INFO]   Anoka-Ramsey Community College MN listings scraped: 0
[02:13:20] [INFO]   Anoka Technical College MN listings scraped: 0
[02:13:20] [INFO]   CUNY Brooklyn College NY listings scraped: 0
[02:13:20] [INFO]   CUNY Graduate School and University Center NY listings scraped: 0
[02:13:20] [INFO]   CUNY Hostos Community College NY listings scraped: 0
[02:13:20] [INFO]   CUNY John Jay College of Criminal Justice NY listings scraped: 1
[02:13:20] [INFO]   CUNY Hunter College NY listings scraped: 0
[02:13:20] [INFO]   Augsburg University MN listings scraped: 0
[02:13:20] [INFO]   Bemidji State University MN listings scraped: 0
[02:13:20] [INFO]   CUNY Kingsborough Community College NY listings scraped: 0
[02:13:20] [INFO]   Saint Michael's College VT listings scraped (DOM): 3
[02:13:20] [INFO]   North Dakota State University ND listings scraped: 8
[02:13:20] [INFO]   CUNY Medgar Evers College NY listings scraped: 0
[02:13:20] [INFO]   Bethany Global University MN listings scraped: 0
[02:13:20] [INFO]   CUNY LaGuardia Community College NY listings scraped: 0
[02:13:20] [INFO]   CUNY Lehman College NY listings scraped: 0
[02:13:20] [INFO]   CUNY New York City College of Technology NY listings scraped: 0
[02:13:20] [INFO]   University of Mary ND listings scraped: 1
[02:13:20] [INFO]   Bismarck State College ND listings scraped: 1
[02:13:20] [INFO]   Minnesota State System MN listings scraped: 0
[02:13:20] [INFO]   Bethany Lutheran College MN listings scraped: 0
[02:13:20] [INFO]   University of North Dakota ND listings scraped: 3
[02:13:20] [INFO]   University of Jamestown ND listings scraped: 0
[02:13:20] [INFO]   CUNY Queensborough Community College NY listings scraped: 0
[02:13:20] [INFO]   Bethlehem College & Seminary MN listings scraped: 0
[02:13:20] [INFO]   CUNY Queens College NY listings scraped: 1
[02:13:20] [INFO]   CUNY Stella and Charles Guttman Community College NY listings scraped: 0
[02:13:20] [INFO]   CUNY School of Law NY listings scraped: 1
[02:13:20] [INFO]   Cankdeska Cikana Community College ND listings scraped: 0
[02:13:20] [INFO]   Dickinson State University ND listings scraped: 0
[02:13:20] [INFO]   Dakota College at Bottineau ND listings scraped: 0
[02:13:20] [INFO]   CUNY York College NY listings scraped: 0
[02:13:20] [INFO]   Augustana University SD listings scraped: 0 (Workday search API)
[02:13:20] [INFO]   CUNY System Office NY listings scraped: 1
[02:13:20] [INFO]   College of Saint Benedict MN listings scraped: 0
[02:13:20] [INFO]   Concordia College at Moorhead MN listings scraped: 0
[02:13:20] [INFO]   D'Youville University NY listings scraped: 0
[02:13:20] [INFO]   Daemen University NY listings scraped: 0
[02:13:20] [INFO]   Central Lakes College-Brainerd MN listings scraped: 0
[02:13:20] [INFO]   University of Sioux Falls SD listings scraped: 0
[02:13:20] [INFO]   Dominican University New York NY listings scraped: 0
[02:13:20] [INFO]   Black Hills State University SD listings scraped: 0
[02:13:20] [INFO]   Dakota Wesleyan University SD listings scraped: 0
[02:13:20] [INFO]   Concordia University-Saint Paul MN listings scraped: 0
[02:13:20] [INFO]   Elim Bible Institute and College NY listings scraped: 0
[02:13:20] [INFO]   Crown College MN listings scraped: 0
[02:13:20] [INFO]   Dutchess Community College NY listings scraped: 0
[02:13:20] [INFO]   Dakota County Technical College MN listings scraped: 1
[02:13:20] [INFO]   Elyon College NY listings scraped: 0
[02:13:20] [INFO]   Elmira College NY listings scraped: 0
[02:13:20] [INFO]   Empire State University NY listings scraped: 0
[02:13:20] [INFO]   Fond du Lac Tribal and Community College MN listings scraped: 1
[02:13:20] [INFO]   ↪️  Erie Community College: generic page hands off to workday
[02:13:20] [INFO]   Erie Community College NY: Could not parse Workday URL, falling back to browser
[02:13:20] [INFO]   Farmingdale State College NY listings scraped: 0
[02:13:20] [INFO]   ↪️  Dunwoody College of Technology: generic page hands off to workday
[02:13:20] [INFO]   Dunwoody College of Technology MN: API failed, falling back to browser
[02:13:20] [INFO]   South Dakota Board of Regents SD listings scraped: 39
[02:13:20] [INFO]   Fashion Institute of Technology NY listings scraped: 2
[02:13:20] [INFO]   Excelsior University NY listings scraped: 0
[02:13:20] [INFO]   Finger Lakes Community College NY listings scraped: 0
[02:13:20] [INFO]   University of Nebraska Omaha NE listings scraped: 14
[02:13:20] [INFO]   University of Nebraska Medical Center NE listings scraped: 0
[02:13:20] [INFO]   University of Minnesota MN listings scraped: 0
[02:13:20] [INFO]   Creighton University NE listings scraped: 1
[02:13:20] [INFO]   Finger Lakes Health College of Nursing & Health Sciences NY listings scraped: 0
[02:13:20] [INFO]   Doane University NE listings scraped: 0
[02:13:20] [INFO]   University of Michigan MI listings scraped: 239
[02:13:20] [INFO]   Nebraska Wesleyan University NE listings scraped: 0
[02:13:20] [INFO]   Bryan College of Health Sciences NE listings scraped: 0
[02:13:20] [INFO]   CHI Health School of Radiologic Technology NE listings scraped: 0
[02:13:20] [INFO]   Bellevue University NE listings scraped: 0
[02:13:20] [INFO]   Central Community College NE listings scraped: 0
[02:13:20] [INFO]   University of Nebraska-Lincoln NE listings scraped: 169
[02:13:20] [INFO]   Chadron State College NE listings scraped: 1
[02:13:20] [INFO]   College of Saint Mary NE listings scraped: 0
[02:13:20] [INFO]   Clarkson College NE listings scraped: 0
[02:13:20] [INFO]   Concordia University-Nebraska NE listings scraped: 0
[02:13:20] [INFO]   Erie Community College NY listings scraped: 0
[02:13:20] [INFO]   Erie Community College NY listings scraped: 0
[02:13:20] [INFO]   Iowa State University IA listings scraped: 8 (API)
[02:13:20] [INFO]   University of Northern Iowa IA listings scraped: 1 (API)
[02:13:20] [INFO]   Grinnell College IA listings scraped: 5
[02:13:20] [INFO]   University of Iowa IA listings scraped: 6
[02:13:20] [INFO]   Drake University IA listings scraped: 7
[02:13:20] [INFO]   Dunwoody College of Technology MN listings scraped: 0
[02:13:20] [INFO]   Dunwoody College of Technology MN listings scraped: 0
[02:13:20] [INFO]   UW-Milwaukee WI listings scraped: 4 (API)
[02:13:20] [INFO]   UW-Madison WI listings scraped: 4 (API)
[02:13:20] [INFO]   UW System Comprehensives WI listings scraped: 8 (API)
[02:13:20] [INFO]   Central Wyoming College WY listings scraped: 1
[02:13:20] [INFO]   Mercy-St Luke's School of Radiologic Technology IA listings scraped: 0
[02:13:20] [INFO]   ↪️  Casper College: generic page hands off to schooljobs
[02:13:20] [INFO]   UnityPoint Health-Des Moines School of Radiologic Technology IA listings scraped: 0
[02:13:20] [INFO]   Wyoming Catholic College WY listings scraped: 0
[02:13:20] [INFO]   University of Wyoming WY listings scraped (REST): 25
[02:13:20] [INFO]   Allen College IA listings scraped: 0
[02:13:20] [INFO]   ↪️  Lawrence University: generic page hands off to peopleadmin
[02:13:20] [INFO]   Luther College IA listings scraped: 0
[02:13:20] [INFO]   Briar Cliff University IA listings scraped: 0
[02:13:20] [INFO]   Casper College WY listings scraped: 1
[02:13:20] [INFO]   Alverno College WI listings scraped: 0
[02:13:20] [INFO]   Marquette University WI listings scraped: 78
[02:13:20] [INFO]   St. Norbert College WI listings scraped: 0
[02:13:20] [INFO]   Eastern Wyoming College WY listings scraped: 0
[02:13:20] [INFO]   Lawrence University WI listings scraped: 0
[02:13:20] [INFO]   Lawrence University WI listings scraped: 0
[02:13:20] [INFO]   University of Montana MT listings scraped: 8
[02:13:20] [INFO]   Buena Vista University IA listings scraped: 0
[02:13:20] [INFO]   Clarke University IA listings scraped: 0
[02:13:20] [INFO]   Central College IA listings scraped: 0
[02:13:20] [INFO]   Coe College IA listings scraped: 0
[02:13:20] [INFO]   Bellin College WI listings scraped: 1
[02:13:20] [INFO]   Bryant & Stratton College-Wauwatosa WI listings scraped: 0
[02:13:20] [INFO]   Aaniiih Nakoda College MT listings scraped: 6
[02:13:20] [INFO]   Carroll College MT listings scraped: 0
[02:13:20] [INFO]   ↪️  Blackhawk Technical College: generic page hands off to icims
[02:13:20] [INFO]   Des Moines University-Osteopathic Medical Center IA listings scraped: 0
[02:13:20] [INFO]   Des Moines Area Community College IA listings scraped: 0
[02:13:20] [INFO]   ↪️  Chippewa Valley Technical College: generic page hands off to icims
[02:13:20] [INFO]   Carroll University WI listings scraped: 0
[02:13:20] [INFO]   Cornell College IA listings scraped: 0
[02:13:20] [INFO]   Carthage College WI listings scraped: 0
[02:13:20] [INFO]   Rocky Mountain College MT listings scraped: 0
[02:13:20] [INFO]   Divine Word College IA listings scraped: 0
[02:13:20] [INFO]   Montana State University MT listings scraped: 101
[02:13:20] [INFO]   Blackhawk Technical College WI listings scraped: 0
[02:13:20] [INFO]   Blackhawk Technical College WI listings scraped: 0
[02:13:20] [INFO]   Chippewa Valley Technical College WI listings scraped: 0
[02:13:20] [INFO]   Chippewa Valley Technical College WI listings scraped: 0
[02:13:20] [INFO]   Blackfeet Community College MT listings scraped: 0
[02:13:20] [INFO]   Dordt University IA listings scraped: 0
[02:13:20] [INFO]   Eastern Iowa Community College District IA listings scraped: 0
[02:13:20] [INFO]   College of Menominee Nation WI listings scraped: 0
[02:13:20] [INFO]   Chief Dull Knife College MT listings scraped: 0
[02:13:20] [INFO]   Concordia University-Wisconsin WI listings scraped: 0
[02:13:20] [INFO]   Emmaus Bible College IA listings scraped: 0
[02:13:20] [INFO]   Faith Baptist Bible College and Theological Seminary IA listings scraped: 0
[02:13:20] [INFO]   Fox Valley Technical College WI listings scraped: 0
[02:13:20] [INFO]   Edgewood College WI listings scraped: 4
[02:13:20] [INFO]   Dawson Community College MT listings scraped: 0
[02:13:20] [INFO]   University of Toledo OH: API failed, falling back to browser
[02:13:20] [INFO]   Ellsworth Community College IA listings scraped: 0
[02:13:20] [INFO]   UCCS CO Taleo listings scraped: 0
[02:13:20] [INFO]   CU Denver CO Taleo listings scraped: 0
[02:13:20] [INFO]   CU Anschutz CO Taleo listings scraped: 0
[02:13:20] [INFO]   Ohio State University OH listings scraped: 35 (API)
[02:13:20] [INFO]   CU Boulder CO listings scraped: 1
[02:13:20] [INFO]   Colorado State University CO listings scraped: 4 (API)
[02:13:20] [INFO]   Colorado School of Mines CO listings scraped: 9 (API)
[02:13:20] [INFO]   Flathead Valley Community College MT listings scraped: 1
[02:13:20] [INFO]   St. John's College (Santa Fe) NM listings scraped: 0
[02:13:20] [INFO]   ↪️  Kent State University: generic page hands off to pageup
[02:13:20] [INFO]   ↪️  New Mexico State University: generic page hands off to pageup
[02:13:20] [INFO]   Colorado College CO listings scraped: 2
[02:13:20] [INFO]   Fort Peck Community College MT listings scraped: 0
[02:13:20] [INFO]   ↪️  Central New Mexico Community College: generic page hands off to workday
[02:13:20] [INFO]   New Mexico State University NM listings scraped: 0
[02:13:20] [INFO]   Kent State University OH listings scraped: 0
[02:13:20] [INFO]   New Mexico State University NM listings scraped: 0
[02:13:20] [INFO]   Kent State University OH listings scraped: 0
[02:13:20] [INFO]   Central New Mexico Community College NM listings scraped: 3 (API)
[02:13:20] [INFO]   Nevada State University NV listings scraped: 4 (API)
[02:13:20] [INFO]   ↪️  Adams State University: generic page hands off to workday
[02:13:20] [INFO]   Ohio University OH listings scraped: 41
[02:13:20] [INFO]   University of Nevada, Reno NV listings scraped: 15 (API)
[02:13:20] [INFO]   Cleveland State University OH listings scraped: 65
[02:13:20] [INFO]   University of Nevada, Las Vegas NV listings scraped: 63 (API)
[02:13:20] [INFO]   Aims Community College CO listings scraped: 0
[02:13:20] [INFO]   Adams State University CO listings scraped: 6 (API)
[02:13:20] [INFO]   Arapahoe Community College CO listings scraped: 1
[02:13:20] [INFO]   Wright State University OH listings scraped: 0
[02:13:20] [INFO]   College of Southern Nevada NV listings scraped: 0
[02:13:20] [INFO]   Eastern New Mexico University-Roswell Campus NM listings scraped: 1
[02:13:20] [INFO]   University of Cincinnati OH listings scraped: 0
[02:13:20] [INFO]   Case Western Reserve University OH listings scraped: 0
[02:13:20] [INFO]   Eastern New Mexico University-Main Campus NM listings scraped: 1
[02:13:20] [INFO]   Colorado Christian University CO listings scraped: 2
[02:13:20] [INFO]   Eastern New Mexico University Ruidoso Branch Community College NM listings scraped: 0
[02:13:20] [INFO]   Colorado Mesa University CO listings scraped: 0
[02:13:20] [INFO]   Weber State University UT listings scraped: 7
[02:13:20] [INFO]   University of Dayton OH listings scraped: 1
[02:13:20] [INFO]   University of Denver CO listings scraped: 4
[02:13:20] [INFO]   Kenyon College OH listings scraped: 0
[02:13:20] [INFO]   Casa Loma College - Aurora CO listings scraped: 0
[02:13:20] [INFO]   Utah Tech University UT listings scraped: 0
[02:13:20] [INFO]   Colorado Northwestern Community College CO listings scraped: 0
[02:13:20] [INFO]   Oberlin College OH listings scraped: 64
[02:13:20] [INFO]   Denison University OH listings scraped: 0
[02:13:20] [INFO]   Southern Utah University UT listings scraped: 2
[02:13:20] [INFO]   Utah Valley University UT listings scraped: 0
[02:13:20] [INFO]   Colorado Mountain College CO listings scraped: 0
[02:13:20] [INFO]   Utah State University UT listings scraped: 0
[02:13:20] [INFO]   Colorado State University Pueblo CO listings scraped: 0
[02:13:20] [INFO]   Colorado State University Global CO listings scraped: 0
[02:13:20] [INFO]   Brigham Young University UT listings scraped: 1
[02:13:20] [INFO]   Cleveland Clinic Health System-School of Diagnostic Imaging OH listings scraped: 0
[02:13:20] [INFO]   Kent State University at Ashtabula OH listings scraped: 0
[02:13:20] [INFO]   Kent State University at East Liverpool OH listings scraped: 0
[02:13:20] [INFO]   Ensign College UT listings scraped: 0
[02:13:20] [INFO]   Kent State University at Geauga OH listings scraped: 0
[02:13:20] [INFO]   Westminster University (Utah) UT listings scraped: 2
[02:13:20] [INFO]   ↪️  Community College of Denver: generic page hands off to schooljobs
[02:13:20] [INFO]   Colorado State University-System Office CO listings scraped: 1
[02:13:20] [INFO]   Denver Seminary CO listings scraped: 1
[02:13:20] [INFO]   Kent State University at Salem OH listings scraped: 0
[02:13:20] [INFO]   Kent State University at Stark OH listings scraped: 0
[02:13:20] [INFO]   Kent State University at Trumbull OH listings scraped: 0
[02:13:20] [INFO]   University of Toledo OH listings scraped: 0
[02:13:20] [INFO]   Front Range Community College CO listings scraped: 0
[02:13:20] [INFO]   Kent State University at Tuscarawas OH listings scraped: 0
[02:13:20] [INFO]   ↪️  Fort Lewis College: generic page hands off to workday
[02:13:20] [INFO]   Fort Lewis College CO listings scraped: 2 (API)
[02:13:20] [INFO]   Community College of Aurora CO listings scraped: 0
[02:13:20] [INFO]   Community College of Denver CO listings scraped: 0
[02:13:20] [INFO]   Community College of Denver CO listings scraped: 0
[02:13:20] [INFO]   Miami University-Hamilton OH listings scraped: 2
[02:13:20] [INFO]   Miami University-Middletown OH listings scraped: 2
[02:13:20] [INFO]   Ohio University-Chillicothe Campus OH listings scraped: 0
[02:13:20] [INFO]   Ohio University-Eastern Campus OH listings scraped: 0
[02:13:20] [INFO]   University of Idaho ID listings scraped: 27
[02:13:20] [INFO]   Ohio University-Southern Campus OH listings scraped: 0
[02:13:20] [INFO]   Ohio University-Lancaster Campus OH listings scraped: 0
[02:13:20] [INFO]   Lewis-Clark State College ID listings scraped: 2
[02:13:20] [INFO]   Ohio University-Zanesville Campus OH listings scraped: 0
[02:13:20] [INFO]   Firelands Regional Medical Center School of Nursing OH listings scraped: 0
[02:13:20] [INFO]   Remington College-Cleveland Campus OH listings scraped: 0
[02:13:20] [INFO]   Rabbinical College Telshe OH listings scraped: 0
[02:13:20] [INFO]   Boise Bible College ID listings scraped: 0
[02:13:20] [INFO]   The College of Idaho ID listings scraped: 0
[02:13:20] [INFO]   Toledo Public Schools Adult and Continuing Education OH listings scraped: 0
[02:13:20] [INFO]   Antioch College OH listings scraped: 1
[02:13:20] [INFO]   Air Force Institute of Technology-Graduate School of Engineering & Management OH listings scraped: 0
[02:13:20] [INFO]   ↪️  College of Eastern Idaho: generic page hands off to schooljobs
[02:13:20] [INFO]   Brigham Young University-Idaho ID listings scraped: 0
[02:13:20] [INFO]   Allegheny Wesleyan College OH listings scraped: 0
[02:13:20] [INFO]   Northwest Nazarene University ID listings scraped: 0
[02:13:20] [INFO]   Antioch University OH listings scraped: 0
[02:13:20] [INFO]   College of Eastern Idaho ID listings scraped: 2
[02:13:20] [INFO]   Antioch University-System Administration OH listings scraped: 0
[02:13:20] [INFO]   University of Utah UT listings scraped: 358
[02:13:20] [INFO]   Art Academy of Cincinnati OH listings scraped: 0
[02:13:20] [INFO]   Ashland University OH listings scraped: 0
[02:13:20] [INFO]   Idaho State University ID listings scraped: 16
[02:13:20] [INFO]   College of Southern Idaho ID listings scraped: 0
[02:13:20] [INFO]   Indiana State University IN listings scraped: 7
[02:13:20] [INFO]   College of Western Idaho ID listings scraped: 0
[02:13:20] [INFO]   Ball State University IN listings scraped: 0
[02:13:20] [INFO]   Aultman College of Nursing and Health Sciences OH listings scraped: 0
[02:13:20] [INFO]   Butler University IN: API failed, falling back to browser
[02:13:20] [INFO]   Athenaeum of Ohio OH listings scraped: 0
[02:13:20] [INFO]   University of Southern Indiana IN listings scraped: 0
[02:13:20] [INFO]   Baldwin Wallace University OH listings scraped: 0
[02:13:20] [INFO]   DePauw University IN listings scraped: 0 (API)
[02:13:20] [INFO]   Purdue University IN listings scraped: 0
[02:13:20] [INFO]   Bowling Green State University-Firelands OH listings scraped: 1
[02:13:20] [INFO]   University of Charleston WV listings scraped: 0
[02:13:20] [INFO]   West Virginia State University WV listings scraped: 1
[02:13:20] [INFO]   ↪️  Bowling Green State University-Main Campus: generic page hands off to schooljobs
[02:13:20] [INFO]   Wabash College IN listings scraped: 0
[02:13:20] [INFO]   Indiana University IN listings scraped: 119
[02:13:20] [INFO]   Bluffton University OH listings scraped: 2
[02:13:20] [INFO]   Marshall University WV listings scraped: 106
[02:13:20] [INFO]   University of New Mexico NM listings scraped: 59
[02:13:20] [INFO]   Bowling Green State University-Main Campus OH listings scraped: 0
[02:13:20] [INFO]   Bowling Green State University-Main Campus OH listings scraped: 0
[02:13:20] [INFO]   Bryant & Stratton College-Parma OH listings scraped: 0
[02:13:20] [INFO]   West Virginia Wesleyan College WV listings scraped: 0
[02:13:20] [INFO]   Belmont College OH listings scraped: 0
[02:13:20] [INFO]   West Virginia University WV Taleo listings scraped: 12
[02:13:20] [INFO]   Marian University-Ancilla IN listings scraped: 0
[02:13:20] [INFO]   Georgia State University GA listings scraped: 30
[02:13:20] [INFO]   Trine University-Regional/Non-Traditional Campuses IN listings scraped: 10
[02:13:20] [INFO]   Bethany College (WV) WV listings scraped: 0
[02:13:20] [INFO]   Capital University OH listings scraped: 0
[02:13:20] [INFO]   Mercer County Technical Education Center WV listings scraped: 0
[02:13:20] [INFO]   Central Ohio Technical College OH listings scraped: 0
[02:13:20] [INFO]   University of North Georgia GA listings scraped: 0
[02:13:20] [INFO]   Cedarville University OH listings scraped: 0
[02:13:20] [INFO]   Central State University OH listings scraped: 0
[02:13:20] [INFO]   Spelman College GA listings scraped: 5
[02:13:20] [INFO]   West Virginia University Hospital Departments of Rad Tech and Nutrition WV listings scraped: 0
[02:13:20] [INFO]   Appalachian Bible College WV listings scraped: 0
[02:13:20] [INFO]   Anabaptist Mennonite Biblical Seminary IN listings scraped: 0
[02:13:20] [INFO]   Earlham College IN listings scraped: 0
[02:13:20] [INFO]   Cincinnati College of Mortuary Science OH listings scraped: 0
[02:13:20] [INFO]   Abraham Baldwin Agricultural College GA listings scraped: 0
[02:13:21] [INFO]   Bethany Theological Seminary IN listings scraped: 0
[02:13:21] [INFO]   Clark State College OH listings scraped: 0
[02:13:21] [INFO]   Bluefield State University WV listings scraped: 1
[02:13:21] [INFO]   BridgeValley Community & Technical College WV listings scraped: 0
[02:13:21] [INFO]   University of Georgia GA listings scraped: 110
[02:13:21] [INFO]   Cleveland Institute of Art OH listings scraped: 0
[02:13:21] [INFO]   Cincinnati State Technical and Community College OH listings scraped: 0
[02:13:21] [INFO]   Bethany College WV listings scraped: 0
[02:13:21] [INFO]   Calumet College of Saint Joseph IN listings scraped: 0
[02:13:21] [INFO]   Albany State University GA listings scraped: 0
[02:13:21] [INFO]   Cleveland Institute of Music OH listings scraped: 0
[02:13:21] [INFO]   Blue Ridge Community and Technical College WV listings scraped: 0
[02:13:21] [INFO]   Catholic International University WV listings scraped: 0
[02:13:21] [INFO]   Collins Career Technical Center OH listings scraped: 0
[02:13:21] [INFO]   Agnes Scott College GA listings scraped: 0
[02:13:21] [INFO]   Concord University WV listings scraped: 1
[02:13:21] [INFO]   Columbus College of Art & Design OH listings scraped: 0
[02:13:21] [INFO]   Columbus State Community College OH listings scraped: 0
[02:13:21] [INFO]   Andrew College GA listings scraped: 0
[02:13:21] [INFO]   Davis & Elkins College WV listings scraped: 0
[02:13:21] [INFO]   ↪️  Cuyahoga Community College District: generic page hands off to csod
[02:13:21] [INFO]   Franklin College IN listings scraped: 1
[02:13:21] [INFO]   Christian Theological Seminary IN listings scraped: 0
[02:13:21] [INFO]   Albany Technical College GA listings scraped: 0
[02:13:21] [INFO]   Fairmont State University WV listings scraped: 0
[02:13:21] [INFO]   Butler University IN listings scraped: 0
[02:13:21] [INFO]   Defiance College OH listings scraped: 1
[02:13:21] [INFO]   Athens Technical College GA listings scraped: 1
[02:13:21] [INFO]   Concordia Theological Seminary IN listings scraped: 0
[02:13:21] [INFO]   Eastern West Virginia Community and Technical College WV listings scraped: 0
[02:13:21] [INFO]   Fred W Eberle Technical Center WV listings scraped: 0
[02:13:21] [INFO]   Atlanta Metropolitan State College GA listings scraped: 0
[02:13:21] [INFO]   Edison State Community College OH listings scraped: 0
[02:13:21] [INFO]   University of Mississippi MS listings scraped: 12 (API)
[02:13:21] [INFO]   Eastern Gateway Community College OH listings scraped: 0
[02:13:21] [INFO]   Atlanta's John Marshall Law School GA listings scraped: 3
[02:13:21] [INFO]   Augusta Technical College GA listings scraped: 0
[02:13:21] [INFO]   University of South Alabama AL listings scraped: 18
[02:13:21] [INFO]   ↪️  Atlanta Technical College: generic page hands off to taleo
[02:13:21] [INFO]   Franciscan University of Steubenville OH listings scraped: 1
[02:13:21] [INFO]   Auburn University AL listings scraped: 0
[02:13:21] [INFO]   Delta State University MS listings scraped: 43
[02:13:21] [INFO]   Millsaps College MS listings scraped: 1
[02:13:21] [INFO]   ↪️  University of Alabama: generic page hands off to pageup
[02:13:21] [INFO]   Alcorn State University MS listings scraped: 1
[02:13:21] [INFO]   Mississippi University for Women MS listings scraped: 40
[02:13:21] [INFO]   Franklin University OH listings scraped: 0
[02:13:21] [INFO]   Augusta University GA listings scraped: 2
[02:13:21] [INFO]   University of Alabama AL listings scraped: 0
[02:13:21] [INFO]   University of Alabama AL listings scraped: 0
[02:13:21] [INFO]   Berry College GA listings scraped: 1
[02:13:21] [INFO]   Belhaven University MS listings scraped: 0
[02:13:21] [INFO]   Remington College-Mobile Campus AL listings scraped: 0
[02:13:21] [INFO]   Blue Mountain Christian University MS listings scraped: 0
[02:13:21] [INFO]   ↪️  Alabama College of Osteopathic Medicine override URL applied
[02:13:21] [INFO]   Spring Hill College AL listings scraped: 0
[02:13:21] [INFO]   Cuyahoga Community College District OH listings scraped: 0
[02:13:21] [INFO]   Cuyahoga Community College District OH listings scraped: 0
[02:13:21] [INFO]   Coahoma Community College MS listings scraped: 0
[02:13:21] [INFO]   Brenau University GA listings scraped: 0
[02:13:21] [INFO]   Board of Trustees-Mississippi State Institutions of Higher Learning MS listings scraped: 0
[02:13:21] [INFO]   Louisiana State University LA listings scraped: 36 (API)
[02:13:21] [INFO]   Alabama A & M University AL listings scraped: 0
[02:13:21] [INFO]   ↪️  Alabama College of Osteopathic Medicine: generic page hands off to workday
[02:13:21] [INFO]   Alabama College of Osteopathic Medicine AL: API failed, falling back to browser
[02:13:21] [INFO]   Alabama State University AL listings scraped: 0
[02:13:21] [INFO]   Copiah-Lincoln Community College MS listings scraped: 0
[02:13:21] [INFO]   East Central Community College MS listings scraped: 0
[02:13:21] [INFO]   Beulah Heights University GA listings scraped: 0
[02:13:21] [INFO]   Atlanta Technical College GA Taleo listings scraped: 1
[02:13:21] [INFO]   Louisiana Tech University LA listings scraped: 4
[02:13:21] [INFO]   East Mississippi Community College MS listings scraped: 0
[02:13:21] [INFO]   Baton Rouge General Medical Center School of Nursing & School of Radiologic Technology LA listings scraped: 0
[02:13:21] [INFO]   Dillard University LA listings scraped: 0
[02:13:21] [INFO]   University of Arkansas AR listings scraped: 22 (API)
[02:13:21] [INFO]   Amridge University AL listings scraped: 0
[02:13:21] [INFO]   Remington College-Baton Rouge Campus LA listings scraped: 0
[02:13:21] [INFO]   ↪️  Auburn University at Montgomery override URL applied
[02:13:21] [INFO]   Central Georgia Technical College GA listings scraped: 0
[02:13:21] [INFO]   Clark Atlanta University GA listings scraped: 0
[02:13:21] [INFO]   Chattahoochee Technical College GA listings scraped: 0
[02:13:21] [INFO]   Athens State University AL listings scraped: 0
[02:13:21] [INFO]   Remington College-Lafayette Campus LA listings scraped: 0
[02:13:21] [INFO]   Remington College-Shreveport Campus LA listings scraped: 0
[02:13:21] [INFO]   Cossatot Community College of the University of Arkansas AR listings scraped: 0
[02:13:21] [INFO]   ↪️  University of Arkansas at Little Rock: generic page hands off to workday
[02:13:21] [INFO]   University of Arkansas Hope-Texarkana AR listings scraped: 0
[02:13:21] [INFO]   Brewton-Parker College GA listings scraped: 0
[02:13:21] [INFO]   Clayton State University GA listings scraped: 0
[02:13:21] [INFO]   University of Central Arkansas AR listings scraped: 50
[02:13:21] [INFO]   ↪️  Columbia Theological Seminary override URL applied
[02:13:21] [INFO]   University of Arkansas at Little Rock AR listings scraped: 1 (API)
[02:13:21] [INFO]   The Chicago School at Xavier University of Louisiana LA listings scraped: 0
[02:13:21] [INFO]   Arkansas Baptist College AR listings scraped: 0
[02:13:21] [INFO]   ↪️  Auburn University at Montgomery: scraped 50 listings via scrapeJibeApi
[02:13:21] [INFO]   Bossier Parish Community College LA listings scraped: 0
[02:13:21] [INFO]   Coastal Pines Technical College GA listings scraped: 0
[02:13:21] [INFO]   Baton Rouge Community College LA listings scraped: 1
[02:13:21] [INFO]   University of Alabama at Birmingham AL listings scraped: 362
[02:13:21] [INFO]   Bevill State Community College AL listings scraped: 1
[02:13:21] [INFO]   Bridges Christian College LA listings scraped: 0
[02:13:21] [INFO]   ↪️  Arkansas State University: generic page hands off to taleo
[02:13:21] [INFO]   Columbia Theological Seminary GA listings scraped: 0
[02:13:21] [INFO]   Arkansas Colleges of Health Education AR listings scraped: 1
[02:13:21] [INFO]   College of Coastal Georgia GA listings scraped: 0
[02:13:21] [INFO]   Arkansas Northeastern College AR listings scraped: 0
[02:13:21] [INFO]   Central Louisiana Technical Community College LA listings scraped: 0
[02:13:21] [INFO]   Columbus State University GA listings scraped: 0
[02:13:21] [INFO]   College of Athens GA listings scraped: 0
[02:13:21] [INFO]   Centenary College of Louisiana LA listings scraped: 0
[02:13:21] [INFO]   Bishop State Community College AL listings scraped: 0
[02:13:21] [INFO]   Delgado Community College LA listings scraped: 0
[02:13:21] [INFO]   Coastal Alabama Community College AL listings scraped: 1
[02:13:21] [INFO]   Chattahoochee Valley Community College AL listings scraped: 0
[02:13:21] [INFO]   ↪️  Faulkner University override URL applied
[02:13:21] [INFO]   Fletcher Technical Community College LA listings scraped: 0
[02:13:21] [INFO]   Arkansas State University System AR listings scraped: 0
[02:13:21] [INFO]   Arkansas State University Mid-South AR listings scraped: 0
[02:13:21] [INFO]   ↪️  Arkansas State University Three Rivers: generic page hands off to taleo
[02:13:21] [INFO]   Arkansas State University AR Taleo listings scraped: 0
[02:13:21] [INFO]   Arkansas State University AR listings scraped: 0
[02:13:21] [INFO]   Franciscan Missionaries of Our Lady University LA listings scraped: 0
[02:13:21] [INFO]   Enterprise State Community College AL listings scraped: 0
[02:13:21] [INFO]   East Georgia State College GA listings scraped: 0
[02:13:21] [INFO]   Digital Media Institute LA listings scraped: 0
[02:13:21] [INFO]   Covenant College GA listings scraped: 0
[02:13:21] [INFO]   Columbus Technical College GA listings scraped: 0
[02:13:21] [INFO]   Dalton State College GA listings scraped: 0
[02:13:21] [INFO]   Faulkner University AL listings scraped: 2
[02:13:21] [INFO]   ↪️  Arkansas State University-Mountain Home: generic page hands off to taleo
[02:13:21] [INFO]   Arkansas State University-Beebe AR listings scraped: 1
[02:13:21] [INFO]   Alabama College of Osteopathic Medicine AL listings scraped: 0
[02:13:21] [INFO]   Alabama College of Osteopathic Medicine AL listings scraped: 0
[02:13:21] [INFO]   Emmanuel University GA listings scraped: 0
[02:13:21] [INFO]   ↪️  Southwestern College (KS): generic page hands off to paycom
[02:13:21] [INFO]   ↪️  Emory University-Oxford College: generic page hands off to icims
[02:13:21] [INFO]   Emory University GA listings scraped: 0
[02:13:21] [INFO]   Arkansas State University Three Rivers AR Taleo listings scraped: 0
[02:13:21] [INFO]   Arkansas State University Three Rivers AR listings scraped: 0
[02:13:21] [INFO]   University of Kansas KS listings scraped: 11
[02:13:21] [INFO]   Kansas State University KS listings scraped: 11
[02:13:21] [INFO]   Baker University KS listings scraped: 1
[02:13:21] [INFO]   Arkansas Tech University AR listings scraped: 0
[02:13:21] [INFO]   Autry Technology Center OK listings scraped: 0
[02:13:21] [INFO]   Cameron University OK listings scraped: 7
[02:13:21] [INFO]   Canadian Valley Technology Center OK listings scraped: 1
[02:13:21] [INFO]   Arkansas State University-Newport AR listings scraped: 0
[02:13:21] [INFO]   Fort Valley State University GA listings scraped: 0
[02:13:21] [INFO]   Emory University-Oxford College GA listings scraped: 0
[02:13:21] [INFO]   Emory University-Oxford College GA listings scraped: 0
[02:13:21] [INFO]   ↪️  Oklahoma State University: generic page hands off to pageup
[02:13:21] [INFO]   Arkansas State University-Mountain Home AR Taleo listings scraped: 0
[02:13:21] [INFO]   Arkansas State University-Mountain Home AR listings scraped: 0
[02:13:21] [INFO]   Baptist Health College Little Rock AR listings scraped: 0
[02:13:21] [INFO]   ↪️  Crowley's Ridge College override URL applied
[02:13:21] [INFO]   Allen County Community College KS listings scraped: 0
[02:13:21] [INFO]   Washington University in St. Louis MO listings scraped: 3 (API)
[02:13:21] [INFO]   Oklahoma State University OK listings scraped: 0
[02:13:21] [INFO]   Oklahoma State University OK listings scraped: 0
[02:13:21] [INFO]   Barclay College KS listings scraped: 0
[02:13:21] [INFO]   Black River Technical College AR listings scraped: 4
[02:13:21] [INFO]   Missouri State University MO listings scraped: 8
[02:13:21] [INFO]   Central Baptist College AR listings scraped: 0
[02:13:21] [INFO]   ↪️  Ecclesia College override URL applied
[02:13:21] [INFO]   Barton County Community College KS listings scraped: 0
[02:13:21] [INFO]   Drury University-College of Continuing Professional Studies MO listings scraped: 1
[02:13:21] [INFO]   College of the Muscogee Nation OK listings scraped: 0
[02:13:21] [INFO]   Missouri University of Science and Technology MO listings scraped: 0
[02:13:21] [INFO]   ↪️  Urshan Graduate School of Theology: generic page hands off to paycom
[02:13:21] [INFO]   Benedictine College KS listings scraped: 4
[02:13:21] [INFO]   Bethel College-North Newton KS listings scraped: 1
[02:13:21] [INFO]   Champion Christian College AR listings scraped: 0
[02:13:21] [INFO]   East Arkansas Community College AR listings scraped: 3
[02:13:21] [INFO]   Butler Community College KS listings scraped: 2
[02:13:21] [INFO]   Connors State College OK listings scraped: 0
[02:13:21] [INFO]   ↪️  Community Care College: generic page hands off to paycom
[02:13:21] [INFO]   Aquinas Institute of Theology MO listings scraped: 0
[02:13:21] [INFO]   East Central University OK listings scraped: 0
[02:13:21] [INFO]   Avila University MO listings scraped: 1
[02:13:21] [INFO]   Carl Albert State College OK listings scraped: 0
[02:13:21] [INFO]   Central Christian College of Kansas KS listings scraped: 0
[02:13:21] [INFO]   Crowley's Ridge College AR listings scraped: 0
[02:13:21] [INFO]   A T Still University of Health Sciences MO listings scraped: 0
[02:13:21] [INFO]   Cloud County Community College KS listings scraped: 0
[02:13:21] [INFO]   Barnes-Jewish College Goldfarb School of Nursing MO listings scraped: 0
[02:13:21] [INFO]   Urshan Graduate School of Theology MO listings scraped: 2
[02:13:21] [INFO]   Family of Faith Christian University OK listings scraped: 0
[02:13:21] [INFO]   Coffeyville Community College KS listings scraped: 0
[02:13:21] [INFO]   Ecclesia College AR listings scraped: 0
[02:13:21] [INFO]   Cleveland University-Kansas City KS listings scraped: 0
[02:13:21] [INFO]   Eastern Oklahoma State College OK listings scraped: 0
[02:13:21] [INFO]   Colby Community College KS listings scraped: 0
[02:13:21] [INFO]   Community Care College OK listings scraped: 10
[02:13:21] [INFO]   Northern Kentucky University KY listings scraped: 0
[02:13:21] [INFO]   Murray State University KY listings scraped: 22
[02:13:21] [INFO]   ↪️  Middle Tennessee State University override URL applied
[02:13:21] [INFO]   ↪️  Remington College-Memphis Campus override URL applied
[02:13:21] [INFO]   Calvary University MO listings scraped: 0
[02:13:21] [INFO]   ↪️  Remington College-Nashville Campus override URL applied
[02:13:21] [INFO]   ↪️  American Baptist College override URL applied
[02:13:21] [INFO]   Cowley County Community College KS listings scraped: 0
[02:13:21] [INFO]   Southwestern College (KS) KS listings scraped: 0
[02:13:21] [INFO]   Southwestern College (KS) KS listings scraped: 0
[02:13:21] [INFO]   Central Christian College of the Bible MO listings scraped: 0
[02:13:21] [INFO]   Central Methodist University-College of Graduate and Extended Studies MO listings scraped: 0
[02:13:21] [INFO]   Gateway Community and Technical College KY listings scraped: 0
[02:13:21] [INFO]   Morehead State University KY listings scraped: 36
[02:13:21] [INFO]   Central Methodist University-College of Liberal Arts and Sciences MO listings scraped: 0
[02:13:21] [INFO]   Dodge City Community College KS listings scraped: 0
[02:13:21] [INFO]   Donnelly College KS listings scraped: 0
[02:13:21] [INFO]   ↪️  Remington College-Nashville Campus: scraped 7 listings via scrapeAdpApi
[02:13:21] [INFO]   ↪️  American Baptist College: scraped 1 listings via scrapeAdpApi
[02:13:21] [INFO]   ↪️  Austin Peay State University override URL applied
[02:13:21] [INFO]   Alice Lloyd College KY listings scraped: 0
[02:13:21] [INFO]   ↪️  Baptist Health Sciences University override URL applied
[02:13:21] [INFO]   Remington College-Memphis Campus TN listings scraped: 0
[02:13:21] [INFO]   Hopkinsville Community College KY listings scraped: 0
[02:13:21] [INFO]   Middle Tennessee State University TN listings scraped: 28
[02:13:21] [INFO]   ↪️  Belmont University override URL applied
[02:13:21] [INFO]   ↪️  Bethel University override URL applied
[02:13:21] [INFO]   Bolivar Technical College MO listings scraped: 0
[02:13:21] [INFO]   Emporia State University KS listings scraped: 0
[02:13:21] [INFO]   College of the Ozarks MO listings scraped: 0
[02:13:21] [INFO]   ↪️  Asbury Theological Seminary: generic page hands off to paycom
[02:13:21] [INFO]   Asbury University KY listings scraped: 1
[02:13:21] [INFO]   City Vision University MO listings scraped: 0
[02:13:21] [INFO]   Flint Hills Technical College KS listings scraped: 0
[02:13:21] [INFO]   Ashland Community and Technical College KY listings scraped: 0
[02:13:21] [INFO]   Bethel University TN listings scraped: 6
[02:13:21] [INFO]   Fort Hays State University KS listings scraped: 1
[02:13:21] [INFO]   ↪️  Bryan College-Dayton override URL applied
[02:13:21] [INFO]   Fort Hays State University-Northwest Kansas Technical College KS listings scraped: 1
[02:13:21] [INFO]   Bellarmine University KY listings scraped: 0
[02:13:21] [INFO]   Conception Seminary College MO listings scraped: 0
[02:13:21] [INFO]   Baptist Health Sciences University TN listings scraped: 1
[02:13:21] [INFO]   Fort Hays Tech North Central KS listings scraped: 0
[02:13:21] [INFO]   Big Sandy Community and Technical College KY listings scraped: 0
[02:13:21] [INFO]   Concordia Seminary MO listings scraped: 0
[02:13:21] [INFO]   Berea College KY listings scraped: 0
[02:13:21] [INFO]   ↪️  Austin Peay State University: scraped 7 listings via scrapeOracleCloudApi
[02:13:21] [INFO]   ↪️  Chattanooga State Community College override URL applied
[02:13:21] [INFO]   Covenant Theological Seminary MO listings scraped: 0
[02:13:21] [INFO]   Cottey College MO listings scraped: 0
[02:13:21] [INFO]   Asbury Theological Seminary KY listings scraped: 8
[02:13:21] [INFO]   Bluegrass Community and Technical College KY listings scraped: 0
[02:13:21] [INFO]   Friends University KS listings scraped: 0
[02:13:21] [INFO]   Bryan College-Dayton TN listings scraped: 0
[02:13:21] [INFO]   ↪️  Christian Brothers University override URL applied
[02:13:21] [INFO]   ↪️  Belmont University: scraped 19 listings via scrapeCsodApi
[02:13:21] [INFO]   ↪️  Cleveland State Community College override URL applied
[02:13:21] [INFO]   Brescia University KY listings scraped: 2
[02:13:21] [INFO]   Fort Scott Community College KS listings scraped: 0
[02:13:21] [INFO]   Crowder College MO listings scraped: 0
[02:13:21] [INFO]   ↪️  Alaska Pacific University override URL applied
[02:13:21] [INFO]   Drury University MO listings scraped: 1
[02:13:21] [INFO]   Carson-Newman University TN listings scraped: 0
[02:13:21] [INFO]   Christian Brothers University TN listings scraped: 2
[02:13:21] [INFO]   ↪️  Campbellsville University: generic page hands off to workday
[02:13:21] [INFO]   ↪️  Columbia State Community College override URL applied
[02:13:21] [INFO]   Cox College MO listings scraped: 0
[02:13:21] [INFO]   ↪️  Cumberland University override URL applied
[02:13:21] [INFO]   Chattanooga State Community College TN listings scraped: 8
[02:13:21] [INFO]   Campbellsville University KY listings scraped: 6 (API)
[02:13:21] [INFO]   Culver-Stockton College MO listings scraped: 0
[02:13:21] [INFO]   ↪️  Dyersburg State Community College override URL applied
[02:13:21] [INFO]   Centre College KY listings scraped: 0
[02:13:21] [INFO]   ↪️  Cleveland State Community College: generic page hands off to pageup
[02:13:21] [INFO]   Clear Creek Baptist Bible College KY listings scraped: 0
[02:13:21] [INFO]   Alaska Bible College AK listings scraped: 0
[02:13:21] [INFO]   Eastern Kentucky University KY listings scraped: 0
[02:13:21] [INFO]   Alaska Pacific University AK listings scraped: 1
[02:13:21] [INFO]   Columbia State Community College TN listings scraped: 2
[02:13:21] [INFO]   ↪️  East Tennessee State University override URL applied
[02:13:21] [INFO]   Cleveland State Community College TN listings scraped: 0
[02:13:21] [INFO]   Cleveland State Community College TN listings scraped: 0
[02:13:21] [INFO]   University of Alaska System AK listings scraped: 21
[02:13:21] [INFO]   Eden Theological Seminary MO listings scraped: 0
[02:13:21] [INFO]   East Central College MO listings scraped: 0
[02:13:21] [INFO]   Evangel University MO listings scraped: 0
[02:13:21] [INFO]   ↪️  Dyersburg State Community College: generic page hands off to pageup
[02:13:21] [INFO]   Evangel University-College of Online Learning MO listings scraped: 0
[02:13:21] [INFO]   Alaska Christian College AK listings scraped: 0
[02:13:21] [INFO]   Elizabethtown Community and Technical College KY listings scraped: 0
[02:13:21] [INFO]   Dyersburg State Community College TN listings scraped: 0
[02:13:21] [INFO]   Frontier Nursing University KY listings scraped: 0
[02:13:21] [INFO]   Texas Tech University TX: API failed, falling back to browser
[02:13:21] [INFO]   Dyersburg State Community College TN listings scraped: 0
[02:13:21] [INFO]   ↪️  Freed-Hardeman University override URL applied
[02:13:21] [INFO]   University of Texas at Austin TX listings scraped: 1 (API)
[02:13:21] [INFO]   Evangel University-James River Assembly of God Church MO listings scraped: 0
[02:13:21] [INFO]   ↪️  Fisk University: generic page hands off to paycom
[02:13:21] [INFO]   Chaminade University of Honolulu HI listings scraped: 2
[02:13:21] [INFO]   ↪️  East Tennessee State University: scraped 46 listings via scrapeOracleCloudApi
[02:13:21] [INFO]   Texas A&M University TX listings scraped: 71
[02:13:21] [INFO]   University of Hawaii System HI listings scraped: 8
[02:13:21] [INFO]   Brigham Young University-Hawaii HI listings scraped: 0
[02:13:21] [INFO]   Freed-Hardeman University TN listings scraped: 6
[02:13:21] [INFO]   ↪️  Cumberland University: scraped 7 listings via scrapePaycomApi
[02:13:21] [INFO]   Fontbonne University MO listings scraped: 0
[02:13:21] [INFO]   University of Central Florida FL listings scraped: 0
[02:13:21] [INFO]   University of South Florida FL listings scraped (REST): 24
[02:13:21] [INFO]   University of Texas at Arlington TX listings scraped: 99
[02:13:21] [INFO]   University of Texas at Dallas TX listings scraped: 96
[02:13:21] [INFO]   Florida Atlantic University FL listings scraped: 3 (API)
[02:13:21] [INFO]   University of North Florida FL: API failed, falling back to browser
[02:13:21] [INFO]   University of North Texas TX listings scraped: 0
[02:13:21] [INFO]   Florida State University FL listings scraped: 6
[02:13:21] [INFO]   Rice University TX listings scraped: 0
[02:13:21] [INFO]   Baylor University TX listings scraped: 15
[02:13:21] [INFO]   University of Miami FL listings scraped: 38 (API)
[02:13:21] [INFO]   Texas Christian University TX: API failed, falling back to browser
[02:13:21] [INFO]   Nova Southeastern University FL listings scraped: 0
[02:13:21] [INFO]   Rollins College FL listings scraped: 0
[02:13:21] [INFO]   Eckerd College FL listings scraped: 0
[02:13:21] [INFO]   Florida International University FL listings scraped: 0
[02:13:21] [INFO]   Southern Methodist University TX Taleo listings scraped: 0
[02:13:21] [INFO]   Trinity University TX listings scraped: 4 (API)
[02:13:21] [INFO]   Stetson University FL listings scraped: 0
[02:13:21] [INFO]   New College of Florida FL listings scraped: 0
[02:13:21] [INFO]   Fisk University TN listings scraped: 0
[02:13:21] [INFO]   Fisk University TN listings scraped: 0
[02:13:21] [INFO]   ↪️  Southwestern University: generic page hands off to schooljobs
[02:13:21] [INFO]   Texas Tech University TX listings scraped: 0
[02:13:21] [INFO]   Florida Southern College FL listings scraped: 11
[02:13:21] [INFO]   Southwestern University TX listings scraped: 4
[02:13:21] [INFO]   Jacksonville University FL listings scraped: 0
[02:13:21] [INFO]   Alamo Community College District Central Office TX listings scraped: 0
[02:13:21] [INFO]   Abilene Christian University-Undergraduate Online TX listings scraped: 0
[02:13:21] [INFO]   University of North Florida FL listings scraped: 0
[02:13:21] [INFO]   Dallas College TX listings scraped: 0
[02:13:21] [INFO]   Laredo College TX listings scraped: 0
[02:13:21] [INFO]   Texas Christian University TX listings scraped: 0
[02:13:21] [INFO]   Northeast Lakeview College TX listings scraped: 0
[02:13:21] [INFO]   University of Houston TX listings scraped: 455
[02:13:21] [INFO]   Erwin Technical College FL listings scraped: 0
[02:13:21] [INFO]   Northwest Vista College TX listings scraped: 0
[02:13:21] [INFO]   Palo Alto College TX listings scraped: 0
[02:13:21] [INFO]   Polytechnic University of Puerto Rico-Miami FL listings scraped: 0
[02:13:21] [INFO]   Remington College-Dallas Campus TX listings scraped: 0
[02:13:21] [INFO]   H W Brewster Technical College FL listings scraped: 0
[02:13:21] [INFO]   Remington College-Fort Worth Campus TX listings scraped: 0
[02:13:21] [INFO]   Polytechnic University of Puerto Rico-Orlando FL listings scraped: 0
[02:13:21] [INFO]   Remington College-Houston Southeast Campus TX listings scraped: 0
[02:13:21] [INFO]   Remington College-North Houston Campus TX listings scraped: 0
[02:13:21] [INFO]   Riveroak Technical College FL listings scraped: 0
[02:13:21] [INFO]   Remington College-Online Dallas TX listings scraped: 0
[02:13:21] [INFO]   Orange Technical College-West Campus FL listings scraped: 0
[02:13:21] [INFO]   Orange Technical College-East Campus FL listings scraped: 0
[02:13:21] [INFO]   Academy for Five Element Acupuncture FL listings scraped: 0
[02:13:21] [INFO]   Southwest College for the Deaf TX listings scraped: 0
[02:13:21] [INFO]   AdventHealth University FL listings scraped: 0
[02:13:21] [INFO]   The Chicago School at Dallas TX listings scraped: 0
[02:13:21] [INFO]   Albizu University-Miami FL listings scraped: 0
[02:13:21] [INFO]   Ana G. Mendez University FL listings scraped: 0
[02:13:21] [INFO]   The Chicago School-College of Nursing TX listings scraped: 0
[02:13:21] [INFO]   Suncoast Technical College FL listings scraped: 0
[02:13:21] [INFO]   Atlantic Institute of Oriental Medicine FL listings scraped: 0
[02:13:21] [INFO]   Ave Maria School of Law FL listings scraped: 1
[02:13:21] [INFO]   Ave Maria University FL listings scraped: 0
[02:13:21] [INFO]   Academy for Nursing and Health Occupations FL listings scraped: 0
[02:13:21] [INFO]   Covenant School of Nursing and Allied Health TX listings scraped: 0
[02:13:21] [INFO]   Atlantic Technical College FL listings scraped: 0
[02:13:21] [INFO]   Baptist University of Florida FL listings scraped: 0
[02:13:21] [INFO]   University of Florida FL listings scraped: 275
[02:13:21] [INFO]   San Antonio College TX listings scraped: 0
[02:13:21] [INFO]   St Philip's College TX listings scraped: 0
[02:13:21] [INFO]   Barry University FL listings scraped: 4
[02:13:21] [INFO]   Abilene Christian University TX listings scraped: 0
[02:13:21] [INFO]   Beacon College FL listings scraped: 0
[02:13:21] [INFO]   Bethune-Cookman University FL listings scraped: 0
[02:13:21] [INFO]   Broward College FL listings scraped: 0
[02:13:21] [INFO]   Chipola College FL listings scraped: 0
[02:13:21] [INFO]   Alvin Community College TX listings scraped: 1
[02:13:21] [INFO]   Amarillo College TX listings scraped: 0
[02:13:21] [INFO]   Amberton University TX listings scraped: 0
[02:13:21] [INFO]   Daytona State College FL listings scraped: 0
[02:13:21] [INFO]   Doral College FL listings scraped: 0
[02:13:21] [INFO]   Angelina College TX listings scraped: 0
[02:13:21] [INFO]   Angelo State University TX listings scraped: 0
[02:13:21] [INFO]   Eastern Florida State College FL listings scraped: 0
[02:13:21] [INFO]   Arlington Baptist University TX listings scraped: 0
[02:13:21] [INFO]   Edward Waters University FL listings scraped: 0
[02:13:21] [INFO]   Austin College TX listings scraped: 0
[02:13:21] [INFO]   Embry-Riddle Aeronautical University-Daytona Beach FL listings scraped: 0
[02:13:21] [INFO]   College of Central Florida FL listings scraped: 0
[02:13:21] [INFO]   Austin Community College District TX listings scraped: 0
[02:13:21] [INFO]   Embry-Riddle Aeronautical University-Worldwide FL listings scraped: 0
[02:13:21] [INFO]   ↪️  Austin Presbyterian Theological Seminary: generic page hands off to paycom
[02:13:21] [INFO]   Flagler College FL listings scraped: 0
[02:13:21] [INFO]   Everglades University FL listings scraped: 0
[02:13:21] [INFO]   Bakke Graduate University TX listings scraped: 0
[02:13:21] [INFO]   Flagler Technical College FL listings scraped: 0
[02:13:21] [INFO]   Florida Agricultural and Mechanical University FL listings scraped: 0
[02:13:21] [INFO]   Florida College FL listings scraped: 0
[02:13:21] [INFO]   Florida Gateway College FL listings scraped: 0
[02:13:21] [INFO]   ↪️  Florida Institute of Technology: generic page hands off to workday
[02:13:21] [INFO]   Baptist Missionary Association Theological Seminary TX listings scraped: 0
[02:13:21] [INFO]   Florida Gulf Coast University FL listings scraped: 1
[02:13:21] [INFO]   Florida Institute of Technology FL listings scraped: 13 (API)
[02:13:21] [INFO]   Baptist University of the Americas TX listings scraped: 0
[02:13:21] [INFO]   ↪️  Florida Institute of Technology-Online: generic page hands off to workday
[02:13:21] [INFO]   Florida Institute of Technology-Online FL listings scraped: 13 (API)
[02:13:21] [INFO]   Baylor College of Medicine TX listings scraped: 1
[02:13:21] [INFO]   Florida Memorial University FL listings scraped: 0
[02:13:21] [INFO]   Florida Polytechnic University FL listings scraped: 0
[02:13:21] [INFO]   Florida SouthWestern State College FL listings scraped: 0
[02:13:21] [INFO]   Brazosport College TX listings scraped: 0
[02:13:21] [INFO]   Florida State College at Jacksonville FL listings scraped: 0
[02:13:21] [INFO]   Fort Myers Technical College FL listings scraped: 0
[02:13:21] [INFO]   Brite Divinity School TX listings scraped: 3
[02:13:21] [INFO]   Austin Presbyterian Theological Seminary TX listings scraped: 0
[02:13:21] [INFO]   Austin Presbyterian Theological Seminary TX listings scraped: 0
[02:13:21] [INFO]   ↪️  Blinn College District: generic page hands off to csod
[02:13:21] [INFO]   ↪️  Central Texas College: generic page hands off to schooljobs
[02:13:21] [INFO]   Central Texas College TX listings scraped: 0
[02:13:21] [INFO]   Central Texas College TX listings scraped: 0
[02:13:21] [INFO]   Christ Mission College TX listings scraped: 0
[02:13:21] [INFO]   Clarendon College TX listings scraped: 0
[02:13:21] [INFO]   Cisco College TX listings scraped: 0
[02:13:21] [INFO]   Coastal Bend College TX listings scraped: 0
[02:13:21] [INFO]   Blinn College District TX listings scraped: 12
[02:13:21] [INFO]   College of Biblical Studies-Houston TX listings scraped: 0
[02:13:21] [INFO]   College of the Mainland TX listings scraped: 0
[02:13:21] [INFO]   Collin County Community College District TX listings scraped: 1
[02:13:21] [INFO]   Criswell College TX listings scraped: 0
[02:13:21] [INFO]   Commonwealth Institute of Funeral Service TX listings scraped: 0
[02:13:21] [INFO]   Concordia University Texas TX listings scraped: 0
[02:13:21] [INFO]   Dallas Baptist University TX listings scraped: 0
[02:13:21] [INFO]   Dallas Institute of Funeral Service TX listings scraped: 0
[02:13:21] [INFO]   Dallas Christian College TX listings scraped: 0
[02:13:21] [INFO]   Dallas Theological Seminary TX listings scraped: 0
[02:13:21] [INFO]   Del Mar College TX listings scraped: 0
[02:13:21] [INFO]   East Texas A&M University TX listings scraped: 1
[02:13:21] [INFO]   East Texas Baptist University TX listings scraped: 0
[02:13:21] [INFO]   El Paso Community College TX listings scraped: 0
[02:13:21] [INFO]   Episcopal Theological Seminary of the Southwest TX listings scraped: 0
[02:13:21] [INFO]   Frank Phillips College TX listings scraped: 1
[02:13:21] [INFO]   🔍 Global faculty filter: 11705 → 6688 (removed 5017 non-faculty jobs)
[02:13:21] [INFO]   🧾 Policy exclusions: 6688 → 6665 (removed 23 jobs)
[02:13:21] [INFO]   📡 Calling local summarizer for 6665 jobs
[02:13:21] [INFO]   📦 Using 0 cached summaries, 6665 jobs need AI processing
[02:13:21] [INFO]   📡 Checking 1 summarizer endpoint(s)...
[02:13:21] [INFO]   📡 Summarizer endpoints: 0 active, 1 unreachable
[02:13:21] [INFO]   🔗 Canonicalized job URLs: 745 updated, 0 invalid removed
[02:13:21] [INFO]   🧬 Assigned canonical IDs for 6639 jobs
[02:13:21] [INFO]   🧹 Quality gates dropped 10 listings
[02:13:21] [INFO]   📄 Wrote C:\Users\StevenAzeka\OneDrive\Documents\GitHub\Faculty-Jobs\generated\post-quality-report.json
[02:13:21] [INFO]   ⚰️  Filtered 10 confirmed-dead URL(s) from scrape
[02:13:21] [INFO]   🧬 Preserved enrichment: filled 24315 field(s) across 6308 job(s) (6308 matched previous snapshot)
[02:13:21] [INFO]   ✅ Wrote C:\Users\StevenAzeka\OneDrive\Documents\GitHub\Faculty-Jobs\docs\jobs.json (6619 jobs)
[02:13:21] [INFO]   ✅ Wrote C:\Users\StevenAzeka\OneDrive\Documents\GitHub\Faculty-Jobs\public\jobs.json (6619 jobs)
[02:13:21] [INFO]   ✅ Wrote C:\Users\StevenAzeka\OneDrive\Documents\GitHub\Faculty-Jobs\web-vue\public\jobs.json (6619 jobs)
[02:13:21] [INFO]   [stderr] ❌ Chandler-Gilbert Community College AZ scrape failed: page.goto: net::ERR_NAME_NOT_RESOLVED at https://www.cgc.maricopa.edu/
[02:13:21] [INFO]   [stderr] Call log:
[02:13:21] [INFO]   [stderr] [2m  - navigating to "https://www.cgc.maricopa.edu/", waiting until "domcontentloaded"[22m
[02:13:21] [INFO]   [stderr] 
[02:13:21] [INFO]   [stderr] ❌ America Evangelical University CA Private scrape failed: page.goto: net::ERR_CONNECTION_TIMED_OUT at https://www.aeu.edu/
[02:13:21] [INFO]   [stderr] Call log:
[02:13:21] [INFO]   [stderr] [2m  - navigating to "https://www.aeu.edu/", waiting until "domcontentloaded"[22m
[02:13:21] [INFO]   [stderr] 
[02:13:21] [INFO]   [stderr] ❌ Bais Medrash Toras Chesed NJ scrape failed: page.goto: net::ERR_SSL_VERSION_OR_CIPHER_MISMATCH at https://www.bmtc.edu/
[02:13:21] [INFO]   [stderr] Call log:
[02:13:21] [INFO]   [stderr] [2m  - navigating to "https://www.bmtc.edu/", waiting until "domcontentloaded"[22m
[02:13:21] [INFO]   [stderr] 
[02:13:21] [INFO]   [stderr] ❌ Carolinas College of Health Sciences NC scrape failed: page.goto: net::ERR_CERT_COMMON_NAME_INVALID at https://www.carolinascollege.edu/
[02:13:21] [INFO]   [stderr] Call log:
[02:13:21] [INFO]   [stderr] [2m  - navigating to "https://www.carolinascollege.edu/", waiting until "domcontentloaded"[22m
[02:13:21] [INFO]   [stderr] 
[02:13:21] [INFO]   [stderr] ❌ Foothill-De Anza Community College District CA Private Taleo scrape failed: page.goto: net::ERR_CONNECTION_TIMED_OUT at https://ch.tbe.taleo.net/CH17/ats/careers/jobSearch.jsp?org=FHDA&cws=1
[02:13:21] [INFO]   [stderr] Call log:
[02:13:21] [INFO]   [stderr] [2m  - navigating to "https://ch.tbe.taleo.net/CH17/ats/careers/jobSearch.jsp?org=FHDA&cws=1", waiting until "networkidle"[22m
[02:13:21] [INFO]   [stderr] 
[02:13:21] [INFO]   [stderr] ❌ Linfield University OR scrape failed: page.goto: net::ERR_NAME_NOT_RESOLVED at https://careers.linfield.edu/
[02:13:21] [INFO]   [stderr] Call log:
[02:13:21] [INFO]   [stderr] [2m  - navigating to "https://careers.linfield.edu/", waiting until "domcontentloaded"[22m
[02:13:21] [INFO]   [stderr] 
[02:13:21] [INFO]   [stderr] ❌ Beloit College WI scrape failed: page.goto: net::ERR_NAME_NOT_RESOLVED at https://employment.beloit.edu/en-us/listing/
[02:13:21] [INFO]   [stderr] Call log:
[02:13:21] [INFO]   [stderr] [2m  - navigating to "https://employment.beloit.edu/en-us/listing/", waiting until "domcontentloaded"[22m
[02:13:21] [INFO]   [stderr] 
[02:13:21] [INFO]   [stderr] ❌ Colorado State University-Fort Collins CO scrape failed: page.goto: net::ERR_CONNECTION_RESET at https://colostate.edu/
[02:13:21] [INFO]   [stderr] Call log:
[02:13:21] [INFO]   [stderr] [2m  - navigating to "https://colostate.edu/", waiting until "domcontentloaded"[22m
[02:13:21] [INFO]   [stderr] 
[02:13:21] [INFO]   [stderr] ❌ University of Notre Dame IN scrape failed: page.goto: net::ERR_SSL_UNRECOGNIZED_NAME_ALERT at https://jobs.nd.edu/
[02:13:21] [INFO]   [stderr] Call log:
[02:13:21] [INFO]   [stderr] [2m  - navigating to "https://jobs.nd.edu/", waiting until "domcontentloaded"[22m
[02:13:21] [INFO]   [stderr] 
[02:13:21] [INFO]   [stderr] ❌ Carver Career Center WV scrape failed: page.goto: net::ERR_CERT_COMMON_NAME_INVALID at https://www.carvercareercenter.edu/
[02:13:21] [INFO]   [stderr] Call log:
[02:13:21] [INFO]   [stderr] [2m  - navigating to "https://www.carvercareercenter.edu/", waiting until "domcontentloaded"[22m
[02:13:21] [INFO]   [stderr] 
[02:13:21] [INFO]   [stderr] ❌ Kennesaw State University GA scrape failed: page.goto: net::ERR_CONNECTION_TIMED_OUT at https://kennesaw.peopleadmin.com/postings/search?utf8=%E2%9C%93&query=&query_v0_posted_at_date=&query_position_type_id%5B%5D=3&commit=Search
[02:13:21] [INFO]   [stderr] Call log:
[02:13:21] [INFO]   [stderr] [2m  - navigating to "https://kennesaw.peopleadmin.com/postings/search?utf8=%E2%9C%93&query=&query_v0_posted_at_date=&query_position_type_id%5B%5D=3&commit=Search", waiting until "domcontentloaded"[22m
[02:13:21] [INFO]   [stderr] 
[02:13:21] [INFO]   [stderr] ❌ Academy of Interactive Entertainment LA scrape failed: page.goto: net::ERR_CONNECTION_REFUSED at https://lafayette.aie.edu/
[02:13:21] [INFO]   [stderr] Call log:
[02:13:21] [INFO]   [stderr] [2m  - navigating to "https://lafayette.aie.edu/", waiting until "domcontentloaded"[22m
[02:13:21] [INFO]   [stderr] 
[02:13:21] [INFO]   [stderr] ❌ Central Alabama Community College AL scrape failed: page.goto: net::ERR_CONNECTION_CLOSED at https://www.cacc.edu/
[02:13:21] [INFO]   [stderr] Call log:
[02:13:21] [INFO]   [stderr] [2m  - navigating to "https://www.cacc.edu/", waiting until "domcontentloaded"[22m
[02:13:21] [INFO]   [stderr] 
[02:13:21] [INFO]   [stderr] ❌ Bacone College OK scrape failed: page.goto: net::ERR_NAME_NOT_RESOLVED at https://www.bacone.edu/
[02:13:21] [INFO]   [stderr] Call log:
[02:13:21] [INFO]   [stderr] [2m  - navigating to "https://www.bacone.edu/", waiting until "domcontentloaded"[22m
[02:13:21] [INFO]   [stderr] 
[02:13:21] [INFO]   [stderr] ❌ Dragon Rises College of Oriental Medicine FL scrape failed: page.goto: net::ERR_CERT_AUTHORITY_INVALID at https://www.dragonrises.edu/
[02:13:21] [INFO]   [stderr] Call log:
[02:13:21] [INFO]   [stderr] [2m  - navigating to "https://www.dragonrises.edu/", waiting until "domcontentloaded"[22m
[02:13:21] [INFO]   [stderr] 
[02:13:21] [INFO]   [stderr]    ⚠️  Unreachable: http://127.0.0.1:9000/summarize
[02:13:21] [INFO]   [stderr] ❌ No summarizer endpoints reachable — skipping AI enrichment
[02:13:21] [INFO]   [stderr] npm notice
[02:13:21] [INFO]   [stderr] npm notice New minor version of npm available! 11.6.1 -> 11.16.0
[02:13:21] [INFO]   [stderr] npm notice Changelog: https://github.com/npm/cli/releases/tag/v11.16.0
[02:13:21] [INFO]   [stderr] npm notice To update run: npm install -g npm@11.16.0
[02:13:21] [INFO]   [stderr] npm notice
[02:13:21] [OK] Scrape succeeded.
[02:13:21] [INFO] 
[02:13:21] [INFO] --------------------------------------------------
[02:13:21] [INFO]   Step 2/8 - Track job presence (stamp firstSeen, purge expired)
[02:13:21] [INFO] --------------------------------------------------
[02:13:21] [INFO] Running: C:\Program Files\nodejs\npm.cmd run agent:job-presence
[02:13:22] [INFO]   
[02:13:22] [INFO]   > faculty-jobs@1.0.0 agent:job-presence
[02:13:22] [INFO]   > node scripts/agent-job-presence.js
[02:13:22] [INFO]   
[02:13:22] [INFO]   
[02:13:22] [INFO]   Faculty Atlas - Job Presence Agent
[02:13:22] [INFO]     Config        : expiry-days=7
[02:13:22] [INFO]   
[02:13:22] [INFO]     Jobs seen today  : 6,619
[02:13:22] [INFO]     Jobs tracked     : 8,539
[02:13:22] [INFO]     Jobs to purge    : 75
[02:13:22] [INFO]   
[02:13:22] [INFO]     Purged listings (absent for >= 7 consecutive scrapes):
[02:13:22] [INFO]       job_d58805f5a0fb0531  (7 misses, last seen 2026-06-03)
[02:13:22] [INFO]       job_fba69072f13316f6  (7 misses, last seen 2026-06-03)
[02:13:22] [INFO]       job_24ef78c1eae747d9  (7 misses, last seen 2026-06-03)
[02:13:22] [INFO]       job_f05ee26adda519f9  (7 misses, last seen 2026-06-03)
[02:13:22] [INFO]       job_9bdaa96e43c258a2  (7 misses, last seen 2026-06-03)
[02:13:22] [INFO]       job_c2009d6822dd1cae  (7 misses, last seen 2026-06-03)
[02:13:22] [INFO]       job_55c1971950bbf249  (7 misses, last seen 2026-06-03)
[02:13:22] [INFO]       job_8ebcf5b8dd515e8a  (7 misses, last seen 2026-06-03)
[02:13:22] [INFO]       job_4cf1d9521e801382  (7 misses, last seen 2026-06-03)
[02:13:22] [INFO]       job_60d23918716fe64b  (7 misses, last seen 2026-06-03)
[02:13:22] [INFO]       job_af92f232554f3117  (7 misses, last seen 2026-06-03)
[02:13:22] [INFO]       job_2d4c67deefa9b082  (7 misses, last seen 2026-06-03)
[02:13:22] [INFO]       job_cf027185e8bafa2a  (7 misses, last seen 2026-06-03)
[02:13:22] [INFO]       job_6468257ceb7e2cb8  (7 misses, last seen 2026-06-03)
[02:13:22] [INFO]       job_2249c70ea2891bee  (7 misses, last seen 2026-06-03)
[02:13:22] [INFO]       job_3dbc4be87f44fe8a  (7 misses, last seen 2026-06-03)
[02:13:22] [INFO]       job_03b548d0403ef134  (7 misses, last seen 2026-06-03)
[02:13:22] [INFO]       job_8f9d2ed8f5a74bbd  (7 misses, last seen 2026-06-03)
[02:13:22] [INFO]       job_cfc11d2f3b4719d9  (7 misses, last seen 2026-06-03)
[02:13:22] [INFO]       job_a44d067c16a5855d  (7 misses, last seen 2026-06-03)
[02:13:22] [INFO]       job_95107a51b43ecd0f  (7 misses, last seen 2026-06-03)
[02:13:22] [INFO]       job_c213e2ded2a69b0f  (7 misses, last seen 2026-06-03)
[02:13:23] [INFO]       job_435924fd6863e6df  (7 misses, last seen 2026-06-03)
[02:13:23] [INFO]       job_6f279b3fd545a350  (7 misses, last seen 2026-06-03)
[02:13:23] [INFO]       job_117a5d012a208de6  (7 misses, last seen 2026-06-03)
[02:13:23] [INFO]       job_10ac034e6afec960  (7 misses, last seen 2026-06-03)
[02:13:23] [INFO]       job_ed16ff57aa0e0ccd  (7 misses, last seen 2026-06-03)
[02:13:23] [INFO]       job_8ce3dce7636d7ce1  (7 misses, last seen 2026-06-03)
[02:13:23] [INFO]       job_50177e9c71cf0534  (7 misses, last seen 2026-06-03)
[02:13:23] [INFO]       job_fe66b22110632cf3  (7 misses, last seen 2026-06-03)
[02:13:23] [INFO]       job_ce298a6c6402cb22  (7 misses, last seen 2026-06-03)
[02:13:23] [INFO]       job_af39da6a02b272e0  (7 misses, last seen 2026-06-03)
[02:13:23] [INFO]       job_037b9ff2e69ae561  (7 misses, last seen 2026-06-03)
[02:13:23] [INFO]       job_025af7981dd5a0cd  (7 misses, last seen 2026-06-03)
[02:13:23] [INFO]       job_894b18b31292bb27  (7 misses, last seen 2026-06-03)
[02:13:23] [INFO]       job_938099c8b33ad95a  (7 misses, last seen 2026-06-03)
[02:13:23] [INFO]       job_e173f802acc01ed3  (7 misses, last seen 2026-06-03)
[02:13:23] [INFO]       job_ececa248cda04440  (7 misses, last seen 2026-06-03)
[02:13:23] [INFO]       job_fb0a1f8d1a25c818  (7 misses, last seen 2026-06-03)
[02:13:23] [INFO]       job_45671066d5a11d93  (7 misses, last seen 2026-06-03)
[02:13:23] [INFO]       job_252d578ce7011832  (7 misses, last seen 2026-06-03)
[02:13:23] [INFO]       job_a7f077088a00034f  (7 misses, last seen 2026-06-03)
[02:13:23] [INFO]       job_b56dc826c46e7cda  (7 misses, last seen 2026-06-03)
[02:13:23] [INFO]       job_2efd3d4119828399  (7 misses, last seen 2026-06-03)
[02:13:23] [INFO]       job_72cb37947257efa3  (7 misses, last seen 2026-06-03)
[02:13:23] [INFO]       job_fbe71dfe3160ac58  (7 misses, last seen 2026-06-03)
[02:13:23] [INFO]       job_598d437aeec34efb  (7 misses, last seen 2026-06-03)
[02:13:23] [INFO]       job_35cf4dad92737014  (7 misses, last seen 2026-06-03)
[02:13:23] [INFO]       job_90c9b745f32d0033  (7 misses, last seen 2026-06-03)
[02:13:23] [INFO]       job_3de8238017f8eaf6  (7 misses, last seen 2026-06-03)
[02:13:23] [INFO]       job_ccce0082f9203f58  (7 misses, last seen 2026-06-03)
[02:13:23] [INFO]       job_17cfa72c8aa6bee2  (7 misses, last seen 2026-06-03)
[02:13:23] [INFO]       job_571723c2e60c6825  (7 misses, last seen 2026-06-03)
[02:13:23] [INFO]       job_afe336c7c964fb71  (7 misses, last seen 2026-06-03)
[02:13:23] [INFO]       job_111d81a50628e6c1  (7 misses, last seen 2026-06-03)
[02:13:23] [INFO]       job_1dcdde15563a527c  (7 misses, last seen 2026-06-03)
[02:13:23] [INFO]       job_acfa4b7fd87441c4  (7 misses, last seen 2026-06-03)
[02:13:23] [INFO]       job_3fa23bc5a76200af  (7 misses, last seen 2026-06-03)
[02:13:23] [INFO]       job_f3a9f1eb4db6e086  (7 misses, last seen 2026-06-03)
[02:13:23] [INFO]       job_642a06f732b6907b  (7 misses, last seen 2026-06-03)
[02:13:23] [INFO]       job_e4185ab443844b38  (7 misses, last seen 2026-06-03)
[02:13:23] [INFO]       job_dd15abb35d481076  (7 misses, last seen 2026-06-03)
[02:13:23] [INFO]       job_2e7109b0f3a88412  (7 misses, last seen 2026-06-03)
[02:13:23] [INFO]       job_372af0360307811e  (7 misses, last seen 2026-06-03)
[02:13:23] [INFO]       job_74cdbe9ef8915aa3  (7 misses, last seen 2026-06-03)
[02:13:23] [INFO]       job_319692c644db43d5  (7 misses, last seen 2026-06-03)
[02:13:23] [INFO]       job_f7bf74a86c229b6b  (7 misses, last seen 2026-06-03)
[02:13:23] [INFO]       job_5f8174ed33b0f4ba  (7 misses, last seen 2026-06-03)
[02:13:23] [INFO]       job_dec2bf11c0616f9a  (7 misses, last seen 2026-06-03)
[02:13:23] [INFO]       job_d313c6d7962daa81  (7 misses, last seen 2026-06-03)
[02:13:23] [INFO]       job_3012c3296ac1e2f9  (7 misses, last seen 2026-06-03)
[02:13:23] [INFO]       job_1d5cd62e7b07ef30  (7 misses, last seen 2026-06-03)
[02:13:23] [INFO]       job_ef1568093613a062  (7 misses, last seen 2026-06-03)
[02:13:23] [INFO]       job_7c75103a6b90ac28  (7 misses, last seen 2026-06-03)
[02:13:23] [INFO]       job_ab5f58a558ef095e  (7 misses, last seen 2026-06-03)
[02:13:23] [INFO]     New today        : 1,208
[02:13:23] [INFO]     New this week    : 1,857
[02:13:23] [INFO]   
[02:13:23] [INFO]     docs/jobs.json updated.
[02:13:23] [INFO]   
[02:13:23] [INFO]     public/jobs.json updated.
[02:13:23] [INFO]     generated/job-presence.json saved.
[02:13:23] [INFO]     generated/job-presence-report.json saved.
[02:13:23] [INFO]     data/site-stats.json saved (docs + public + web-vue).
[02:13:23] [OK] Job presence succeeded.
[02:13:23] [INFO] 
[02:13:23] [INFO] --------------------------------------------------
[02:13:23] [INFO]   Step 3/8 - Enrich new jobs (discipline/positionType/tenureTrack via local Ollama)
[02:13:23] [INFO] --------------------------------------------------
[02:13:23] [INFO] Running: C:\Program Files\nodejs\npm.cmd run agent:enrich -- --max 1500 --batch-size 6
[02:24:31] [INFO]   
[02:24:31] [INFO]   > faculty-jobs@1.0.0 agent:enrich
[02:24:31] [INFO]   > node scripts/agent-job-enrichment.js --max 1500 --batch-size 6
[02:24:31] [INFO]   
[02:24:31] [INFO]   
[02:24:31] [INFO]   Faculty Atlas - Job Enrichment Agent
[02:24:31] [INFO]     Backend: Ollama (qwen2.5:7b @ localhost:11434)
[02:24:31] [INFO]   
[02:24:31] [INFO]     Total jobs       : 6,619
[02:24:31] [INFO]     Already enriched : 5,205
[02:24:31] [INFO]     To process now   : 1,414 (max 1500)
[02:24:31] [INFO]     Batch size       : 6
[02:24:31] [INFO]     Concurrency      : 1
[02:24:31] [INFO]     Batch 1/236 (6 jobs)... done (+6)
[02:24:31] [INFO]     Batch 2/236 (6 jobs)... done (+6)
[02:24:31] [INFO]     Batch 3/236 (6 jobs)... done (+6)
[02:24:31] [INFO]     Batch 4/236 (6 jobs)... done (+6)
[02:24:31] [INFO]     Batch 5/236 (6 jobs)... done (+6)
[02:24:31] [INFO]     Batch 6/236 (6 jobs)... done (+6)
[02:24:31] [INFO]     Batch 7/236 (6 jobs)... done (+6)
[02:24:31] [INFO]     Batch 8/236 (6 jobs)... ERROR: Expected 6 results, got 1
[02:24:31] [INFO]     Batch 9/236 (6 jobs)... done (+6)
[02:24:31] [INFO]     Batch 10/236 (6 jobs)... done (+6)
[02:24:31] [INFO]     Batch 11/236 (6 jobs)... done (+6)
[02:24:31] [INFO]     Batch 12/236 (6 jobs)... done (+6)
[02:24:31] [INFO]     Batch 13/236 (6 jobs)... done (+6)
[02:24:31] [INFO]     Batch 14/236 (6 jobs)... done (+6)
[02:24:31] [INFO]     Batch 15/236 (6 jobs)... done (+6)
[02:24:31] [INFO]     Batch 16/236 (6 jobs)... done (+6)
[02:24:31] [INFO]     Batch 17/236 (6 jobs)... done (+6)
[02:24:31] [INFO]     Batch 18/236 (6 jobs)... done (+6)
[02:24:31] [INFO]     Batch 19/236 (6 jobs)... done (+6)
[02:24:31] [INFO]     Batch 20/236 (6 jobs)... done (+6)
[02:24:31] [INFO]     Batch 21/236 (6 jobs)... done (+6)
[02:24:31] [INFO]     Batch 22/236 (6 jobs)... done (+6)
[02:24:31] [INFO]     Batch 23/236 (6 jobs)... done (+4)
[02:24:31] [INFO]     Batch 24/236 (6 jobs)... done (+6)
[02:24:31] [INFO]     Batch 25/236 (6 jobs)... done (+6)
[02:24:31] [INFO]     Batch 26/236 (6 jobs)... done (+6)
[02:24:31] [INFO]     Batch 27/236 (6 jobs)... done (+6)
[02:24:32] [INFO]     Batch 28/236 (6 jobs)... done (+6)
[02:24:32] [INFO]     Batch 29/236 (6 jobs)... done (+6)
[02:24:32] [INFO]     Batch 30/236 (6 jobs)... done (+6)
[02:24:32] [INFO]     Batch 31/236 (6 jobs)... done (+6)
[02:24:32] [INFO]     Batch 32/236 (6 jobs)... done (+6)
[02:24:32] [INFO]     Batch 33/236 (6 jobs)... done (+6)
[02:24:32] [INFO]     Batch 34/236 (6 jobs)... done (+6)
[02:24:32] [INFO]     Batch 35/236 (6 jobs)... done (+6)
[02:24:32] [INFO]     Batch 36/236 (6 jobs)... ERROR: Expected ',' or '}' after property value in JSON at position 494 (line 6 column 84)
[02:24:32] [INFO]     Batch 37/236 (6 jobs)... done (+6)
[02:24:32] [INFO]     Batch 38/236 (6 jobs)... done (+6)
[02:24:32] [INFO]     Batch 39/236 (6 jobs)... ERROR: Expected 6 results, got 1
[02:24:32] [INFO]     Batch 40/236 (6 jobs)... done (+6)
[02:24:32] [INFO]     Batch 41/236 (6 jobs)... done (+6)
[02:24:32] [INFO]     Batch 42/236 (6 jobs)... done (+6)
[02:24:32] [INFO]     Batch 43/236 (6 jobs)... done (+6)
[02:24:32] [INFO]     Batch 44/236 (6 jobs)... done (+6)
[02:24:32] [INFO]     Batch 45/236 (6 jobs)... done (+6)
[02:24:32] [INFO]     Batch 46/236 (6 jobs)... done (+6)
[02:24:32] [INFO]     Batch 47/236 (6 jobs)... done (+6)
[02:24:32] [INFO]     Batch 48/236 (6 jobs)... done (+6)
[02:24:32] [INFO]     Batch 49/236 (6 jobs)... done (+6)
[02:24:32] [INFO]     Batch 50/236 (6 jobs)... done (+6)
[02:24:32] [INFO]     Batch 51/236 (6 jobs)... done (+6)
[02:24:32] [INFO]     Batch 52/236 (6 jobs)... done (+6)
[02:24:32] [INFO]     Batch 53/236 (6 jobs)... done (+6)
[02:24:32] [INFO]     Batch 54/236 (6 jobs)... done (+6)
[02:24:32] [INFO]     Batch 55/236 (6 jobs)... done (+6)
[02:24:32] [INFO]     Batch 56/236 (6 jobs)... ERROR: Expected 6 results, got 4
[02:24:32] [INFO]     Batch 57/236 (6 jobs)... done (+2)
[02:24:32] [INFO]     Batch 58/236 (6 jobs)... ERROR: Expected 6 results, got 0
[02:24:32] [INFO]     Batch 59/236 (6 jobs)... ERROR: Expected 6 results, got 0
[02:24:32] [INFO]     Batch 60/236 (6 jobs)... ERROR: Expected 6 results, got 0
[02:24:32] [INFO]     Batch 61/236 (6 jobs)... ERROR: Expected 6 results, got 0
[02:24:32] [INFO]     Batch 62/236 (6 jobs)... ERROR: Expected 6 results, got 0
[02:24:32] [INFO]     Batch 63/236 (6 jobs)... ERROR: Expected 6 results, got 0
[02:24:32] [INFO]     Batch 64/236 (6 jobs)... done (+6)
[02:24:32] [INFO]     Batch 65/236 (6 jobs)... done (+6)
[02:24:32] [INFO]     Batch 66/236 (6 jobs)... done (+6)
[02:24:32] [INFO]     Batch 67/236 (6 jobs)... done (+3)
[02:24:32] [INFO]     Batch 68/236 (6 jobs)... done (+1)
[02:24:32] [INFO]     Batch 69/236 (6 jobs)... done (+6)
[02:24:32] [INFO]     Batch 70/236 (6 jobs)... ERROR: Expected 6 results, got 0
[02:24:32] [INFO]     Batch 71/236 (6 jobs)... ERROR: Expected 6 results, got 0
[02:24:32] [INFO]     Batch 72/236 (6 jobs)... done (+6)
[02:24:32] [INFO]     Batch 73/236 (6 jobs)... done (+6)
[02:24:32] [INFO]     Batch 74/236 (6 jobs)... ERROR: Expected 6 results, got 4
[02:24:32] [INFO]     Batch 75/236 (6 jobs)... done (+6)
[02:24:32] [INFO]     Batch 76/236 (6 jobs)... done (+6)
[02:24:32] [INFO]     Batch 77/236 (6 jobs)... done (+6)
[02:24:32] [INFO]     Batch 78/236 (6 jobs)... done (+6)
[02:24:32] [INFO]     Batch 79/236 (6 jobs)... done (+6)
[02:24:32] [INFO]     Batch 80/236 (6 jobs)... done (+6)
[02:24:32] [INFO]     Batch 81/236 (6 jobs)... done (+6)
[02:24:32] [INFO]     Batch 82/236 (6 jobs)... done (+6)
[02:24:32] [INFO]     Batch 83/236 (6 jobs)... ERROR: Expected 6 results, got 5
[02:24:32] [INFO]     Batch 84/236 (6 jobs)... done (+6)
[02:24:32] [INFO]     Batch 85/236 (6 jobs)... done (+6)
[02:24:32] [INFO]     Batch 86/236 (6 jobs)... done (+6)
[02:24:32] [INFO]     Batch 87/236 (6 jobs)... done (+6)
[02:24:32] [INFO]     Batch 88/236 (6 jobs)... done (+6)
[02:24:32] [INFO]     Batch 89/236 (6 jobs)... done (+6)
[02:24:32] [INFO]     Batch 90/236 (6 jobs)... done (+6)
[02:24:32] [INFO]     Batch 91/236 (6 jobs)... done (+6)
[02:24:32] [INFO]     Batch 92/236 (6 jobs)... done (+6)
[02:24:32] [INFO]     Batch 93/236 (6 jobs)... done (+6)
[02:24:32] [INFO]     Batch 94/236 (6 jobs)... done (+6)
[02:24:32] [INFO]     Batch 95/236 (6 jobs)... done (+6)
[02:24:32] [INFO]     Batch 96/236 (6 jobs)... done (+6)
[02:24:32] [INFO]     Batch 97/236 (6 jobs)... done (+6)
[02:24:32] [INFO]     Batch 98/236 (6 jobs)... done (+6)
[02:24:32] [INFO]     Batch 99/236 (6 jobs)... done (+6)
[02:24:32] [INFO]     Batch 100/236 (6 jobs)... done (+6)
[02:24:32] [INFO]     Batch 101/236 (6 jobs)... done (+6)
[02:24:32] [INFO]     Batch 102/236 (6 jobs)... done (+6)
[02:24:32] [INFO]     Batch 103/236 (6 jobs)... done (+6)
[02:24:32] [INFO]     Batch 104/236 (6 jobs)... done (+6)
[02:24:32] [INFO]     Batch 105/236 (6 jobs)... done (+6)
[02:24:32] [INFO]     Batch 106/236 (6 jobs)... done (+6)
[02:24:32] [INFO]     Batch 107/236 (6 jobs)... done (+6)
[02:24:32] [INFO]     Batch 108/236 (6 jobs)... done (+6)
[02:24:32] [INFO]     Batch 109/236 (6 jobs)... done (+6)
[02:24:32] [INFO]     Batch 110/236 (6 jobs)... done (+6)
[02:24:32] [INFO]     Batch 111/236 (6 jobs)... done (+6)
[02:24:32] [INFO]     Batch 112/236 (6 jobs)... done (+6)
[02:24:32] [INFO]     Batch 113/236 (6 jobs)... done (+6)
[02:24:32] [INFO]     Batch 114/236 (6 jobs)... done (+6)
[02:24:32] [INFO]     Batch 115/236 (6 jobs)... done (+6)
[02:24:32] [INFO]     Batch 116/236 (6 jobs)... done (+6)
[02:24:32] [INFO]     Batch 117/236 (6 jobs)... done (+6)
[02:24:32] [INFO]     Batch 118/236 (6 jobs)... done (+6)
[02:24:32] [INFO]     Batch 119/236 (6 jobs)... done (+6)
[02:24:32] [INFO]     Batch 120/236 (6 jobs)... done (+6)
[02:24:32] [INFO]     Batch 121/236 (6 jobs)... ERROR: Expected ',' or '}' after property value in JSON at position 442 (line 1 column 443)
[02:24:32] [INFO]     Batch 122/236 (6 jobs)... done (+6)
[02:24:32] [INFO]     Batch 123/236 (6 jobs)... done (+6)
[02:24:32] [INFO]     Batch 124/236 (6 jobs)... ERROR: Expected 6 results, got 3
[02:24:32] [INFO]     Batch 125/236 (6 jobs)... done (+6)
[02:24:32] [INFO]     Batch 126/236 (6 jobs)... done (+6)
[02:24:32] [INFO]     Batch 127/236 (6 jobs)... done (+6)
[02:24:32] [INFO]     Batch 128/236 (6 jobs)... done (+6)
[02:24:32] [INFO]     Batch 129/236 (6 jobs)... ERROR: Expected 6 results, got 2
[02:24:32] [INFO]     Batch 130/236 (6 jobs)... done (+4)
[02:24:32] [INFO]     Batch 131/236 (6 jobs)... done (+6)
[02:24:32] [INFO]     Batch 132/236 (6 jobs)... done (+6)
[02:24:32] [INFO]     Batch 133/236 (6 jobs)... done (+6)
[02:24:32] [INFO]     Batch 134/236 (6 jobs)... ERROR: Expected ':' after property name in JSON at position 336 (line 1 column 337)
[02:24:32] [INFO]     Batch 135/236 (6 jobs)... ERROR: Expected 6 results, got 5
[02:24:32] [INFO]     Batch 136/236 (6 jobs)... done (+6)
[02:24:32] [INFO]     Batch 137/236 (6 jobs)... done (+6)
[02:24:32] [INFO]     Batch 138/236 (6 jobs)... done (+6)
[02:24:32] [INFO]     Batch 139/236 (6 jobs)... ERROR: Expected 6 results, got 1
[02:24:32] [INFO]     Batch 140/236 (6 jobs)... ERROR: Expected 6 results, got 1
[02:24:32] [INFO]     Batch 141/236 (6 jobs)... done (+6)
[02:24:32] [INFO]     Batch 142/236 (6 jobs)... done (+6)
[02:24:32] [INFO]     Batch 143/236 (6 jobs)... ERROR: Expected 6 results, got 1
[02:24:32] [INFO]     Batch 144/236 (6 jobs)... done (+6)
[02:24:32] [INFO]     Batch 145/236 (6 jobs)... done (+6)
[02:24:32] [INFO]     Batch 146/236 (6 jobs)... done (+6)
[02:24:32] [INFO]     Batch 147/236 (6 jobs)... done (+6)
[02:24:32] [INFO]     Batch 148/236 (6 jobs)... done (+6)
[02:24:32] [INFO]     Batch 149/236 (6 jobs)... done (+6)
[02:24:32] [INFO]     Batch 150/236 (6 jobs)... done (+6)
[02:24:32] [INFO]     Batch 151/236 (6 jobs)... done (+6)
[02:24:32] [INFO]     Batch 152/236 (6 jobs)... done (+6)
[02:24:32] [INFO]     Batch 153/236 (6 jobs)... done (+6)
[02:24:32] [INFO]     Batch 154/236 (6 jobs)... done (+6)
[02:24:32] [INFO]     Batch 155/236 (6 jobs)... done (+6)
[02:24:32] [INFO]     Batch 156/236 (6 jobs)... done (+6)
[02:24:32] [INFO]     Batch 157/236 (6 jobs)... done (+6)
[02:24:32] [INFO]     Batch 158/236 (6 jobs)... done (+6)
[02:24:32] [INFO]     Batch 159/236 (6 jobs)... done (+6)
[02:24:32] [INFO]     Batch 160/236 (6 jobs)... done (+6)
[02:24:32] [INFO]     Batch 161/236 (6 jobs)... done (+6)
[02:24:32] [INFO]     Batch 162/236 (6 jobs)... done (+6)
[02:24:32] [INFO]     Batch 163/236 (6 jobs)... done (+6)
[02:24:32] [INFO]     Batch 164/236 (6 jobs)... done (+6)
[02:24:32] [INFO]     Batch 165/236 (6 jobs)... done (+6)
[02:24:32] [INFO]     Batch 166/236 (6 jobs)... ERROR: Expected 6 results, got 1
[02:24:32] [INFO]     Batch 167/236 (6 jobs)... done (+6)
[02:24:32] [INFO]     Batch 168/236 (6 jobs)... done (+6)
[02:24:32] [INFO]     Batch 169/236 (6 jobs)... ERROR: Expected 6 results, got 5
[02:24:32] [INFO]     Batch 170/236 (6 jobs)... done (+6)
[02:24:32] [INFO]     Batch 171/236 (6 jobs)... ERROR: Expected 6 results, got 5
[02:24:32] [INFO]     Batch 172/236 (6 jobs)... done (+6)
[02:24:32] [INFO]     Batch 173/236 (6 jobs)... done (+6)
[02:24:32] [INFO]     Batch 174/236 (6 jobs)... done (+6)
[02:24:32] [INFO]     Batch 175/236 (6 jobs)... ERROR: Expected 6 results, got 5
[02:24:32] [INFO]     Batch 176/236 (6 jobs)... ERROR: Expected 6 results, got 1
[02:24:32] [INFO]     Batch 177/236 (6 jobs)... done (+6)
[02:24:32] [INFO]     Batch 178/236 (6 jobs)... ERROR: Expected 6 results, got 1
[02:24:32] [INFO]     Batch 179/236 (6 jobs)... done (+6)
[02:24:32] [INFO]     Batch 180/236 (6 jobs)... done (+6)
[02:24:32] [INFO]     Batch 181/236 (6 jobs)... done (+6)
[02:24:32] [INFO]     Batch 182/236 (6 jobs)... done (+6)
[02:24:32] [INFO]     Batch 183/236 (6 jobs)... done (+6)
[02:24:32] [INFO]     Batch 184/236 (6 jobs)... done (+6)
[02:24:32] [INFO]     Batch 185/236 (6 jobs)... done (+6)
[02:24:32] [INFO]     Batch 186/236 (6 jobs)... done (+6)
[02:24:32] [INFO]     Batch 187/236 (6 jobs)... done (+6)
[02:24:32] [INFO]     Batch 188/236 (6 jobs)... done (+6)
[02:24:32] [INFO]     Batch 189/236 (6 jobs)... done (+6)
[02:24:32] [INFO]     Batch 190/236 (6 jobs)... done (+6)
[02:24:32] [INFO]     Batch 191/236 (6 jobs)... done (+6)
[02:24:32] [INFO]     Batch 192/236 (6 jobs)... done (+6)
[02:24:32] [INFO]     Batch 193/236 (6 jobs)... done (+6)
[02:24:32] [INFO]     Batch 194/236 (6 jobs)... done (+6)
[02:24:32] [INFO]     Batch 195/236 (6 jobs)... done (+6)
[02:24:32] [INFO]     Batch 196/236 (6 jobs)... done (+6)
[02:24:32] [INFO]     Batch 197/236 (6 jobs)... done (+6)
[02:24:32] [INFO]     Batch 198/236 (6 jobs)... done (+6)
[02:24:32] [INFO]     Batch 199/236 (6 jobs)... done (+6)
[02:24:32] [INFO]     Batch 200/236 (6 jobs)... done (+6)
[02:24:32] [INFO]     Batch 201/236 (6 jobs)... done (+6)
[02:24:32] [INFO]     Batch 202/236 (6 jobs)... done (+6)
[02:24:32] [INFO]     Batch 203/236 (6 jobs)... ERROR: Expected 6 results, got 5
[02:24:32] [INFO]     Batch 204/236 (6 jobs)... done (+6)
[02:24:32] [INFO]     Batch 205/236 (6 jobs)... done (+6)
[02:24:32] [INFO]     Batch 206/236 (6 jobs)... done (+6)
[02:24:32] [INFO]     Batch 207/236 (6 jobs)... done (+6)
[02:24:32] [INFO]     Batch 208/236 (6 jobs)... done (+6)
[02:24:32] [INFO]     Batch 209/236 (6 jobs)... done (+6)
[02:24:32] [INFO]     Batch 210/236 (6 jobs)... done (+6)
[02:24:32] [INFO]     Batch 211/236 (6 jobs)... done (+6)
[02:24:32] [INFO]     Batch 212/236 (6 jobs)... done (+6)
[02:24:32] [INFO]     Batch 213/236 (6 jobs)... done (+6)
[02:24:32] [INFO]     Batch 214/236 (6 jobs)... done (+6)
[02:24:32] [INFO]     Batch 215/236 (6 jobs)... done (+6)
[02:24:32] [INFO]     Batch 216/236 (6 jobs)... done (+6)
[02:24:32] [INFO]     Batch 217/236 (6 jobs)... done (+6)
[02:24:32] [INFO]     Batch 218/236 (6 jobs)... done (+6)
[02:24:32] [INFO]     Batch 219/236 (6 jobs)... done (+6)
[02:24:32] [INFO]     Batch 220/236 (6 jobs)... done (+6)
[02:24:32] [INFO]     Batch 221/236 (6 jobs)... done (+6)
[02:24:32] [INFO]     Batch 222/236 (6 jobs)... done (+6)
[02:24:32] [INFO]     Batch 223/236 (6 jobs)... ERROR: Expected 6 results, got 5
[02:24:32] [INFO]     Batch 224/236 (6 jobs)... done (+6)
[02:24:32] [INFO]     Batch 225/236 (6 jobs)... done (+6)
[02:24:32] [INFO]     Batch 226/236 (6 jobs)... done (+6)
[02:24:32] [INFO]     Batch 227/236 (6 jobs)... done (+6)
[02:24:32] [INFO]     Batch 228/236 (6 jobs)... done (+6)
[02:24:32] [INFO]     Batch 229/236 (6 jobs)... done (+6)
[02:24:32] [INFO]     Batch 230/236 (6 jobs)... done (+6)
[02:24:32] [INFO]     Batch 231/236 (6 jobs)... done (+6)
[02:24:32] [INFO]     Batch 232/236 (6 jobs)... done (+6)
[02:24:32] [INFO]     Batch 233/236 (6 jobs)... ERROR: Expected 6 results, got 5
[02:24:32] [INFO]     Batch 234/236 (6 jobs)... done (+6)
[02:24:32] [INFO]     Batch 235/236 (6 jobs)... done (+6)
[02:24:32] [INFO]     Batch 236/236 (4 jobs)... ERROR: Expected 4 results, got 2
[02:24:32] [INFO]   
[02:24:32] [INFO]     Enriched this run : 1208
[02:24:32] [INFO]     Total enriched    : 6,413 / 6,619
[02:24:32] [INFO]     Batch errors      : 32
[02:24:32] [INFO]     Report saved      : generated/enrichment-report.json
[02:24:32] [INFO]   
[02:24:32] [OK] Enrich succeeded.
[02:24:32] [INFO] 
[02:24:32] [INFO] --------------------------------------------------
[02:24:32] [INFO]   Step 4/8 - Backfill descriptions + posting dates (datePosted)
[02:24:32] [INFO] --------------------------------------------------
[02:24:32] [INFO] Running: C:\Program Files\nodejs\npm.cmd run agent:descriptions -- --max 400
[02:27:59] [INFO]   
[02:27:59] [INFO]   > faculty-jobs@1.0.0 agent:descriptions
[02:27:59] [INFO]   > node scripts/agent-job-descriptions.js --max 400
[02:27:59] [INFO]   
[02:27:59] [INFO]   
[02:27:59] [INFO]     Total jobs        : 6,619
[02:27:59] [INFO]     With description  : 663
[02:27:59] [INFO]     Missing (unfetched): 5,956
[02:27:59] [INFO]     To process now    : 400 (max 400)
[02:27:59] [INFO]     Concurrency       : 6
[02:27:59] [INFO]     ...attempted 25/400 (filled 23)
[02:27:59] [INFO]     ...attempted 50/400 (filled 47)
[02:27:59] [INFO]     ...attempted 75/400 (filled 71)
[02:27:59] [INFO]     ...attempted 100/400 (filled 96)
[02:27:59] [INFO]     ...attempted 125/400 (filled 121)
[02:27:59] [INFO]     ...attempted 150/400 (filled 145)
[02:27:59] [INFO]     ...attempted 175/400 (filled 166)
[02:27:59] [INFO]     ...attempted 200/400 (filled 189)
[02:27:59] [INFO]     ...attempted 225/400 (filled 214)
[02:27:59] [INFO]     ...attempted 250/400 (filled 235)
[02:27:59] [INFO]     ...attempted 275/400 (filled 258)
[02:27:59] [INFO]     ...attempted 300/400 (filled 279)
[02:27:59] [INFO]     ...attempted 325/400 (filled 302)
[02:27:59] [INFO]     ...attempted 350/400 (filled 325)
[02:27:59] [INFO]     ...attempted 375/400 (filled 350)
[02:27:59] [INFO]     ...attempted 400/400 (filled 375)
[02:27:59] [INFO]   
[02:27:59] [INFO]     Attempted this run : 400
[02:27:59] [INFO]     Filled this run    : 375 (94%)
[02:27:59] [INFO]     datePosted found   : 13 (3%)
[02:27:59] [INFO]     deadlines found    : 6 (2%)
[02:27:59] [INFO]     Total w/ description: 1,038 / 6,619
[02:27:59] [INFO]     Remaining unfetched: 5,556
[02:27:59] [INFO]     Report saved       : generated/job-descriptions-report.json
[02:27:59] [INFO]   
[02:27:59] [OK] Descriptions succeeded.
[02:27:59] [INFO] 
[02:27:59] [INFO] --------------------------------------------------
[02:27:59] [INFO]   Step 5/8 - Build frontend
[02:27:59] [INFO] --------------------------------------------------
[02:27:59] [INFO] Running: C:\Program Files\nodejs\npm.cmd run build:frontend
[02:28:07] [INFO]   
[02:28:07] [INFO]   > faculty-jobs@1.0.0 build:frontend
[02:28:07] [INFO]   > npm run build:coverage && npm run sync:policy-exclusions && npm run sync:web-data && cd web-vue && npm run build && cd .. && node scripts/copy-dist.js && node scripts/generate-sitemap.js && node scripts/inject-og-meta.js
[02:28:07] [INFO]   
[02:28:07] [INFO]   
[02:28:07] [INFO]   > faculty-jobs@1.0.0 build:coverage
[02:28:07] [INFO]   > npm run build:institutions && npm run build:policy-exclusions && npm run sync:policy-exclusions && npm run build:coverage-report
[02:28:07] [INFO]   
[02:28:07] [INFO]   
[02:28:07] [INFO]   > faculty-jobs@1.0.0 build:institutions
[02:28:07] [INFO]   > node scripts/build-institutions-master.js
[02:28:07] [INFO]   
[02:28:07] [INFO]   Enriched 1296/1546 institutions from IPEDS (hd2024.csv)
[02:28:07] [INFO]   Wrote data\institutions-master.json (1546 institutions)
[02:28:07] [INFO]   
[02:28:07] [INFO]   > faculty-jobs@1.0.0 build:policy-exclusions
[02:28:07] [INFO]   > node scripts/generate-policy-exclusions.js
[02:28:07] [INFO]   
[02:28:07] [INFO]   Wrote generated\policy-excluded-colleges.json (12 excluded institutions)
[02:28:07] [INFO]   
[02:28:07] [INFO]   > faculty-jobs@1.0.0 sync:policy-exclusions
[02:28:07] [INFO]   > node scripts/sync-policy-exclusions-web.js
[02:28:07] [INFO]   
[02:28:07] [INFO]   Synced generated\policy-excluded-colleges.json -> web-vue\public\policy-excluded-colleges.json
[02:28:07] [INFO]   Synced generated\policy-excluded-colleges.json -> public\policy-excluded-colleges.json
[02:28:07] [INFO]   Synced generated\policy-excluded-colleges.json -> docs\policy-excluded-colleges.json
[02:28:07] [INFO]   
[02:28:07] [INFO]   > faculty-jobs@1.0.0 build:coverage-report
[02:28:07] [INFO]   > node scripts/generate-coverage-report.js
[02:28:07] [INFO]   
[02:28:07] [INFO]   Wrote generated\coverage-report.json (eligible universe: 1546)
[02:28:07] [INFO]   
[02:28:07] [INFO]   > faculty-jobs@1.0.0 sync:policy-exclusions
[02:28:07] [INFO]   > node scripts/sync-policy-exclusions-web.js
[02:28:07] [INFO]   
[02:28:07] [INFO]   Synced generated\policy-excluded-colleges.json -> web-vue\public\policy-excluded-colleges.json
[02:28:07] [INFO]   Synced generated\policy-excluded-colleges.json -> public\policy-excluded-colleges.json
[02:28:07] [INFO]   Synced generated\policy-excluded-colleges.json -> docs\policy-excluded-colleges.json
[02:28:07] [INFO]   
[02:28:07] [INFO]   > faculty-jobs@1.0.0 sync:web-data
[02:28:07] [INFO]   > node scripts/sync-web-data-files.js
[02:28:07] [INFO]   
[02:28:07] [INFO]   Synced public/jobs.json -> web-vue/public/jobs.json
[02:28:07] [INFO]   Synced public/college-coords.json -> web-vue/public/college-coords.json
[02:28:07] [INFO]   Built web chunk manifest: web-vue/public/data/jobs-manifest.json
[02:28:07] [INFO]   
[02:28:07] [INFO]   > web-vue@0.0.0 build
[02:28:07] [INFO]   > vite build
[02:28:07] [INFO]   
[02:28:07] [INFO]   [36mvite v8.0.0-beta.15 [32mbuilding client environment for production...[36m[39m
[02:28:07] [INFO]   [2K
[02:28:07] [INFO]   transforming...✓ 31 modules transformed.
[02:28:07] [INFO]   rendering chunks...
[02:28:07] [INFO]   computing gzip size...
[02:28:07] [INFO]   dist/index.html                   1.22 kB │ gzip:   0.65 kB
[02:28:07] [INFO]   dist/assets/index-nP2sgDVT.css   33.18 kB │ gzip:  10.54 kB
[02:28:07] [INFO]   dist/assets/index-9W--ba94.js   319.08 kB │ gzip: 100.36 kB
[02:28:07] [INFO]   
[02:28:07] [INFO]   [32m✓ built in 548ms[39m
[02:28:07] [INFO]   Copied web-vue/dist → public/ and docs/
[02:28:07] [INFO]   Sitemap written — lastmod: 2026-06-09, 3 URLs
[02:28:07] [INFO]     docs/sitemap.xml  public/sitemap.xml
[02:28:07] [INFO]     docs/robots.txt   public/robots.txt
[02:28:07] [INFO]   inject-og-meta: patched 2 files — 6619 jobs, 452 colleges, 56 sources
[02:28:07] [OK] Build succeeded.
[02:28:07] [INFO] 
[02:28:07] [INFO] --------------------------------------------------
[02:28:07] [INFO]   Step 6/8 - Commit and push
[02:28:07] [INFO] --------------------------------------------------
[02:28:07] [INFO] Running: C:\Program Files\Git\cmd\git.exe add docs/ public/ data/institutions-master.json generated/coverage-report.json generated/policy-excluded-colleges.json web-vue/public/policy-excluded-colleges.json
[02:28:08] [INFO]   [stderr] warning: in the working copy of 'data/institutions-master.json', LF will be replaced by CRLF the next time Git touches it
[02:28:08] [INFO]   [stderr] warning: in the working copy of 'docs/assets/index-nP2sgDVT.css', LF will be replaced by CRLF the next time Git touches it
[02:28:08] [INFO]   [stderr] warning: in the working copy of 'docs/data/chunks/ak.json', LF will be replaced by CRLF the next time Git touches it
[02:28:08] [INFO]   [stderr] warning: in the working copy of 'docs/data/chunks/al.json', LF will be replaced by CRLF the next time Git touches it
[02:28:08] [INFO]   [stderr] warning: in the working copy of 'docs/data/chunks/ar.json', LF will be replaced by CRLF the next time Git touches it
[02:28:08] [INFO]   [stderr] warning: in the working copy of 'docs/data/chunks/az.json', LF will be replaced by CRLF the next time Git touches it
[02:28:08] [INFO]   [stderr] warning: in the working copy of 'docs/data/chunks/ca-private.json', LF will be replaced by CRLF the next time Git touches it
[02:28:08] [INFO]   [stderr] warning: in the working copy of 'docs/data/chunks/claremont-colleges.json', LF will be replaced by CRLF the next time Git touches it
[02:28:08] [INFO]   [stderr] warning: in the working copy of 'docs/data/chunks/claremont.json', LF will be replaced by CRLF the next time Git touches it
[02:28:08] [INFO]   [stderr] warning: in the working copy of 'docs/data/chunks/co.json', LF will be replaced by CRLF the next time Git touches it
[02:28:08] [INFO]   [stderr] warning: in the working copy of 'docs/data/chunks/csu.json', LF will be replaced by CRLF the next time Git touches it
[02:28:08] [INFO]   [stderr] warning: in the working copy of 'docs/data/chunks/ct-state.json', LF will be replaced by CRLF the next time Git touches it
[02:28:09] [INFO]   [stderr] warning: in the working copy of 'docs/data/chunks/ct.json', LF will be replaced by CRLF the next time Git touches it
[02:28:09] [INFO]   [stderr] warning: in the working copy of 'docs/data/chunks/de.json', LF will be replaced by CRLF the next time Git touches it
[02:28:09] [INFO]   [stderr] warning: in the working copy of 'docs/data/chunks/fl.json', LF will be replaced by CRLF the next time Git touches it
[02:28:09] [INFO]   [stderr] warning: in the working copy of 'docs/data/chunks/ga.json', LF will be replaced by CRLF the next time Git touches it
[02:28:09] [INFO]   [stderr] warning: in the working copy of 'docs/data/chunks/hi.json', LF will be replaced by CRLF the next time Git touches it
[02:28:09] [INFO]   [stderr] warning: in the working copy of 'docs/data/chunks/ia.json', LF will be replaced by CRLF the next time Git touches it
[02:28:09] [INFO]   [stderr] warning: in the working copy of 'docs/data/chunks/id.json', LF will be replaced by CRLF the next time Git touches it
[02:28:09] [INFO]   [stderr] warning: in the working copy of 'docs/data/chunks/il.json', LF will be replaced by CRLF the next time Git touches it
[02:28:09] [INFO]   [stderr] warning: in the working copy of 'docs/data/chunks/in.json', LF will be replaced by CRLF the next time Git touches it
[02:28:09] [INFO]   [stderr] warning: in the working copy of 'docs/data/chunks/ks.json', LF will be replaced by CRLF the next time Git touches it
[02:28:09] [INFO]   [stderr] warning: in the working copy of 'docs/data/chunks/ky.json', LF will be replaced by CRLF the next time Git touches it
[02:28:09] [INFO]   [stderr] warning: in the working copy of 'docs/data/chunks/la.json', LF will be replaced by CRLF the next time Git touches it
[02:28:09] [INFO]   [stderr] warning: in the working copy of 'docs/data/chunks/ma.json', LF will be replaced by CRLF the next time Git touches it
[02:28:09] [INFO]   [stderr] warning: in the working copy of 'docs/data/chunks/md.json', LF will be replaced by CRLF the next time Git touches it
[02:28:09] [INFO]   [stderr] warning: in the working copy of 'docs/data/chunks/me.json', LF will be replaced by CRLF the next time Git touches it
[02:28:09] [INFO]   [stderr] warning: in the working copy of 'docs/data/chunks/mi.json', LF will be replaced by CRLF the next time Git touches it
[02:28:09] [INFO]   [stderr] warning: in the working copy of 'docs/data/chunks/mn.json', LF will be replaced by CRLF the next time Git touches it
[02:28:09] [INFO]   [stderr] warning: in the working copy of 'docs/data/chunks/mo.json', LF will be replaced by CRLF the next time Git touches it
[02:28:09] [INFO]   [stderr] warning: in the working copy of 'docs/data/chunks/ms.json', LF will be replaced by CRLF the next time Git touches it
[02:28:09] [INFO]   [stderr] warning: in the working copy of 'docs/data/chunks/mt.json', LF will be replaced by CRLF the next time Git touches it
[02:28:09] [INFO]   [stderr] warning: in the working copy of 'docs/data/chunks/nc.json', LF will be replaced by CRLF the next time Git touches it
[02:28:09] [INFO]   [stderr] warning: in the working copy of 'docs/data/chunks/nd.json', LF will be replaced by CRLF the next time Git touches it
[02:28:09] [INFO]   [stderr] warning: in the working copy of 'docs/data/chunks/ne.json', LF will be replaced by CRLF the next time Git touches it
[02:28:09] [INFO]   [stderr] warning: in the working copy of 'docs/data/chunks/nh.json', LF will be replaced by CRLF the next time Git touches it
[02:28:09] [INFO]   [stderr] warning: in the working copy of 'docs/data/chunks/nj.json', LF will be replaced by CRLF the next time Git touches it
[02:28:09] [INFO]   [stderr] warning: in the working copy of 'docs/data/chunks/nm.json', LF will be replaced by CRLF the next time Git touches it
[02:28:09] [INFO]   [stderr] warning: in the working copy of 'docs/data/chunks/nv.json', LF will be replaced by CRLF the next time Git touches it
[02:28:09] [INFO]   [stderr] warning: in the working copy of 'docs/data/chunks/ny.json', LF will be replaced by CRLF the next time Git touches it
[02:28:09] [INFO]   [stderr] warning: in the working copy of 'docs/data/chunks/oh.json', LF will be replaced by CRLF the next time Git touches it
[02:28:09] [INFO]   [stderr] warning: in the working copy of 'docs/data/chunks/ok.json', LF will be replaced by CRLF the next time Git touches it
[02:28:09] [INFO]   [stderr] warning: in the working copy of 'docs/data/chunks/or.json', LF will be replaced by CRLF the next time Git touches it
[02:28:09] [INFO]   [stderr] warning: in the working copy of 'docs/data/chunks/pa.json', LF will be replaced by CRLF the next time Git touches it
[02:28:09] [INFO]   [stderr] warning: in the working copy of 'docs/data/chunks/ri.json', LF will be replaced by CRLF the next time Git touches it
[02:28:09] [INFO]   [stderr] warning: in the working copy of 'docs/data/chunks/sc.json', LF will be replaced by CRLF the next time Git touches it
[02:28:09] [INFO]   [stderr] warning: in the working copy of 'docs/data/chunks/sd.json', LF will be replaced by CRLF the next time Git touches it
[02:28:09] [INFO]   [stderr] warning: in the working copy of 'docs/data/chunks/tn.json', LF will be replaced by CRLF the next time Git touches it
[02:28:09] [INFO]   [stderr] warning: in the working copy of 'docs/data/chunks/tx.json', LF will be replaced by CRLF the next time Git touches it
[02:28:09] [INFO]   [stderr] warning: in the working copy of 'docs/data/chunks/uc.json', LF will be replaced by CRLF the next time Git touches it
[02:28:09] [INFO]   [stderr] warning: in the working copy of 'docs/data/chunks/umass.json', LF will be replaced by CRLF the next time Git touches it
[02:28:09] [INFO]   [stderr] warning: in the working copy of 'docs/data/chunks/ut.json', LF will be replaced by CRLF the next time Git touches it
[02:28:09] [INFO]   [stderr] warning: in the working copy of 'docs/data/chunks/va.json', LF will be replaced by CRLF the next time Git touches it
[02:28:09] [INFO]   [stderr] warning: in the working copy of 'docs/data/chunks/vt.json', LF will be replaced by CRLF the next time Git touches it
[02:28:09] [INFO]   [stderr] warning: in the working copy of 'docs/data/chunks/wa.json', LF will be replaced by CRLF the next time Git touches it
[02:28:09] [INFO]   [stderr] warning: in the working copy of 'docs/data/chunks/wi.json', LF will be replaced by CRLF the next time Git touches it
[02:28:09] [INFO]   [stderr] warning: in the working copy of 'docs/data/chunks/wv.json', LF will be replaced by CRLF the next time Git touches it
[02:28:09] [INFO]   [stderr] warning: in the working copy of 'docs/data/chunks/wy.json', LF will be replaced by CRLF the next time Git touches it
[02:28:09] [INFO]   [stderr] warning: in the working copy of 'docs/data/jobs-manifest.json', LF will be replaced by CRLF the next time Git touches it
[02:28:09] [INFO]   [stderr] warning: in the working copy of 'docs/data/site-stats.json', LF will be replaced by CRLF the next time Git touches it
[02:28:09] [INFO]   [stderr] warning: in the working copy of 'docs/jobs.json', LF will be replaced by CRLF the next time Git touches it
[02:28:09] [INFO]   [stderr] warning: in the working copy of 'docs/policy-excluded-colleges.json', LF will be replaced by CRLF the next time Git touches it
[02:28:09] [INFO]   [stderr] warning: in the working copy of 'docs/robots.txt', LF will be replaced by CRLF the next time Git touches it
[02:28:09] [INFO]   [stderr] warning: in the working copy of 'docs/sitemap.xml', LF will be replaced by CRLF the next time Git touches it
[02:28:09] [INFO]   [stderr] warning: in the working copy of 'generated/coverage-report.json', LF will be replaced by CRLF the next time Git touches it
[02:28:09] [INFO]   [stderr] warning: in the working copy of 'generated/policy-excluded-colleges.json', LF will be replaced by CRLF the next time Git touches it
[02:28:09] [INFO]   [stderr] warning: in the working copy of 'public/assets/index-nP2sgDVT.css', LF will be replaced by CRLF the next time Git touches it
[02:28:09] [INFO]   [stderr] warning: in the working copy of 'public/data/chunks/ak.json', LF will be replaced by CRLF the next time Git touches it
[02:28:09] [INFO]   [stderr] warning: in the working copy of 'public/data/chunks/al.json', LF will be replaced by CRLF the next time Git touches it
[02:28:09] [INFO]   [stderr] warning: in the working copy of 'public/data/chunks/ar.json', LF will be replaced by CRLF the next time Git touches it
[02:28:09] [INFO]   [stderr] warning: in the working copy of 'public/data/chunks/az.json', LF will be replaced by CRLF the next time Git touches it
[02:28:09] [INFO]   [stderr] warning: in the working copy of 'public/data/chunks/ca-private.json', LF will be replaced by CRLF the next time Git touches it
[02:28:09] [INFO]   [stderr] warning: in the working copy of 'public/data/chunks/claremont-colleges.json', LF will be replaced by CRLF the next time Git touches it
[02:28:09] [INFO]   [stderr] warning: in the working copy of 'public/data/chunks/claremont.json', LF will be replaced by CRLF the next time Git touches it
[02:28:09] [INFO]   [stderr] warning: in the working copy of 'public/data/chunks/co.json', LF will be replaced by CRLF the next time Git touches it
[02:28:09] [INFO]   [stderr] warning: in the working copy of 'public/data/chunks/csu.json', LF will be replaced by CRLF the next time Git touches it
[02:28:09] [INFO]   [stderr] warning: in the working copy of 'public/data/chunks/ct-state.json', LF will be replaced by CRLF the next time Git touches it
[02:28:09] [INFO]   [stderr] warning: in the working copy of 'public/data/chunks/ct.json', LF will be replaced by CRLF the next time Git touches it
[02:28:09] [INFO]   [stderr] warning: in the working copy of 'public/data/chunks/de.json', LF will be replaced by CRLF the next time Git touches it
[02:28:09] [INFO]   [stderr] warning: in the working copy of 'public/data/chunks/fl.json', LF will be replaced by CRLF the next time Git touches it
[02:28:09] [INFO]   [stderr] warning: in the working copy of 'public/data/chunks/ga.json', LF will be replaced by CRLF the next time Git touches it
[02:28:09] [INFO]   [stderr] warning: in the working copy of 'public/data/chunks/hi.json', LF will be replaced by CRLF the next time Git touches it
[02:28:09] [INFO]   [stderr] warning: in the working copy of 'public/data/chunks/ia.json', LF will be replaced by CRLF the next time Git touches it
[02:28:09] [INFO]   [stderr] warning: in the working copy of 'public/data/chunks/id.json', LF will be replaced by CRLF the next time Git touches it
[02:28:09] [INFO]   [stderr] warning: in the working copy of 'public/data/chunks/il.json', LF will be replaced by CRLF the next time Git touches it
[02:28:09] [INFO]   [stderr] warning: in the working copy of 'public/data/chunks/in.json', LF will be replaced by CRLF the next time Git touches it
[02:28:09] [INFO]   [stderr] warning: in the working copy of 'public/data/chunks/ks.json', LF will be replaced by CRLF the next time Git touches it
[02:28:09] [INFO]   [stderr] warning: in the working copy of 'public/data/chunks/ky.json', LF will be replaced by CRLF the next time Git touches it
[02:28:09] [INFO]   [stderr] warning: in the working copy of 'public/data/chunks/la.json', LF will be replaced by CRLF the next time Git touches it
[02:28:09] [INFO]   [stderr] warning: in the working copy of 'public/data/chunks/ma.json', LF will be replaced by CRLF the next time Git touches it
[02:28:09] [INFO]   [stderr] warning: in the working copy of 'public/data/chunks/md.json', LF will be replaced by CRLF the next time Git touches it
[02:28:09] [INFO]   [stderr] warning: in the working copy of 'public/data/chunks/me.json', LF will be replaced by CRLF the next time Git touches it
[02:28:09] [INFO]   [stderr] warning: in the working copy of 'public/data/chunks/mi.json', LF will be replaced by CRLF the next time Git touches it
[02:28:09] [INFO]   [stderr] warning: in the working copy of 'public/data/chunks/mn.json', LF will be replaced by CRLF the next time Git touches it
[02:28:09] [INFO]   [stderr] warning: in the working copy of 'public/data/chunks/mo.json', LF will be replaced by CRLF the next time Git touches it
[02:28:09] [INFO]   [stderr] warning: in the working copy of 'public/data/chunks/ms.json', LF will be replaced by CRLF the next time Git touches it
[02:28:09] [INFO]   [stderr] warning: in the working copy of 'public/data/chunks/mt.json', LF will be replaced by CRLF the next time Git touches it
[02:28:09] [INFO]   [stderr] warning: in the working copy of 'public/data/chunks/nc.json', LF will be replaced by CRLF the next time Git touches it
[02:28:09] [INFO]   [stderr] warning: in the working copy of 'public/data/chunks/nd.json', LF will be replaced by CRLF the next time Git touches it
[02:28:09] [INFO]   [stderr] warning: in the working copy of 'public/data/chunks/ne.json', LF will be replaced by CRLF the next time Git touches it
[02:28:09] [INFO]   [stderr] warning: in the working copy of 'public/data/chunks/nh.json', LF will be replaced by CRLF the next time Git touches it
[02:28:09] [INFO]   [stderr] warning: in the working copy of 'public/data/chunks/nj.json', LF will be replaced by CRLF the next time Git touches it
[02:28:09] [INFO]   [stderr] warning: in the working copy of 'public/data/chunks/nm.json', LF will be replaced by CRLF the next time Git touches it
[02:28:09] [INFO]   [stderr] warning: in the working copy of 'public/data/chunks/nv.json', LF will be replaced by CRLF the next time Git touches it
[02:28:09] [INFO]   [stderr] warning: in the working copy of 'public/data/chunks/ny.json', LF will be replaced by CRLF the next time Git touches it
[02:28:09] [INFO]   [stderr] warning: in the working copy of 'public/data/chunks/oh.json', LF will be replaced by CRLF the next time Git touches it
[02:28:09] [INFO]   [stderr] warning: in the working copy of 'public/data/chunks/ok.json', LF will be replaced by CRLF the next time Git touches it
[02:28:09] [INFO]   [stderr] warning: in the working copy of 'public/data/chunks/or.json', LF will be replaced by CRLF the next time Git touches it
[02:28:09] [INFO]   [stderr] warning: in the working copy of 'public/data/chunks/pa.json', LF will be replaced by CRLF the next time Git touches it
[02:28:09] [INFO]   [stderr] warning: in the working copy of 'public/data/chunks/ri.json', LF will be replaced by CRLF the next time Git touches it
[02:28:09] [INFO]   [stderr] warning: in the working copy of 'public/data/chunks/sc.json', LF will be replaced by CRLF the next time Git touches it
[02:28:09] [INFO]   [stderr] warning: in the working copy of 'public/data/chunks/sd.json', LF will be replaced by CRLF the next time Git touches it
[02:28:09] [INFO]   [stderr] warning: in the working copy of 'public/data/chunks/tn.json', LF will be replaced by CRLF the next time Git touches it
[02:28:09] [INFO]   [stderr] warning: in the working copy of 'public/data/chunks/tx.json', LF will be replaced by CRLF the next time Git touches it
[02:28:09] [INFO]   [stderr] warning: in the working copy of 'public/data/chunks/uc.json', LF will be replaced by CRLF the next time Git touches it
[02:28:09] [INFO]   [stderr] warning: in the working copy of 'public/data/chunks/umass.json', LF will be replaced by CRLF the next time Git touches it
[02:28:09] [INFO]   [stderr] warning: in the working copy of 'public/data/chunks/ut.json', LF will be replaced by CRLF the next time Git touches it
[02:28:09] [INFO]   [stderr] warning: in the working copy of 'public/data/chunks/va.json', LF will be replaced by CRLF the next time Git touches it
[02:28:09] [INFO]   [stderr] warning: in the working copy of 'public/data/chunks/vt.json', LF will be replaced by CRLF the next time Git touches it
[02:28:09] [INFO]   [stderr] warning: in the working copy of 'public/data/chunks/wa.json', LF will be replaced by CRLF the next time Git touches it
[02:28:09] [INFO]   [stderr] warning: in the working copy of 'public/data/chunks/wi.json', LF will be replaced by CRLF the next time Git touches it
[02:28:09] [INFO]   [stderr] warning: in the working copy of 'public/data/chunks/wv.json', LF will be replaced by CRLF the next time Git touches it
[02:28:09] [INFO]   [stderr] warning: in the working copy of 'public/data/chunks/wy.json', LF will be replaced by CRLF the next time Git touches it
[02:28:09] [INFO]   [stderr] warning: in the working copy of 'public/data/jobs-manifest.json', LF will be replaced by CRLF the next time Git touches it
[02:28:09] [INFO]   [stderr] warning: in the working copy of 'public/data/site-stats.json', LF will be replaced by CRLF the next time Git touches it
[02:28:09] [INFO]   [stderr] warning: in the working copy of 'public/jobs.json', LF will be replaced by CRLF the next time Git touches it
[02:28:09] [INFO]   [stderr] warning: in the working copy of 'public/policy-excluded-colleges.json', LF will be replaced by CRLF the next time Git touches it
[02:28:09] [INFO]   [stderr] warning: in the working copy of 'public/robots.txt', LF will be replaced by CRLF the next time Git touches it
[02:28:09] [INFO]   [stderr] warning: in the working copy of 'public/sitemap.xml', LF will be replaced by CRLF the next time Git touches it
[02:28:09] [INFO]   [stderr] warning: in the working copy of 'web-vue/public/policy-excluded-colleges.json', LF will be replaced by CRLF the next time Git touches it
[02:28:09] [OK] git add succeeded.
[02:28:09] [INFO] Running: C:\Program Files\Git\cmd\git.exe commit -F C:\Users\StevenAzeka\AppData\Local\Temp\tmpE7C3.tmp
[02:28:10] [INFO]   [main 3f5ee7f] Daily scrape update 2026-06-09
[02:28:10] [INFO]    128 files changed, 69141 insertions(+), 60309 deletions(-)
[02:28:10] [OK] git commit succeeded.
[02:28:10] [INFO] Running: C:\Program Files\Git\cmd\git.exe push
[02:28:12] [INFO]   [stderr] To https://github.com/sazeka/Faculty-Jobs.git
[02:28:12] [INFO]   [stderr]  ! [rejected]        main -> main (fetch first)
[02:28:12] [INFO]   [stderr] error: failed to push some refs to 'https://github.com/sazeka/Faculty-Jobs.git'
[02:28:12] [INFO]   [stderr] hint: Updates were rejected because the remote contains work that you do not
[02:28:12] [INFO]   [stderr] hint: have locally. This is usually caused by another repository pushing to
[02:28:12] [INFO]   [stderr] hint: the same ref. If you want to integrate the remote changes, use
[02:28:12] [INFO]   [stderr] hint: 'git pull' before pushing again.
[02:28:12] [INFO]   [stderr] hint: See the 'Note about fast-forwards' in 'git push --help' for details.
[02:28:12] [ERROR] git push FAILED (exit code 1)
[02:28:12] [WARN] Push rejected - fetching and merging remote changes...
[02:28:12] [INFO] Running: C:\Program Files\Git\cmd\git.exe fetch
[02:28:14] [INFO]   [stderr] From https://github.com/sazeka/Faculty-Jobs
[02:28:14] [INFO]   [stderr]    cbbf56c..27ee628  main       -> origin/main
[02:28:14] [OK] git fetch succeeded.
[02:28:14] [INFO] Running: C:\Program Files\Git\cmd\git.exe merge -X ours origin/main
[02:28:17] [INFO]   [stderr] warning: in the working copy of 'generated/enrichment-report.json', LF will be replaced by CRLF the next time Git touches it
[02:28:17] [INFO]   [stderr] warning: in the working copy of 'generated/job-descriptions-report.json', LF will be replaced by CRLF the next time Git touches it
[02:28:17] [INFO]   [stderr] warning: in the working copy of 'generated/job-presence-report.json', LF will be replaced by CRLF the next time Git touches it
[02:28:17] [INFO]   [stderr] warning: in the working copy of 'generated/job-presence.json', LF will be replaced by CRLF the next time Git touches it
[02:28:17] [INFO]   [stderr] warning: in the working copy of 'generated/job-url-cache.json', LF will be replaced by CRLF the next time Git touches it
[02:28:17] [INFO]   [stderr] warning: in the working copy of 'generated/job-url-dead.json', LF will be replaced by CRLF the next time Git touches it
[02:28:17] [INFO]   [stderr] warning: in the working copy of 'generated/job-url-report.json', LF will be replaced by CRLF the next time Git touches it
[02:28:17] [INFO]   [stderr] warning: in the working copy of 'generated/post-quality-report.json', LF will be replaced by CRLF the next time Git touches it
[02:28:17] [INFO]   [stderr] warning: in the working copy of 'web-vue/public/college-coords.json', LF will be replaced by CRLF the next time Git touches it
[02:28:17] [INFO]   [stderr] warning: in the working copy of 'web-vue/public/data/chunks/al.json', LF will be replaced by CRLF the next time Git touches it
[02:28:17] [INFO]   [stderr] warning: in the working copy of 'web-vue/public/data/chunks/ar.json', LF will be replaced by CRLF the next time Git touches it
[02:28:17] [INFO]   [stderr] warning: in the working copy of 'web-vue/public/data/chunks/az.json', LF will be replaced by CRLF the next time Git touches it
[02:28:17] [INFO]   [stderr] warning: in the working copy of 'web-vue/public/data/chunks/ca-private.json', LF will be replaced by CRLF the next time Git touches it
[02:28:17] [INFO]   [stderr] warning: in the working copy of 'web-vue/public/data/chunks/claremont-colleges.json', LF will be replaced by CRLF the next time Git touches it
[02:28:17] [INFO]   [stderr] warning: in the working copy of 'web-vue/public/data/chunks/claremont.json', LF will be replaced by CRLF the next time Git touches it
[02:28:17] [INFO]   [stderr] warning: in the working copy of 'web-vue/public/data/chunks/co.json', LF will be replaced by CRLF the next time Git touches it
[02:28:17] [INFO]   [stderr] warning: in the working copy of 'web-vue/public/data/chunks/csu.json', LF will be replaced by CRLF the next time Git touches it
[02:28:17] [INFO]   [stderr] warning: in the working copy of 'web-vue/public/data/chunks/ct-state.json', LF will be replaced by CRLF the next time Git touches it
[02:28:17] [INFO]   [stderr] warning: in the working copy of 'web-vue/public/data/chunks/ct.json', LF will be replaced by CRLF the next time Git touches it
[02:28:17] [INFO]   [stderr] warning: in the working copy of 'web-vue/public/data/chunks/de.json', LF will be replaced by CRLF the next time Git touches it
[02:28:17] [INFO]   [stderr] warning: in the working copy of 'web-vue/public/data/chunks/fl.json', LF will be replaced by CRLF the next time Git touches it
[02:28:17] [INFO]   [stderr] warning: in the working copy of 'web-vue/public/data/chunks/ga.json', LF will be replaced by CRLF the next time Git touches it
[02:28:17] [INFO]   [stderr] warning: in the working copy of 'web-vue/public/data/chunks/hi.json', LF will be replaced by CRLF the next time Git touches it
[02:28:17] [INFO]   [stderr] warning: in the working copy of 'web-vue/public/data/chunks/ia.json', LF will be replaced by CRLF the next time Git touches it
[02:28:17] [INFO]   [stderr] warning: in the working copy of 'web-vue/public/data/chunks/id.json', LF will be replaced by CRLF the next time Git touches it
[02:28:17] [INFO]   [stderr] warning: in the working copy of 'web-vue/public/data/chunks/il.json', LF will be replaced by CRLF the next time Git touches it
[02:28:17] [INFO]   [stderr] warning: in the working copy of 'web-vue/public/data/chunks/in.json', LF will be replaced by CRLF the next time Git touches it
[02:28:17] [INFO]   [stderr] warning: in the working copy of 'web-vue/public/data/chunks/ks.json', LF will be replaced by CRLF the next time Git touches it
[02:28:17] [INFO]   [stderr] warning: in the working copy of 'web-vue/public/data/chunks/ky.json', LF will be replaced by CRLF the next time Git touches it
[02:28:17] [INFO]   [stderr] warning: in the working copy of 'web-vue/public/data/chunks/la.json', LF will be replaced by CRLF the next time Git touches it
[02:28:17] [INFO]   [stderr] warning: in the working copy of 'web-vue/public/data/chunks/ma.json', LF will be replaced by CRLF the next time Git touches it
[02:28:17] [INFO]   [stderr] warning: in the working copy of 'web-vue/public/data/chunks/md.json', LF will be replaced by CRLF the next time Git touches it
[02:28:17] [INFO]   [stderr] warning: in the working copy of 'web-vue/public/data/chunks/me.json', LF will be replaced by CRLF the next time Git touches it
[02:28:17] [INFO]   [stderr] warning: in the working copy of 'web-vue/public/data/chunks/mi.json', LF will be replaced by CRLF the next time Git touches it
[02:28:17] [INFO]   [stderr] warning: in the working copy of 'web-vue/public/data/chunks/mn.json', LF will be replaced by CRLF the next time Git touches it
[02:28:17] [INFO]   [stderr] warning: in the working copy of 'web-vue/public/data/chunks/mo.json', LF will be replaced by CRLF the next time Git touches it
[02:28:17] [INFO]   [stderr] warning: in the working copy of 'web-vue/public/data/chunks/ms.json', LF will be replaced by CRLF the next time Git touches it
[02:28:17] [INFO]   [stderr] warning: in the working copy of 'web-vue/public/data/chunks/mt.json', LF will be replaced by CRLF the next time Git touches it
[02:28:17] [INFO]   [stderr] warning: in the working copy of 'web-vue/public/data/chunks/nc.json', LF will be replaced by CRLF the next time Git touches it
[02:28:17] [INFO]   [stderr] warning: in the working copy of 'web-vue/public/data/chunks/nd.json', LF will be replaced by CRLF the next time Git touches it
[02:28:17] [INFO]   [stderr] warning: in the working copy of 'web-vue/public/data/chunks/ne.json', LF will be replaced by CRLF the next time Git touches it
[02:28:17] [INFO]   [stderr] warning: in the working copy of 'web-vue/public/data/chunks/nh.json', LF will be replaced by CRLF the next time Git touches it
[02:28:17] [INFO]   [stderr] warning: in the working copy of 'web-vue/public/data/chunks/nj.json', LF will be replaced by CRLF the next time Git touches it
[02:28:17] [INFO]   [stderr] warning: in the working copy of 'web-vue/public/data/chunks/nm.json', LF will be replaced by CRLF the next time Git touches it
[02:28:17] [INFO]   [stderr] warning: in the working copy of 'web-vue/public/data/chunks/nv.json', LF will be replaced by CRLF the next time Git touches it
[02:28:17] [INFO]   [stderr] warning: in the working copy of 'web-vue/public/data/chunks/ny.json', LF will be replaced by CRLF the next time Git touches it
[02:28:17] [INFO]   [stderr] warning: in the working copy of 'web-vue/public/data/chunks/oh.json', LF will be replaced by CRLF the next time Git touches it
[02:28:17] [INFO]   [stderr] warning: in the working copy of 'web-vue/public/data/chunks/ok.json', LF will be replaced by CRLF the next time Git touches it
[02:28:17] [INFO]   [stderr] warning: in the working copy of 'web-vue/public/data/chunks/or.json', LF will be replaced by CRLF the next time Git touches it
[02:28:17] [INFO]   [stderr] warning: in the working copy of 'web-vue/public/data/chunks/pa.json', LF will be replaced by CRLF the next time Git touches it
[02:28:17] [INFO]   [stderr] warning: in the working copy of 'web-vue/public/data/chunks/ri.json', LF will be replaced by CRLF the next time Git touches it
[02:28:17] [INFO]   [stderr] warning: in the working copy of 'web-vue/public/data/chunks/sc.json', LF will be replaced by CRLF the next time Git touches it
[02:28:17] [INFO]   [stderr] warning: in the working copy of 'web-vue/public/data/chunks/sd.json', LF will be replaced by CRLF the next time Git touches it
[02:28:17] [INFO]   [stderr] warning: in the working copy of 'web-vue/public/data/chunks/tx.json', LF will be replaced by CRLF the next time Git touches it
[02:28:17] [INFO]   [stderr] warning: in the working copy of 'web-vue/public/data/chunks/uc.json', LF will be replaced by CRLF the next time Git touches it
[02:28:17] [INFO]   [stderr] warning: in the working copy of 'web-vue/public/data/chunks/umass.json', LF will be replaced by CRLF the next time Git touches it
[02:28:17] [INFO]   [stderr] warning: in the working copy of 'web-vue/public/data/chunks/ut.json', LF will be replaced by CRLF the next time Git touches it
[02:28:17] [INFO]   [stderr] warning: in the working copy of 'web-vue/public/data/chunks/va.json', LF will be replaced by CRLF the next time Git touches it
[02:28:17] [INFO]   [stderr] warning: in the working copy of 'web-vue/public/data/chunks/vt.json', LF will be replaced by CRLF the next time Git touches it
[02:28:17] [INFO]   [stderr] warning: in the working copy of 'web-vue/public/data/chunks/wa.json', LF will be replaced by CRLF the next time Git touches it
[02:28:17] [INFO]   [stderr] warning: in the working copy of 'web-vue/public/data/chunks/wi.json', LF will be replaced by CRLF the next time Git touches it
[02:28:17] [INFO]   [stderr] warning: in the working copy of 'web-vue/public/data/chunks/wv.json', LF will be replaced by CRLF the next time Git touches it
[02:28:17] [INFO]   [stderr] warning: in the working copy of 'web-vue/public/data/chunks/wy.json', LF will be replaced by CRLF the next time Git touches it
[02:28:17] [INFO]   [stderr] warning: in the working copy of 'web-vue/public/data/jobs-manifest.json', LF will be replaced by CRLF the next time Git touches it
[02:28:17] [INFO]   [stderr] warning: in the working copy of 'web-vue/public/data/site-stats.json', LF will be replaced by CRLF the next time Git touches it
[02:28:17] [INFO]   [stderr] warning: in the working copy of 'web-vue/public/jobs.json', LF will be replaced by CRLF the next time Git touches it
[02:28:17] [INFO]   [stderr] error: Your local changes to the following files would be overwritten by merge:
[02:28:17] [INFO]   [stderr] 	generated/enrichment-report.json
[02:28:17] [INFO]   [stderr] 	generated/job-descriptions-report.json
[02:28:17] [INFO]   [stderr] 	generated/job-presence-report.json
[02:28:17] [INFO]   [stderr] 	generated/job-presence.json
[02:28:17] [INFO]   [stderr] 	generated/job-url-cache.json
[02:28:17] [INFO]   [stderr] 	generated/job-url-dead.json
[02:28:17] [INFO]   [stderr] 	generated/job-url-report.json
[02:28:17] [INFO]   [stderr] Please commit your changes or stash them before you merge.
[02:28:17] [INFO]   [stderr] Aborting
[02:28:17] [INFO]   [stderr] Merge with strategy ort failed.
[02:28:17] [ERROR] git merge -X ours FAILED (exit code 2)
[02:28:17] [INFO] Running: C:\Program Files\Git\cmd\git.exe push
[02:28:19] [INFO]   [stderr] To https://github.com/sazeka/Faculty-Jobs.git
[02:28:19] [INFO]   [stderr]  ! [rejected]        main -> main (non-fast-forward)
[02:28:19] [INFO]   [stderr] error: failed to push some refs to 'https://github.com/sazeka/Faculty-Jobs.git'
[02:28:19] [INFO]   [stderr] hint: Updates were rejected because the tip of your current branch is behind
[02:28:19] [INFO]   [stderr] hint: its remote counterpart. If you want to integrate the remote changes,
[02:28:19] [INFO]   [stderr] hint: use 'git pull' before pushing again.
[02:28:19] [INFO]   [stderr] hint: See the 'Note about fast-forwards' in 'git push --help' for details.
[02:28:19] [ERROR] git push (retry) FAILED (exit code 1)
[02:28:19] [ERROR] Push failed after merge retry.
[02:28:19] [INFO] 
[02:28:19] [INFO] --------------------------------------------------
[02:28:19] [INFO]   Step 7/8 - Validate job URLs
[02:28:19] [INFO] --------------------------------------------------
[02:28:19] [INFO] Running: C:\Program Files\nodejs\npm.cmd run verify:job-urls
[02:28:48] [INFO]   
[02:28:48] [INFO]   > faculty-jobs@1.0.0 verify:job-urls
[02:28:48] [INFO]   > node scripts/verify-job-urls.js
[02:28:48] [INFO]   
[02:28:48] [INFO]   
[02:28:48] [INFO]   Faculty Atlas - Job URL Validator
[02:28:48] [INFO]     Sample: 8/source | Concurrency: 6 | Recheck: every 7d | Timeout: 12000ms
[02:28:48] [INFO]   
[02:28:48] [INFO]   Loaded 6,619 jobs.
[02:28:48] [INFO]     394 URLs selected to check this run (6225 not sampled or already fresh in cache)
[02:28:48] [INFO]   
[02:28:48] [INFO]   
[02:28:48] [INFO]     Checked 10/394...
[02:28:48] [INFO]     Checked 20/394...
[02:28:48] [INFO]     Checked 30/394...
[02:28:48] [INFO]     Checked 40/394...
[02:28:48] [INFO]     Checked 50/394...
[02:28:48] [INFO]     Checked 60/394...
[02:28:48] [INFO]     Checked 70/394...
[02:28:48] [INFO]     Checked 80/394...
[02:28:48] [INFO]     Checked 90/394...
[02:28:48] [INFO]     Checked 100/394...
[02:28:48] [INFO]     Checked 110/394...
[02:28:48] [INFO]     Checked 120/394...
[02:28:48] [INFO]     Checked 130/394...
[02:28:48] [INFO]     Checked 140/394...
[02:28:48] [INFO]     Checked 150/394...
[02:28:48] [INFO]     Checked 160/394...
[02:28:48] [INFO]     Checked 170/394...
[02:28:48] [INFO]     Checked 180/394...
[02:28:48] [INFO]     Checked 190/394...
[02:28:48] [INFO]     Checked 200/394...
[02:28:48] [INFO]     Checked 210/394...
[02:28:48] [INFO]     Checked 220/394...
[02:28:48] [INFO]     Checked 230/394...
[02:28:48] [INFO]     Checked 240/394...
[02:28:48] [INFO]     Checked 250/394...
[02:28:48] [INFO]     Checked 260/394...
[02:28:48] [INFO]     Checked 270/394...
[02:28:48] [INFO]     Checked 280/394...
[02:28:48] [INFO]     Checked 290/394...
[02:28:48] [INFO]     Checked 300/394...
[02:28:48] [INFO]     Checked 310/394...
[02:28:48] [INFO]     Checked 320/394...
[02:28:48] [INFO]     Checked 330/394...
[02:28:48] [INFO]     Checked 340/394...
[02:28:48] [INFO]     Checked 350/394...
[02:28:48] [INFO]     Checked 360/394...
[02:28:48] [INFO]     Checked 370/394...
[02:28:48] [INFO]     Checked 380/394...
[02:28:48] [INFO]     Checked 390/394...
[02:28:48] [INFO]     Checked 394/394...
[02:28:48] [INFO]   
[02:28:48] [INFO]   -- Results (this run) --
[02:28:48] [INFO]     OK        : 375
[02:28:48] [INFO]     Dead      : 8  (404/410)
[02:28:48] [INFO]     Redirected: 0  (redirected to homepage)
[02:28:48] [INFO]     Blocked   : 10  (403/405 - assumed live)
[02:28:48] [INFO]     Timeout   : 0
[02:28:48] [INFO]     Other     : 0
[02:28:48] [INFO]   
[02:28:48] [INFO]   -- Overall (from cache) --
[02:28:48] [INFO]     URLs in cache  : 7,699 / 6,619 (116.3% coverage)
[02:28:48] [INFO]     Confirmed dead : 1
[02:28:48] [INFO]   
[02:28:48] [INFO]   -- Dead listings (most recent 1) --
[02:28:48] [INFO]     [dead] Freed-Hardeman University - Instructor, Assistant, Associate, Professor of Kinesiology
[02:28:48] [INFO]       https://recruiting.paylocity.com/Recruiting/Jobs/Details/3998265
[02:28:48] [INFO]   
[02:28:48] [INFO]     Report  : generated\job-url-report.json
[02:28:48] [INFO]     Dead    : generated\job-url-dead.json
[02:28:48] [INFO]     Cache   : generated\job-url-cache.json
[02:28:48] [INFO]   
[02:28:48] [OK] Verify job URLs succeeded.
[02:28:48] [INFO] 
[02:28:48] [INFO] --------------------------------------------------
[02:28:48] [INFO]   Step 8/8 - Monitor live site
[02:28:48] [INFO] --------------------------------------------------
[02:28:48] [INFO] Waiting 30s for GitHub Pages to propagate...
[02:29:18] [INFO] Running: C:\Program Files\nodejs\npm.cmd run monitor:live
[02:29:20] [INFO]   
[02:29:20] [INFO]   > faculty-jobs@1.0.0 monitor:live
[02:29:20] [INFO]   > node scripts/monitor-live-site.js
[02:29:20] [INFO]   
[02:29:20] [INFO]   
[02:29:20] [INFO]   🔍 Faculty Atlas — Live Site Health Check
[02:29:20] [INFO]      Target: https://sazeka.github.io/Faculty-Jobs
[02:29:20] [INFO]      Freshness limit: warn >7d, fail >14d
[02:29:20] [INFO]      Min job count: 500
[02:29:20] [INFO]   
[02:29:20] [INFO]   ── Availability ─────────────────────────────
[02:29:20] [INFO]     ✅ [PASS] Site root reachable: HTTP 200
[02:29:20] [INFO]   
[02:29:20] [INFO]   ── Assets ───────────────────────────────────
[02:29:20] [INFO]     ❌ [FAIL] JS bundle loads: HTTP 404
[02:29:20] [INFO]     ❌ [FAIL] CSS bundle loads: HTTP 404
[02:29:20] [INFO]   
[02:29:20] [INFO]   ── Data ─────────────────────────────────────
[02:29:20] [INFO]     ✅ [PASS] Manifest loads: 56 chunks declared
[02:29:20] [INFO]     ✅ [PASS] Job count meets minimum: 6,495 jobs (min: 500)
[02:29:20] [INFO]     ✅ [PASS] Data freshness: 1.0 days old (scraped 6/8/2026)
[02:29:20] [INFO]   
[02:29:20] [INFO]   ── Chunk spot-check ─────────────────────────
[02:29:20] [INFO]     ✅ [PASS] Chunk ny: 1409 jobs
[02:29:20] [INFO]     ✅ [PASS] Chunk nm: 71 jobs
[02:29:20] [INFO]     ✅ [PASS] Chunk ar: 44 jobs
[02:29:20] [INFO]   
[02:29:20] [INFO]   ── Map data ─────────────────────────────────
[02:29:20] [INFO]     ✅ [PASS] College coordinates: 531 entries
[02:29:20] [INFO]   
[02:29:20] [INFO]   ─────────────────────────────────────────────
[02:29:20] [INFO]   ❌ Overall: FAIL  (8 passed, 0 warned, 2 failed) — 0.8s
[02:29:20] [INFO]      Report written to generated/live-site-health.json
[02:29:20] [INFO]   
[02:29:20] [ERROR] Monitor FAILED (exit code 1)
[02:29:20] [INFO] 
[02:29:20] [INFO] ================================================
[02:29:20] [INFO]   [FAILED]  Daily update finished with errors - check log.
[02:29:20] [INFO]   Log: C:\Users\StevenAzeka\OneDrive\Documents\GitHub\Faculty-Jobs\generated\automation-logs\daily-update-2026-06-09_02-00-02.log
[02:29:20] [INFO] ================================================
[02:29:20] [INFO] 
