[02:00:01] [INFO] ================================================
[02:00:01] [INFO]   Faculty Atlas - Daily Update
[02:00:01] [INFO]   Saturday, June 13 2026 02:00:01
[02:00:01] [INFO]   Project: C:\Users\StevenAzeka\OneDrive\Documents\GitHub\Faculty-Jobs
[02:00:01] [INFO] ================================================
[02:00:01] [INFO] 
[02:00:01] [INFO] --------------------------------------------------
[02:00:01] [INFO]   Step 1/5 - Scrape jobs
[02:00:01] [INFO] --------------------------------------------------
[02:00:01] [INFO] Running: C:\Program Files\nodejs\npm.cmd run scrape:json
[02:12:19] [INFO]   
[02:12:19] [INFO]   > faculty-jobs@1.0.0 scrape:json
[02:12:19] [INFO]   > node scripts/scrape-to-json.js
[02:12:19] [INFO]   
[02:12:19] [INFO]   🧾 Loaded policy exclusions: 12 institutions
[02:12:19] [INFO]   🏷️  Loaded private for-profit exclusions: 0 institutions
[02:12:20] [INFO]   ↪️  Arizona Christian University override URL applied
[02:12:20] [INFO]   Wesleyan University CT listings scraped: 3 (API)
[02:12:20] [INFO]   University of Hartford CT listings scraped: 16
[02:12:20] [INFO]   Trinity College CT listings scraped: 5
[02:12:20] [INFO]   Arizona Western College AZ listings scraped: 0
[02:12:20] [INFO]   Estrella Mountain Community College AZ listings scraped: 0
[02:12:20] [INFO]   Community Christian College AZ listings scraped: 0
[02:12:20] [INFO]   Fairfield University CT listings scraped: 4 (API)
[02:12:20] [INFO]   Prescott College AZ listings scraped: 0
[02:12:20] [INFO]   Arizona Board of Regents AZ listings scraped: 0
[02:12:20] [INFO]   Eastern Arizona College AZ listings scraped: 0
[02:12:20] [INFO]   Arizona State University Campus Immersion AZ listings scraped: 0
[02:12:20] [INFO]   Arizona State University Digital Immersion AZ listings scraped: 0
[02:12:20] [INFO]   ↪️  Cochise County Community College District: generic page hands off to schooljobs
[02:12:20] [INFO]   UMass Dartmouth listing scraped: 3
[02:12:20] [INFO]   Northern Arizona University AZ listings scraped: 11
[02:12:20] [INFO]   Ottawa University-Surprise AZ listings scraped: 0
[02:12:20] [INFO]   Western Maricopa Education Center AZ listings scraped: 0
[02:12:20] [INFO]   Central Arizona College AZ listings scraped: 1
[02:12:20] [INFO]   UMass Lowell listing scraped: 4
[02:12:20] [INFO]   Embry-Riddle Aeronautical University-Prescott AZ listings scraped: 0
[02:12:20] [INFO]   Connecticut College CT listings scraped: 16
[02:12:20] [INFO]   Yale University CT listings scraped: 0
[02:12:20] [INFO]   University of Connecticut CT listings scraped: 14
[02:12:20] [INFO]   Cochise County Community College District AZ listings scraped: 0
[02:12:20] [INFO]   Cochise County Community College District AZ listings scraped: 0
[02:12:20] [INFO]   UMass Boston listing scraped: 27
[02:12:20] [INFO]   Quinnipiac University CT listings scraped: 6
[02:12:20] [INFO]   ↪️  Coconino Community College: generic page hands off to schooljobs
[02:12:20] [INFO]   Dine College AZ listings scraped: 0
[02:12:20] [INFO]   Arizona Christian University AZ listings scraped: 0
[02:12:20] [INFO]   ASU facultypositions listings scraped: 0
[02:12:20] [INFO]   Albertus Magnus College CT listings scraped: 0
[02:12:20] [INFO]   Charter Oak State College CT listings scraped: 0
[02:12:20] [INFO]   University of Arizona AZ listings scraped: 7
[02:12:20] [INFO]   Central Connecticut State University CT listings scraped: 0
[02:12:20] [INFO]   Coconino Community College AZ listings scraped: 1
[02:12:20] [INFO]   University of Bridgeport CT listings scraped: 3
[02:12:20] [INFO]   Connecticut State Community College CT listings scraped: 0
[02:12:20] [INFO]   UMass Amherst page 1: 5 jobs
[02:12:20] [INFO]   UMass Amherst total scraped: 5
[02:12:20] [INFO]   Eastern Connecticut State University CT listings scraped: 0
[02:12:20] [INFO]   Brandeis University MA listings scraped: 3 (API)
[02:12:20] [INFO]   Amherst College MA listings scraped: 2 (API)
[02:12:20] [INFO]   UC Santa Barbara UC listings scraped: 60
[02:12:20] [INFO]   UC Santa Cruz UC listings scraped: 86
[02:12:20] [INFO]   UC San Diego UC listings scraped: 169
[02:12:20] [INFO]   UC Berkeley UC listings scraped: 152
[02:12:20] [INFO]   UC Merced UC listings scraped: 144
[02:12:20] [INFO]   UC Riverside UC listings scraped: 90
[02:12:20] [INFO]   UC Davis UC listings scraped: 223
[02:12:20] [INFO]   UCLA UC listings scraped: 242
[02:12:20] [INFO]   Tufts University MA listings scraped: 4 (Jibe API)
[02:12:20] [INFO]   UC San Francisco UC listings scraped: 373
[02:12:20] [INFO]   UC Irvine UC listings scraped: 313
[02:12:20] [INFO]   Massachusetts Institute of Technology MA listings scraped: 0 (PeopleClick)
[02:12:20] [INFO]   Mount Holyoke College MA listings scraped: 2 (API)
[02:12:20] [INFO]   Stanford University CA Private listings scraped: 16
[02:12:20] [INFO]   Boston University MA listings scraped: 0
[02:12:20] [INFO]   Wellesley College MA listings scraped: 3 (API)
[02:12:20] [INFO]   Academy for Jewish Religion California CA Private listings scraped: 0
[02:12:20] [INFO]   University of Southern California CA Private listings scraped: 12 (USC listing)
[02:12:20] [INFO]   ↪️  Alder Graduate School of Education override URL applied
[02:12:20] [INFO]   Northeastern University MA listings scraped: 2 (API)
[02:12:20] [INFO]   Williams College MA listings scraped: 0
[02:12:20] [INFO]   California Institute of Technology CA Private Taleo listings scraped: 0
[02:12:20] [INFO]   Smith College MA listings scraped: 0 (Smith Interfolio page)
[02:12:20] [INFO]   Acupuncture and Integrative Medicine College-Berkeley CA Private listings scraped: 0
[02:12:20] [INFO]   Bentley University MA listings scraped: 3 (API)
[02:12:20] [INFO]   College of the Holy Cross MA listings scraped: 0 (Jobvite)
[02:12:20] [INFO]   Babson College MA listings scraped: 0
[02:12:20] [INFO]   Academy of Chinese Culture and Health Sciences CA Private listings scraped: 0
[02:12:20] [INFO]   Alder Graduate School of Education CA Private listings scraped: 1
[02:12:20] [INFO]   Allan Hancock College CA Private listings scraped: 0
[02:12:20] [INFO]   ↪️  Signature Healthcare Brockton Hospital School of Nursing: generic page hands off to csod
[02:12:20] [INFO]   Springfield College-Regional, Online, and Continuing Education MA listings scraped: 0
[02:12:20] [INFO]   American Jewish University CA Private listings scraped: 0
[02:12:20] [INFO]   American Academy of Dramatic Arts-Los Angeles CA Private listings scraped: 0
[02:12:20] [INFO]   ↪️  American River College: generic page hands off to schooljobs
[02:12:20] [INFO]   Boston College MA listings scraped: 0
[02:12:20] [INFO]   Antioch University-Los Angeles CA Private listings scraped: 0
[02:12:20] [INFO]   American River College CA Private listings scraped: 0
[02:12:20] [INFO]   American River College CA Private listings scraped: 0
[02:12:20] [INFO]   Antioch University-Santa Barbara CA Private listings scraped: 0
[02:12:20] [INFO]   CT Faculty/Teaching results scraped: 24
[02:12:20] [INFO]   Anna Maria College MA listings scraped: 1
[02:12:20] [INFO]   Montclair State University NJ listings scraped: 5 (API)
[02:12:20] [INFO]   Kean University NJ listings scraped: 5 (API)
[02:12:20] [INFO]   William Paterson University NJ listings scraped: 6 (API)
[02:12:20] [INFO]   Stockton University NJ listings scraped: 0
[02:12:20] [INFO]   Stevens Institute of Technology NJ listings scraped: 9 (API)
[02:12:20] [INFO]   The College of New Jersey NJ listings scraped: 0
[02:12:20] [INFO]   Signature Healthcare Brockton Hospital School of Nursing MA listings scraped: 0
[02:12:20] [INFO]   Signature Healthcare Brockton Hospital School of Nursing MA listings scraped: 0
[02:12:20] [INFO]   ↪️  Antelope Valley Community College District: generic page hands off to schooljobs
[02:12:20] [INFO]   New Jersey City University NJ listings scraped: 0
[02:12:20] [INFO]   Fairleigh Dickinson University NJ listings scraped: 31
[02:12:20] [INFO]   American International College MA listings scraped: 0
[02:12:20] [INFO]   Coalinga College CA Private listings scraped: 0
[02:12:20] [INFO]   Lemoore College CA Private listings scraped: 0
[02:12:20] [INFO]   Assumption University MA listings scraped: 0
[02:12:20] [INFO]   Ramapo College of New Jersey NJ listings scraped: 1
[02:12:20] [INFO]   Rider University NJ listings scraped: 1
[02:12:20] [INFO]   Bay Path University MA listings scraped: 0
[02:12:20] [INFO]   Antelope Valley Community College District CA Private listings scraped: 0
[02:12:20] [INFO]   Antelope Valley Community College District CA Private listings scraped: 0
[02:12:20] [INFO]   Princeton University NJ listings scraped: 1
[02:12:20] [INFO]   Benjamin Franklin Cummings Institute of Technology MA listings scraped: 0
[02:12:20] [INFO]   Bard College at Simon's Rock MA listings scraped: 0
[02:12:20] [INFO]   Loma Linda University CA Private listings scraped: 0
[02:12:20] [INFO]   Berklee College of Music MA listings scraped: 0
[02:12:20] [INFO]   Middlebury Institute of International Studies at Monterey CA Private listings scraped: 0
[02:12:20] [INFO]   Saint Peter's University NJ listings scraped: 8
[02:12:20] [INFO]   CSU listing scraped: 116
[02:12:20] [INFO]   Los Angeles County College of Nursing and Allied Health CA Private listings scraped: 0
[02:12:20] [INFO]   Berkshire Community College MA listings scraped: 0
[02:12:20] [INFO]   Monmouth University NJ listings scraped: 6
[02:12:20] [INFO]   ↪️  Boston Architectural College: generic page hands off to paycom
[02:12:20] [INFO]   Moorpark College CA Private listings scraped: 0
[02:12:20] [INFO]   Boston Baptist College MA listings scraped: 0
[02:12:20] [INFO]   Sanford Burnham Prebys Medical Discovery Institute CA Private listings scraped: 2
[02:12:20] [INFO]   Santiago Canyon College CA Private listings scraped: 0
[02:12:20] [INFO]   Capital Health School of Radiologic Technology NJ listings scraped: 0
[02:12:20] [INFO]   Capital Health School of Nursing NJ listings scraped: 0
[02:12:20] [INFO]   The Chicago School at Anaheim CA Private listings scraped: 0
[02:12:20] [INFO]   Boston Graduate School of Psychoanalysis Inc MA listings scraped: 0
[02:12:20] [INFO]   The Chicago School at Los Angeles CA Private listings scraped: 0
[02:12:20] [INFO]   Seton Hall University NJ listings scraped: 19
[02:12:20] [INFO]   The Chicago School at San Diego CA Private listings scraped: 0
[02:12:20] [INFO]   Bridgewater State University MA listings scraped: 0
[02:12:20] [INFO]   Trinity Law School CA Private listings scraped: 0
[02:12:20] [INFO]   Boston Architectural College MA listings scraped: 3
[02:12:20] [INFO]   New Jersey Institute of Technology NJ listings scraped: 4
[02:12:20] [INFO]   Hackensack Meridian School of Medicine NJ listings scraped: 0
[02:12:20] [INFO]   Azusa Pacific University CA Private listings scraped: 3
[02:12:20] [INFO]   Bristol Community College MA listings scraped: 0
[02:12:20] [INFO]   Holy Name Medical Center-Sister Claire Tynan School of Nursing NJ listings scraped: 0
[02:12:20] [INFO]   Art Center College of Design CA Private listings scraped: 0
[02:12:20] [INFO]   Rutgers, The State University of New Jersey NJ listings scraped: 281
[02:12:20] [INFO]   Bunker Hill Community College MA listings scraped: 2
[02:12:20] [INFO]   Atlantic Cape Community College NJ listings scraped: 0
[02:12:20] [INFO]   Cambridge College MA listings scraped: 0
[02:12:20] [INFO]   ↪️  Barstow Community College: generic page hands off to schooljobs
[02:12:20] [INFO]   Bakersfield College CA Private listings scraped: 0
[02:12:20] [INFO]   Beth Medrash Govoha NJ listings scraped: 0
[02:12:20] [INFO]   Bergen Community College NJ listings scraped: 0
[02:12:20] [INFO]   Clark University MA listings scraped: 0
[02:12:20] [INFO]   Berkeley City College CA Private listings scraped: 0
[02:12:20] [INFO]   Berkeley School of Theology CA Private listings scraped: 0
[02:12:20] [INFO]   Cape Cod Community College MA listings scraped: 0
[02:12:20] [INFO]   Rowan University NJ listings scraped: 19
[02:12:20] [INFO]   Bloomfield College of Montclair State University NJ listings scraped: 0
[02:12:20] [INFO]   Bethesda University CA Private listings scraped: 0
[02:12:20] [INFO]   College of Our Lady of the Elms MA listings scraped: 1
[02:12:20] [INFO]   ↪️  Dean College override URL applied
[02:12:20] [INFO]   Caldwell University NJ listings scraped: 1
[02:12:20] [INFO]   Cabrillo College CA Private listings scraped: 0
[02:12:20] [INFO]   ↪️  Biola University: generic page hands off to csod
[02:12:20] [INFO]   Barstow Community College CA Private listings scraped: 0
[02:12:20] [INFO]   Barstow Community College CA Private listings scraped: 0
[02:12:20] [INFO]   Conway School of Landscape Design MA listings scraped: 0
[02:12:20] [INFO]   Camden County College NJ listings scraped: 0
[02:12:20] [INFO]   ↪️  Butte College: generic page hands off to schooljobs
[02:12:20] [INFO]   Curry College MA listings scraped: 0
[02:12:20] [INFO]   ↪️  Brookdale Community College: generic page hands off to icims
[02:12:20] [INFO]   Dean College MA listings scraped: 1
[02:12:20] [INFO]   Centenary University NJ listings scraped: 0
[02:12:20] [INFO]   California College of the Arts CA Private listings scraped: 1
[02:12:20] [INFO]   Butte College CA Private listings scraped: 2
[02:12:20] [INFO]   Drew University NJ listings scraped: 2
[02:12:20] [INFO]   Emerson College MA listings scraped: 1
[02:12:20] [INFO]   Brookdale Community College NJ listings scraped: 0
[02:12:20] [INFO]   Brookdale Community College NJ listings scraped: 0
[02:12:20] [INFO]   County College of Morris NJ listings scraped: 1
[02:12:20] [INFO]   Eastern Nazarene College MA listings scraped: 0
[02:12:20] [INFO]   California Baptist University CA Private listings scraped: 0
[02:12:20] [INFO]   Fairleigh Dickinson University-Metropolitan Campus NJ listings scraped: 0
[02:12:20] [INFO]   California Institute of Advanced Management CA Private listings scraped: 1
[02:12:20] [INFO]   Fairleigh Dickinson University-Florham Campus NJ listings scraped: 1
[02:12:20] [INFO]   California Institute of Integral Studies CA Private listings scraped: 0
[02:12:20] [INFO]   Emmanuel College MA listings scraped: 0
[02:12:20] [INFO]   ↪️  Fisher College: generic page hands off to paycom
[02:12:20] [INFO]   Felician University NJ listings scraped: 0
[02:12:20] [INFO]   ↪️  Endicott College: generic page hands off to workday
[02:12:20] [INFO]   California Institute of the Arts CA Private listings scraped: 0
[02:12:20] [INFO]   Endicott College MA listings scraped: 3 (API)
[02:12:20] [INFO]   California Jazz Conservatory CA Private listings scraped: 0
[02:12:20] [INFO]   California Lutheran University CA Private listings scraped: 0
[02:12:20] [INFO]   Fitchburg State University MA listings scraped: 0
[02:12:20] [INFO]   Biola University CA Private listings scraped: 10
[02:12:20] [INFO]   Framingham State University MA listings scraped: 1
[02:12:20] [INFO]   California State Polytechnic University-Humboldt CA Private listings scraped: 2
[02:12:20] [INFO]   California Polytechnic State University-San Luis Obispo CA Private listings scraped: 0
[02:12:20] [INFO]   California State Polytechnic University-Pomona CA Private listings scraped: 0
[02:12:20] [INFO]   Franklin W Olin College of Engineering MA listings scraped: 0
[02:12:20] [INFO]   Fisher College MA listings scraped: 5
[02:12:20] [INFO]   California State University-Bakersfield CA Private listings scraped: 0
[02:12:20] [INFO]   California State University-Chancellors Office CA Private listings scraped: 0
[02:12:20] [INFO]   California State University-Channel Islands CA Private listings scraped: 1
[02:12:20] [INFO]   Fayetteville State University NC listings scraped: 5
[02:12:20] [INFO]   Appalachian State University NC listings scraped: 24
[02:12:20] [INFO]   Elizabeth City State University NC listings scraped: 5
[02:12:20] [INFO]   ↪️  Essex County College: generic page hands off to peopleadmin
[02:12:20] [INFO]   California State University Maritime Academy CA Private listings scraped: 0
[02:12:20] [INFO]   ↪️  California State University-Chico: generic page hands off to pageup
[02:12:20] [INFO]   Essex County College NJ listings scraped: 0
[02:12:20] [INFO]   Essex County College NJ listings scraped: 0
[02:12:20] [INFO]   ↪️  California State University-East Bay: generic page hands off to pageup
[02:12:20] [INFO]   North Carolina A&T State University NC listings scraped: 18
[02:12:20] [INFO]   California State University-Chico CA Private listings scraped: 0
[02:12:20] [INFO]   California State University-Chico CA Private listings scraped: 0
[02:12:20] [INFO]   William & Mary VA listings scraped: 0
[02:12:20] [INFO]   UNC Asheville NC listings scraped: 1
[02:12:20] [INFO]   California State University-Fresno CA Private listings scraped: 0
[02:12:20] [INFO]   George Mason University VA listings scraped: 0
[02:12:20] [INFO]   California State University-Dominguez Hills CA Private listings scraped: 0
[02:12:20] [INFO]   Old Dominion University VA listings scraped: 22
[02:12:20] [INFO]   California State University-Fullerton CA Private listings scraped: 0
[02:12:20] [INFO]   University of Virginia VA listings scraped: 0 (Workday search API)
[02:12:20] [INFO]   ↪️  California State University-Long Beach: generic page hands off to pageup
[02:12:20] [INFO]   James Madison University VA listings scraped: 0
[02:12:20] [INFO]   California State University-Long Beach CA Private listings scraped: 0
[02:12:20] [INFO]   California State University-Long Beach CA Private listings scraped: 0
[02:12:20] [INFO]   California State University-Los Angeles CA Private listings scraped: 0
[02:12:20] [INFO]   University of Richmond VA listings scraped: 4 (API)
[02:12:20] [INFO]   California State University-Monterey Bay CA Private listings scraped: 0
[02:12:20] [INFO]   NC State University NC listings scraped: 2 (HTTP fallback)
[02:12:20] [INFO]   Washington and Lee University VA listings scraped: 0
[02:12:20] [INFO]   California State University-Northridge CA Private listings scraped: 0
[02:12:20] [INFO]   California State University-East Bay CA Private listings scraped: 38
[02:12:20] [INFO]   California State University-San Bernardino CA Private listings scraped: 0
[02:12:20] [INFO]   Hollins University VA listings scraped: 1
[02:12:20] [INFO]   California State University-Sacramento CA Private listings scraped: 1
[02:12:20] [INFO]   Centra College VA listings scraped: 0
[02:12:20] [INFO]   UNC Charlotte NC listings scraped: 6
[02:12:20] [INFO]   Virginia Commonwealth University VA listings scraped: 0
[02:12:20] [INFO]   California State University-Stanislaus CA Private listings scraped: 0
[02:12:20] [INFO]   California State University-San Marcos CA Private listings scraped: 0
[02:12:20] [INFO]   UNC Pembroke NC listings scraped: 21
[02:12:20] [INFO]   Appalachian College of Pharmacy VA listings scraped: 2
[02:12:20] [INFO]   California University of Science and Medicine CA Private listings scraped: 0
[02:12:20] [INFO]   Virginia Tech VA listings scraped: 65 (keyword search)
[02:12:20] [INFO]   UNC School of the Arts NC listings scraped: 1
[02:12:20] [INFO]   Riverside College of Health Careers VA listings scraped: 0
[02:12:20] [INFO]   Agora University VA listings scraped: 0
[02:12:20] [INFO]   Canada College CA Private listings scraped: 0
[02:12:20] [INFO]   UNC Wilmington NC listings scraped: 0
[02:12:20] [INFO]   Appalachian School of Law VA listings scraped: 0
[02:12:20] [INFO]   Averett University VA listings scraped: 1
[02:12:20] [INFO]   Casa Loma College-Los Angeles CA Private listings scraped: 0
[02:12:20] [INFO]   East Carolina University NC listings scraped: 50
[02:12:20] [INFO]   Ascent College VA listings scraped: 0
[02:12:20] [INFO]   California Western School of Law CA Private listings scraped: 0
[02:12:20] [INFO]   Bon Secours Memorial College of Nursing VA listings scraped: 1
[02:12:20] [INFO]   Blue Ridge Community College VA listings scraped: 0
[02:12:20] [INFO]   Winston-Salem State University NC listings scraped: 1
[02:12:20] [INFO]   North Carolina Central University NC listings scraped: 19
[02:12:20] [INFO]   Bluefield University VA listings scraped: 0
[02:12:20] [INFO]   Cerritos College CA Private listings scraped: 0
[02:12:20] [INFO]   Cerro Coso Community College CA Private listings scraped: 0
[02:12:20] [INFO]   CBD College CA Private listings scraped: 0
[02:12:20] [INFO]   Bon Secours St Mary's Hospital School of Medical Imaging VA listings scraped: 0
[02:12:20] [INFO]   ↪️  Chabot College: generic page hands off to peopleadmin
[02:12:20] [INFO]   Wake Forest University NC listings scraped: 2
[02:12:20] [INFO]   Davidson College NC listings scraped: 0 (Workday search API)
[02:12:20] [INFO]   Brightpoint Community College VA listings scraped: 0
[02:12:20] [INFO]   Chaffey College CA Private listings scraped: 0
[02:12:20] [INFO]   Chabot College CA Private listings scraped: 3
[02:12:20] [INFO]   Bryant & Stratton College-Virginia Beach VA listings scraped: 0
[02:12:20] [INFO]   Chapman University CA Private listings scraped: 1
[02:12:20] [INFO]   Central Virginia Community College VA listings scraped: 40
[02:12:20] [INFO]   Western Carolina University NC listings scraped: 18
[02:12:20] [INFO]   Charles R Drew University of Medicine and Science CA Private listings scraped: 0
[02:12:20] [INFO]   ↪️  Bridgewater College: generic page hands off to paycom
[02:12:20] [INFO]   Christopher Newport University VA listings scraped: 0
[02:12:20] [INFO]   Elon University NC listings scraped: 0
[02:12:20] [INFO]   Citrus College CA Private listings scraped: 0
[02:12:20] [INFO]   Danville Community College VA listings scraped: 0
[02:12:20] [INFO]   UNC Greensboro NC listings scraped: 31
[02:12:20] [INFO]   City College of San Francisco CA Private listings scraped: 0
[02:12:20] [INFO]   Church Divinity School of the Pacific CA Private listings scraped: 3
[02:12:20] [INFO]   Eastern Mennonite University VA listings scraped: 0
[02:12:20] [INFO]   Divine Mercy University VA listings scraped: 0
[02:12:20] [INFO]   Johnson & Wales University-Charlotte NC listings scraped: 0
[02:12:20] [INFO]   Eastern Shore Community College VA listings scraped: 0
[02:12:20] [INFO]   Harvard University MA listings scraped: 191
[02:12:20] [INFO]   Claremont Lincoln University CA Private listings scraped: 0
[02:12:20] [INFO]   ↪️  Coast Community College District Office: generic page hands off to schooljobs
[02:12:20] [INFO]   Claremont School of Theology CA Private listings scraped: 0
[02:12:20] [INFO]   Bridgewater College VA listings scraped: 10
[02:12:20] [INFO]   Clovis Community College CA Private listings scraped: 0
[02:12:20] [INFO]   ↪️  Alamance Community College: generic page hands off to schooljobs
[02:12:20] [INFO]   Edward Via College of Osteopathic Medicine VA listings scraped: 0
[02:12:20] [INFO]   ↪️  Eastern Virginia Medical School: generic page hands off to icims
[02:12:20] [INFO]   Duke University NC listings scraped: 23 (keyword search)
[02:12:20] [INFO]   Asheville-Buncombe Technical Community College NC listings scraped: 0
[02:12:20] [INFO]   College of Charleston SC listings scraped: 9
[02:12:20] [INFO]   Coastal Carolina University SC listings scraped: 9
[02:12:20] [INFO]   ↪️  Emory & Henry University: generic page hands off to paycom
[02:12:20] [INFO]   Alamance Community College NC listings scraped: 2
[02:12:20] [INFO]   Clemson University SC listings scraped: 0
[02:12:20] [INFO]   Furman University SC: API failed, falling back to browser
[02:12:20] [INFO]   Eastern Virginia Medical School VA listings scraped: 0
[02:12:20] [INFO]   Eastern Virginia Medical School VA listings scraped: 0
[02:12:20] [INFO]   Ferrum College VA listings scraped: 0
[02:12:20] [INFO]   Winthrop University SC listings scraped: 1
[02:12:20] [INFO]   College of Alameda CA Private listings scraped: 0
[02:12:20] [INFO]   Wofford College SC listings scraped: 2 (API)
[02:12:20] [INFO]   Coastline Community College CA Private listings scraped: 0
[02:12:20] [INFO]   The Citadel SC listings scraped: 0
[02:12:20] [INFO]   College of Marin CA Private listings scraped: 0
[02:12:20] [INFO]   Beaufort County Community College NC listings scraped: 2
[02:12:20] [INFO]   ↪️  Barton College: generic page hands off to paycom
[02:12:20] [INFO]   University of South Carolina SC listings scraped: 96
[02:12:20] [INFO]   University of South Carolina-Lancaster SC listings scraped: 0
[02:12:20] [INFO]   Belmont Abbey College NC listings scraped: 0
[02:12:20] [INFO]   College of San Mateo CA Private listings scraped: 0
[02:12:20] [INFO]   College of the Desert CA Private listings scraped: 0
[02:12:20] [INFO]   Emory & Henry University VA listings scraped: 7
[02:12:20] [INFO]   Bennett College NC listings scraped: 0
[02:12:20] [INFO]   University of South Carolina-Salkehatchie SC listings scraped: 0
[02:12:20] [INFO]   Presbyterian College SC listings scraped: 0
[02:12:20] [INFO]   College of the Canyons CA Private listings scraped: 0
[02:12:20] [INFO]   University of South Carolina-Sumter SC listings scraped: 0
[02:12:20] [INFO]   Bladen Community College NC listings scraped: 1
[02:12:20] [INFO]   Delaware Technical Community College DE listings scraped: 3
[02:12:20] [INFO]   College of the Redwoods CA Private listings scraped: 0
[02:12:20] [INFO]   Barton College NC listings scraped: 6
[02:12:20] [INFO]   College of the Sequoias CA Private listings scraped: 1
[02:12:20] [INFO]   University of South Carolina-Union SC listings scraped: 0
[02:12:20] [INFO]   Allen University SC listings scraped: 0
[02:12:20] [INFO]   Delaware State University DE listings scraped: 1
[02:12:20] [INFO]   Aiken Technical College SC listings scraped: 0
[02:12:20] [INFO]   College of the Siskiyous CA Private listings scraped: 1
[02:12:20] [INFO]   Brevard College NC listings scraped: 0
[02:12:20] [INFO]   Cabarrus College of Health Sciences NC listings scraped: 1
[02:12:20] [INFO]   Brunswick Community College NC listings scraped: 0
[02:12:20] [INFO]   Wilmington University DE Taleo listings scraped: 0
[02:12:20] [INFO]   Compton College CA Private listings scraped: 0
[02:12:20] [INFO]   American College of the Building Arts SC listings scraped: 0
[02:12:20] [INFO]   Concordia University-Irvine CA Private listings scraped: 0
[02:12:20] [INFO]   Anderson University SC listings scraped: 1
[02:12:20] [INFO]   University of Maryland, College Park MD listings scraped: 63 (API)
[02:12:20] [INFO]   ↪️  Caldwell Community College and Technical Institute: generic page hands off to schooljobs
[02:12:20] [INFO]   University of Maryland, Baltimore County MD listings scraped: 11
[02:12:20] [INFO]   Contra Costa College CA Private listings scraped: 0
[02:12:20] [INFO]   ↪️  Campbell University: generic page hands off to taleo
[02:12:20] [INFO]   Contra Costa Community College District Office CA Private listings scraped: 0
[02:12:20] [INFO]   Bob Jones University SC listings scraped: 0
[02:12:20] [INFO]   Cape Fear Community College NC listings scraped: 0
[02:12:20] [INFO]   Caldwell Community College and Technical Institute NC listings scraped: 0
[02:12:20] [INFO]   Caldwell Community College and Technical Institute NC listings scraped: 0
[02:12:20] [INFO]   Johns Hopkins University MD listings scraped: 1
[02:12:20] [INFO]   ↪️  Copper Mountain Community College: generic page hands off to schooljobs
[02:12:20] [INFO]   University of Maryland, Baltimore MD Taleo listings scraped: 9
[02:12:20] [INFO]   Morgan State University MD listings scraped: 62
[02:12:20] [INFO]   Charleston Southern University SC listings scraped: 1
[02:12:20] [INFO]   Carolina Christian College NC listings scraped: 0
[02:12:20] [INFO]   Central Carolina Technical College SC listings scraped: 0
[02:12:20] [INFO]   Goucher College MD listings scraped: 0
[02:12:20] [INFO]   Crafton Hills College CA Private listings scraped: 0
[02:12:20] [INFO]   Copper Mountain Community College CA Private listings scraped: 0
[02:12:20] [INFO]   Copper Mountain Community College CA Private listings scraped: 0
[02:12:20] [INFO]   ↪️  Cosumnes River College: generic page hands off to schooljobs
[02:12:20] [INFO]   Towson University MD Taleo listings scraped: 0
[02:12:20] [INFO]   Carolina College of Biblical Studies NC listings scraped: 0
[02:12:20] [INFO]   St. Mary's College of Maryland MD listings scraped: 0
[02:12:20] [INFO]   Campbell University NC Taleo listings scraped: 0
[02:12:20] [INFO]   Campbell University NC listings scraped: 0
[02:12:20] [INFO]   Citadel Military College of South Carolina SC listings scraped: 0
[02:12:20] [INFO]   Carolina University NC listings scraped: 0
[02:12:20] [INFO]   ↪️  Allegany College of Maryland: generic page hands off to schooljobs
[02:12:20] [INFO]   Cuyamaca College CA Private listings scraped: 0
[02:12:20] [INFO]   Claflin University SC listings scraped: 0
[02:12:20] [INFO]   Anne Arundel Community College MD listings scraped: 0
[02:12:20] [INFO]   Cuesta College CA Private listings scraped: 0
[02:12:20] [INFO]   Catawba College NC listings scraped: 0
[02:12:20] [INFO]   Benedict College SC listings scraped: 0
[02:12:20] [INFO]   Clinton College SC listings scraped: 2
[02:12:20] [INFO]   ↪️  Carteret Community College: generic page hands off to schooljobs
[02:12:20] [INFO]   Allegany College of Maryland MD listings scraped: 0
[02:12:20] [INFO]   Allegany College of Maryland MD listings scraped: 0
[02:12:20] [INFO]   Bais HaMedrash and Mesivta of Baltimore MD listings scraped: 0
[02:12:20] [INFO]   Furman University SC listings scraped: 0
[02:12:20] [INFO]   Cosumnes River College CA Private listings scraped: 0
[02:12:20] [INFO]   Cosumnes River College CA Private listings scraped: 0
[02:12:20] [INFO]   Catawba Valley Community College NC listings scraped: 2
[02:12:20] [INFO]   Cypress College CA Private listings scraped: 0
[02:12:20] [INFO]   Baltimore City Community College MD listings scraped: 0
[02:12:20] [INFO]   Coker University SC listings scraped: 0
[02:12:20] [INFO]   Central Carolina Community College NC listings scraped: 0
[02:12:20] [INFO]   Columbia International University SC listings scraped: 1
[02:12:20] [INFO]   Coast Community College District Office CA Private listings scraped: 0
[02:12:20] [INFO]   Coast Community College District Office CA Private listings scraped: 0
[02:12:20] [INFO]   ↪️  Bowie State University: generic page hands off to workday
[02:12:20] [INFO]   ↪️  Central Piedmont Community College: generic page hands off to schooljobs
[02:12:20] [INFO]   Capitol Technology University MD listings scraped: 0
[02:12:20] [INFO]   Bowie State University MD listings scraped: 7 (API)
[02:12:20] [INFO]   De Anza College CA Private listings scraped: 0
[02:12:20] [INFO]   Converse University SC listings scraped: 0
[02:12:20] [INFO]   Carteret Community College NC listings scraped: 1
[02:12:20] [INFO]   DHARMA REALM BUDDHIST UNIVERSITY CA Private listings scraped: 0
[02:12:20] [INFO]   Charlotte Christian College and Theological Seminary NC listings scraped: 0
[02:12:20] [INFO]   Carroll Community College MD listings scraped: 0
[02:12:20] [INFO]   Florence-Darlington Technical College SC listings scraped: 1
[02:12:20] [INFO]   Diablo Valley College CA Private listings scraped: 0
[02:12:20] [INFO]   Daybreak University CA Private listings scraped: 0
[02:12:20] [INFO]   ↪️  Denmark Technical College: generic page hands off to schooljobs
[02:12:20] [INFO]   Erskine College SC listings scraped: 1
[02:12:20] [INFO]   Cecil College MD listings scraped: 0
[02:12:20] [INFO]   Francis Marion University SC listings scraped: 1
[02:12:20] [INFO]   Dominican School of Philosophy & Theology CA Private listings scraped: 0
[02:12:20] [INFO]   ↪️  College of Southern Maryland: generic page hands off to schooljobs
[02:12:20] [INFO]   Central Piedmont Community College NC listings scraped: 3
[02:12:20] [INFO]   Dominican University of California CA Private listings scraped: 0
[02:12:20] [INFO]   Chowan University NC listings scraped: 0
[02:12:20] [INFO]   Cleveland Community College NC listings scraped: 0
[02:12:20] [INFO]   ↪️  Community College of Baltimore County: generic page hands off to schooljobs
[02:12:20] [INFO]   Downey Adult School CA Private listings scraped: 0
[02:12:20] [INFO]   Chesapeake College MD listings scraped: 0
[02:12:20] [INFO]   East Los Angeles College CA Private listings scraped: 0
[02:12:20] [INFO]   ↪️  Coastal Carolina Community College: generic page hands off to schooljobs
[02:12:20] [INFO]   Denmark Technical College SC listings scraped: 2
[02:12:20] [INFO]   College of the Albemarle NC listings scraped: 0
[02:12:20] [INFO]   EDvance College CA Private listings scraped: 0
[02:12:20] [INFO]   Community College of Baltimore County MD listings scraped: 9
[02:12:20] [INFO]   Dongguk University Los Angeles CA Private listings scraped: 0
[02:12:20] [INFO]   College of Southern Maryland MD listings scraped: 3
[02:12:20] [INFO]   ↪️  Craven Community College: generic page hands off to schooljobs
[02:12:20] [INFO]   Coastal Carolina Community College NC listings scraped: 0
[02:12:20] [INFO]   Coastal Carolina Community College NC listings scraped: 0
[02:12:20] [INFO]   Rhode Island College RI listings scraped: 4
[02:12:20] [INFO]   El Camino Community College District CA Private listings scraped: 0
[02:12:20] [INFO]   Epic Bible College & Graduate School CA Private listings scraped: 0
[02:12:20] [INFO]   ↪️  Evergreen Valley College: generic page hands off to peopleadmin
[02:12:20] [INFO]   ↪️  Brown University: generic page hands off to workday
[02:12:20] [INFO]   Frederick Community College MD listings scraped: 0
[02:12:20] [INFO]   Craven Community College NC listings scraped: 0
[02:12:20] [INFO]   Craven Community College NC listings scraped: 0
[02:12:20] [INFO]   ↪️  Davidson-Davie Community College: generic page hands off to schooljobs
[02:12:20] [INFO]   Bryant University RI listings scraped: 0
[02:12:20] [INFO]   Feather River Community College District CA Private listings scraped: 0
[02:12:20] [INFO]   ↪️  Frostburg State University: generic page hands off to workday
[02:12:20] [INFO]   Providence College RI listings scraped: 0
[02:12:20] [INFO]   Brown University RI listings scraped: 0 (API)
[02:12:20] [INFO]   Brown University RI listings scraped: 0
[02:12:20] [INFO]   ↪️  Durham Technical Community College: generic page hands off to schooljobs
[02:12:20] [INFO]   Frostburg State University MD listings scraped: 6 (API)
[02:12:20] [INFO]   Evergreen Valley College CA Private listings scraped: 0
[02:12:20] [INFO]   Evergreen Valley College CA Private listings scraped: 0
[02:12:20] [INFO]   Rhode Island School of Design RI listings scraped: 3
[02:12:20] [INFO]   Davidson-Davie Community College NC listings scraped: 2
[02:12:20] [INFO]   Edgecombe Community College NC listings scraped: 2
[02:12:20] [INFO]   Salve Regina University RI listings scraped: 0
[02:12:20] [INFO]   Foothill College CA Private listings scraped: 1
[02:12:20] [INFO]   Fielding Graduate University CA Private listings scraped: 1
[02:12:20] [INFO]   Durham Technical Community College NC listings scraped: 0
[02:12:20] [INFO]   Durham Technical Community College NC listings scraped: 0
[02:12:20] [INFO]   Johnson & Wales University-Providence RI listings scraped: 0
[02:12:20] [INFO]   ↪️  Coppin State University: generic page hands off to workday
[02:12:20] [INFO]   Coppin State University MD listings scraped: 2 (API)
[02:12:20] [INFO]   College Unbound RI listings scraped: 1
[02:12:20] [INFO]   ↪️  Folsom Lake College: generic page hands off to schooljobs
[02:12:20] [INFO]   Community College of Rhode Island RI listings scraped: 0
[02:12:20] [INFO]   ↪️  Foothill-De Anza Community College District: generic page hands off to taleo
[02:12:20] [INFO]   Franciscan School of Theology CA Private listings scraped: 0
[02:12:20] [INFO]   ↪️  Fayetteville Technical Community College: generic page hands off to peopleadmin
[02:12:20] [INFO]   Fresno City College CA Private listings scraped: 0
[02:12:20] [INFO]   Folsom Lake College CA Private listings scraped: 0
[02:12:20] [INFO]   Folsom Lake College CA Private listings scraped: 0
[02:12:20] [INFO]   Fresno Pacific University CA Private listings scraped: 0
[02:12:20] [INFO]   Fayetteville Technical Community College NC listings scraped: 0
[02:12:20] [INFO]   Fayetteville Technical Community College NC listings scraped: 0
[02:12:20] [INFO]   Forsyth Technical Community College NC listings scraped: 0
[02:12:20] [INFO]   University of Rhode Island RI listings scraped: 26
[02:12:20] [INFO]   Commonwealth University PA listings scraped: 5
[02:12:20] [INFO]   Cheyney University PA listings scraped: 0
[02:12:20] [INFO]   Kutztown University PA listings scraped: 0
[02:12:20] [INFO]   Shippensburg University PA listings scraped: 2
[02:12:20] [INFO]   PennWest PA listings scraped: 7
[02:12:20] [INFO]   Millersville University PA listings scraped: 4
[02:12:20] [INFO]   The Pennsylvania State University PA listings scraped: 35 (API)
[02:12:20] [INFO]   Slippery Rock University PA listings scraped: 2
[02:12:20] [INFO]   West Chester University PA listings scraped: 0
[02:12:20] [INFO]   Carnegie Mellon University PA listings scraped: 5 (API)
[02:12:20] [INFO]   Fuller Theological Seminary CA Private listings scraped: 0
[02:12:20] [INFO]   University of Pennsylvania PA listings scraped: 8 (Workday search API)
[02:12:20] [INFO]   Bucknell University PA listings scraped: 3 (API)
[02:12:20] [INFO]   Drexel University PA listings scraped: 9
[02:12:20] [INFO]   East Stroudsburg University PA listings scraped: 0
[02:12:20] [INFO]   Dickinson College PA listings scraped: 1 (API)
[02:12:20] [INFO]   Gettysburg College PA listings scraped: 17
[02:12:20] [INFO]   Lafayette College PA listings scraped: 3 (Lafayette faculty page)
[02:12:20] [INFO]   Franklin & Marshall College PA listings scraped: 2 (Interfolio links page)
[02:12:20] [INFO]   Swarthmore College PA listings scraped: 2
[02:12:20] [INFO]   Foothill-De Anza Community College District CA Private listings scraped: 0
[02:12:20] [INFO]   Central Michigan University MI listings scraped: 8
[02:12:20] [INFO]   Eastern Michigan University MI listings scraped: 1
[02:12:20] [INFO]   Oakland University MI listings scraped: 25
[02:12:20] [INFO]   Governors State University IL listings scraped: 0
[02:12:20] [INFO]   Chicago State University IL listings scraped: 21
[02:12:20] [INFO]   UNC-Chapel Hill NC listings scraped: 209
[02:12:20] [INFO]   Kalamazoo College MI listings scraped: 0
[02:12:20] [INFO]   Claremont McKenna College Claremont listings scraped: 6
[02:12:20] [INFO]   Keck Graduate Institute Claremont listings scraped: 9
[02:12:20] [INFO]   Claremont Colleges listings scraped: 87
[02:12:20] [INFO]   Cornell University NY listings scraped: 5 (API)
[02:12:20] [INFO]   Western Michigan University MI listings scraped: 22
[02:12:20] [INFO]   Waiting for CUNY jobs to load...
[02:12:20] [INFO]   Stony Brook University (SUNY) NY listings scraped: 69
[02:12:20] [INFO]   Fordham University NY listings scraped: 29
[02:12:20] [INFO]   Knox College IL listings scraped: 1
[02:12:20] [INFO]   New York University NY listings scraped: 0
[02:12:20] [INFO]   University at Buffalo (SUNY) NY listings scraped: 43
[02:12:20] [INFO]   Northern Illinois University IL listings scraped: 18
[02:12:20] [INFO]   CUNY initial job count: 10
[02:12:20] [INFO]   St. John's directory sub-pages found: 9
[02:12:20] [INFO]   Adrian College MI listings scraped: 0
[02:12:20] [INFO]   Syracuse University NY listings scraped: 36
[02:12:20] [INFO]   University of Illinois Springfield IL listings scraped: 1
[02:12:20] [INFO]   Pace University NY listings scraped: 8 (SaaS HR API)
[02:12:20] [INFO]   University of Illinois Chicago IL listings scraped: 0
[02:12:20] [INFO]   ↪️  Albion College: generic page hands off to interfolio
[02:12:20] [INFO]   Columbia University NY listings scraped: 572
[02:12:20] [INFO]   Southern Illinois University Edwardsville IL listings scraped: 0
[02:12:20] [INFO]   SUNY System main page listings scraped: 618
[02:12:20] [INFO]   Villanova University PA listings scraped: 354
[02:12:20] [INFO]   University of Illinois Urbana-Champaign IL listings scraped: 12
[02:12:20] [INFO]   Hofstra University NY listings scraped: 46
[02:12:20] [INFO]   Southern Oregon University OR listings scraped: 0 (API)
[02:12:20] [INFO]   Southern Illinois University Carbondale IL listings scraped: 3
[02:12:20] [INFO]   Rochester Institute of Technology NY listings scraped: 5 (API)
[02:12:20] [INFO]   Western Illinois University IL listings scraped: 5
[02:12:20] [INFO]   Whitman College WA listings scraped: 2 (Interfolio links page)
[02:12:20] [INFO]   Long Island University NY listings scraped: 37
[02:12:20] [INFO]   Washington State University WA listings scraped: 3 (API)
[02:12:20] [INFO]   Adelphi University NY Taleo listings scraped: 3
[02:12:20] [INFO]   Eastern Oregon University OR listings scraped: 21
[02:12:20] [INFO]   University at Albany (SUNY) NY listings scraped: 1
[02:12:20] [INFO]   Binghamton University (SUNY) NY listings scraped: 1
[02:12:20] [INFO]   Binghamton University (SUNY) NY listings scraped: 1
[02:12:20] [INFO]   University at Albany (SUNY) NY listings scraped: 1
[02:12:20] [INFO]   SUNY total listings scraped: 734
[02:12:20] [INFO]   University of Rochester NY listings scraped: 358
[02:12:20] [INFO]   Michigan State University MI listings scraped: 463
[02:12:20] [INFO]   Willamette University OR listings scraped: 0
[02:12:20] [INFO]   The New School NY listings scraped: 0 (API)
[02:12:20] [INFO]   Evergreen State College WA listings scraped: 2
[02:12:20] [INFO]   George Fox University OR listings scraped: 0
[02:12:20] [INFO]   Pacific Northwest College of Art OR listings scraped: 0
[02:12:20] [INFO]   Columbia Gorge Community College OR listings scraped: 0
[02:12:20] [INFO]   ↪️  University of Portland: generic page hands off to peopleadmin
[02:12:20] [INFO]   Oregon Institute of Technology OR listings scraped: 18
[02:12:20] [INFO]   Reed College OR listings scraped: 0
[02:12:20] [INFO]   Pacific University OR listings scraped: 0
[02:12:20] [INFO]   Pacific Lutheran University WA listings scraped: 4 (HTTP fallback)
[02:12:20] [INFO]   Corban University OR listings scraped: 0
[02:12:20] [INFO]   Eastern Washington University WA listings scraped: 26
[02:12:20] [INFO]   Bellingham Technical College WA listings scraped: 0
[02:12:20] [INFO]   Bellevue College WA listings scraped: 0
[02:12:20] [INFO]   Gonzaga University WA listings scraped: 0
[02:12:20] [INFO]   Clark College WA listings scraped: 1
[02:12:20] [INFO]   Lewis & Clark College OR listings scraped: 0
[02:12:20] [INFO]   Saint Martin's University WA listings scraped: 0
[02:12:20] [INFO]   ↪️  Big Bend Community College: generic page hands off to schooljobs
[02:12:20] [INFO]   ↪️  Bastyr University: generic page hands off to paycom
[02:12:20] [INFO]   Clatsop Community College OR listings scraped: 0
[02:12:20] [INFO]   Clackamas Community College OR listings scraped: 0
[02:12:20] [INFO]   Clover Park Technical College WA listings scraped: 0
[02:12:20] [INFO]   ↪️  Bates Technical College: generic page hands off to schooljobs
[02:12:20] [INFO]   ↪️  Whitworth University: generic page hands off to schooljobs
[02:12:20] [INFO]   ↪️  University of Puget Sound: generic page hands off to icims
[02:12:20] [INFO]   ↪️  Whitworth University-Adult Degree Programs: generic page hands off to schooljobs
[02:12:20] [INFO]   Wayne State University MI listings scraped: 7
[02:12:20] [INFO]   Cascadia College WA listings scraped: 0
[02:12:20] [INFO]   Albion College MI listings scraped: 4
[02:12:20] [INFO]   ↪️  Seattle Pacific University: generic page hands off to workday
[02:12:20] [INFO]   Antioch University-Seattle WA listings scraped: 0
[02:12:20] [INFO]   CUNY jobs extracted from listing: 0
[02:12:20] [INFO]   CUNY jobs after filtering: 0
[02:12:20] [INFO]   Cornish College of the Arts WA listings scraped: 0
[02:12:20] [INFO]   Chemeketa Community College OR listings scraped: 0
[02:12:20] [INFO]   Fetching CUNY job descriptions (JS-rendered pages)...
[02:12:20] [INFO]   CUNY jobs with descriptions: 0/0
[02:12:20] [INFO]   Mount Angel Seminary OR listings scraped: 0
[02:12:20] [INFO]   Centralia College WA listings scraped: 0
[02:12:20] [INFO]   Blue Mountain Community College OR listings scraped: 0
[02:12:20] [INFO]   Seattle Pacific University WA listings scraped: 4 (API)
[02:12:20] [INFO]   Columbia Basin College WA listings scraped: 0
[02:12:20] [INFO]   Edmonds College WA listings scraped: 0
[02:12:20] [INFO]   Pratt Institute NY listings scraped: 1
[02:12:20] [INFO]   University of Washington WA listings scraped: 310
[02:12:20] [INFO]   University of Portland OR listings scraped: 0
[02:12:20] [INFO]   University of Portland OR listings scraped: 0
[02:12:21] [INFO]   ↪️  Seattle University: generic page hands off to csod
[02:12:21] [INFO]   Bushnell University OR listings scraped: 0
[02:12:21] [INFO]   Faith International University WA listings scraped: 0
[02:12:21] [INFO]   Central Oregon Community College OR listings scraped: 0
[02:12:21] [INFO]   Bates Technical College WA listings scraped: 0
[02:12:21] [INFO]   Bates Technical College WA listings scraped: 0
[02:12:21] [INFO]   City University of Seattle WA listings scraped: 0
[02:12:21] [INFO]   Big Bend Community College WA listings scraped: 0
[02:12:21] [INFO]   Big Bend Community College WA listings scraped: 0
[02:12:21] [INFO]   University of Puget Sound WA listings scraped: 0
[02:12:21] [INFO]   University of Puget Sound WA listings scraped: 0
[02:12:21] [INFO]   Whitworth University-Adult Degree Programs WA listings scraped: 0
[02:12:21] [INFO]   Whitworth University-Adult Degree Programs WA listings scraped: 0
[02:12:21] [INFO]   Whitworth University WA listings scraped: 0
[02:12:21] [INFO]   Whitworth University WA listings scraped: 0
[02:12:21] [INFO]   Manhattan University NY listings scraped: 9
[02:12:21] [INFO]   Everett Community College WA listings scraped: 0
[02:12:21] [INFO]   Alma College MI listings scraped: 0
[02:12:21] [INFO]   Alpena Community College MI listings scraped: 0
[02:12:21] [INFO]   Bastyr University WA listings scraped: 1
[02:12:21] [INFO]   Iona University NY listings scraped: 6
[02:12:21] [INFO]   Associated Beth Rivkah Schools NY listings scraped: 0
[02:12:21] [INFO]   Yeshiva University NY listings scraped: 16
[02:12:21] [INFO]   Andrews University MI listings scraped: 1
[02:12:21] [INFO]   Elmezzi Graduate School of Molecular Medicine NY listings scraped: 0
[02:12:21] [INFO]   Belanger School of Nursing NY listings scraped: 0
[02:12:21] [INFO]   Seattle University WA listings scraped: 5
[02:12:21] [INFO]   Samaritan Hospital School of Nursing NY listings scraped: 0
[02:12:21] [INFO]   Oregon State University OR listings scraped: 299
[02:12:21] [INFO]   Baker College MI listings scraped: 0
[02:12:21] [INFO]   Bowdoin College ME listings scraped: 0
[02:12:21] [INFO]   Colby College ME listings scraped: 0
[02:12:21] [INFO]   Aquinas College MI listings scraped: 0
[02:12:21] [INFO]   Memorial Hospital School of Radiation Therapy Technology NY listings scraped: 1
[02:12:21] [INFO]   CVPH Medical Center School of Radiologic Technology NY listings scraped: 0
[02:12:21] [INFO]   Bates College ME listings scraped: 1
[02:12:21] [INFO]   St. Peter's Hospital College of Nursing NY listings scraped: 0
[02:12:21] [INFO]   University of Maine System ME listings scraped (REST): 21
[02:12:21] [INFO]   ↪️  Bay de Noc Community College: generic page hands off to peopleadmin
[02:12:21] [INFO]   Mesivta Torah Vodaath Rabbinical Seminary NY listings scraped: 0
[02:12:21] [INFO]   Maine Media College ME listings scraped: 0
[02:12:21] [INFO]   Bay Mills Community College MI listings scraped: 0
[02:12:21] [INFO]   Bay de Noc Community College MI listings scraped: 0
[02:12:21] [INFO]   Bay de Noc Community College MI listings scraped: 0
[02:12:21] [INFO]   St. John's University NY SilkRoad listings scraped: 2
[02:12:21] [INFO]   Central Maine Community College ME listings scraped: 0
[02:12:21] [INFO]   Montefiore School of Nursing NY listings scraped: 0
[02:12:21] [INFO]   Eastern Maine Community College ME listings scraped: 0
[02:12:21] [INFO]   Pomeroy College of Nursing at Crouse Hospital NY listings scraped: 0
[02:12:21] [INFO]   College of the Atlantic ME listings scraped: 0
[02:12:21] [INFO]   University of New Hampshire System NH: API failed, falling back to browser
[02:12:21] [INFO]   Calvin Theological Seminary MI listings scraped: 1
[02:12:21] [INFO]   School of Professional Horticulture, New York Botanical Garden NY listings scraped: 0
[02:12:21] [INFO]   The Ailey School NY listings scraped: 1
[02:12:21] [INFO]   Albany College of Pharmacy and Health Sciences NY listings scraped: 0
[02:12:21] [INFO]   Calvin University MI listings scraped: 0
[02:12:21] [INFO]   Academy for Jewish Religion NY listings scraped: 0
[02:12:21] [INFO]   Cleary University MI listings scraped: 1
[02:12:21] [INFO]   Saint Anselm College NH listings scraped: 0
[02:12:21] [INFO]   Albert Einstein College of Medicine NY listings scraped: 0
[02:12:21] [INFO]   Albany Medical College NY listings scraped: 0
[02:12:21] [INFO]   Alfred University NY listings scraped: 0
[02:12:21] [INFO]   Albany Law School NY listings scraped: 0
[02:12:21] [INFO]   Concordia University Ann Arbor MI listings scraped: 0
[02:12:21] [INFO]   College for Creative Studies MI listings scraped: 0
[02:12:21] [INFO]   American Musical and Dramatic Academy NY listings scraped: 0
[02:12:21] [INFO]   American Academy of Dramatic Arts-New York NY listings scraped: 0
[02:12:21] [INFO]   Bard College NY listings scraped: 1
[02:12:21] [INFO]   Cornerstone University MI listings scraped: 0
[02:12:21] [INFO]   Dartmouth College NH listings scraped: 142
[02:12:21] [INFO]   Be'er Yaakov Talmudic Seminary NY listings scraped: 0
[02:12:21] [INFO]   Cranbrook Academy of Art MI listings scraped: 0
[02:12:21] [INFO]   Barnard College NY listings scraped: 2
[02:12:21] [INFO]   Davenport University MI listings scraped: 1
[02:12:21] [INFO]   Beth Hamedrash Shaarei Yosher Institute NY listings scraped: 0
[02:12:21] [INFO]   Binghamton University NY listings scraped: 0
[02:12:21] [INFO]   Delta College MI listings scraped: 0
[02:12:21] [INFO]   Boricua College NY listings scraped: 0
[02:12:21] [INFO]   Bank Street College of Education NY listings scraped: 0
[02:12:21] [INFO]   Ecumenical Theological Seminary MI listings scraped: 0
[02:12:21] [INFO]   Brooklyn Law School NY listings scraped: 0
[02:12:21] [INFO]   Bryant & Stratton College-Albany NY listings scraped: 0
[02:12:21] [INFO]   Bryant & Stratton College-Buffalo NY listings scraped: 0
[02:12:21] [INFO]   Ferris State University MI listings scraped: 1
[02:12:21] [INFO]   Bryant & Stratton College-Greece NY listings scraped: 0
[02:12:21] [INFO]   University of New Hampshire System NH listings scraped: 0
[02:12:21] [INFO]   Bryant & Stratton College-Online NY listings scraped: 0
[02:12:21] [INFO]   Bryant & Stratton College-Syracuse North NY listings scraped: 0
[02:12:21] [INFO]   Canisius University NY listings scraped: 2
[02:12:21] [INFO]   Cayuga County Community College NY listings scraped: 0
[02:12:21] [INFO]   Bennington College VT listings scraped: 0
[02:12:21] [INFO]   Clarkson University NY listings scraped: 1
[02:12:21] [INFO]   University of Vermont VT listings scraped: 43
[02:12:21] [INFO]   Central Yeshiva Tomchei Tmimim Lubavitz NY listings scraped: 0
[02:12:21] [INFO]   Champlain College VT listings scraped: 0
[02:12:21] [INFO]   Portland State University OR listings scraped: 27
[02:12:21] [INFO]   Carleton College MN: API failed, falling back to browser
[02:12:21] [INFO]   Minnesota State System MN: API failed, falling back to browser
[02:12:21] [INFO]   Clinton Community College NY listings scraped: 0
[02:12:21] [INFO]   Colgate University NY listings scraped: 0
[02:12:21] [INFO]   College of Staten Island CUNY NY listings scraped: 2
[02:12:21] [INFO]   Colgate Rochester Crozer Divinity School NY listings scraped: 0
[02:12:21] [INFO]   Community College of Vermont VT listings scraped: 0
[02:12:21] [INFO]   Macalester College MN listings scraped: 1
[02:12:21] [INFO]   Columbia University in the City of New York NY listings scraped: 2
[02:12:21] [INFO]   Culinary Institute of America NY listings scraped: 0
[02:12:21] [INFO]   Columbia-Greene Community College NY listings scraped: 0
[02:12:21] [INFO]   CUNY Bernard M Baruch College NY listings scraped: 0
[02:12:21] [INFO]   Hazelden Betty Ford Graduate School MN listings scraped: 0
[02:12:21] [INFO]   CUNY Borough of Manhattan Community College NY listings scraped: 0
[02:12:21] [INFO]   CUNY Bronx Community College NY listings scraped: 0
[02:12:21] [INFO]   CUNY Brooklyn College NY listings scraped: 0
[02:12:21] [INFO]   CUNY City College NY listings scraped: 0
[02:12:21] [INFO]   Adler Graduate School MN listings scraped: 0
[02:12:21] [INFO]   CUNY Graduate School and University Center NY listings scraped: 0
[02:12:21] [INFO]   CUNY John Jay College of Criminal Justice NY listings scraped: 1
[02:12:21] [INFO]   CUNY Hunter College NY listings scraped: 0
[02:12:21] [INFO]   CUNY Kingsborough Community College NY listings scraped: 0
[02:12:21] [INFO]   Alexandria Technical & Community College MN listings scraped: 0
[02:12:21] [INFO]   CUNY LaGuardia Community College NY listings scraped: 0
[02:12:21] [INFO]   CUNY Lehman College NY listings scraped: 0
[02:12:21] [INFO]   CUNY Medgar Evers College NY listings scraped: 0
[02:12:21] [INFO]   CUNY New York City College of Technology NY listings scraped: 0
[02:12:21] [INFO]   Anoka Technical College MN listings scraped: 0
[02:12:21] [INFO]   CUNY Queensborough Community College NY listings scraped: 0
[02:12:21] [INFO]   CUNY Queens College NY listings scraped: 1
[02:12:21] [INFO]   CUNY School of Law NY listings scraped: 2
[02:12:21] [INFO]   CUNY Stella and Charles Guttman Community College NY listings scraped: 0
[02:12:21] [INFO]   Carleton College MN listings scraped: 0
[02:12:21] [INFO]   University of Minnesota MN listings scraped: 0
[02:12:21] [INFO]   Anoka-Ramsey Community College MN listings scraped: 0
[02:12:21] [INFO]   CUNY System Office NY listings scraped: 1
[02:12:21] [INFO]   CUNY York College NY listings scraped: 0
[02:12:21] [INFO]   Minnesota State System MN listings scraped: 0
[02:12:21] [INFO]   D'Youville University NY listings scraped: 0
[02:12:21] [INFO]   Daemen University NY listings scraped: 0
[02:12:21] [INFO]   Augsburg University MN listings scraped: 0
[02:12:21] [INFO]   Bemidji State University MN listings scraped: 0
[02:12:21] [INFO]   Bethany Global University MN listings scraped: 0
[02:12:21] [INFO]   Dominican University New York NY listings scraped: 0
[02:12:21] [INFO]   Dutchess Community College NY listings scraped: 0
[02:12:21] [INFO]   Elim Bible Institute and College NY listings scraped: 0
[02:12:21] [INFO]   Bethany Lutheran College MN listings scraped: 0
[02:12:21] [INFO]   Bethlehem College & Seminary MN listings scraped: 0
[02:12:21] [INFO]   Elmira College NY listings scraped: 0
[02:12:21] [INFO]   Saint Michael's College VT listings scraped (DOM): 3
[02:12:21] [INFO]   Empire State University NY listings scraped: 0
[02:12:21] [INFO]   North Dakota State University ND listings scraped: 7
[02:12:21] [INFO]   College of Saint Benedict MN listings scraped: 0
[02:12:21] [INFO]   Concordia College at Moorhead MN listings scraped: 0
[02:12:21] [INFO]   Elyon College NY listings scraped: 0
[02:12:21] [INFO]   ↪️  Erie Community College: generic page hands off to workday
[02:12:21] [INFO]   Erie Community College NY: Could not parse Workday URL, falling back to browser
[02:12:21] [INFO]   University of Mary ND listings scraped: 1
[02:12:21] [INFO]   Farmingdale State College NY listings scraped: 0
[02:12:21] [INFO]   University of Jamestown ND listings scraped: 0
[02:12:21] [INFO]   Concordia University-Saint Paul MN listings scraped: 0
[02:12:21] [INFO]   University of North Dakota ND listings scraped: 7
[02:12:21] [INFO]   Bismarck State College ND listings scraped: 1
[02:12:21] [INFO]   Central Lakes College-Brainerd MN listings scraped: 0
[02:12:21] [INFO]   Excelsior University NY listings scraped: 0
[02:12:21] [INFO]   Crown College MN listings scraped: 0
[02:12:21] [INFO]   Fashion Institute of Technology NY listings scraped: 2
[02:12:21] [INFO]   Dakota County Technical College MN listings scraped: 1
[02:12:21] [INFO]   Finger Lakes Community College NY listings scraped: 0
[02:12:21] [INFO]   Dickinson State University ND listings scraped: 0
[02:12:21] [INFO]   Cankdeska Cikana Community College ND listings scraped: 0
[02:12:21] [INFO]   Fond du Lac Tribal and Community College MN listings scraped: 1
[02:12:21] [INFO]   ↪️  Dunwoody College of Technology: generic page hands off to workday
[02:12:21] [INFO]   Dakota College at Bottineau ND listings scraped: 0
[02:12:21] [INFO]   Dunwoody College of Technology MN: API failed, falling back to browser
[02:12:21] [INFO]   Finger Lakes Health College of Nursing & Health Sciences NY listings scraped: 0
[02:12:21] [INFO]   Augustana University SD listings scraped: 0 (Workday search API)
[02:12:21] [INFO]   Black Hills State University SD listings scraped: 0
[02:12:21] [INFO]   University of Sioux Falls SD listings scraped: 0
[02:12:21] [INFO]   Dakota Wesleyan University SD listings scraped: 0
[02:12:21] [INFO]   South Dakota Board of Regents SD listings scraped: 45
[02:12:21] [INFO]   University of Nebraska Omaha NE listings scraped: 14
[02:12:21] [INFO]   University of Nebraska Medical Center NE listings scraped: 0
[02:12:21] [INFO]   Creighton University NE listings scraped: 1
[02:12:21] [INFO]   University of Michigan MI listings scraped: 236
[02:12:21] [INFO]   Erie Community College NY listings scraped: 0
[02:12:21] [INFO]   Erie Community College NY listings scraped: 0
[02:12:21] [INFO]   Iowa State University IA: API failed, falling back to browser
[02:12:21] [INFO]   University of Northern Iowa IA: API error, falling back to browser - Unexpected token '<', "<!DOCTYPE "... is not valid JSON
[02:12:21] [INFO]   Nebraska Wesleyan University NE listings scraped: 0
[02:12:21] [INFO]   Bryan College of Health Sciences NE listings scraped: 0
[02:12:21] [INFO]   Doane University NE listings scraped: 0
[02:12:21] [INFO]   University of Iowa IA listings scraped: 6
[02:12:21] [INFO]   CHI Health School of Radiologic Technology NE listings scraped: 0
[02:12:21] [INFO]   Central Community College NE listings scraped: 0
[02:12:21] [INFO]   Grinnell College IA listings scraped: 5
[02:12:21] [INFO]   Drake University IA listings scraped: 7
[02:12:21] [INFO]   Bellevue University NE listings scraped: 0
[02:12:21] [INFO]   Dunwoody College of Technology MN listings scraped: 0
[02:12:21] [INFO]   Dunwoody College of Technology MN listings scraped: 0
[02:12:21] [INFO]   Mercy-St Luke's School of Radiologic Technology IA listings scraped: 0
[02:12:21] [INFO]   Chadron State College NE listings scraped: 1
[02:12:21] [INFO]   University of Nebraska-Lincoln NE listings scraped: 171
[02:12:21] [INFO]   College of Saint Mary NE listings scraped: 0
[02:12:21] [INFO]   Luther College IA listings scraped: 0
[02:12:21] [INFO]   Wyoming Catholic College WY listings scraped: 0
[02:12:21] [INFO]   Central Wyoming College WY listings scraped: 2
[02:12:21] [INFO]   Clarkson College NE listings scraped: 0
[02:12:21] [INFO]   ↪️  Casper College: generic page hands off to schooljobs
[02:12:21] [INFO]   UnityPoint Health-Des Moines School of Radiologic Technology IA listings scraped: 0
[02:12:21] [INFO]   University of Wyoming WY listings scraped (REST): 25
[02:12:21] [INFO]   Concordia University-Nebraska NE listings scraped: 0
[02:12:21] [INFO]   UW-Madison WI: API failed, falling back to browser
[02:12:21] [INFO]   UW-Milwaukee WI: API failed, falling back to browser
[02:12:21] [INFO]   UW System Comprehensives WI: API failed, falling back to browser
[02:12:21] [INFO]   Allen College IA listings scraped: 0
[02:12:21] [INFO]   Briar Cliff University IA listings scraped: 0
[02:12:21] [INFO]   Eastern Wyoming College WY listings scraped: 0
[02:12:21] [INFO]   Casper College WY listings scraped: 1
[02:12:21] [INFO]   University of Montana MT listings scraped: 7
[02:12:21] [INFO]   Buena Vista University IA listings scraped: 0
[02:12:21] [INFO]   Marquette University WI listings scraped: 78
[02:12:21] [INFO]   Central College IA listings scraped: 0
[02:12:21] [INFO]   Carroll College MT listings scraped: 0
[02:12:21] [INFO]   Aaniiih Nakoda College MT listings scraped: 6
[02:12:21] [INFO]   Rocky Mountain College MT listings scraped: 0
[02:12:21] [INFO]   Clarke University IA listings scraped: 0
[02:12:21] [INFO]   Iowa State University IA listings scraped: 0
[02:12:21] [INFO]   ↪️  Lawrence University: generic page hands off to peopleadmin
[02:12:21] [INFO]   Montana State University MT listings scraped: 101
[02:12:21] [INFO]   University of Northern Iowa IA listings scraped: 0
[02:12:21] [INFO]   UCCS CO Taleo listings scraped: 3
[02:12:21] [INFO]   CU Anschutz CO Taleo listings scraped: 3
[02:12:21] [INFO]   CU Denver CO Taleo listings scraped: 3
[02:12:21] [INFO]   Colorado School of Mines CO: API failed, falling back to browser
[02:12:21] [INFO]   CU Boulder CO listings scraped: 0
[02:12:21] [INFO]   Lawrence University WI listings scraped: 0
[02:12:21] [INFO]   Lawrence University WI listings scraped: 0
[02:12:21] [INFO]   Colorado State University CO listings scraped: 4 (API)
[02:12:21] [INFO]   Coe College IA listings scraped: 0
[02:12:21] [INFO]   Chief Dull Knife College MT listings scraped: 0
[02:12:21] [INFO]   Cornell College IA listings scraped: 0
[02:12:21] [INFO]   Des Moines Area Community College IA listings scraped: 0
[02:12:21] [INFO]   University of Denver CO listings scraped: 0
[02:12:21] [INFO]   Blackfeet Community College MT listings scraped: 0
[02:12:21] [INFO]   Des Moines University-Osteopathic Medical Center IA listings scraped: 0
[02:12:21] [INFO]   Colorado College CO listings scraped: 0
[02:12:21] [INFO]   Colorado School of Mines CO listings scraped: 0
[02:12:21] [INFO]   ↪️  Adams State University: generic page hands off to workday
[02:12:21] [INFO]   Adams State University CO: API failed, falling back to browser
[02:12:21] [INFO]   Dawson Community College MT listings scraped: 0
[02:12:21] [INFO]   Fort Peck Community College MT listings scraped: 0
[02:12:21] [INFO]   Divine Word College IA listings scraped: 0
[02:12:21] [INFO]   Dordt University IA listings scraped: 0
[02:12:21] [INFO]   Eastern Iowa Community College District IA listings scraped: 0
[02:12:21] [INFO]   St. Norbert College WI listings scraped: 0
[02:12:21] [INFO]   Ellsworth Community College IA listings scraped: 0
[02:12:21] [INFO]   Arapahoe Community College CO listings scraped: 1
[02:12:21] [INFO]   Aims Community College CO listings scraped: 0
[02:12:21] [INFO]   Emmaus Bible College IA listings scraped: 0
[02:12:21] [INFO]   Faith Baptist Bible College and Theological Seminary IA listings scraped: 0
[02:12:21] [INFO]   Ohio State University OH: API failed, falling back to browser
[02:12:21] [INFO]   University of Toledo OH: API failed, falling back to browser
[02:12:21] [INFO]   Alverno College WI listings scraped: 0
[02:12:21] [INFO]   Colorado Christian University CO listings scraped: 2
[02:12:21] [INFO]   Colorado Mesa University CO listings scraped: 0
[02:12:21] [INFO]   Casa Loma College - Aurora CO listings scraped: 0
[02:12:21] [INFO]   Kent State University OH listings scraped: 0
[02:12:21] [INFO]   Bellin College WI listings scraped: 1
[02:12:21] [INFO]   Colorado Northwestern Community College CO listings scraped: 0
[02:12:21] [INFO]   Ohio University OH listings scraped: 41
[02:12:21] [INFO]   UW System Comprehensives WI listings scraped: 0
[02:12:21] [INFO]   UW-Madison WI listings scraped: 0
[02:12:21] [INFO]   UW-Milwaukee WI listings scraped: 0
[02:12:21] [INFO]   Colorado Mountain College CO listings scraped: 0
[02:12:21] [INFO]   Cleveland State University OH listings scraped: 61
[02:12:21] [INFO]   Colorado State University Pueblo CO listings scraped: 0
[02:12:21] [INFO]   ↪️  Blackhawk Technical College: generic page hands off to icims
[02:12:21] [INFO]   Wright State University OH listings scraped: 0
[02:12:21] [INFO]   Bryant & Stratton College-Wauwatosa WI listings scraped: 0
[02:12:21] [INFO]   Carthage College WI listings scraped: 0
[02:12:21] [INFO]   Carroll University WI listings scraped: 0
[02:12:21] [INFO]   University of Cincinnati OH listings scraped: 0
[02:12:21] [INFO]   Blackhawk Technical College WI listings scraped: 0
[02:12:21] [INFO]   Blackhawk Technical College WI listings scraped: 0
[02:12:21] [INFO]   Case Western Reserve University OH listings scraped: 0
[02:12:21] [INFO]   ↪️  Chippewa Valley Technical College: generic page hands off to icims
[02:12:21] [INFO]   Community College of Aurora CO listings scraped: 0
[02:12:21] [INFO]   Colorado State University-System Office CO listings scraped: 1
[02:12:21] [INFO]   University of Dayton OH listings scraped: 1
[02:12:21] [INFO]   Concordia University-Wisconsin WI listings scraped: 0
[02:12:21] [INFO]   Edgewood College WI listings scraped: 4
[02:12:21] [INFO]   College of Menominee Nation WI listings scraped: 0
[02:12:21] [INFO]   Chippewa Valley Technical College WI listings scraped: 0
[02:12:21] [INFO]   Chippewa Valley Technical College WI listings scraped: 0
[02:12:21] [INFO]   ↪️  Community College of Denver: generic page hands off to schooljobs
[02:12:21] [INFO]   Oberlin College OH listings scraped: 60
[02:12:21] [INFO]   Denver Seminary CO listings scraped: 1
[02:12:21] [INFO]   Fox Valley Technical College WI listings scraped: 0
[02:12:21] [INFO]   Colorado State University Global CO listings scraped: 0
[02:12:21] [INFO]   Adams State University CO listings scraped: 0
[02:12:21] [INFO]   Adams State University CO listings scraped: 0
[02:12:21] [INFO]   Denison University OH listings scraped: 0
[02:12:21] [INFO]   Kenyon College OH listings scraped: 0
[02:12:21] [INFO]   St. John's College (Santa Fe) NM listings scraped: 0
[02:12:21] [INFO]   ↪️  Fort Lewis College: generic page hands off to workday
[02:12:21] [INFO]   New Mexico State University NM listings scraped: 0
[02:12:21] [INFO]   Fort Lewis College CO: API failed, falling back to browser
[02:12:21] [INFO]   ↪️  Central New Mexico Community College: generic page hands off to workday
[02:12:21] [INFO]   Central New Mexico Community College NM: API failed, falling back to browser
[02:12:21] [INFO]   Community College of Denver CO listings scraped: 0
[02:12:21] [INFO]   Community College of Denver CO listings scraped: 0
[02:12:21] [INFO]   Front Range Community College CO listings scraped: 0
[02:12:21] [INFO]   Flathead Valley Community College MT listings scraped: 1
[02:12:21] [INFO]   University of Nevada, Reno NV: API failed, falling back to browser
[02:12:21] [INFO]   University of Nevada, Las Vegas NV: API failed, falling back to browser
[02:12:21] [INFO]   Nevada State University NV: API failed, falling back to browser
[02:12:21] [INFO]   Ohio State University OH listings scraped: 0
[02:12:21] [INFO]   Cleveland Clinic Health System-School of Diagnostic Imaging OH listings scraped: 0
[02:12:21] [INFO]   Kent State University at Ashtabula OH listings scraped: 0
[02:12:21] [INFO]   Eastern New Mexico University-Main Campus NM listings scraped: 1
[02:12:21] [INFO]   Kent State University at East Liverpool OH listings scraped: 0
[02:12:21] [INFO]   College of Southern Nevada NV listings scraped: 0
[02:12:21] [INFO]   Kent State University at Geauga OH listings scraped: 0
[02:12:21] [INFO]   Kent State University at Salem OH listings scraped: 0
[02:12:21] [INFO]   Eastern New Mexico University Ruidoso Branch Community College NM listings scraped: 0
[02:12:21] [INFO]   Kent State University at Stark OH listings scraped: 0
[02:12:21] [INFO]   Eastern New Mexico University-Roswell Campus NM listings scraped: 1
[02:12:21] [INFO]   Kent State University at Trumbull OH listings scraped: 0
[02:12:21] [INFO]   Kent State University at Tuscarawas OH listings scraped: 0
[02:12:21] [INFO]   University of Toledo OH listings scraped: 0
[02:12:21] [INFO]   Miami University-Hamilton OH listings scraped: 2
[02:12:21] [INFO]   Miami University-Middletown OH listings scraped: 2
[02:12:21] [INFO]   Ohio University-Chillicothe Campus OH listings scraped: 0
[02:12:21] [INFO]   Ohio University-Eastern Campus OH listings scraped: 0
[02:12:21] [INFO]   Ohio University-Lancaster Campus OH listings scraped: 0
[02:12:21] [INFO]   Ohio University-Southern Campus OH listings scraped: 0
[02:12:21] [INFO]   Ohio University-Zanesville Campus OH listings scraped: 0
[02:12:21] [INFO]   Firelands Regional Medical Center School of Nursing OH listings scraped: 0
[02:12:21] [INFO]   Rabbinical College Telshe OH listings scraped: 0
[02:12:21] [INFO]   Remington College-Cleveland Campus OH listings scraped: 0
[02:12:21] [INFO]   Toledo Public Schools Adult and Continuing Education OH listings scraped: 0
[02:12:21] [INFO]   Air Force Institute of Technology-Graduate School of Engineering & Management OH listings scraped: 0
[02:12:21] [INFO]   Antioch College OH listings scraped: 1
[02:12:21] [INFO]   Allegheny Wesleyan College OH listings scraped: 0
[02:12:21] [INFO]   Antioch University OH listings scraped: 0
[02:12:21] [INFO]   Antioch University-System Administration OH listings scraped: 0
[02:12:21] [INFO]   Art Academy of Cincinnati OH listings scraped: 0
[02:12:21] [INFO]   Fort Lewis College CO listings scraped: 0
[02:12:21] [INFO]   Fort Lewis College CO listings scraped: 0
[02:12:21] [INFO]   Central New Mexico Community College NM listings scraped: 0
[02:12:21] [INFO]   Central New Mexico Community College NM listings scraped: 0
[02:12:21] [INFO]   Ashland University OH listings scraped: 0
[02:12:21] [INFO]   University of Nevada, Las Vegas NV listings scraped: 0
[02:12:21] [INFO]   University of Nevada, Reno NV listings scraped: 0
[02:12:21] [INFO]   Nevada State University NV listings scraped: 0
[02:12:21] [INFO]   Athenaeum of Ohio OH listings scraped: 0
[02:12:21] [INFO]   Weber State University UT listings scraped: 11
[02:12:21] [INFO]   Aultman College of Nursing and Health Sciences OH listings scraped: 0
[02:12:21] [INFO]   Baldwin Wallace University OH listings scraped: 0
[02:12:21] [INFO]   Utah Tech University UT listings scraped: 0
[02:12:21] [INFO]   University of Idaho ID listings scraped: 27
[02:12:21] [INFO]   Bluffton University OH listings scraped: 2
[02:12:21] [INFO]   Lewis-Clark State College ID listings scraped: 2
[02:12:21] [INFO]   Bowling Green State University-Firelands OH listings scraped: 1
[02:12:21] [INFO]   Southern Utah University UT listings scraped: 2
[02:12:21] [INFO]   Utah Valley University UT listings scraped: 2
[02:12:21] [INFO]   ↪️  Bowling Green State University-Main Campus: generic page hands off to schooljobs
[02:12:21] [INFO]   Utah State University UT listings scraped: 0
[02:12:21] [INFO]   Bowling Green State University-Main Campus OH listings scraped: 0
[02:12:21] [INFO]   Bowling Green State University-Main Campus OH listings scraped: 0
[02:12:21] [INFO]   The College of Idaho ID listings scraped: 0
[02:12:21] [INFO]   Boise Bible College ID listings scraped: 0
[02:12:21] [INFO]   Bryant & Stratton College-Parma OH listings scraped: 0
[02:12:21] [INFO]   Belmont College OH listings scraped: 0
[02:12:21] [INFO]   Brigham Young University UT listings scraped: 1
[02:12:21] [INFO]   Capital University OH listings scraped: 0
[02:12:21] [INFO]   Ensign College UT listings scraped: 0
[02:12:21] [INFO]   Cedarville University OH listings scraped: 0
[02:12:21] [INFO]   ↪️  College of Eastern Idaho: generic page hands off to schooljobs
[02:12:21] [INFO]   Westminster University (Utah) UT listings scraped: 2
[02:12:21] [INFO]   Central Ohio Technical College OH listings scraped: 0
[02:12:21] [INFO]   Central State University OH listings scraped: 0
[02:12:21] [INFO]   Brigham Young University-Idaho ID listings scraped: 0
[02:12:21] [INFO]   Cincinnati College of Mortuary Science OH listings scraped: 0
[02:12:21] [INFO]   College of Eastern Idaho ID listings scraped: 2
[02:12:21] [INFO]   Clark State College OH listings scraped: 0
[02:12:21] [INFO]   Cincinnati State Technical and Community College OH listings scraped: 0
[02:12:21] [INFO]   Idaho State University ID listings scraped: 11
[02:12:21] [INFO]   College of Southern Idaho ID listings scraped: 0
[02:12:21] [INFO]   Cleveland Institute of Art OH listings scraped: 0
[02:12:21] [INFO]   Cleveland Institute of Music OH listings scraped: 0
[02:12:21] [INFO]   College of Western Idaho ID listings scraped: 0
[02:12:21] [INFO]   Columbus College of Art & Design OH listings scraped: 0
[02:12:21] [INFO]   Collins Career Technical Center OH listings scraped: 0
[02:12:21] [INFO]   ↪️  Cuyahoga Community College District: generic page hands off to csod
[02:12:21] [INFO]   Columbus State Community College OH listings scraped: 0
[02:12:21] [INFO]   Eastern Gateway Community College OH listings scraped: 0
[02:12:21] [INFO]   Defiance College OH listings scraped: 1
[02:12:21] [INFO]   Edison State Community College OH listings scraped: 0
[02:12:21] [INFO]   Franciscan University of Steubenville OH listings scraped: 1
[02:12:21] [INFO]   Franklin University OH listings scraped: 0
[02:12:21] [INFO]   Northwest Nazarene University ID listings scraped: 0
[02:12:21] [INFO]   University of Utah UT listings scraped: 373
[02:12:21] [INFO]   Ball State University IN listings scraped: 0
[02:12:21] [INFO]   Cuyahoga Community College District OH listings scraped: 0
[02:12:21] [INFO]   Cuyahoga Community College District OH listings scraped: 0
[02:12:21] [INFO]   Indiana State University IN listings scraped: 7
[02:12:21] [INFO]   Butler University IN: API failed, falling back to browser
[02:12:21] [INFO]   University of Southern Indiana IN listings scraped: 0
[02:12:21] [INFO]   Georgia State University GA listings scraped: 28
[02:12:21] [INFO]   DePauw University IN: API error, falling back to browser - Unexpected token '<', "<!DOCTYPE "... is not valid JSON
[02:12:21] [INFO]   University of Charleston WV listings scraped: 0
[02:12:21] [INFO]   Spelman College GA listings scraped: 3
[02:12:21] [INFO]   West Virginia State University WV listings scraped: 1
[02:12:21] [INFO]   University of North Georgia GA listings scraped: 0
[02:12:21] [INFO]   Marshall University WV listings scraped: 105
[02:12:21] [INFO]   Indiana University IN listings scraped: 116
[02:12:21] [INFO]   Abraham Baldwin Agricultural College GA listings scraped: 0
[02:12:21] [INFO]   West Virginia Wesleyan College WV listings scraped: 0
[02:12:21] [INFO]   Purdue University IN listings scraped: 0
[02:12:21] [INFO]   West Virginia University WV Taleo listings scraped: 13
[02:12:21] [INFO]   Agnes Scott College GA listings scraped: 0
[02:12:21] [INFO]   University of Georgia GA listings scraped: 104
[02:12:21] [INFO]   Mercer County Technical Education Center WV listings scraped: 0
[02:12:21] [INFO]   Wabash College IN listings scraped: 0
[02:12:21] [INFO]   Albany State University GA listings scraped: 0
[02:12:21] [INFO]   Appalachian Bible College WV listings scraped: 0
[02:12:21] [INFO]   West Virginia University Hospital Departments of Rad Tech and Nutrition WV listings scraped: 0
[02:12:21] [INFO]   Bethany College (WV) WV listings scraped: 0
[02:12:21] [INFO]   Albany Technical College GA listings scraped: 0
[02:12:21] [INFO]   Andrew College GA listings scraped: 0
[02:12:21] [INFO]   Marian University-Ancilla IN listings scraped: 0
[02:12:21] [INFO]   Athens Technical College GA listings scraped: 1
[02:12:21] [INFO]   Bluefield State University WV listings scraped: 1
[02:12:21] [INFO]   BridgeValley Community & Technical College WV listings scraped: 0
[02:12:21] [INFO]   Bethany College WV listings scraped: 0
[02:12:21] [INFO]   Trine University-Regional/Non-Traditional Campuses IN listings scraped: 10
[02:12:21] [INFO]   Atlanta Metropolitan State College GA listings scraped: 0
[02:12:21] [INFO]   Concord University WV listings scraped: 1
[02:12:21] [INFO]   Atlanta's John Marshall Law School GA listings scraped: 3
[02:12:21] [INFO]   ↪️  Atlanta Technical College: generic page hands off to taleo
[02:12:21] [INFO]   Catholic International University WV listings scraped: 0
[02:12:21] [INFO]   Augusta Technical College GA listings scraped: 0
[02:12:21] [INFO]   Earlham College IN listings scraped: 0
[02:12:21] [INFO]   Davis & Elkins College WV listings scraped: 0
[02:12:21] [INFO]   Anabaptist Mennonite Biblical Seminary IN listings scraped: 0
[02:12:21] [INFO]   Augusta University GA listings scraped: 2
[02:12:21] [INFO]   Blue Ridge Community and Technical College WV listings scraped: 0
[02:12:21] [INFO]   Fairmont State University WV listings scraped: 0
[02:12:21] [INFO]   Eastern West Virginia Community and Technical College WV listings scraped: 0
[02:12:21] [INFO]   Berry College GA listings scraped: 1
[02:12:21] [INFO]   Fred W Eberle Technical Center WV listings scraped: 0
[02:12:21] [INFO]   Bethany Theological Seminary IN listings scraped: 0
[02:12:21] [INFO]   Atlanta Technical College GA Taleo listings scraped: 1
[02:12:21] [INFO]   Calumet College of Saint Joseph IN listings scraped: 0
[02:12:21] [INFO]   Brenau University GA listings scraped: 0
[02:12:21] [INFO]   DePauw University IN listings scraped: 0
[02:12:21] [INFO]   Auburn University AL listings scraped: 0
[02:12:21] [INFO]   University of Alabama AL listings scraped: 0
[02:12:21] [INFO]   University of South Alabama AL listings scraped: 19
[02:12:21] [INFO]   Brewton-Parker College GA listings scraped: 0
[02:12:21] [INFO]   Beulah Heights University GA listings scraped: 0
[02:12:21] [INFO]   Chattahoochee Technical College GA listings scraped: 0
[02:12:21] [INFO]   Butler University IN listings scraped: 0
[02:12:21] [INFO]   Central Georgia Technical College GA listings scraped: 0
[02:12:21] [INFO]   Remington College-Mobile Campus AL listings scraped: 0
[02:12:21] [INFO]   ↪️  Alabama College of Osteopathic Medicine override URL applied
[02:12:21] [INFO]   Clayton State University GA listings scraped: 0
[02:12:21] [INFO]   Spring Hill College AL listings scraped: 0
[02:12:21] [INFO]   Alabama College of Osteopathic Medicine AL listings scraped: 4
[02:12:21] [INFO]   Concordia Theological Seminary IN listings scraped: 0
[02:12:21] [INFO]   Alabama A & M University AL listings scraped: 0
[02:12:21] [INFO]   Coastal Pines Technical College GA listings scraped: 0
[02:12:21] [INFO]   Franklin College IN listings scraped: 1
[02:12:21] [INFO]   ↪️  Columbia Theological Seminary override URL applied
[02:12:21] [INFO]   Christian Theological Seminary IN listings scraped: 0
[02:12:21] [INFO]   Clark Atlanta University GA listings scraped: 0
[02:12:21] [INFO]   University of Mississippi MS listings scraped: 11 (API)
[02:12:21] [INFO]   Alabama State University AL listings scraped: 0
[02:12:21] [INFO]   ↪️  Auburn University at Montgomery override URL applied
[02:12:21] [INFO]   Amridge University AL listings scraped: 0
[02:12:21] [INFO]   Athens State University AL listings scraped: 0
[02:12:21] [INFO]   College of Coastal Georgia GA listings scraped: 0
[02:12:21] [INFO]   Delta State University MS listings scraped: 44
[02:12:21] [INFO]   Mississippi University for Women MS listings scraped: 43
[02:12:21] [INFO]   Columbus State University GA listings scraped: 0
[02:12:21] [INFO]   Millsaps College MS listings scraped: 1
[02:12:21] [INFO]   Columbia Theological Seminary GA listings scraped: 0
[02:12:21] [INFO]   Alcorn State University MS listings scraped: 1
[02:12:21] [INFO]   College of Athens GA listings scraped: 0
[02:12:21] [INFO]   ↪️  Auburn University at Montgomery: scraped 50 listings via scrapeJibeApi
[02:12:21] [INFO]   University of Alabama at Birmingham AL listings scraped: 366
[02:12:21] [INFO]   Blue Mountain Christian University MS listings scraped: 0
[02:12:21] [INFO]   Belhaven University MS listings scraped: 0
[02:12:21] [INFO]   Bishop State Community College AL listings scraped: 0
[02:12:21] [INFO]   Bevill State Community College AL listings scraped: 1
[02:12:21] [INFO]   Covenant College GA listings scraped: 0
[02:12:21] [INFO]   Dalton State College GA listings scraped: 0
[02:12:21] [INFO]   Coahoma Community College MS listings scraped: 0
[02:12:21] [INFO]   Board of Trustees-Mississippi State Institutions of Higher Learning MS listings scraped: 0
[02:12:21] [INFO]   East Georgia State College GA listings scraped: 0
[02:12:21] [INFO]   Columbus Technical College GA listings scraped: 0
[02:12:21] [INFO]   Central Alabama Community College AL listings scraped: 0
[02:12:21] [INFO]   Coastal Alabama Community College AL listings scraped: 1
[02:12:21] [INFO]   ↪️  Faulkner University override URL applied
[02:12:21] [INFO]   Chattahoochee Valley Community College AL listings scraped: 0
[02:12:21] [INFO]   Emmanuel University GA listings scraped: 0
[02:12:21] [INFO]   East Central Community College MS listings scraped: 0
[02:12:21] [INFO]   Copiah-Lincoln Community College MS listings scraped: 0
[02:12:21] [INFO]   Enterprise State Community College AL listings scraped: 0
[02:12:21] [INFO]   Emory University GA listings scraped: 0
[02:12:21] [INFO]   East Mississippi Community College MS listings scraped: 0
[02:12:21] [INFO]   Louisiana State University LA: API failed, falling back to browser
[02:12:21] [INFO]   University of New Mexico NM listings scraped: 63
[02:12:21] [INFO]   Faulkner University AL listings scraped: 2
[02:12:21] [INFO]   University of Arkansas AR: API error, falling back to browser - Unexpected token '<', "<!DOCTYPE "... is not valid JSON
[02:12:21] [INFO]   Fort Valley State University GA listings scraped: 0
[02:12:21] [INFO]   Louisiana Tech University LA listings scraped: 4
[02:12:21] [INFO]   ↪️  Emory University-Oxford College: generic page hands off to icims
[02:12:21] [INFO]   Baton Rouge General Medical Center School of Nursing & School of Radiologic Technology LA listings scraped: 0
[02:12:21] [INFO]   Cossatot Community College of the University of Arkansas AR listings scraped: 0
[02:12:21] [INFO]   Dillard University LA listings scraped: 0
[02:12:21] [INFO]   Baker University KS listings scraped: 1
[02:12:21] [INFO]   University of Central Arkansas AR listings scraped: 43
[02:12:21] [INFO]   Kansas State University KS listings scraped: 0
[02:12:21] [INFO]   ↪️  University of Arkansas at Little Rock: generic page hands off to workday
[02:12:21] [INFO]   University of Arkansas at Little Rock AR: API error, falling back to browser - Unexpected token '<', "<!DOCTYPE "... is not valid JSON
[02:12:21] [INFO]   ↪️  Southwestern College (KS): generic page hands off to paycom
[02:12:21] [INFO]   University of Kansas KS listings scraped: 11
[02:12:21] [INFO]   Emory University-Oxford College GA listings scraped: 0
[02:12:21] [INFO]   Emory University-Oxford College GA listings scraped: 0
[02:12:21] [INFO]   Remington College-Lafayette Campus LA listings scraped: 0
[02:12:21] [INFO]   University of Arkansas Hope-Texarkana AR listings scraped: 0
[02:12:21] [INFO]   Remington College-Shreveport Campus LA listings scraped: 0
[02:12:21] [INFO]   Arkansas Baptist College AR listings scraped: 0
[02:12:21] [INFO]   Allen County Community College KS listings scraped: 0
[02:12:21] [INFO]   Barclay College KS listings scraped: 0
[02:12:21] [INFO]   Oklahoma State University OK listings scraped: 0
[02:12:21] [INFO]   Autry Technology Center OK listings scraped: 0
[02:12:21] [INFO]   Cameron University OK listings scraped: 7
[02:12:21] [INFO]   Remington College-Baton Rouge Campus LA listings scraped: 0
[02:12:21] [INFO]   Canadian Valley Technology Center OK listings scraped: 1
[02:12:21] [INFO]   Barton County Community College KS listings scraped: 0
[02:12:21] [INFO]   The Chicago School at Xavier University of Louisiana LA listings scraped: 0
[02:12:21] [INFO]   Benedictine College KS listings scraped: 4
[02:12:21] [INFO]   Bethel College-North Newton KS listings scraped: 1
[02:12:21] [INFO]   Arkansas Colleges of Health Education AR listings scraped: 0
[02:12:21] [INFO]   Arkansas Northeastern College AR listings scraped: 0
[02:12:21] [INFO]   Baton Rouge Community College LA listings scraped: 1
[02:12:21] [INFO]   College of the Muscogee Nation OK listings scraped: 0
[02:12:21] [INFO]   Butler Community College KS listings scraped: 3
[02:12:21] [INFO]   Connors State College OK listings scraped: 0
[02:12:21] [INFO]   Bridges Christian College LA listings scraped: 0
[02:12:21] [INFO]   Bossier Parish Community College LA listings scraped: 0
[02:12:21] [INFO]   Central Christian College of Kansas KS listings scraped: 0
[02:12:21] [INFO]   ↪️  Arkansas State University: generic page hands off to taleo
[02:12:21] [INFO]   Cleveland University-Kansas City KS listings scraped: 1
[02:12:21] [INFO]   ↪️  Community Care College: generic page hands off to paycom
[02:12:21] [INFO]   Carl Albert State College OK listings scraped: 0
[02:12:21] [INFO]   East Central University OK listings scraped: 0
[02:12:21] [INFO]   Centenary College of Louisiana LA listings scraped: 0
[02:12:21] [INFO]   Central Louisiana Technical Community College LA listings scraped: 0
[02:12:21] [INFO]   Cloud County Community College KS listings scraped: 0
[02:12:21] [INFO]   Coffeyville Community College KS listings scraped: 0
[02:12:21] [INFO]   Colby Community College KS listings scraped: 0
[02:12:21] [INFO]   Arkansas State University Mid-South AR listings scraped: 0
[02:12:21] [INFO]   Delgado Community College LA listings scraped: 0
[02:12:21] [INFO]   Eastern Oklahoma State College OK listings scraped: 0
[02:12:21] [INFO]   Fletcher Technical Community College LA listings scraped: 0
[02:12:21] [INFO]   Cowley County Community College KS listings scraped: 0
[02:12:21] [INFO]   Louisiana State University LA listings scraped: 0
[02:12:21] [INFO]   Donnelly College KS listings scraped: 0
[02:12:21] [INFO]   Arkansas State University AR Taleo listings scraped: 0
[02:12:21] [INFO]   Arkansas State University AR listings scraped: 0
[02:12:21] [INFO]   Family of Faith Christian University OK listings scraped: 0
[02:12:21] [INFO]   Franciscan Missionaries of Our Lady University LA listings scraped: 0
[02:12:21] [INFO]   University of Arkansas AR listings scraped: 0
[02:12:21] [INFO]   Dodge City Community College KS listings scraped: 0
[02:12:21] [INFO]   Arkansas State University System AR listings scraped: 0
[02:12:21] [INFO]   Community Care College OK listings scraped: 9
[02:12:21] [INFO]   Washington University in St. Louis MO: API error, falling back to browser - Unexpected token '<', "<!DOCTYPE "... is not valid JSON
[02:12:21] [INFO]   Digital Media Institute LA listings scraped: 0
[02:12:21] [INFO]   Emporia State University KS listings scraped: 0
[02:12:21] [INFO]   Missouri State University MO listings scraped: 8
[02:12:21] [INFO]   ↪️  Arkansas State University Three Rivers: generic page hands off to taleo
[02:12:21] [INFO]   Flint Hills Technical College KS listings scraped: 0
[02:12:21] [INFO]   Arkansas State University-Beebe AR listings scraped: 1
[02:12:21] [INFO]   Fort Hays State University KS listings scraped: 1
[02:12:21] [INFO]   Southwestern College (KS) KS listings scraped: 0
[02:12:21] [INFO]   Southwestern College (KS) KS listings scraped: 0
[02:12:21] [INFO]   ↪️  Arkansas State University-Mountain Home: generic page hands off to taleo
[02:12:21] [INFO]   Northern Kentucky University KY listings scraped: 0
[02:12:21] [INFO]   Murray State University KY listings scraped: 24
[02:12:21] [INFO]   University of Arkansas at Little Rock AR listings scraped: 0
[02:12:21] [INFO]   University of Arkansas at Little Rock AR listings scraped: 0
[02:12:21] [INFO]   Drury University-College of Continuing Professional Studies MO listings scraped: 1
[02:12:21] [INFO]   Missouri University of Science and Technology MO listings scraped: 1
[02:12:21] [INFO]   ↪️  Urshan Graduate School of Theology: generic page hands off to paycom
[02:12:21] [INFO]   Fort Hays State University-Northwest Kansas Technical College KS listings scraped: 1
[02:12:21] [INFO]   Gateway Community and Technical College KY listings scraped: 0
[02:12:21] [INFO]   Morehead State University KY listings scraped: 36
[02:12:21] [INFO]   Fort Hays Tech North Central KS listings scraped: 0
[02:12:21] [INFO]   Friends University KS listings scraped: 0
[02:12:21] [INFO]   Arkansas Tech University AR listings scraped: 0
[02:12:21] [INFO]   Alice Lloyd College KY listings scraped: 0
[02:12:21] [INFO]   Aquinas Institute of Theology MO listings scraped: 0
[02:12:21] [INFO]   Arkansas State University Three Rivers AR Taleo listings scraped: 0
[02:12:21] [INFO]   Arkansas State University Three Rivers AR listings scraped: 0
[02:12:21] [INFO]   Arkansas State University-Mountain Home AR Taleo listings scraped: 0
[02:12:21] [INFO]   Arkansas State University-Mountain Home AR listings scraped: 0
[02:12:21] [INFO]   ↪️  Asbury Theological Seminary: generic page hands off to paycom
[02:12:21] [INFO]   A T Still University of Health Sciences MO listings scraped: 0
[02:12:21] [INFO]   Hopkinsville Community College KY listings scraped: 0
[02:12:21] [INFO]   Asbury University KY listings scraped: 0
[02:12:21] [INFO]   Ashland Community and Technical College KY listings scraped: 0
[02:12:21] [INFO]   Baptist Health College Little Rock AR listings scraped: 0
[02:12:21] [INFO]   Arkansas State University-Newport AR listings scraped: 0
[02:12:21] [INFO]   Avila University MO listings scraped: 1
[02:12:21] [INFO]   ↪️  Crowley's Ridge College override URL applied
[02:12:21] [INFO]   Barnes-Jewish College Goldfarb School of Nursing MO listings scraped: 0
[02:12:21] [INFO]   Urshan Graduate School of Theology MO listings scraped: 2
[02:12:21] [INFO]   Bellarmine University KY listings scraped: 0
[02:12:21] [INFO]   Fort Scott Community College KS listings scraped: 0
[02:12:21] [INFO]   Black River Technical College AR listings scraped: 5
[02:12:21] [INFO]   ↪️  Middle Tennessee State University override URL applied
[02:12:21] [INFO]   ↪️  Remington College-Memphis Campus override URL applied
[02:12:21] [INFO]   ↪️  American Baptist College override URL applied
[02:12:21] [INFO]   ↪️  Remington College-Nashville Campus override URL applied
[02:12:21] [INFO]   Central Baptist College AR listings scraped: 0
[02:12:21] [INFO]   ↪️  Ecclesia College override URL applied
[02:12:21] [INFO]   Big Sandy Community and Technical College KY listings scraped: 0
[02:12:21] [INFO]   Champion Christian College AR listings scraped: 0
[02:12:21] [INFO]   Berea College KY listings scraped: 0
[02:12:21] [INFO]   Asbury Theological Seminary KY listings scraped: 9
[02:12:21] [INFO]   Bluegrass Community and Technical College KY listings scraped: 0
[02:12:21] [INFO]   East Arkansas Community College AR listings scraped: 3
[02:12:21] [INFO]   Middle Tennessee State University TN listings scraped: 0
[02:12:21] [INFO]   ↪️  Austin Peay State University override URL applied
[02:12:21] [INFO]   Calvary University MO listings scraped: 0
[02:12:21] [INFO]   ↪️  American Baptist College: scraped 1 listings via scrapeAdpApi
[02:12:21] [INFO]   ↪️  Remington College-Nashville Campus: scraped 7 listings via scrapeAdpApi
[02:12:21] [INFO]   ↪️  Baptist Health Sciences University override URL applied
[02:12:21] [INFO]   Remington College-Memphis Campus TN listings scraped: 0
[02:12:21] [INFO]   Central Christian College of the Bible MO listings scraped: 0
[02:12:21] [INFO]   ↪️  Belmont University override URL applied
[02:12:21] [INFO]   ↪️  Bethel University override URL applied
[02:12:21] [INFO]   Brescia University KY listings scraped: 2
[02:12:21] [INFO]   Crowley's Ridge College AR listings scraped: 0
[02:12:21] [INFO]   ↪️  Campbellsville University: generic page hands off to workday
[02:12:21] [INFO]   Campbellsville University KY: API failed, falling back to browser
[02:12:21] [INFO]   Centre College KY listings scraped: 0
[02:12:21] [INFO]   Bethel University TN listings scraped: 6
[02:12:21] [INFO]   ↪️  Bryan College-Dayton override URL applied
[02:12:21] [INFO]   Central Methodist University-College of Liberal Arts and Sciences MO listings scraped: 0
[02:12:21] [INFO]   Central Methodist University-College of Graduate and Extended Studies MO listings scraped: 0
[02:12:21] [INFO]   Baptist Health Sciences University TN listings scraped: 1
[02:12:21] [INFO]   Eastern Kentucky University KY listings scraped: 0
[02:12:21] [INFO]   Washington University in St. Louis MO listings scraped: 0
[02:12:21] [INFO]   ↪️  Austin Peay State University: scraped 7 listings via scrapeOracleCloudApi
[02:12:21] [INFO]   ↪️  Chattanooga State Community College override URL applied
[02:12:21] [INFO]   Elizabethtown Community and Technical College KY listings scraped: 0
[02:12:21] [INFO]   Ecclesia College AR listings scraped: 0
[02:12:21] [INFO]   ↪️  Alaska Pacific University override URL applied
[02:12:21] [INFO]   Clear Creek Baptist Bible College KY listings scraped: 0
[02:12:21] [INFO]   Bryan College-Dayton TN listings scraped: 0
[02:12:21] [INFO]   ↪️  Christian Brothers University override URL applied
[02:12:21] [INFO]   College of the Ozarks MO listings scraped: 0
[02:12:21] [INFO]   Bolivar Technical College MO listings scraped: 0
[02:12:21] [INFO]   City Vision University MO listings scraped: 0
[02:12:21] [INFO]   Carson-Newman University TN listings scraped: 0
[02:12:21] [INFO]   Frontier Nursing University KY listings scraped: 0
[02:12:21] [INFO]   ↪️  Cleveland State Community College override URL applied
[02:12:21] [INFO]   Conception Seminary College MO listings scraped: 0
[02:12:21] [INFO]   Chattanooga State Community College TN listings scraped: 6
[02:12:21] [INFO]   ↪️  Columbia State Community College override URL applied
[02:12:21] [INFO]   Alaska Bible College AK listings scraped: 0
[02:12:21] [INFO]   University of Alaska System AK listings scraped: 20
[02:12:21] [INFO]   Alaska Pacific University AK listings scraped: 1
[02:12:21] [INFO]   ↪️  Belmont University: scraped 19 listings via scrapeCsodApi
[02:12:21] [INFO]   Christian Brothers University TN listings scraped: 2
[02:12:21] [INFO]   ↪️  Cumberland University override URL applied
[02:12:21] [INFO]   ↪️  Dyersburg State Community College override URL applied
[02:12:21] [INFO]   Concordia Seminary MO listings scraped: 0
[02:12:21] [INFO]   ↪️  Cleveland State Community College: generic page hands off to pageup
[02:12:21] [INFO]   Alaska Christian College AK listings scraped: 0
[02:12:21] [INFO]   Columbia State Community College TN listings scraped: 1
[02:12:21] [INFO]   ↪️  East Tennessee State University override URL applied
[02:12:21] [INFO]   Covenant Theological Seminary MO listings scraped: 0
[02:12:21] [INFO]   Cottey College MO listings scraped: 0
[02:12:21] [INFO]   ↪️  Dyersburg State Community College: generic page hands off to pageup
[02:12:21] [INFO]   Cleveland State Community College TN listings scraped: 0
[02:12:21] [INFO]   Cleveland State Community College TN listings scraped: 0
[02:12:21] [INFO]   Crowder College MO listings scraped: 0
[02:12:21] [INFO]   Chaminade University of Honolulu HI listings scraped: 1
[02:12:21] [INFO]   Dyersburg State Community College TN listings scraped: 0
[02:12:21] [INFO]   Dyersburg State Community College TN listings scraped: 0
[02:12:21] [INFO]   ↪️  Freed-Hardeman University override URL applied
[02:12:21] [INFO]   Brigham Young University-Hawaii HI listings scraped: 0
[02:12:21] [INFO]   University of Hawaii System HI listings scraped: 10
[02:12:21] [INFO]   Culver-Stockton College MO listings scraped: 0
[02:12:21] [INFO]   University of Texas at Austin TX: API failed, falling back to browser
[02:12:21] [INFO]   Texas Tech University TX: API failed, falling back to browser
[02:12:21] [INFO]   ↪️  East Tennessee State University: scraped 47 listings via scrapeOracleCloudApi
[02:12:21] [INFO]   Drury University MO listings scraped: 1
[02:12:21] [INFO]   Texas A&M University TX listings scraped: 72
[02:12:21] [INFO]   East Central College MO listings scraped: 0
[02:12:21] [INFO]   Cox College MO listings scraped: 0
[02:12:21] [INFO]   ↪️  Fisk University: generic page hands off to paycom
[02:12:21] [INFO]   Freed-Hardeman University TN listings scraped: 6
[02:12:21] [INFO]   Eden Theological Seminary MO listings scraped: 0
[02:12:21] [INFO]   Evangel University MO listings scraped: 0
[02:12:21] [INFO]   ↪️  Cumberland University: scraped 7 listings via scrapePaycomApi
[02:12:21] [INFO]   Evangel University-James River Assembly of God Church MO listings scraped: 0
[02:12:21] [INFO]   Evangel University-College of Online Learning MO listings scraped: 0
[02:12:21] [INFO]   Campbellsville University KY listings scraped: 0
[02:12:21] [INFO]   Campbellsville University KY listings scraped: 0
[02:12:21] [INFO]   Fontbonne University MO listings scraped: 0
[02:12:21] [INFO]   University of Texas at Dallas TX listings scraped: 99
[02:12:21] [INFO]   Florida State University FL listings scraped: 0
[02:12:21] [INFO]   University of Central Florida FL listings scraped: 0
[02:12:21] [INFO]   Florida Atlantic University FL: API failed, falling back to browser
[02:12:21] [INFO]   University of South Florida FL listings scraped (REST): 25
[02:12:21] [INFO]   University of North Florida FL: API error, falling back to browser - Unexpected token '<', "<!DOCTYPE "... is not valid JSON
[02:12:21] [INFO]   University of Texas at Arlington TX listings scraped: 98
[02:12:21] [INFO]   University of Texas at Austin TX listings scraped: 0
[02:12:21] [INFO]   Fisk University TN listings scraped: 0
[02:12:21] [INFO]   Fisk University TN listings scraped: 0
[02:12:21] [INFO]   University of North Texas TX listings scraped: 0
[02:12:21] [INFO]   Rice University TX listings scraped: 0
[02:12:21] [INFO]   Baylor University TX listings scraped: 15
[02:12:21] [INFO]   Texas Christian University TX: API failed, falling back to browser
[02:12:21] [INFO]   Florida International University FL listings scraped: 0
[02:12:21] [INFO]   University of Miami FL: API error, falling back to browser - Unexpected token '<', "<!DOCTYPE "... is not valid JSON
[02:12:21] [INFO]   Texas Tech University TX listings scraped: 0
[02:12:21] [INFO]   Trinity University TX: API failed, falling back to browser
[02:12:21] [INFO]   University of Houston TX listings scraped: 459
[02:12:21] [INFO]   Florida Atlantic University FL listings scraped: 0
[02:12:21] [INFO]   University of North Florida FL listings scraped: 0
[02:12:21] [INFO]   Southern Methodist University TX Taleo listings scraped: 0
[02:12:21] [INFO]   Rollins College FL listings scraped: 0
[02:12:21] [INFO]   Nova Southeastern University FL listings scraped: 0
[02:12:21] [INFO]   Eckerd College FL listings scraped: 0
[02:12:21] [INFO]   Stetson University FL listings scraped: 0
[02:12:21] [INFO]   ↪️  Southwestern University: generic page hands off to schooljobs
[02:12:21] [INFO]   New College of Florida FL listings scraped: 0
[02:12:21] [INFO]   Southwestern University TX listings scraped: 4
[02:12:21] [INFO]   Florida Southern College FL listings scraped: 11
[02:12:21] [INFO]   Jacksonville University FL listings scraped: 0
[02:12:21] [INFO]   Texas Christian University TX listings scraped: 0
[02:12:21] [INFO]   Abilene Christian University-Undergraduate Online TX listings scraped: 0
[02:12:21] [INFO]   University of Miami FL listings scraped: 0
[02:12:21] [INFO]   Trinity University TX listings scraped: 0
[02:12:21] [INFO]   Alamo Community College District Central Office TX listings scraped: 0
[02:12:21] [INFO]   Dallas College TX listings scraped: 0
[02:12:21] [INFO]   Laredo College TX listings scraped: 0
[02:12:21] [INFO]   Erwin Technical College FL listings scraped: 0
[02:12:21] [INFO]   Northeast Lakeview College TX listings scraped: 0
[02:12:21] [INFO]   Northwest Vista College TX listings scraped: 0
[02:12:21] [INFO]   Palo Alto College TX listings scraped: 0
[02:12:21] [INFO]   H W Brewster Technical College FL listings scraped: 0
[02:12:21] [INFO]   Polytechnic University of Puerto Rico-Miami FL listings scraped: 0
[02:12:21] [INFO]   Remington College-Dallas Campus TX listings scraped: 0
[02:12:21] [INFO]   Remington College-Fort Worth Campus TX listings scraped: 0
[02:12:21] [INFO]   Remington College-Houston Southeast Campus TX listings scraped: 0
[02:12:21] [INFO]   Orange Technical College-East Campus FL listings scraped: 0
[02:12:21] [INFO]   Remington College-Online Dallas TX listings scraped: 0
[02:12:21] [INFO]   Orange Technical College-West Campus FL listings scraped: 0
[02:12:21] [INFO]   Remington College-North Houston Campus TX listings scraped: 0
[02:12:21] [INFO]   Polytechnic University of Puerto Rico-Orlando FL listings scraped: 0
[02:12:21] [INFO]   San Antonio College TX listings scraped: 0
[02:12:21] [INFO]   Southwest College for the Deaf TX listings scraped: 0
[02:12:21] [INFO]   St Philip's College TX listings scraped: 0
[02:12:21] [INFO]   Academy for Five Element Acupuncture FL listings scraped: 0
[02:12:21] [INFO]   Suncoast Technical College FL listings scraped: 0
[02:12:21] [INFO]   The Chicago School at Dallas TX listings scraped: 0
[02:12:21] [INFO]   Riveroak Technical College FL listings scraped: 0
[02:12:21] [INFO]   The Chicago School-College of Nursing TX listings scraped: 0
[02:12:21] [INFO]   Academy for Nursing and Health Occupations FL listings scraped: 0
[02:12:21] [INFO]   Abilene Christian University TX listings scraped: 0
[02:12:21] [INFO]   AdventHealth University FL listings scraped: 0
[02:12:21] [INFO]   Albizu University-Miami FL listings scraped: 0
[02:12:21] [INFO]   Alvin Community College TX listings scraped: 1
[02:12:21] [INFO]   Ana G. Mendez University FL listings scraped: 0
[02:12:21] [INFO]   Covenant School of Nursing and Allied Health TX listings scraped: 0
[02:12:21] [INFO]   Amarillo College TX listings scraped: 0
[02:12:21] [INFO]   Amberton University TX listings scraped: 0
[02:12:21] [INFO]   Atlantic Technical College FL listings scraped: 0
[02:12:21] [INFO]   Ave Maria School of Law FL listings scraped: 1
[02:12:21] [INFO]   Angelina College TX listings scraped: 0
[02:12:21] [INFO]   Angelo State University TX listings scraped: 0
[02:12:22] [INFO]   Atlantic Institute of Oriental Medicine FL listings scraped: 0
[02:12:22] [INFO]   Ave Maria University FL listings scraped: 0
[02:12:22] [INFO]   Arlington Baptist University TX listings scraped: 0
[02:12:22] [INFO]   Austin College TX listings scraped: 0
[02:12:22] [INFO]   Baptist University of Florida FL listings scraped: 0
[02:12:22] [INFO]   Austin Community College District TX listings scraped: 0
[02:12:22] [INFO]   Barry University FL listings scraped: 4
[02:12:22] [INFO]   Beacon College FL listings scraped: 0
[02:12:22] [INFO]   ↪️  Austin Presbyterian Theological Seminary: generic page hands off to paycom
[02:12:22] [INFO]   Bakke Graduate University TX listings scraped: 0
[02:12:22] [INFO]   Broward College FL listings scraped: 0
[02:12:22] [INFO]   Bethune-Cookman University FL listings scraped: 0
[02:12:22] [INFO]   Chipola College FL listings scraped: 0
[02:12:22] [INFO]   Daytona State College FL listings scraped: 0
[02:12:22] [INFO]   Baptist University of the Americas TX listings scraped: 0
[02:12:22] [INFO]   University of Florida FL listings scraped: 271
[02:12:22] [INFO]   Baptist Missionary Association Theological Seminary TX listings scraped: 0
[02:12:22] [INFO]   Doral College FL listings scraped: 0
[02:12:22] [INFO]   Baylor College of Medicine TX listings scraped: 1
[02:12:22] [INFO]   Eastern Florida State College FL listings scraped: 0
[02:12:22] [INFO]   Edward Waters University FL listings scraped: 0
[02:12:22] [INFO]   Embry-Riddle Aeronautical University-Daytona Beach FL listings scraped: 0
[02:12:22] [INFO]   Brazosport College TX listings scraped: 0
[02:12:22] [INFO]   College of Central Florida FL listings scraped: 0
[02:12:22] [INFO]   Embry-Riddle Aeronautical University-Worldwide FL listings scraped: 0
[02:12:22] [INFO]   Brite Divinity School TX listings scraped: 3
[02:12:22] [INFO]   Everglades University FL listings scraped: 0
[02:12:22] [INFO]   Flagler College FL listings scraped: 0
[02:12:22] [INFO]   Flagler Technical College FL listings scraped: 0
[02:12:22] [INFO]   Florida Agricultural and Mechanical University FL listings scraped: 0
[02:12:22] [INFO]   Austin Presbyterian Theological Seminary TX listings scraped: 0
[02:12:22] [INFO]   Austin Presbyterian Theological Seminary TX listings scraped: 0
[02:12:22] [INFO]   Florida Gateway College FL listings scraped: 0
[02:12:22] [INFO]   ↪️  Central Texas College: generic page hands off to schooljobs
[02:12:22] [INFO]   ↪️  Blinn College District: generic page hands off to csod
[02:12:22] [INFO]   ↪️  Florida Institute of Technology: generic page hands off to workday
[02:12:22] [INFO]   Florida Gulf Coast University FL listings scraped: 1
[02:12:22] [INFO]   Florida Institute of Technology FL: API error, falling back to browser - Unexpected token '<', "<!DOCTYPE "... is not valid JSON
[02:12:22] [INFO]   Florida College FL listings scraped: 0
[02:12:22] [INFO]   ↪️  Florida Institute of Technology-Online: generic page hands off to workday
[02:12:22] [INFO]   Florida Institute of Technology-Online FL: API error, falling back to browser - Unexpected token '<', "<!DOCTYPE "... is not valid JSON
[02:12:22] [INFO]   Florida Memorial University FL listings scraped: 0
[02:12:22] [INFO]   Florida Polytechnic University FL listings scraped: 0
[02:12:22] [INFO]   Central Texas College TX listings scraped: 1
[02:12:22] [INFO]   Christ Mission College TX listings scraped: 0
[02:12:22] [INFO]   Florida SouthWestern State College FL listings scraped: 0
[02:12:22] [INFO]   Florida State College at Jacksonville FL listings scraped: 0
[02:12:22] [INFO]   Cisco College TX listings scraped: 0
[02:12:22] [INFO]   Clarendon College TX listings scraped: 0
[02:12:22] [INFO]   Coastal Bend College TX listings scraped: 0
[02:12:22] [INFO]   College of Biblical Studies-Houston TX listings scraped: 0
[02:12:22] [INFO]   Fort Myers Technical College FL listings scraped: 0
[02:12:22] [INFO]   Blinn College District TX listings scraped: 11
[02:12:22] [INFO]   College of the Mainland TX listings scraped: 0
[02:12:22] [INFO]   Collin County Community College District TX listings scraped: 1
[02:12:22] [INFO]   Concordia University Texas TX listings scraped: 0
[02:12:22] [INFO]   Criswell College TX listings scraped: 0
[02:12:22] [INFO]   Florida Institute of Technology FL listings scraped: 0
[02:12:22] [INFO]   Florida Institute of Technology FL listings scraped: 0
[02:12:22] [INFO]   Commonwealth Institute of Funeral Service TX listings scraped: 0
[02:12:22] [INFO]   Florida Institute of Technology-Online FL listings scraped: 0
[02:12:22] [INFO]   Florida Institute of Technology-Online FL listings scraped: 0
[02:12:22] [INFO]   Dallas Baptist University TX listings scraped: 0
[02:12:22] [INFO]   Dallas Christian College TX listings scraped: 0
[02:12:22] [INFO]   Dallas Theological Seminary TX listings scraped: 0
[02:12:22] [INFO]   Dallas Institute of Funeral Service TX listings scraped: 0
[02:12:22] [INFO]   Del Mar College TX listings scraped: 0
[02:12:22] [INFO]   East Texas A&M University TX listings scraped: 1
[02:12:22] [INFO]   East Texas Baptist University TX listings scraped: 0
[02:12:22] [INFO]   El Paso Community College TX listings scraped: 0
[02:12:22] [INFO]   Frank Phillips College TX listings scraped: 1
[02:12:22] [INFO]   Episcopal Theological Seminary of the Southwest TX listings scraped: 0
[02:12:22] [INFO]   🔍 Global faculty filter: 11312 → 6241 (removed 5071 non-faculty jobs)
[02:12:22] [INFO]   🧾 Policy exclusions: 6241 → 6207 (removed 34 jobs)
[02:12:22] [INFO]   📡 Calling local summarizer for 6207 jobs
[02:12:22] [INFO]   📦 Using 0 cached summaries, 6207 jobs need AI processing
[02:12:22] [INFO]   📡 Checking 1 summarizer endpoint(s)...
[02:12:22] [INFO]   📡 Summarizer endpoints: 0 active, 1 unreachable
[02:12:22] [INFO]   🔗 Canonicalized job URLs: 677 updated, 0 invalid removed
[02:12:22] [INFO]   ✂️  Normalized 1120 job titles
[02:12:22] [INFO]   🧬 Assigned canonical IDs for 6186 jobs
[02:12:22] [INFO]   🧹 Quality gates dropped 10 listings
[02:12:22] [INFO]   📄 Wrote C:\Users\StevenAzeka\OneDrive\Documents\GitHub\Faculty-Jobs\generated\post-quality-report.json
[02:12:22] [INFO]   ⚰️  Filtered 23 confirmed-dead URL(s) from scrape
[02:12:22] [INFO]   🧬 Preserved enrichment: filled 29407 field(s) across 5889 job(s) (6027 matched previous snapshot)
[02:12:22] [INFO]   ✅ Wrote C:\Users\StevenAzeka\OneDrive\Documents\GitHub\Faculty-Jobs\docs\jobs.json (6280 jobs)
[02:12:22] [INFO]   ✅ Wrote C:\Users\StevenAzeka\OneDrive\Documents\GitHub\Faculty-Jobs\public\jobs.json (6280 jobs)
[02:12:22] [INFO]   ✅ Wrote C:\Users\StevenAzeka\OneDrive\Documents\GitHub\Faculty-Jobs\web-vue\public\jobs.json (6280 jobs)
[02:12:22] [INFO]   [stderr] ❌ Chandler-Gilbert Community College AZ scrape failed: page.goto: net::ERR_NAME_NOT_RESOLVED at https://www.cgc.maricopa.edu/
[02:12:22] [INFO]   [stderr] Call log:
[02:12:22] [INFO]   [stderr] [2m  - navigating to "https://www.cgc.maricopa.edu/", waiting until "domcontentloaded"[22m
[02:12:22] [INFO]   [stderr] 
[02:12:22] [INFO]   [stderr] ❌ America Evangelical University CA Private scrape failed: page.goto: net::ERR_CONNECTION_TIMED_OUT at https://www.aeu.edu/
[02:12:22] [INFO]   [stderr] Call log:
[02:12:22] [INFO]   [stderr] [2m  - navigating to "https://www.aeu.edu/", waiting until "domcontentloaded"[22m
[02:12:22] [INFO]   [stderr] 
[02:12:22] [INFO]   [stderr] ❌ Bais Medrash Toras Chesed NJ scrape failed: page.goto: net::ERR_SSL_VERSION_OR_CIPHER_MISMATCH at https://www.bmtc.edu/
[02:12:22] [INFO]   [stderr] Call log:
[02:12:22] [INFO]   [stderr] [2m  - navigating to "https://www.bmtc.edu/", waiting until "domcontentloaded"[22m
[02:12:22] [INFO]   [stderr] 
[02:12:22] [INFO]   [stderr] ❌ Carolinas College of Health Sciences NC scrape failed: page.goto: net::ERR_CERT_COMMON_NAME_INVALID at https://www.carolinascollege.edu/
[02:12:22] [INFO]   [stderr] Call log:
[02:12:22] [INFO]   [stderr] [2m  - navigating to "https://www.carolinascollege.edu/", waiting until "domcontentloaded"[22m
[02:12:22] [INFO]   [stderr] 
[02:12:22] [INFO]   [stderr] ❌ Garrett College MD scrape failed: page.goto: Timeout 60000ms exceeded.
[02:12:22] [INFO]   [stderr] Call log:
[02:12:22] [INFO]   [stderr] [2m  - navigating to "https://www.garrettcollege.edu/employment.php", waiting until "domcontentloaded"[22m
[02:12:22] [INFO]   [stderr] 
[02:12:22] [INFO]   [stderr] ❌ Foothill-De Anza Community College District CA Private Taleo scrape failed: page.goto: net::ERR_CONNECTION_TIMED_OUT at https://ch.tbe.taleo.net/CH17/ats/careers/jobSearch.jsp?org=FHDA&cws=1
[02:12:22] [INFO]   [stderr] Call log:
[02:12:22] [INFO]   [stderr] [2m  - navigating to "https://ch.tbe.taleo.net/CH17/ats/careers/jobSearch.jsp?org=FHDA&cws=1", waiting until "networkidle"[22m
[02:12:22] [INFO]   [stderr] 
[02:12:22] [INFO]   [stderr] ❌ Linfield University OR scrape failed: page.goto: net::ERR_NAME_NOT_RESOLVED at https://careers.linfield.edu/
[02:12:22] [INFO]   [stderr] Call log:
[02:12:22] [INFO]   [stderr] [2m  - navigating to "https://careers.linfield.edu/", waiting until "domcontentloaded"[22m
[02:12:22] [INFO]   [stderr] 
[02:12:22] [INFO]   [stderr] ❌ CUNY Hostos Community College NY scrape failed: page.goto: net::ERR_CONNECTION_REFUSED at https://www.hostos.cuny.edu/
[02:12:22] [INFO]   [stderr] Call log:
[02:12:22] [INFO]   [stderr] [2m  - navigating to "https://www.hostos.cuny.edu/", waiting until "domcontentloaded"[22m
[02:12:22] [INFO]   [stderr] 
[02:12:22] [INFO]   [stderr] ❌ Beloit College WI scrape failed: page.goto: net::ERR_NAME_NOT_RESOLVED at https://employment.beloit.edu/en-us/listing/
[02:12:22] [INFO]   [stderr] Call log:
[02:12:22] [INFO]   [stderr] [2m  - navigating to "https://employment.beloit.edu/en-us/listing/", waiting until "domcontentloaded"[22m
[02:12:22] [INFO]   [stderr] 
[02:12:22] [INFO]   [stderr] ❌ Colorado State University-Fort Collins CO scrape failed: page.goto: net::ERR_CONNECTION_RESET at https://colostate.edu/
[02:12:22] [INFO]   [stderr] Call log:
[02:12:22] [INFO]   [stderr] [2m  - navigating to "https://colostate.edu/", waiting until "domcontentloaded"[22m
[02:12:22] [INFO]   [stderr] 
[02:12:22] [INFO]   [stderr] ❌ University of Notre Dame IN scrape failed: page.goto: net::ERR_SSL_UNRECOGNIZED_NAME_ALERT at https://jobs.nd.edu/
[02:12:22] [INFO]   [stderr] Call log:
[02:12:22] [INFO]   [stderr] [2m  - navigating to "https://jobs.nd.edu/", waiting until "domcontentloaded"[22m
[02:12:22] [INFO]   [stderr] 
[02:12:22] [INFO]   [stderr] ❌ Carver Career Center WV scrape failed: page.goto: net::ERR_CERT_COMMON_NAME_INVALID at https://www.carvercareercenter.edu/
[02:12:22] [INFO]   [stderr] Call log:
[02:12:22] [INFO]   [stderr] [2m  - navigating to "https://www.carvercareercenter.edu/", waiting until "domcontentloaded"[22m
[02:12:22] [INFO]   [stderr] 
[02:12:22] [INFO]   [stderr] ❌ Kennesaw State University GA scrape failed: page.goto: net::ERR_CONNECTION_TIMED_OUT at https://kennesaw.peopleadmin.com/postings/search?utf8=%E2%9C%93&query=&query_v0_posted_at_date=&query_position_type_id%5B%5D=3&commit=Search
[02:12:22] [INFO]   [stderr] Call log:
[02:12:22] [INFO]   [stderr] [2m  - navigating to "https://kennesaw.peopleadmin.com/postings/search?utf8=%E2%9C%93&query=&query_v0_posted_at_date=&query_position_type_id%5B%5D=3&commit=Search", waiting until "domcontentloaded"[22m
[02:12:22] [INFO]   [stderr] 
[02:12:22] [INFO]   [stderr] ❌ Bacone College OK scrape failed: page.goto: net::ERR_NAME_NOT_RESOLVED at https://www.bacone.edu/
[02:12:22] [INFO]   [stderr] Call log:
[02:12:22] [INFO]   [stderr] [2m  - navigating to "https://www.bacone.edu/", waiting until "domcontentloaded"[22m
[02:12:22] [INFO]   [stderr] 
[02:12:22] [INFO]   [stderr] ❌ Academy of Interactive Entertainment LA scrape failed: page.goto: net::ERR_CONNECTION_REFUSED at https://lafayette.aie.edu/
[02:12:22] [INFO]   [stderr] Call log:
[02:12:22] [INFO]   [stderr] [2m  - navigating to "https://lafayette.aie.edu/", waiting until "domcontentloaded"[22m
[02:12:22] [INFO]   [stderr] 
[02:12:22] [INFO]   [stderr] ❌ Dragon Rises College of Oriental Medicine FL scrape failed: page.goto: net::ERR_CERT_AUTHORITY_INVALID at https://www.dragonrises.edu/
[02:12:22] [INFO]   [stderr] Call log:
[02:12:22] [INFO]   [stderr] [2m  - navigating to "https://www.dragonrises.edu/", waiting until "domcontentloaded"[22m
[02:12:22] [INFO]   [stderr] 
[02:12:22] [INFO]   [stderr]    ⚠️  Unreachable: http://127.0.0.1:9000/summarize
[02:12:22] [INFO]   [stderr] ❌ No summarizer endpoints reachable — skipping AI enrichment
[02:12:22] [INFO]   [stderr] 🩹 Healed 3 cratered source(s), restored 138 jobs from previous snapshot:
[02:12:22] [INFO]   [stderr]    - NV: 0 → restored to 76 (baseline 76)
[02:12:22] [INFO]   [stderr]    - LA: 5 → restored to 41 (baseline 41)
[02:12:22] [INFO]   [stderr]    - CO: 6 → restored to 21 (baseline 21)
[02:12:22] [INFO]   [stderr]    Report written to C:\Users\StevenAzeka\OneDrive\Documents\GitHub\Faculty-Jobs\generated\source-heal-report.json
[02:12:22] [OK] Scrape succeeded.
[02:12:22] [INFO] 
[02:12:22] [INFO] --------------------------------------------------
[02:12:22] [INFO]   Step 2/8 - Track job presence (stamp firstSeen, purge expired)
[02:12:22] [INFO] --------------------------------------------------
[02:12:22] [INFO] Running: C:\Program Files\nodejs\npm.cmd run agent:job-presence
[02:12:23] [INFO]   
[02:12:23] [INFO]   > faculty-jobs@1.0.0 agent:job-presence
[02:12:23] [INFO]   > node scripts/agent-job-presence.js
[02:12:23] [INFO]   
[02:12:23] [INFO]   
[02:12:23] [INFO]   Faculty Atlas - Job Presence Agent
[02:12:23] [INFO]     Config        : expiry-days=7
[02:12:23] [INFO]   
[02:12:23] [INFO]     Jobs seen today  : 6,280
[02:12:23] [INFO]     Jobs tracked     : 7,067
[02:12:23] [INFO]     Jobs to purge    : 144
[02:12:23] [INFO]   
[02:12:23] [INFO]     Purged listings (absent for >= 7 consecutive scrapes):
[02:12:23] [INFO]       job_bfcacd5ff4b2acb7  (7 misses, last seen 2026-06-08)
[02:12:23] [INFO]       job_95ef1417be218b37  (7 misses, last seen 2026-06-08)
[02:12:23] [INFO]       job_5bc4bed567bb08c4  (7 misses, last seen 2026-06-08)
[02:12:23] [INFO]       job_77851371f3dc037e  (7 misses, last seen 2026-06-08)
[02:12:23] [INFO]       job_f8d2fa21b8a80d21  (7 misses, last seen 2026-06-08)
[02:12:23] [INFO]       job_91f1b122df1665eb  (7 misses, last seen 2026-06-08)
[02:12:23] [INFO]       job_71651bdea8fa4951  (7 misses, last seen 2026-06-08)
[02:12:23] [INFO]       job_402f83255843342a  (7 misses, last seen 2026-06-08)
[02:12:23] [INFO]       job_e213adf952a0cde2  (7 misses, last seen 2026-06-08)
[02:12:23] [INFO]       job_f7d9bc608852486c  (7 misses, last seen 2026-06-08)
[02:12:23] [INFO]       job_97f95a4a6e423f5b  (7 misses, last seen 2026-06-08)
[02:12:23] [INFO]       job_b15ee9734e33783b  (7 misses, last seen 2026-06-08)
[02:12:23] [INFO]       job_0848f734cbfaba01  (7 misses, last seen 2026-06-08)
[02:12:23] [INFO]       job_073b2d5e10698340  (7 misses, last seen 2026-06-08)
[02:12:23] [INFO]       job_1f7101dbcdf8bcdb  (7 misses, last seen 2026-06-08)
[02:12:23] [INFO]       job_76ab4d9aa724dea9  (7 misses, last seen 2026-06-08)
[02:12:23] [INFO]       job_599a8cc82aac3756  (7 misses, last seen 2026-06-08)
[02:12:23] [INFO]       job_23f48f9b019a143f  (7 misses, last seen 2026-06-08)
[02:12:23] [INFO]       job_5dbdab5798a07468  (7 misses, last seen 2026-06-08)
[02:12:23] [INFO]       job_c199d8a88f44b613  (7 misses, last seen 2026-06-08)
[02:12:23] [INFO]       job_6f9a22ff291eb7aa  (7 misses, last seen 2026-06-08)
[02:12:23] [INFO]       job_4f60e3e8aaa90ff3  (7 misses, last seen 2026-06-08)
[02:12:23] [INFO]       job_c1015e1caeb3a367  (7 misses, last seen 2026-06-08)
[02:12:23] [INFO]       job_0870e98a92aa51ac  (7 misses, last seen 2026-06-08)
[02:12:23] [INFO]       job_6ba8488441722159  (7 misses, last seen 2026-06-08)
[02:12:23] [INFO]       job_5899d672d6e55ee0  (7 misses, last seen 2026-06-08)
[02:12:23] [INFO]       job_5486723812af4f0c  (7 misses, last seen 2026-06-08)
[02:12:23] [INFO]       job_0aa07298af3fdbb3  (7 misses, last seen 2026-06-08)
[02:12:23] [INFO]       job_00c6df933b9c66a9  (7 misses, last seen 2026-06-08)
[02:12:23] [INFO]       job_7b1e97b74d8fb4b8  (7 misses, last seen 2026-06-08)
[02:12:23] [INFO]       job_9ab936497cc641fe  (7 misses, last seen 2026-06-08)
[02:12:23] [INFO]       job_bac93681e3ad519c  (7 misses, last seen 2026-06-08)
[02:12:23] [INFO]       job_5fd422afe3907123  (7 misses, last seen 2026-06-08)
[02:12:23] [INFO]       job_40ad7c7b9ab7bdfa  (7 misses, last seen 2026-06-08)
[02:12:23] [INFO]       job_94014747e3fbd7dd  (7 misses, last seen 2026-06-08)
[02:12:23] [INFO]       job_a3aa2e4505b9617c  (7 misses, last seen 2026-06-08)
[02:12:23] [INFO]       job_222ff2c01569bc6f  (7 misses, last seen 2026-06-08)
[02:12:23] [INFO]       job_bcccafeecf63bbd8  (7 misses, last seen 2026-06-08)
[02:12:23] [INFO]       job_40f30843a40e5b68  (7 misses, last seen 2026-06-08)
[02:12:23] [INFO]       job_16a720960bbc0137  (7 misses, last seen 2026-06-08)
[02:12:23] [INFO]       job_29a4cbfac26fbe2f  (7 misses, last seen 2026-06-08)
[02:12:23] [INFO]       job_c4c9d17cf41189e3  (7 misses, last seen 2026-06-08)
[02:12:23] [INFO]       job_2b71ad5afec9d04e  (7 misses, last seen 2026-06-08)
[02:12:23] [INFO]       job_67d3c44a1efbf81e  (7 misses, last seen 2026-06-08)
[02:12:23] [INFO]       job_104496d904178219  (7 misses, last seen 2026-06-08)
[02:12:23] [INFO]       job_03589765f1e3bf8a  (7 misses, last seen 2026-06-08)
[02:12:23] [INFO]       job_565cc829521760f0  (7 misses, last seen 2026-06-08)
[02:12:23] [INFO]       job_7bb9939d31629935  (7 misses, last seen 2026-06-08)
[02:12:23] [INFO]       job_26e7c9fe58563e34  (7 misses, last seen 2026-06-08)
[02:12:23] [INFO]       job_12b35b997147911f  (7 misses, last seen 2026-06-08)
[02:12:23] [INFO]       job_1bb4e793d3e0b5e4  (7 misses, last seen 2026-06-08)
[02:12:23] [INFO]       job_37779c46bfdedaf7  (7 misses, last seen 2026-06-08)
[02:12:23] [INFO]       job_52baac40e86c088b  (7 misses, last seen 2026-06-08)
[02:12:23] [INFO]       job_a185431469143d59  (7 misses, last seen 2026-06-08)
[02:12:23] [INFO]       job_06d09541a88d611f  (7 misses, last seen 2026-06-08)
[02:12:23] [INFO]       job_5715ffa359cd8f7a  (7 misses, last seen 2026-06-08)
[02:12:23] [INFO]       job_9283f2cf688c7d02  (7 misses, last seen 2026-06-08)
[02:12:23] [INFO]       job_0370fff7f96adab9  (7 misses, last seen 2026-06-08)
[02:12:23] [INFO]       job_dc257baafd47fd23  (7 misses, last seen 2026-06-08)
[02:12:23] [INFO]       job_2de643a7d55770e4  (7 misses, last seen 2026-06-08)
[02:12:23] [INFO]       job_954b2b8d57a3e5ba  (7 misses, last seen 2026-06-08)
[02:12:23] [INFO]       job_b9155d3d35f977b1  (7 misses, last seen 2026-06-08)
[02:12:23] [INFO]       job_5979d36a121cc253  (7 misses, last seen 2026-06-08)
[02:12:23] [INFO]       job_9eaaa5c885925efc  (7 misses, last seen 2026-06-08)
[02:12:23] [INFO]       job_1bb79fc7bafa1a93  (7 misses, last seen 2026-06-08)
[02:12:23] [INFO]       job_622a0b2afe32a3de  (7 misses, last seen 2026-06-08)
[02:12:23] [INFO]       job_2fe3f254c99c8710  (7 misses, last seen 2026-06-08)
[02:12:23] [INFO]       job_0bcdedd9879efad7  (7 misses, last seen 2026-06-08)
[02:12:23] [INFO]       job_ea1b42c628555884  (7 misses, last seen 2026-06-08)
[02:12:23] [INFO]       job_d8d2fe3687e8f447  (7 misses, last seen 2026-06-08)
[02:12:23] [INFO]       job_ad5f243627c18733  (7 misses, last seen 2026-06-08)
[02:12:23] [INFO]       job_15dee20102cc1a8a  (7 misses, last seen 2026-06-08)
[02:12:23] [INFO]       job_0acc70edbf69eec6  (7 misses, last seen 2026-06-08)
[02:12:23] [INFO]       job_7e6d8e704ed32ef8  (7 misses, last seen 2026-06-08)
[02:12:23] [INFO]       job_aa47c2651ea6ec71  (7 misses, last seen 2026-06-08)
[02:12:23] [INFO]       job_47c037a80a8d9026  (7 misses, last seen 2026-06-08)
[02:12:23] [INFO]       job_cb5e24f5e053c42b  (7 misses, last seen 2026-06-08)
[02:12:23] [INFO]       job_3d0d8960de5bb5ee  (7 misses, last seen 2026-06-08)
[02:12:23] [INFO]       job_4730ac263a8bdf70  (7 misses, last seen 2026-06-08)
[02:12:23] [INFO]       job_b71d802701b75ed9  (7 misses, last seen 2026-06-08)
[02:12:23] [INFO]       job_c2b6ded60c8a0ccd  (7 misses, last seen 2026-06-08)
[02:12:23] [INFO]       job_6a4dc49399fb9bb7  (7 misses, last seen 2026-06-08)
[02:12:23] [INFO]       job_bd1c8c8cf96962eb  (7 misses, last seen 2026-06-08)
[02:12:23] [INFO]       job_a0a0130d273e5e9a  (7 misses, last seen 2026-06-08)
[02:12:23] [INFO]       job_4b29504bcdfadd84  (7 misses, last seen 2026-06-08)
[02:12:23] [INFO]       job_3d9e97ce78da7dbc  (7 misses, last seen 2026-06-08)
[02:12:23] [INFO]       job_dc664c5d73ae0cf6  (7 misses, last seen 2026-06-08)
[02:12:23] [INFO]       job_b02e02a4c819891b  (7 misses, last seen 2026-06-08)
[02:12:23] [INFO]       job_ecf84f6dac8d200c  (7 misses, last seen 2026-06-08)
[02:12:23] [INFO]       job_ce34c9d9d2cfdffa  (7 misses, last seen 2026-06-08)
[02:12:23] [INFO]       job_5778d855b01e8563  (7 misses, last seen 2026-06-08)
[02:12:23] [INFO]       job_d22f40b7416664d8  (7 misses, last seen 2026-06-08)
[02:12:23] [INFO]       job_c62820a081531c82  (7 misses, last seen 2026-06-08)
[02:12:23] [INFO]       job_a676a2ee379d22f1  (7 misses, last seen 2026-06-08)
[02:12:23] [INFO]       job_ee22716539e71503  (7 misses, last seen 2026-06-08)
[02:12:23] [INFO]       job_24c0fba54c0b5ee7  (7 misses, last seen 2026-06-08)
[02:12:23] [INFO]       job_eb246b680d8580b5  (7 misses, last seen 2026-06-08)
[02:12:23] [INFO]       job_05fb4bc08b86fc1c  (7 misses, last seen 2026-06-08)
[02:12:23] [INFO]       job_603d445716585675  (7 misses, last seen 2026-06-08)
[02:12:23] [INFO]       job_aa737e969caa8ed2  (7 misses, last seen 2026-06-08)
[02:12:23] [INFO]       job_42aeebbdb8c73e5b  (7 misses, last seen 2026-06-08)
[02:12:23] [INFO]       job_43e9b550e4a12914  (7 misses, last seen 2026-06-08)
[02:12:23] [INFO]       job_2e24664d372afecc  (7 misses, last seen 2026-06-08)
[02:12:23] [INFO]       job_f6a60b2e1e27eb13  (7 misses, last seen 2026-06-08)
[02:12:23] [INFO]       job_91e7c565800c63c6  (7 misses, last seen 2026-06-08)
[02:12:23] [INFO]       job_c39b5637c7760679  (7 misses, last seen 2026-06-08)
[02:12:23] [INFO]       job_980ae219207eb911  (7 misses, last seen 2026-06-08)
[02:12:23] [INFO]       job_5166bb9353a57e4a  (7 misses, last seen 2026-06-08)
[02:12:23] [INFO]       job_d5d5a526160edb88  (7 misses, last seen 2026-06-08)
[02:12:23] [INFO]       job_96355a7cde3f5d73  (7 misses, last seen 2026-06-08)
[02:12:23] [INFO]       job_fc5690ff6b86de8b  (7 misses, last seen 2026-06-08)
[02:12:23] [INFO]       job_e1cd10dbed1b7ae3  (7 misses, last seen 2026-06-08)
[02:12:23] [INFO]       job_600d3bd0e97717cd  (7 misses, last seen 2026-06-08)
[02:12:23] [INFO]       job_b081073458a81a6d  (7 misses, last seen 2026-06-08)
[02:12:23] [INFO]       job_58bc0ec46c774ee2  (7 misses, last seen 2026-06-08)
[02:12:23] [INFO]       job_4320c0a49745323d  (7 misses, last seen 2026-06-08)
[02:12:23] [INFO]       job_46763c5e40026b6c  (7 misses, last seen 2026-06-08)
[02:12:23] [INFO]       job_ef6d9a867ad177ab  (7 misses, last seen 2026-06-08)
[02:12:23] [INFO]       job_7239662f49393860  (7 misses, last seen 2026-06-08)
[02:12:23] [INFO]       job_d0391edcf70d6288  (7 misses, last seen 2026-06-08)
[02:12:23] [INFO]       job_bdd71834af816673  (7 misses, last seen 2026-06-08)
[02:12:23] [INFO]       job_b4b1eb21610ab1dc  (7 misses, last seen 2026-06-08)
[02:12:23] [INFO]       job_954a784b1cc42106  (7 misses, last seen 2026-06-08)
[02:12:23] [INFO]       job_23ec8b5a0e2a191d  (7 misses, last seen 2026-06-08)
[02:12:23] [INFO]       job_c784d20fc7604ccd  (7 misses, last seen 2026-06-08)
[02:12:23] [INFO]       job_e1c2911b3028a451  (7 misses, last seen 2026-06-08)
[02:12:23] [INFO]       job_44133e587cd74fd1  (7 misses, last seen 2026-06-08)
[02:12:23] [INFO]       job_53d6e753c4b25df5  (7 misses, last seen 2026-06-08)
[02:12:23] [INFO]       job_884a12bb1ae0f2d9  (7 misses, last seen 2026-06-08)
[02:12:23] [INFO]       job_e9c5e229e0ab85cb  (7 misses, last seen 2026-06-08)
[02:12:23] [INFO]       job_f8bf2ec01ab296b5  (7 misses, last seen 2026-06-08)
[02:12:23] [INFO]       job_3caca0d771f59f8b  (7 misses, last seen 2026-06-08)
[02:12:23] [INFO]       job_c9516fb50ae1daaf  (7 misses, last seen 2026-06-08)
[02:12:23] [INFO]       job_46f79c0e998d3b57  (7 misses, last seen 2026-06-08)
[02:12:23] [INFO]       job_d91cda62e19d2e36  (7 misses, last seen 2026-06-08)
[02:12:23] [INFO]       job_7cdeea949e3cd2ae  (7 misses, last seen 2026-06-08)
[02:12:23] [INFO]       job_96a58be9bd0fd615  (7 misses, last seen 2026-06-08)
[02:12:23] [INFO]       job_18056d517f4ff2dd  (7 misses, last seen 2026-06-08)
[02:12:23] [INFO]       job_acc81a02cbe13c31  (7 misses, last seen 2026-06-08)
[02:12:23] [INFO]       job_e1e3015d03ed297d  (7 misses, last seen 2026-06-08)
[02:12:23] [INFO]       job_550ac446acdca04c  (7 misses, last seen 2026-06-08)
[02:12:23] [INFO]       job_15f790cdd48cccf3  (7 misses, last seen 2026-06-08)
[02:12:23] [INFO]       job_d554264aca439376  (7 misses, last seen 2026-06-08)
[02:12:23] [INFO]       job_dc4ab8934f628d0f  (7 misses, last seen 2026-06-08)
[02:12:23] [INFO]     New today        : 139
[02:12:23] [INFO]     New this week    : 1,356
[02:12:23] [INFO]   
[02:12:23] [INFO]     docs/jobs.json updated.
[02:12:23] [INFO]   
[02:12:23] [INFO]     public/jobs.json updated.
[02:12:23] [INFO]     generated/job-presence.json saved.
[02:12:23] [INFO]     generated/job-presence-report.json saved.
[02:12:23] [INFO]     data/site-stats.json saved (docs + public + web-vue).
[02:12:23] [OK] Job presence succeeded.
[02:12:23] [INFO] 
[02:12:23] [INFO] --------------------------------------------------
[02:12:23] [INFO]   Step 3/8 - Enrich new jobs (discipline/positionType/tenureTrack via local Ollama)
[02:12:23] [INFO] --------------------------------------------------
[02:12:23] [INFO] Running: C:\Program Files\nodejs\npm.cmd run agent:enrich -- --max 1500 --batch-size 6
[02:20:58] [INFO]   
[02:20:58] [INFO]   > faculty-jobs@1.0.0 agent:enrich
[02:20:58] [INFO]   > node scripts/agent-job-enrichment.js --max 1500 --batch-size 6
[02:20:58] [INFO]   
[02:20:58] [INFO]   
[02:20:58] [INFO]   Faculty Atlas - Job Enrichment Agent
[02:20:58] [INFO]     Backend: Ollama (qwen2.5:7b @ localhost:11434)
[02:20:58] [INFO]   
[02:20:58] [INFO]     Total jobs       : 6,280
[02:20:58] [INFO]     Already enriched : 5,305
[02:20:58] [INFO]     To process now   : 975 (max 1500)
[02:20:58] [INFO]     Batch size       : 6
[02:20:58] [INFO]     Concurrency      : 1
[02:20:58] [INFO]     Batch 1/163 (6 jobs)... done (+6)
[02:20:58] [INFO]     Batch 2/163 (6 jobs)... done (+6)
[02:20:58] [INFO]     Batch 3/163 (6 jobs)... done (+6)
[02:20:58] [INFO]     Batch 4/163 (6 jobs)... done (+5)
[02:20:58] [INFO]     Batch 5/163 (6 jobs)... done (+6)
[02:20:58] [INFO]     Batch 6/163 (6 jobs)... done (+6)
[02:20:58] [INFO]     Batch 7/163 (6 jobs)... done (+6)
[02:20:58] [INFO]     Batch 8/163 (6 jobs)... done (+6)
[02:20:58] [INFO]     Batch 9/163 (6 jobs)... done (+6)
[02:20:58] [INFO]     Batch 10/163 (6 jobs)... done (+6)
[02:20:58] [INFO]     Batch 11/163 (6 jobs)... done (+6)
[02:20:58] [INFO]     Batch 12/163 (6 jobs)... done (+6)
[02:20:58] [INFO]     Batch 13/163 (6 jobs)... done (+6)
[02:20:58] [INFO]     Batch 14/163 (6 jobs)... ERROR: Expected 6 results, got 5
[02:20:58] [INFO]     Batch 15/163 (6 jobs)... done (+6)
[02:20:58] [INFO]     Batch 16/163 (6 jobs)... done (+6)
[02:20:58] [INFO]     Batch 17/163 (6 jobs)... done (+6)
[02:20:58] [INFO]     Batch 18/163 (6 jobs)... done (+6)
[02:20:58] [INFO]     Batch 19/163 (6 jobs)... done (+6)
[02:20:58] [INFO]     Batch 20/163 (6 jobs)... done (+6)
[02:20:58] [INFO]     Batch 21/163 (6 jobs)... done (+6)
[02:20:58] [INFO]     Batch 22/163 (6 jobs)... done (+6)
[02:20:58] [INFO]     Batch 23/163 (6 jobs)... done (+6)
[02:20:58] [INFO]     Batch 24/163 (6 jobs)... done (+6)
[02:20:58] [INFO]     Batch 25/163 (6 jobs)... done (+6)
[02:20:58] [INFO]     Batch 26/163 (6 jobs)... ERROR: Expected 6 results, got 1
[02:20:58] [INFO]     Batch 27/163 (6 jobs)... ERROR: Expected 6 results, got 1
[02:20:58] [INFO]     Batch 28/163 (6 jobs)... done (+6)
[02:20:58] [INFO]     Batch 29/163 (6 jobs)... done (+6)
[02:20:58] [INFO]     Batch 30/163 (6 jobs)... done (+6)
[02:20:58] [INFO]     Batch 31/163 (6 jobs)... done (+6)
[02:20:58] [INFO]     Batch 32/163 (6 jobs)... done (+6)
[02:20:58] [INFO]     Batch 33/163 (6 jobs)... done (+6)
[02:20:58] [INFO]     Batch 34/163 (6 jobs)... done (+6)
[02:20:58] [INFO]     Batch 35/163 (6 jobs)... done (+6)
[02:20:58] [INFO]     Batch 36/163 (6 jobs)... done (+6)
[02:20:58] [INFO]     Batch 37/163 (6 jobs)... ERROR: Expected 6 results, got 0
[02:20:58] [INFO]     Batch 38/163 (6 jobs)... done (+6)
[02:20:58] [INFO]     Batch 39/163 (6 jobs)... ERROR: Expected 6 results, got 0
[02:20:58] [INFO]     Batch 40/163 (6 jobs)... done (+6)
[02:20:58] [INFO]     Batch 41/163 (6 jobs)... ERROR: Expected 6 results, got 0
[02:20:58] [INFO]     Batch 42/163 (6 jobs)... ERROR: Expected 6 results, got 0
[02:20:58] [INFO]     Batch 43/163 (6 jobs)... done (+6)
[02:20:58] [INFO]     Batch 44/163 (6 jobs)... done (+6)
[02:20:58] [INFO]     Batch 45/163 (6 jobs)... ERROR: Expected 6 results, got 1
[02:20:58] [INFO]     Batch 46/163 (6 jobs)... ERROR: Expected 6 results, got 1
[02:20:58] [INFO]     Batch 47/163 (6 jobs)... ERROR: Expected 6 results, got 1
[02:20:58] [INFO]     Batch 48/163 (6 jobs)... ERROR: Expected 6 results, got 1
[02:20:58] [INFO]     Batch 49/163 (6 jobs)... done (+6)
[02:20:58] [INFO]     Batch 50/163 (6 jobs)... done (+6)
[02:20:58] [INFO]     Batch 51/163 (6 jobs)... done (+6)
[02:20:58] [INFO]     Batch 52/163 (6 jobs)... ERROR: Expected 6 results, got 0
[02:20:58] [INFO]     Batch 53/163 (6 jobs)... done (+6)
[02:20:58] [INFO]     Batch 54/163 (6 jobs)... done (+6)
[02:20:58] [INFO]     Batch 55/163 (6 jobs)... done (+6)
[02:20:58] [INFO]     Batch 56/163 (6 jobs)... done (+6)
[02:20:58] [INFO]     Batch 57/163 (6 jobs)... ERROR: Expected 6 results, got 1
[02:20:58] [INFO]     Batch 58/163 (6 jobs)... ERROR: Expected 6 results, got 5
[02:20:58] [INFO]     Batch 59/163 (6 jobs)... done (+6)
[02:20:58] [INFO]     Batch 60/163 (6 jobs)... done (+4)
[02:20:58] [INFO]     Batch 61/163 (6 jobs)... done (+6)
[02:20:58] [INFO]     Batch 62/163 (6 jobs)... done (+6)
[02:20:58] [INFO]     Batch 63/163 (6 jobs)... done (+6)
[02:20:58] [INFO]     Batch 64/163 (6 jobs)... done (+6)
[02:20:58] [INFO]     Batch 65/163 (6 jobs)... done (+6)
[02:20:58] [INFO]     Batch 66/163 (6 jobs)... done (+6)
[02:20:58] [INFO]     Batch 67/163 (6 jobs)... done (+6)
[02:20:58] [INFO]     Batch 68/163 (6 jobs)... done (+6)
[02:20:58] [INFO]     Batch 69/163 (6 jobs)... done (+6)
[02:20:58] [INFO]     Batch 70/163 (6 jobs)... done (+6)
[02:20:58] [INFO]     Batch 71/163 (6 jobs)... done (+6)
[02:20:58] [INFO]     Batch 72/163 (6 jobs)... done (+6)
[02:20:58] [INFO]     Batch 73/163 (6 jobs)... done (+6)
[02:20:58] [INFO]     Batch 74/163 (6 jobs)... done (+6)
[02:20:58] [INFO]     Batch 75/163 (6 jobs)... done (+6)
[02:20:58] [INFO]     Batch 76/163 (6 jobs)... done (+6)
[02:20:58] [INFO]     Batch 77/163 (6 jobs)... done (+6)
[02:20:58] [INFO]     Batch 78/163 (6 jobs)... done (+6)
[02:20:58] [INFO]     Batch 79/163 (6 jobs)... ERROR: Expected 6 results, got 5
[02:20:59] [INFO]     Batch 80/163 (6 jobs)... done (+6)
[02:20:59] [INFO]     Batch 81/163 (6 jobs)... done (+6)
[02:20:59] [INFO]     Batch 82/163 (6 jobs)... done (+6)
[02:20:59] [INFO]     Batch 83/163 (6 jobs)... done (+6)
[02:20:59] [INFO]     Batch 84/163 (6 jobs)... done (+6)
[02:20:59] [INFO]     Batch 85/163 (6 jobs)... done (+6)
[02:20:59] [INFO]     Batch 86/163 (6 jobs)... done (+6)
[02:20:59] [INFO]     Batch 87/163 (6 jobs)... done (+6)
[02:20:59] [INFO]     Batch 88/163 (6 jobs)... done (+6)
[02:20:59] [INFO]     Batch 89/163 (6 jobs)... done (+6)
[02:20:59] [INFO]     Batch 90/163 (6 jobs)... done (+6)
[02:20:59] [INFO]     Batch 91/163 (6 jobs)... done (+6)
[02:20:59] [INFO]     Batch 92/163 (6 jobs)... done (+6)
[02:20:59] [INFO]     Batch 93/163 (6 jobs)... done (+6)
[02:20:59] [INFO]     Batch 94/163 (6 jobs)... done (+6)
[02:20:59] [INFO]     Batch 95/163 (6 jobs)... done (+6)
[02:20:59] [INFO]     Batch 96/163 (6 jobs)... done (+6)
[02:20:59] [INFO]     Batch 97/163 (6 jobs)... ERROR: Expected 6 results, got 1
[02:20:59] [INFO]     Batch 98/163 (6 jobs)... ERROR: Expected 6 results, got 5
[02:20:59] [INFO]     Batch 99/163 (6 jobs)... done (+6)
[02:20:59] [INFO]     Batch 100/163 (6 jobs)... done (+6)
[02:20:59] [INFO]     Batch 101/163 (6 jobs)... done (+6)
[02:20:59] [INFO]     Batch 102/163 (6 jobs)... done (+6)
[02:20:59] [INFO]     Batch 103/163 (6 jobs)... done (+6)
[02:20:59] [INFO]     Batch 104/163 (6 jobs)... done (+6)
[02:20:59] [INFO]     Batch 105/163 (6 jobs)... done (+6)
[02:20:59] [INFO]     Batch 106/163 (6 jobs)... done (+6)
[02:20:59] [INFO]     Batch 107/163 (6 jobs)... done (+6)
[02:20:59] [INFO]     Batch 108/163 (6 jobs)... done (+6)
[02:20:59] [INFO]     Batch 109/163 (6 jobs)... done (+6)
[02:20:59] [INFO]     Batch 110/163 (6 jobs)... done (+6)
[02:20:59] [INFO]     Batch 111/163 (6 jobs)... done (+6)
[02:20:59] [INFO]     Batch 112/163 (6 jobs)... done (+6)
[02:20:59] [INFO]     Batch 113/163 (6 jobs)... done (+6)
[02:20:59] [INFO]     Batch 114/163 (6 jobs)... done (+6)
[02:20:59] [INFO]     Batch 115/163 (6 jobs)... done (+6)
[02:20:59] [INFO]     Batch 116/163 (6 jobs)... done (+6)
[02:20:59] [INFO]     Batch 117/163 (6 jobs)... ERROR: Expected 6 results, got 4
[02:20:59] [INFO]     Batch 118/163 (6 jobs)... done (+6)
[02:20:59] [INFO]     Batch 119/163 (6 jobs)... done (+6)
[02:20:59] [INFO]     Batch 120/163 (6 jobs)... ERROR: Expected 6 results, got 1
[02:20:59] [INFO]     Batch 121/163 (6 jobs)... done (+6)
[02:20:59] [INFO]     Batch 122/163 (6 jobs)... done (+6)
[02:20:59] [INFO]     Batch 123/163 (6 jobs)... done (+6)
[02:20:59] [INFO]     Batch 124/163 (6 jobs)... done (+6)
[02:20:59] [INFO]     Batch 125/163 (6 jobs)... done (+6)
[02:20:59] [INFO]     Batch 126/163 (6 jobs)... done (+6)
[02:20:59] [INFO]     Batch 127/163 (6 jobs)... done (+6)
[02:20:59] [INFO]     Batch 128/163 (6 jobs)... done (+6)
[02:20:59] [INFO]     Batch 129/163 (6 jobs)... done (+6)
[02:20:59] [INFO]     Batch 130/163 (6 jobs)... done (+6)
[02:20:59] [INFO]     Batch 131/163 (6 jobs)... done (+6)
[02:20:59] [INFO]     Batch 132/163 (6 jobs)... done (+6)
[02:20:59] [INFO]     Batch 133/163 (6 jobs)... done (+6)
[02:20:59] [INFO]     Batch 134/163 (6 jobs)... done (+6)
[02:20:59] [INFO]     Batch 135/163 (6 jobs)... done (+6)
[02:20:59] [INFO]     Batch 136/163 (6 jobs)... done (+6)
[02:20:59] [INFO]     Batch 137/163 (6 jobs)... done (+6)
[02:20:59] [INFO]     Batch 138/163 (6 jobs)... done (+6)
[02:20:59] [INFO]     Batch 139/163 (6 jobs)... done (+6)
[02:20:59] [INFO]     Batch 140/163 (6 jobs)... done (+6)
[02:20:59] [INFO]     Batch 141/163 (6 jobs)... ERROR: Expected 6 results, got 0
[02:20:59] [INFO]     Batch 142/163 (6 jobs)... done (+6)
[02:20:59] [INFO]     Batch 143/163 (6 jobs)... done (+2)
[02:20:59] [INFO]     Batch 144/163 (6 jobs)... done (+4)
[02:20:59] [INFO]     Batch 145/163 (6 jobs)... ERROR: Expected 6 results, got 1
[02:20:59] [INFO]     Batch 146/163 (6 jobs)... ERROR: Expected 6 results, got 0
[02:20:59] [INFO]     Batch 147/163 (6 jobs)... done (+6)
[02:20:59] [INFO]     Batch 148/163 (6 jobs)... ERROR: Expected 6 results, got 3
[02:20:59] [INFO]     Batch 149/163 (6 jobs)... done (+6)
[02:20:59] [INFO]     Batch 150/163 (6 jobs)... done (+6)
[02:20:59] [INFO]     Batch 151/163 (6 jobs)... ERROR: Expected 6 results, got 4
[02:20:59] [INFO]     Batch 152/163 (6 jobs)... done (+6)
[02:20:59] [INFO]     Batch 153/163 (6 jobs)... done (+6)
[02:20:59] [INFO]     Batch 154/163 (6 jobs)... done (+6)
[02:20:59] [INFO]     Batch 155/163 (6 jobs)... done (+6)
[02:20:59] [INFO]     Batch 156/163 (6 jobs)... done (+6)
[02:20:59] [INFO]     Batch 157/163 (6 jobs)... ERROR: Expected 6 results, got 1
[02:20:59] [INFO]     Batch 158/163 (6 jobs)... ERROR: Expected 6 results, got 5
[02:20:59] [INFO]     Batch 159/163 (6 jobs)... done (+6)
[02:20:59] [INFO]     Batch 160/163 (6 jobs)... done (+6)
[02:20:59] [INFO]     Batch 161/163 (6 jobs)... done (+6)
[02:20:59] [INFO]     Batch 162/163 (6 jobs)... done (+6)
[02:20:59] [INFO]     Batch 163/163 (3 jobs)... ERROR: Expected 3 results, got 1
[02:20:59] [INFO]   
[02:20:59] [INFO]     Enriched this run : 807
[02:20:59] [INFO]     Total enriched    : 6,112 / 6,280
[02:20:59] [INFO]     Batch errors      : 27
[02:20:59] [INFO]     Report saved      : generated/enrichment-report.json
[02:20:59] [INFO]   
[02:20:59] [OK] Enrich succeeded.
[02:20:59] [INFO] 
[02:20:59] [INFO] --------------------------------------------------
[02:20:59] [INFO]   Step 4/8 - Backfill descriptions + posting dates (datePosted)
[02:20:59] [INFO] --------------------------------------------------
[02:20:59] [INFO] Running: C:\Program Files\nodejs\npm.cmd run agent:descriptions -- --max 2000 --concurrency 8
[02:32:06] [INFO]   
[02:32:06] [INFO]   > faculty-jobs@1.0.0 agent:descriptions
[02:32:06] [INFO]   > node scripts/agent-job-descriptions.js --max 2000 --concurrency 8
[02:32:06] [INFO]   
[02:32:06] [INFO]   
[02:32:06] [INFO]     Total jobs        : 6,280
[02:32:06] [INFO]     With description  : 651
[02:32:06] [INFO]     Missing (unfetched): 5,584
[02:32:06] [INFO]     To process now    : 2,000 (max 2000)
[02:32:06] [INFO]     Concurrency       : 8
[02:32:06] [INFO]     ...attempted 25/2000 (filled 25)
[02:32:06] [INFO]     ...attempted 50/2000 (filled 50)
[02:32:06] [INFO]     ...attempted 75/2000 (filled 71)
[02:32:06] [INFO]     ...attempted 100/2000 (filled 96)
[02:32:06] [INFO]     ...attempted 125/2000 (filled 121)
[02:32:06] [INFO]     ...attempted 150/2000 (filled 144)
[02:32:06] [INFO]     ...attempted 175/2000 (filled 167)
[02:32:06] [INFO]     ...attempted 200/2000 (filled 192)
[02:32:06] [INFO]     ...attempted 225/2000 (filled 215)
[02:32:06] [INFO]     ...attempted 250/2000 (filled 239)
[02:32:06] [INFO]     ...attempted 275/2000 (filled 264)
[02:32:06] [INFO]     ...attempted 300/2000 (filled 285)
[02:32:06] [INFO]     ...attempted 325/2000 (filled 308)
[02:32:06] [INFO]     ...attempted 350/2000 (filled 333)
[02:32:06] [INFO]     ...attempted 375/2000 (filled 357)
[02:32:06] [INFO]     ...attempted 400/2000 (filled 378)
[02:32:06] [INFO]     ...attempted 425/2000 (filled 397)
[02:32:06] [INFO]     ...attempted 450/2000 (filled 414)
[02:32:06] [INFO]     ...attempted 475/2000 (filled 433)
[02:32:06] [INFO]     ...attempted 500/2000 (filled 455)
[02:32:06] [INFO]     ...attempted 525/2000 (filled 477)
[02:32:06] [INFO]     ...attempted 550/2000 (filled 498)
[02:32:06] [INFO]     ...attempted 575/2000 (filled 516)
[02:32:06] [INFO]     ...attempted 600/2000 (filled 540)
[02:32:06] [INFO]     ...attempted 625/2000 (filled 563)
[02:32:06] [INFO]     ...attempted 650/2000 (filled 587)
[02:32:06] [INFO]     ...attempted 675/2000 (filled 609)
[02:32:06] [INFO]     ...attempted 700/2000 (filled 633)
[02:32:06] [INFO]     ...attempted 725/2000 (filled 656)
[02:32:06] [INFO]     ...attempted 750/2000 (filled 679)
[02:32:06] [INFO]     ...attempted 775/2000 (filled 700)
[02:32:06] [INFO]     ...attempted 800/2000 (filled 722)
[02:32:06] [INFO]     ...attempted 825/2000 (filled 745)
[02:32:06] [INFO]     ...attempted 850/2000 (filled 765)
[02:32:06] [INFO]     ...attempted 875/2000 (filled 789)
[02:32:06] [INFO]     ...attempted 900/2000 (filled 813)
[02:32:06] [INFO]     ...attempted 925/2000 (filled 837)
[02:32:06] [INFO]     ...attempted 950/2000 (filled 862)
[02:32:06] [INFO]     ...attempted 975/2000 (filled 885)
[02:32:06] [INFO]     ...attempted 1000/2000 (filled 905)
[02:32:06] [INFO]     ...attempted 1025/2000 (filled 927)
[02:32:06] [INFO]     ...attempted 1050/2000 (filled 948)
[02:32:06] [INFO]     ...attempted 1075/2000 (filled 971)
[02:32:06] [INFO]     ...attempted 1100/2000 (filled 995)
[02:32:06] [INFO]     ...attempted 1125/2000 (filled 1019)
[02:32:06] [INFO]     ...attempted 1150/2000 (filled 1043)
[02:32:06] [INFO]     ...attempted 1175/2000 (filled 1067)
[02:32:06] [INFO]     ...attempted 1200/2000 (filled 1092)
[02:32:06] [INFO]     ...attempted 1225/2000 (filled 1117)
[02:32:06] [INFO]     ...attempted 1250/2000 (filled 1133)
[02:32:06] [INFO]     ...attempted 1275/2000 (filled 1153)
[02:32:06] [INFO]     ...attempted 1300/2000 (filled 1178)
[02:32:06] [INFO]     ...attempted 1325/2000 (filled 1203)
[02:32:06] [INFO]     ...attempted 1350/2000 (filled 1228)
[02:32:06] [INFO]     ...attempted 1375/2000 (filled 1253)
[02:32:06] [INFO]     ...attempted 1400/2000 (filled 1277)
[02:32:06] [INFO]     ...attempted 1425/2000 (filled 1299)
[02:32:06] [INFO]     ...attempted 1450/2000 (filled 1323)
[02:32:06] [INFO]     ...attempted 1475/2000 (filled 1348)
[02:32:06] [INFO]     ...attempted 1500/2000 (filled 1373)
[02:32:06] [INFO]     ...attempted 1525/2000 (filled 1398)
[02:32:06] [INFO]     ...attempted 1550/2000 (filled 1423)
[02:32:06] [INFO]     ...attempted 1575/2000 (filled 1448)
[02:32:06] [INFO]     ...attempted 1600/2000 (filled 1472)
[02:32:06] [INFO]     ...attempted 1625/2000 (filled 1496)
[02:32:06] [INFO]     ...attempted 1650/2000 (filled 1521)
[02:32:06] [INFO]     ...attempted 1675/2000 (filled 1543)
[02:32:06] [INFO]     ...attempted 1700/2000 (filled 1568)
[02:32:06] [INFO]     ...attempted 1725/2000 (filled 1593)
[02:32:06] [INFO]     ...attempted 1750/2000 (filled 1616)
[02:32:06] [INFO]     ...attempted 1775/2000 (filled 1640)
[02:32:06] [INFO]     ...attempted 1800/2000 (filled 1662)
[02:32:06] [INFO]     ...attempted 1825/2000 (filled 1685)
[02:32:06] [INFO]     ...attempted 1850/2000 (filled 1709)
[02:32:06] [INFO]     ...attempted 1875/2000 (filled 1733)
[02:32:06] [INFO]     ...attempted 1900/2000 (filled 1757)
[02:32:06] [INFO]     ...attempted 1925/2000 (filled 1782)
[02:32:06] [INFO]     ...attempted 1950/2000 (filled 1806)
[02:32:06] [INFO]     ...attempted 1975/2000 (filled 1830)
[02:32:06] [INFO]     ...attempted 2000/2000 (filled 1854)
[02:32:06] [INFO]   
[02:32:06] [INFO]     Attempted this run : 2000
[02:32:06] [INFO]     Filled this run    : 1854 (93%)
[02:32:06] [INFO]     datePosted found   : 66 (3%)  [35 via labeled Open Date]
[02:32:06] [INFO]     deadlines found    : 35 (2%)  [+398 rolling/until-filled]
[02:32:06] [INFO]     start dates found  : 12 (1%)
[02:32:06] [INFO]     Total w/ description: 2,505 / 6,280
[02:32:06] [INFO]     Remaining unfetched: 3,584
[02:32:06] [INFO]     Report saved       : generated/job-descriptions-report.json
[02:32:06] [INFO]   
[02:32:06] [OK] Descriptions succeeded.
[02:32:06] [INFO] 
[02:32:06] [INFO] --------------------------------------------------
[02:32:06] [INFO]   Step 5/8 - Build frontend
[02:32:06] [INFO] --------------------------------------------------
[02:32:06] [INFO] Running: C:\Program Files\nodejs\npm.cmd run build:frontend
[02:32:12] [INFO]   
[02:32:12] [INFO]   > faculty-jobs@1.0.0 build:frontend
[02:32:12] [INFO]   > npm run build:coverage && npm run sync:policy-exclusions && npm run sync:web-data && cd web-vue && npm run build && cd .. && node scripts/copy-dist.js && node scripts/generate-sitemap.js && node scripts/inject-og-meta.js
[02:32:12] [INFO]   
[02:32:12] [INFO]   
[02:32:12] [INFO]   > faculty-jobs@1.0.0 build:coverage
[02:32:12] [INFO]   > npm run build:institutions && npm run build:policy-exclusions && npm run sync:policy-exclusions && npm run build:coverage-report
[02:32:12] [INFO]   
[02:32:12] [INFO]   
[02:32:12] [INFO]   > faculty-jobs@1.0.0 build:institutions
[02:32:12] [INFO]   > node scripts/build-institutions-master.js
[02:32:12] [INFO]   
[02:32:12] [INFO]   Enriched 1296/1538 institutions from IPEDS (hd2024.csv)
[02:32:12] [INFO]   Wrote data\institutions-master.json (1538 institutions)
[02:32:12] [INFO]   
[02:32:12] [INFO]   > faculty-jobs@1.0.0 build:policy-exclusions
[02:32:12] [INFO]   > node scripts/generate-policy-exclusions.js
[02:32:12] [INFO]   
[02:32:12] [INFO]   Wrote generated\policy-excluded-colleges.json (12 excluded institutions)
[02:32:12] [INFO]   
[02:32:12] [INFO]   > faculty-jobs@1.0.0 sync:policy-exclusions
[02:32:12] [INFO]   > node scripts/sync-policy-exclusions-web.js
[02:32:12] [INFO]   
[02:32:12] [INFO]   Synced generated\policy-excluded-colleges.json -> web-vue\public\policy-excluded-colleges.json
[02:32:12] [INFO]   Synced generated\policy-excluded-colleges.json -> public\policy-excluded-colleges.json
[02:32:12] [INFO]   Synced generated\policy-excluded-colleges.json -> docs\policy-excluded-colleges.json
[02:32:12] [INFO]   
[02:32:12] [INFO]   > faculty-jobs@1.0.0 build:coverage-report
[02:32:12] [INFO]   > node scripts/generate-coverage-report.js
[02:32:12] [INFO]   
[02:32:12] [INFO]   Wrote generated\coverage-report.json (eligible universe: 1538)
[02:32:12] [INFO]   
[02:32:12] [INFO]   > faculty-jobs@1.0.0 sync:policy-exclusions
[02:32:12] [INFO]   > node scripts/sync-policy-exclusions-web.js
[02:32:12] [INFO]   
[02:32:12] [INFO]   Synced generated\policy-excluded-colleges.json -> web-vue\public\policy-excluded-colleges.json
[02:32:12] [INFO]   Synced generated\policy-excluded-colleges.json -> public\policy-excluded-colleges.json
[02:32:12] [INFO]   Synced generated\policy-excluded-colleges.json -> docs\policy-excluded-colleges.json
[02:32:12] [INFO]   
[02:32:12] [INFO]   > faculty-jobs@1.0.0 sync:web-data
[02:32:12] [INFO]   > node scripts/sync-web-data-files.js
[02:32:12] [INFO]   
[02:32:12] [INFO]   Synced public/jobs.json -> web-vue/public/jobs.json
[02:32:12] [INFO]   Synced public/college-coords.json -> web-vue/public/college-coords.json
[02:32:12] [INFO]   Built web chunk manifest: web-vue/public/data/jobs-manifest.json
[02:32:12] [INFO]   
[02:32:12] [INFO]   > web-vue@0.0.0 build
[02:32:12] [INFO]   > vite build
[02:32:12] [INFO]   
[02:32:12] [INFO]   [36mvite v8.0.0-beta.15 [32mbuilding client environment for production...[36m[39m
[02:32:12] [INFO]   [2K
[02:32:12] [INFO]   transforming...✓ 32 modules transformed.
[02:32:12] [INFO]   rendering chunks...
[02:32:12] [INFO]   computing gzip size...
[02:32:12] [INFO]   dist/index.html                   1.22 kB │ gzip:   0.65 kB
[02:32:12] [INFO]   dist/assets/index-B1Fe9rZq.css   33.18 kB │ gzip:  10.54 kB
[02:32:12] [INFO]   dist/assets/index-b5mNniGz.js   322.52 kB │ gzip: 101.40 kB
[02:32:12] [INFO]   
[02:32:12] [INFO]   [32m✓ built in 450ms[39m
[02:32:12] [INFO]   Copied web-vue/dist → public/ and docs/
[02:32:12] [INFO]   Sitemap written — lastmod: 2026-06-13, 3 URLs
[02:32:12] [INFO]     docs/sitemap.xml  public/sitemap.xml
[02:32:12] [INFO]     docs/robots.txt   public/robots.txt
[02:32:12] [INFO]   inject-og-meta: patched 2 files — 6280 jobs, 416 colleges, 56 sources
[02:32:12] [OK] Build succeeded.
[02:32:12] [INFO] 
[02:32:12] [INFO] --------------------------------------------------
[02:32:12] [INFO]   Step 6/8 - Commit and push
[02:32:12] [INFO] --------------------------------------------------
[02:32:12] [INFO] Running: C:\Program Files\Git\cmd\git.exe add docs/ public/ data/institutions-master.json generated/coverage-report.json generated/policy-excluded-colleges.json web-vue/public/policy-excluded-colleges.json
[02:32:13] [INFO]   [stderr] warning: in the working copy of 'data/institutions-master.json', LF will be replaced by CRLF the next time Git touches it
[02:32:13] [INFO]   [stderr] warning: in the working copy of 'docs/data/chunks/ak.json', LF will be replaced by CRLF the next time Git touches it
[02:32:13] [INFO]   [stderr] warning: in the working copy of 'docs/data/chunks/al.json', LF will be replaced by CRLF the next time Git touches it
[02:32:13] [INFO]   [stderr] warning: in the working copy of 'docs/data/chunks/ar.json', LF will be replaced by CRLF the next time Git touches it
[02:32:13] [INFO]   [stderr] warning: in the working copy of 'docs/data/chunks/az.json', LF will be replaced by CRLF the next time Git touches it
[02:32:13] [INFO]   [stderr] warning: in the working copy of 'docs/data/chunks/ca-private.json', LF will be replaced by CRLF the next time Git touches it
[02:32:13] [INFO]   [stderr] warning: in the working copy of 'docs/data/chunks/claremont-colleges.json', LF will be replaced by CRLF the next time Git touches it
[02:32:13] [INFO]   [stderr] warning: in the working copy of 'docs/data/chunks/claremont.json', LF will be replaced by CRLF the next time Git touches it
[02:32:13] [INFO]   [stderr] warning: in the working copy of 'docs/data/chunks/co.json', LF will be replaced by CRLF the next time Git touches it
[02:32:13] [INFO]   [stderr] warning: in the working copy of 'docs/data/chunks/csu.json', LF will be replaced by CRLF the next time Git touches it
[02:32:13] [INFO]   [stderr] warning: in the working copy of 'docs/data/chunks/ct-state.json', LF will be replaced by CRLF the next time Git touches it
[02:32:13] [INFO]   [stderr] warning: in the working copy of 'docs/data/chunks/ct.json', LF will be replaced by CRLF the next time Git touches it
[02:32:13] [INFO]   [stderr] warning: in the working copy of 'docs/data/chunks/de.json', LF will be replaced by CRLF the next time Git touches it
[02:32:13] [INFO]   [stderr] warning: in the working copy of 'docs/data/chunks/fl.json', LF will be replaced by CRLF the next time Git touches it
[02:32:13] [INFO]   [stderr] warning: in the working copy of 'docs/data/chunks/ga.json', LF will be replaced by CRLF the next time Git touches it
[02:32:13] [INFO]   [stderr] warning: in the working copy of 'docs/data/chunks/hi.json', LF will be replaced by CRLF the next time Git touches it
[02:32:13] [INFO]   [stderr] warning: in the working copy of 'docs/data/chunks/ia.json', LF will be replaced by CRLF the next time Git touches it
[02:32:13] [INFO]   [stderr] warning: in the working copy of 'docs/data/chunks/id.json', LF will be replaced by CRLF the next time Git touches it
[02:32:13] [INFO]   [stderr] warning: in the working copy of 'docs/data/chunks/il.json', LF will be replaced by CRLF the next time Git touches it
[02:32:13] [INFO]   [stderr] warning: in the working copy of 'docs/data/chunks/in.json', LF will be replaced by CRLF the next time Git touches it
[02:32:13] [INFO]   [stderr] warning: in the working copy of 'docs/data/chunks/ks.json', LF will be replaced by CRLF the next time Git touches it
[02:32:13] [INFO]   [stderr] warning: in the working copy of 'docs/data/chunks/ky.json', LF will be replaced by CRLF the next time Git touches it
[02:32:13] [INFO]   [stderr] warning: in the working copy of 'docs/data/chunks/la.json', LF will be replaced by CRLF the next time Git touches it
[02:32:13] [INFO]   [stderr] warning: in the working copy of 'docs/data/chunks/ma.json', LF will be replaced by CRLF the next time Git touches it
[02:32:13] [INFO]   [stderr] warning: in the working copy of 'docs/data/chunks/md.json', LF will be replaced by CRLF the next time Git touches it
[02:32:13] [INFO]   [stderr] warning: in the working copy of 'docs/data/chunks/me.json', LF will be replaced by CRLF the next time Git touches it
[02:32:13] [INFO]   [stderr] warning: in the working copy of 'docs/data/chunks/mi.json', LF will be replaced by CRLF the next time Git touches it
[02:32:13] [INFO]   [stderr] warning: in the working copy of 'docs/data/chunks/mn.json', LF will be replaced by CRLF the next time Git touches it
[02:32:13] [INFO]   [stderr] warning: in the working copy of 'docs/data/chunks/mo.json', LF will be replaced by CRLF the next time Git touches it
[02:32:13] [INFO]   [stderr] warning: in the working copy of 'docs/data/chunks/ms.json', LF will be replaced by CRLF the next time Git touches it
[02:32:13] [INFO]   [stderr] warning: in the working copy of 'docs/data/chunks/mt.json', LF will be replaced by CRLF the next time Git touches it
[02:32:13] [INFO]   [stderr] warning: in the working copy of 'docs/data/chunks/nc.json', LF will be replaced by CRLF the next time Git touches it
[02:32:13] [INFO]   [stderr] warning: in the working copy of 'docs/data/chunks/nd.json', LF will be replaced by CRLF the next time Git touches it
[02:32:13] [INFO]   [stderr] warning: in the working copy of 'docs/data/chunks/ne.json', LF will be replaced by CRLF the next time Git touches it
[02:32:13] [INFO]   [stderr] warning: in the working copy of 'docs/data/chunks/nh.json', LF will be replaced by CRLF the next time Git touches it
[02:32:13] [INFO]   [stderr] warning: in the working copy of 'docs/data/chunks/nj.json', LF will be replaced by CRLF the next time Git touches it
[02:32:13] [INFO]   [stderr] warning: in the working copy of 'docs/data/chunks/nm.json', LF will be replaced by CRLF the next time Git touches it
[02:32:13] [INFO]   [stderr] warning: in the working copy of 'docs/data/chunks/nv.json', LF will be replaced by CRLF the next time Git touches it
[02:32:13] [INFO]   [stderr] warning: in the working copy of 'docs/data/chunks/ny.json', LF will be replaced by CRLF the next time Git touches it
[02:32:13] [INFO]   [stderr] warning: in the working copy of 'docs/data/chunks/oh.json', LF will be replaced by CRLF the next time Git touches it
[02:32:13] [INFO]   [stderr] warning: in the working copy of 'docs/data/chunks/ok.json', LF will be replaced by CRLF the next time Git touches it
[02:32:13] [INFO]   [stderr] warning: in the working copy of 'docs/data/chunks/or.json', LF will be replaced by CRLF the next time Git touches it
[02:32:13] [INFO]   [stderr] warning: in the working copy of 'docs/data/chunks/pa.json', LF will be replaced by CRLF the next time Git touches it
[02:32:13] [INFO]   [stderr] warning: in the working copy of 'docs/data/chunks/ri.json', LF will be replaced by CRLF the next time Git touches it
[02:32:13] [INFO]   [stderr] warning: in the working copy of 'docs/data/chunks/sc.json', LF will be replaced by CRLF the next time Git touches it
[02:32:13] [INFO]   [stderr] warning: in the working copy of 'docs/data/chunks/sd.json', LF will be replaced by CRLF the next time Git touches it
[02:32:13] [INFO]   [stderr] warning: in the working copy of 'docs/data/chunks/tn.json', LF will be replaced by CRLF the next time Git touches it
[02:32:13] [INFO]   [stderr] warning: in the working copy of 'docs/data/chunks/tx.json', LF will be replaced by CRLF the next time Git touches it
[02:32:13] [INFO]   [stderr] warning: in the working copy of 'docs/data/chunks/uc.json', LF will be replaced by CRLF the next time Git touches it
[02:32:13] [INFO]   [stderr] warning: in the working copy of 'docs/data/chunks/umass.json', LF will be replaced by CRLF the next time Git touches it
[02:32:13] [INFO]   [stderr] warning: in the working copy of 'docs/data/chunks/ut.json', LF will be replaced by CRLF the next time Git touches it
[02:32:13] [INFO]   [stderr] warning: in the working copy of 'docs/data/chunks/va.json', LF will be replaced by CRLF the next time Git touches it
[02:32:13] [INFO]   [stderr] warning: in the working copy of 'docs/data/chunks/vt.json', LF will be replaced by CRLF the next time Git touches it
[02:32:13] [INFO]   [stderr] warning: in the working copy of 'docs/data/chunks/wa.json', LF will be replaced by CRLF the next time Git touches it
[02:32:13] [INFO]   [stderr] warning: in the working copy of 'docs/data/chunks/wi.json', LF will be replaced by CRLF the next time Git touches it
[02:32:13] [INFO]   [stderr] warning: in the working copy of 'docs/data/chunks/wv.json', LF will be replaced by CRLF the next time Git touches it
[02:32:13] [INFO]   [stderr] warning: in the working copy of 'docs/data/chunks/wy.json', LF will be replaced by CRLF the next time Git touches it
[02:32:13] [INFO]   [stderr] warning: in the working copy of 'docs/data/jobs-manifest.json', LF will be replaced by CRLF the next time Git touches it
[02:32:13] [INFO]   [stderr] warning: in the working copy of 'docs/data/site-stats.json', LF will be replaced by CRLF the next time Git touches it
[02:32:13] [INFO]   [stderr] warning: in the working copy of 'docs/jobs.json', LF will be replaced by CRLF the next time Git touches it
[02:32:13] [INFO]   [stderr] warning: in the working copy of 'docs/policy-excluded-colleges.json', LF will be replaced by CRLF the next time Git touches it
[02:32:13] [INFO]   [stderr] warning: in the working copy of 'docs/robots.txt', LF will be replaced by CRLF the next time Git touches it
[02:32:13] [INFO]   [stderr] warning: in the working copy of 'docs/sitemap.xml', LF will be replaced by CRLF the next time Git touches it
[02:32:13] [INFO]   [stderr] warning: in the working copy of 'generated/coverage-report.json', LF will be replaced by CRLF the next time Git touches it
[02:32:13] [INFO]   [stderr] warning: in the working copy of 'generated/policy-excluded-colleges.json', LF will be replaced by CRLF the next time Git touches it
[02:32:13] [INFO]   [stderr] warning: in the working copy of 'public/data/chunks/ak.json', LF will be replaced by CRLF the next time Git touches it
[02:32:13] [INFO]   [stderr] warning: in the working copy of 'public/data/chunks/al.json', LF will be replaced by CRLF the next time Git touches it
[02:32:13] [INFO]   [stderr] warning: in the working copy of 'public/data/chunks/ar.json', LF will be replaced by CRLF the next time Git touches it
[02:32:13] [INFO]   [stderr] warning: in the working copy of 'public/data/chunks/az.json', LF will be replaced by CRLF the next time Git touches it
[02:32:13] [INFO]   [stderr] warning: in the working copy of 'public/data/chunks/ca-private.json', LF will be replaced by CRLF the next time Git touches it
[02:32:13] [INFO]   [stderr] warning: in the working copy of 'public/data/chunks/claremont-colleges.json', LF will be replaced by CRLF the next time Git touches it
[02:32:13] [INFO]   [stderr] warning: in the working copy of 'public/data/chunks/claremont.json', LF will be replaced by CRLF the next time Git touches it
[02:32:13] [INFO]   [stderr] warning: in the working copy of 'public/data/chunks/co.json', LF will be replaced by CRLF the next time Git touches it
[02:32:13] [INFO]   [stderr] warning: in the working copy of 'public/data/chunks/csu.json', LF will be replaced by CRLF the next time Git touches it
[02:32:13] [INFO]   [stderr] warning: in the working copy of 'public/data/chunks/ct-state.json', LF will be replaced by CRLF the next time Git touches it
[02:32:13] [INFO]   [stderr] warning: in the working copy of 'public/data/chunks/ct.json', LF will be replaced by CRLF the next time Git touches it
[02:32:13] [INFO]   [stderr] warning: in the working copy of 'public/data/chunks/de.json', LF will be replaced by CRLF the next time Git touches it
[02:32:13] [INFO]   [stderr] warning: in the working copy of 'public/data/chunks/fl.json', LF will be replaced by CRLF the next time Git touches it
[02:32:13] [INFO]   [stderr] warning: in the working copy of 'public/data/chunks/ga.json', LF will be replaced by CRLF the next time Git touches it
[02:32:13] [INFO]   [stderr] warning: in the working copy of 'public/data/chunks/hi.json', LF will be replaced by CRLF the next time Git touches it
[02:32:13] [INFO]   [stderr] warning: in the working copy of 'public/data/chunks/ia.json', LF will be replaced by CRLF the next time Git touches it
[02:32:13] [INFO]   [stderr] warning: in the working copy of 'public/data/chunks/id.json', LF will be replaced by CRLF the next time Git touches it
[02:32:13] [INFO]   [stderr] warning: in the working copy of 'public/data/chunks/il.json', LF will be replaced by CRLF the next time Git touches it
[02:32:13] [INFO]   [stderr] warning: in the working copy of 'public/data/chunks/in.json', LF will be replaced by CRLF the next time Git touches it
[02:32:13] [INFO]   [stderr] warning: in the working copy of 'public/data/chunks/ks.json', LF will be replaced by CRLF the next time Git touches it
[02:32:13] [INFO]   [stderr] warning: in the working copy of 'public/data/chunks/ky.json', LF will be replaced by CRLF the next time Git touches it
[02:32:13] [INFO]   [stderr] warning: in the working copy of 'public/data/chunks/la.json', LF will be replaced by CRLF the next time Git touches it
[02:32:13] [INFO]   [stderr] warning: in the working copy of 'public/data/chunks/ma.json', LF will be replaced by CRLF the next time Git touches it
[02:32:13] [INFO]   [stderr] warning: in the working copy of 'public/data/chunks/md.json', LF will be replaced by CRLF the next time Git touches it
[02:32:13] [INFO]   [stderr] warning: in the working copy of 'public/data/chunks/me.json', LF will be replaced by CRLF the next time Git touches it
[02:32:13] [INFO]   [stderr] warning: in the working copy of 'public/data/chunks/mi.json', LF will be replaced by CRLF the next time Git touches it
[02:32:13] [INFO]   [stderr] warning: in the working copy of 'public/data/chunks/mn.json', LF will be replaced by CRLF the next time Git touches it
[02:32:13] [INFO]   [stderr] warning: in the working copy of 'public/data/chunks/mo.json', LF will be replaced by CRLF the next time Git touches it
[02:32:13] [INFO]   [stderr] warning: in the working copy of 'public/data/chunks/ms.json', LF will be replaced by CRLF the next time Git touches it
[02:32:13] [INFO]   [stderr] warning: in the working copy of 'public/data/chunks/mt.json', LF will be replaced by CRLF the next time Git touches it
[02:32:13] [INFO]   [stderr] warning: in the working copy of 'public/data/chunks/nc.json', LF will be replaced by CRLF the next time Git touches it
[02:32:13] [INFO]   [stderr] warning: in the working copy of 'public/data/chunks/nd.json', LF will be replaced by CRLF the next time Git touches it
[02:32:13] [INFO]   [stderr] warning: in the working copy of 'public/data/chunks/ne.json', LF will be replaced by CRLF the next time Git touches it
[02:32:13] [INFO]   [stderr] warning: in the working copy of 'public/data/chunks/nh.json', LF will be replaced by CRLF the next time Git touches it
[02:32:13] [INFO]   [stderr] warning: in the working copy of 'public/data/chunks/nj.json', LF will be replaced by CRLF the next time Git touches it
[02:32:13] [INFO]   [stderr] warning: in the working copy of 'public/data/chunks/nm.json', LF will be replaced by CRLF the next time Git touches it
[02:32:13] [INFO]   [stderr] warning: in the working copy of 'public/data/chunks/nv.json', LF will be replaced by CRLF the next time Git touches it
[02:32:13] [INFO]   [stderr] warning: in the working copy of 'public/data/chunks/ny.json', LF will be replaced by CRLF the next time Git touches it
[02:32:13] [INFO]   [stderr] warning: in the working copy of 'public/data/chunks/oh.json', LF will be replaced by CRLF the next time Git touches it
[02:32:13] [INFO]   [stderr] warning: in the working copy of 'public/data/chunks/ok.json', LF will be replaced by CRLF the next time Git touches it
[02:32:13] [INFO]   [stderr] warning: in the working copy of 'public/data/chunks/or.json', LF will be replaced by CRLF the next time Git touches it
[02:32:13] [INFO]   [stderr] warning: in the working copy of 'public/data/chunks/pa.json', LF will be replaced by CRLF the next time Git touches it
[02:32:13] [INFO]   [stderr] warning: in the working copy of 'public/data/chunks/ri.json', LF will be replaced by CRLF the next time Git touches it
[02:32:13] [INFO]   [stderr] warning: in the working copy of 'public/data/chunks/sc.json', LF will be replaced by CRLF the next time Git touches it
[02:32:13] [INFO]   [stderr] warning: in the working copy of 'public/data/chunks/sd.json', LF will be replaced by CRLF the next time Git touches it
[02:32:13] [INFO]   [stderr] warning: in the working copy of 'public/data/chunks/tn.json', LF will be replaced by CRLF the next time Git touches it
[02:32:13] [INFO]   [stderr] warning: in the working copy of 'public/data/chunks/tx.json', LF will be replaced by CRLF the next time Git touches it
[02:32:13] [INFO]   [stderr] warning: in the working copy of 'public/data/chunks/uc.json', LF will be replaced by CRLF the next time Git touches it
[02:32:13] [INFO]   [stderr] warning: in the working copy of 'public/data/chunks/umass.json', LF will be replaced by CRLF the next time Git touches it
[02:32:13] [INFO]   [stderr] warning: in the working copy of 'public/data/chunks/ut.json', LF will be replaced by CRLF the next time Git touches it
[02:32:13] [INFO]   [stderr] warning: in the working copy of 'public/data/chunks/va.json', LF will be replaced by CRLF the next time Git touches it
[02:32:13] [INFO]   [stderr] warning: in the working copy of 'public/data/chunks/vt.json', LF will be replaced by CRLF the next time Git touches it
[02:32:13] [INFO]   [stderr] warning: in the working copy of 'public/data/chunks/wa.json', LF will be replaced by CRLF the next time Git touches it
[02:32:13] [INFO]   [stderr] warning: in the working copy of 'public/data/chunks/wi.json', LF will be replaced by CRLF the next time Git touches it
[02:32:13] [INFO]   [stderr] warning: in the working copy of 'public/data/chunks/wv.json', LF will be replaced by CRLF the next time Git touches it
[02:32:13] [INFO]   [stderr] warning: in the working copy of 'public/data/chunks/wy.json', LF will be replaced by CRLF the next time Git touches it
[02:32:13] [INFO]   [stderr] warning: in the working copy of 'public/data/jobs-manifest.json', LF will be replaced by CRLF the next time Git touches it
[02:32:13] [INFO]   [stderr] warning: in the working copy of 'public/data/site-stats.json', LF will be replaced by CRLF the next time Git touches it
[02:32:13] [INFO]   [stderr] warning: in the working copy of 'public/jobs.json', LF will be replaced by CRLF the next time Git touches it
[02:32:13] [INFO]   [stderr] warning: in the working copy of 'public/policy-excluded-colleges.json', LF will be replaced by CRLF the next time Git touches it
[02:32:13] [INFO]   [stderr] warning: in the working copy of 'public/robots.txt', LF will be replaced by CRLF the next time Git touches it
[02:32:13] [INFO]   [stderr] warning: in the working copy of 'public/sitemap.xml', LF will be replaced by CRLF the next time Git touches it
[02:32:13] [INFO]   [stderr] warning: in the working copy of 'web-vue/public/policy-excluded-colleges.json', LF will be replaced by CRLF the next time Git touches it
[02:32:13] [INFO]   [stderr] warning: in the working copy of 'docs/assets/index-B1Fe9rZq.css', LF will be replaced by CRLF the next time Git touches it
[02:32:13] [INFO]   [stderr] warning: in the working copy of 'public/assets/index-B1Fe9rZq.css', LF will be replaced by CRLF the next time Git touches it
[02:32:13] [OK] git add succeeded.
[02:32:13] [INFO] Running: C:\Program Files\Git\cmd\git.exe commit -F C:\Users\StevenAzeka\AppData\Local\Temp\tmpF3FB.tmp
[02:32:14] [INFO]   [main fac1cb8] Daily scrape update 2026-06-13
[02:32:14] [INFO]    126 files changed, 53841 insertions(+), 75445 deletions(-)
[02:32:14] [INFO]    create mode 100644 docs/assets/index-B1Fe9rZq.css
[02:32:14] [INFO]    create mode 100644 docs/assets/index-b5mNniGz.js
[02:32:14] [INFO]    create mode 100644 public/assets/index-B1Fe9rZq.css
[02:32:14] [INFO]    create mode 100644 public/assets/index-b5mNniGz.js
[02:32:14] [OK] git commit succeeded.
[02:32:14] [INFO] Running: C:\Program Files\Git\cmd\git.exe push
[02:32:19] [INFO]   [stderr] To https://github.com/sazeka/Faculty-Jobs.git
[02:32:19] [INFO]   [stderr]    6d2415b..fac1cb8  main -> main
[02:32:19] [OK] git push succeeded.
[02:32:19] [INFO] 
[02:32:19] [INFO] --------------------------------------------------
[02:32:19] [INFO]   Step 7/8 - Validate job URLs
[02:32:19] [INFO] --------------------------------------------------
[02:32:19] [INFO] Running: C:\Program Files\nodejs\npm.cmd run verify:job-urls
[02:32:36] [INFO]   
[02:32:36] [INFO]   > faculty-jobs@1.0.0 verify:job-urls
[02:32:36] [INFO]   > node scripts/verify-job-urls.js
[02:32:36] [INFO]   
[02:32:36] [INFO]   
[02:32:36] [INFO]   Faculty Atlas - Job URL Validator
[02:32:36] [INFO]     Sample: 8/source | Concurrency: 6 | Recheck: every 7d | Timeout: 12000ms
[02:32:36] [INFO]   
[02:32:36] [INFO]   Loaded 6,280 jobs.
[02:32:36] [INFO]     215 URLs selected to check this run (6065 not sampled or already fresh in cache)
[02:32:36] [INFO]   
[02:32:36] [INFO]   
[02:32:36] [INFO]     Checked 10/215...
[02:32:36] [INFO]     Checked 20/215...
[02:32:36] [INFO]     Checked 30/215...
[02:32:36] [INFO]     Checked 40/215...
[02:32:36] [INFO]     Checked 50/215...
[02:32:36] [INFO]     Checked 60/215...
[02:32:36] [INFO]     Checked 70/215...
[02:32:36] [INFO]     Checked 80/215...
[02:32:36] [INFO]     Checked 90/215...
[02:32:36] [INFO]     Checked 100/215...
[02:32:36] [INFO]     Checked 110/215...
[02:32:36] [INFO]     Checked 120/215...
[02:32:36] [INFO]     Checked 130/215...
[02:32:36] [INFO]     Checked 140/215...
[02:32:36] [INFO]     Checked 150/215...
[02:32:36] [INFO]     Checked 160/215...
[02:32:36] [INFO]     Checked 170/215...
[02:32:36] [INFO]     Checked 180/215...
[02:32:36] [INFO]     Checked 190/215...
[02:32:36] [INFO]     Checked 200/215...
[02:32:36] [INFO]     Checked 210/215...
[02:32:36] [INFO]     Checked 215/215...
[02:32:36] [INFO]   
[02:32:36] [INFO]   -- Results (this run) --
[02:32:36] [INFO]     OK        : 188
[02:32:36] [INFO]     Dead      : 0  (404/410)
[02:32:36] [INFO]     Redirected: 20  (redirected to homepage)
[02:32:36] [INFO]     Blocked   : 7  (403/405 - assumed live)
[02:32:36] [INFO]     Timeout   : 0
[02:32:36] [INFO]     Other     : 0
[02:32:36] [INFO]   
[02:32:36] [INFO]   -- Overall (from cache) --
[02:32:36] [INFO]     URLs in cache  : 8,132 / 6,280 (129.5% coverage)
[02:32:36] [INFO]     Confirmed dead : 20
[02:32:36] [INFO]   
[02:32:36] [INFO]   -- Dead listings (most recent 10) --
[02:32:36] [INFO]     [homepage-redirect] University of Nevada, Las Vegas - Lecturer in Urban Journalism, Greenspun College of Urban Aff
[02:32:36] [INFO]       https://nshe.wd1.myworkdayjobs.com/UNLV-external/job/UNLV1-Main-Campus-Las-Vegas/Lecturer-in-Urban-Journalism--Greenspun-College-of-Urban-Affairs--R01050893-_R0150893
[02:32:36] [INFO]     [homepage-redirect] Nevada State University - Lecturer of Physical Sciences
[02:32:36] [INFO]       https://nshe.wd1.myworkdayjobs.com/NSU-external/job/NSU---Main-Campus/Lecturer-of-Physical-Sciences_R0151185
[02:32:36] [INFO]     [homepage-redirect] University of Nevada, Reno - Lecturer II / Teaching Assistant Professor / Assistant Profe
[02:32:36] [INFO]       https://nshe.wd1.myworkdayjobs.com/UNR-external/job/Extension-Humboldt---University-of-Nevada-Reno/Lecturer-II---Teaching-Assistant-Professor---Assistant-Professor--Statewide-Natural-Resources-Specialist--Extension---Winnemucca--Nevada_R0151168-1
[02:32:36] [INFO]     [homepage-redirect] University of Nevada, Las Vegas - Developmental Behavioral Pediatric, Assistant/Associate Prof
[02:32:36] [INFO]       https://nshe.wd1.myworkdayjobs.com/UNLV-external/job/Assistant-Associate-Professor-of-Developmental-Behavioral-Pediatric--Kirk-Kerkorian-School-of-Medicine--R0139775-_R0139775
[02:32:36] [INFO]     [homepage-redirect] University of Nevada, Las Vegas - Assistant/Associate/Full Professor, and Program Director, Me
[02:32:36] [INFO]       https://nshe.wd1.myworkdayjobs.com/UNLV-external/job/UNLV1-Main-Campus-Las-Vegas/Assistant-Associate-Full-Professor--and-Program-Director--Medical-Physics--Department-of-Health-Physics-and-Diagnostic-Sciences--School-of-Integrated-Health-Sciences--R0150483-_R0150483
[02:32:36] [INFO]     [homepage-redirect] University of Nevada, Reno - Assistant/Associate Dean, Faculty Development - UNR Med
[02:32:36] [INFO]       https://nshe.wd1.myworkdayjobs.com/UNR-external/job/Medicine-Reno---University-of-Nevada-School-of-Medicine/Associate-Professor-Associate-Dean--Faculty-Development_R0147813
[02:32:36] [INFO]     [homepage-redirect] University of Nevada, Reno - Associate Professor, Information Systems
[02:32:36] [INFO]       https://nshe.wd1.myworkdayjobs.com/UNR-external/job/University-of-Nevada-Reno---Main-Campus/Associate-Professor---Information-Systems_R0149585-1
[02:32:36] [INFO]     [homepage-redirect] Nevada State University - Assistant/Associate Professor of Teacher Education - Literac
[02:32:36] [INFO]       https://nshe.wd1.myworkdayjobs.com/NSU-external/job/NSU---Main-Campus/Assistant-Associate-Professor-of-Teacher-Education---Literacy-Education_R0151008
[02:32:36] [INFO]     [homepage-redirect] Wesleyan University - Assistant Professor of Physics
[02:32:36] [INFO]       https://wesleyan.wd5.myworkdayjobs.com/careers/job/Middletown-CT-Main-Campus/Assistant-Professor-of-Physics_R101237
[02:32:36] [INFO]     [homepage-redirect] Fairfield University - Visiting Assistant Professor, Chemistry and Biochemistry
[02:32:36] [INFO]       https://ffd.wd1.myworkdayjobs.com/EmploymentOpportunities/job/Fairfield-CT/Visiting-Assistant-Professor--Chemistry-and-Biochemistry_JR0003196
[02:32:36] [INFO]     ... and 10 more in generated\job-url-dead.json
[02:32:36] [INFO]   
[02:32:36] [INFO]     Report  : generated\job-url-report.json
[02:32:36] [INFO]     Dead    : generated\job-url-dead.json
[02:32:36] [INFO]     Cache   : generated\job-url-cache.json
[02:32:36] [INFO]   
[02:32:36] [OK] Verify job URLs succeeded.
[02:32:36] [INFO] 
[02:32:36] [INFO] --------------------------------------------------
[02:32:36] [INFO]   Step 8/8 - Monitor live site
[02:32:36] [INFO] --------------------------------------------------
[02:32:36] [INFO] Waiting 30s for GitHub Pages to propagate...
[02:33:06] [INFO] Running: C:\Program Files\nodejs\npm.cmd run monitor:live
[02:33:08] [INFO]   
[02:33:08] [INFO]   > faculty-jobs@1.0.0 monitor:live
[02:33:08] [INFO]   > node scripts/monitor-live-site.js
[02:33:08] [INFO]   
[02:33:08] [INFO]   
[02:33:08] [INFO]   🔍 Faculty Atlas — Live Site Health Check
[02:33:08] [INFO]      Target: https://sazeka.github.io/Faculty-Jobs
[02:33:08] [INFO]      Freshness limit: warn >7d, fail >14d
[02:33:08] [INFO]      Min job count: 500
[02:33:08] [INFO]   
[02:33:08] [INFO]   ── Availability ─────────────────────────────
[02:33:08] [INFO]     ✅ [PASS] Site root reachable: HTTP 200
[02:33:08] [INFO]   
[02:33:08] [INFO]   ── Assets ───────────────────────────────────
[02:33:08] [INFO]     ❌ [FAIL] JS bundle loads: HTTP 404
[02:33:08] [INFO]     ❌ [FAIL] CSS bundle loads: HTTP 404
[02:33:08] [INFO]   
[02:33:08] [INFO]   ── Data ─────────────────────────────────────
[02:33:08] [INFO]     ✅ [PASS] Manifest loads: 56 chunks declared
[02:33:08] [INFO]     ✅ [PASS] Job count meets minimum: 6,493 jobs (min: 500)
[02:33:08] [INFO]     ✅ [PASS] Data freshness: 2.0 days old (scraped 6/11/2026)
[02:33:08] [INFO]   
[02:33:08] [INFO]   ── Chunk spot-check ─────────────────────────
[02:33:08] [INFO]     ✅ [PASS] Chunk wy: 19 jobs
[02:33:08] [INFO]     ✅ [PASS] Chunk nd: 16 jobs
[02:33:08] [INFO]     ✅ [PASS] Chunk wi: 35 jobs
[02:33:08] [INFO]   
[02:33:08] [INFO]   ── Map data ─────────────────────────────────
[02:33:08] [INFO]     ✅ [PASS] College coordinates: 531 entries
[02:33:08] [INFO]   
[02:33:08] [INFO]   ─────────────────────────────────────────────
[02:33:08] [INFO]   ❌ Overall: FAIL  (8 passed, 0 warned, 2 failed) — 0.7s
[02:33:08] [INFO]      Report written to generated/live-site-health.json
[02:33:08] [INFO]   
[02:33:08] [ERROR] Monitor FAILED (exit code 1)
[02:33:08] [INFO] 
[02:33:08] [INFO] ================================================
[02:33:08] [INFO]   [SUCCESS] Daily update completed.
[02:33:08] [INFO]   Log: C:\Users\StevenAzeka\OneDrive\Documents\GitHub\Faculty-Jobs\generated\automation-logs\daily-update-2026-06-13_02-00-01.log
[02:33:08] [INFO] ================================================
[02:33:08] [INFO] 
