[02:00:02] [INFO] ================================================
[02:00:02] [INFO]   Faculty Atlas - Daily Update
[02:00:02] [INFO]   Wednesday, June 10 2026 02:00:02
[02:00:02] [INFO]   Project: C:\Users\StevenAzeka\OneDrive\Documents\GitHub\Faculty-Jobs
[02:00:02] [INFO] ================================================
[02:00:02] [INFO] 
[02:00:02] [INFO] --------------------------------------------------
[02:00:02] [INFO]   Step 1/5 - Scrape jobs
[02:00:02] [INFO] --------------------------------------------------
[02:00:02] [INFO] Running: C:\Program Files\nodejs\npm.cmd run scrape:json
[02:13:57] [INFO]   
[02:13:57] [INFO]   > faculty-jobs@1.0.0 scrape:json
[02:13:57] [INFO]   > node scripts/scrape-to-json.js
[02:13:57] [INFO]   
[02:13:57] [INFO]   🧾 Loaded policy exclusions: 12 institutions
[02:13:57] [INFO]   🏷️  Loaded private for-profit exclusions: 0 institutions
[02:13:57] [INFO]   ↪️  Arizona Christian University override URL applied
[02:13:57] [INFO]   Wesleyan University CT listings scraped: 2 (API)
[02:13:57] [INFO]   Arizona Western College AZ listings scraped: 0
[02:13:57] [INFO]   ASU facultypositions listings scraped: 0
[02:13:57] [INFO]   Trinity College CT listings scraped: 5
[02:13:57] [INFO]   Estrella Mountain Community College AZ listings scraped: 0
[02:13:57] [INFO]   University of Hartford CT listings scraped: 16
[02:13:57] [INFO]   Arizona State University Campus Immersion AZ listings scraped: 0
[02:13:57] [INFO]   Arizona State University Digital Immersion AZ listings scraped: 0
[02:13:57] [INFO]   Prescott College AZ listings scraped: 0
[02:13:57] [INFO]   Community Christian College AZ listings scraped: 0
[02:13:57] [INFO]   Fairfield University CT listings scraped: 3 (API)
[02:13:57] [INFO]   Arizona Board of Regents AZ listings scraped: 0
[02:13:57] [INFO]   Ottawa University-Surprise AZ listings scraped: 0
[02:13:57] [INFO]   UMass Dartmouth listing scraped: 4
[02:13:57] [INFO]   Eastern Arizona College AZ listings scraped: 0
[02:13:57] [INFO]   Embry-Riddle Aeronautical University-Prescott AZ listings scraped: 0
[02:13:57] [INFO]   UMass Lowell listing scraped: 4
[02:13:57] [INFO]   ↪️  Cochise County Community College District: generic page hands off to schooljobs
[02:13:57] [INFO]   Central Arizona College AZ listings scraped: 1
[02:13:57] [INFO]   Western Maricopa Education Center AZ listings scraped: 0
[02:13:57] [INFO]   Yale University CT listings scraped: 0
[02:13:57] [INFO]   University of Connecticut CT listings scraped: 17
[02:13:57] [INFO]   Connecticut College CT listings scraped: 17
[02:13:57] [INFO]   Northern Arizona University AZ listings scraped: 11
[02:13:57] [INFO]   ↪️  Coconino Community College: generic page hands off to schooljobs
[02:13:57] [INFO]   Cochise County Community College District AZ listings scraped: 0
[02:13:57] [INFO]   Cochise County Community College District AZ listings scraped: 0
[02:13:57] [INFO]   UMass Boston listing scraped: 27
[02:13:57] [INFO]   Arizona Christian University AZ listings scraped: 0
[02:13:57] [INFO]   Quinnipiac University CT listings scraped: 6
[02:13:57] [INFO]   Dine College AZ listings scraped: 0
[02:13:57] [INFO]   University of Arizona AZ listings scraped: 9
[02:13:57] [INFO]   Albertus Magnus College CT listings scraped: 0
[02:13:57] [INFO]   Charter Oak State College CT listings scraped: 0
[02:13:57] [INFO]   University of Bridgeport CT listings scraped: 4
[02:13:57] [INFO]   Central Connecticut State University CT listings scraped: 0
[02:13:57] [INFO]   Coconino Community College AZ listings scraped: 1
[02:13:57] [INFO]   Connecticut State Community College CT listings scraped: 0
[02:13:57] [INFO]   UMass Amherst page 1: 6 jobs
[02:13:57] [INFO]   UMass Amherst total scraped: 6
[02:13:57] [INFO]   Eastern Connecticut State University CT listings scraped: 0
[02:13:57] [INFO]   Brandeis University MA listings scraped: 3 (API)
[02:13:57] [INFO]   Amherst College MA listings scraped: 2 (API)
[02:13:57] [INFO]   Mount Holyoke College MA listings scraped: 2 (API)
[02:13:57] [INFO]   UC Santa Barbara UC listings scraped: 60
[02:13:57] [INFO]   UC San Diego UC listings scraped: 165
[02:13:57] [INFO]   UC Berkeley UC listings scraped: 151
[02:13:57] [INFO]   Tufts University MA listings scraped: 5 (Jibe API)
[02:13:57] [INFO]   UC Riverside UC listings scraped: 88
[02:13:57] [INFO]   Massachusetts Institute of Technology MA listings scraped: 0 (PeopleClick)
[02:13:57] [INFO]   UC Santa Cruz UC listings scraped: 87
[02:13:57] [INFO]   UC San Francisco UC listings scraped: 369
[02:13:57] [INFO]   UCLA UC listings scraped: 232
[02:13:57] [INFO]   UC Davis UC listings scraped: 220
[02:13:57] [INFO]   UC Merced UC listings scraped: 142
[02:13:57] [INFO]   UC Irvine UC listings scraped: 312
[02:13:57] [INFO]   Northeastern University MA listings scraped: 2 (API)
[02:13:57] [INFO]   Wellesley College MA listings scraped: 3 (API)
[02:13:57] [INFO]   Boston College MA listings scraped: 0
[02:13:57] [INFO]   Stanford University CA Private listings scraped: 15
[02:13:57] [INFO]   Boston University MA listings scraped: 0
[02:13:57] [INFO]   Smith College MA listings scraped: 2 (Smith Interfolio page)
[02:13:57] [INFO]   Babson College MA listings scraped: 0
[02:13:57] [INFO]   Williams College MA listings scraped: 0
[02:13:57] [INFO]   College of the Holy Cross MA listings scraped: 0 (Jobvite)
[02:13:57] [INFO]   Academy for Jewish Religion California CA Private listings scraped: 0
[02:13:57] [INFO]   Bentley University MA listings scraped: 2 (API)
[02:13:57] [INFO]   California Institute of Technology CA Private Taleo listings scraped: 0
[02:13:57] [INFO]   University of Southern California CA Private listings scraped: 11 (USC listing)
[02:13:57] [INFO]   ↪️  Alder Graduate School of Education override URL applied
[02:13:57] [INFO]   Acupuncture and Integrative Medicine College-Berkeley CA Private listings scraped: 0
[02:13:57] [INFO]   Springfield College-Regional, Online, and Continuing Education MA listings scraped: 0
[02:13:57] [INFO]   ↪️  Signature Healthcare Brockton Hospital School of Nursing: generic page hands off to csod
[02:13:57] [INFO]   Alder Graduate School of Education CA Private listings scraped: 1
[02:13:57] [INFO]   Academy of Chinese Culture and Health Sciences CA Private listings scraped: 0
[02:13:57] [INFO]   Allan Hancock College CA Private listings scraped: 0
[02:13:57] [INFO]   American International College MA listings scraped: 0
[02:13:57] [INFO]   American Jewish University CA Private listings scraped: 0
[02:13:57] [INFO]   American Academy of Dramatic Arts-Los Angeles CA Private listings scraped: 0
[02:13:57] [INFO]   Anna Maria College MA listings scraped: 1
[02:13:57] [INFO]   CSU listing scraped: 112
[02:13:57] [INFO]   ↪️  American River College: generic page hands off to schooljobs
[02:13:57] [INFO]   CT Faculty/Teaching results scraped: 25
[02:13:57] [INFO]   Assumption University MA listings scraped: 0
[02:13:57] [INFO]   Montclair State University NJ listings scraped: 6 (API)
[02:13:57] [INFO]   William Paterson University NJ listings scraped: 6 (API)
[02:13:57] [INFO]   Kean University NJ listings scraped: 5 (API)
[02:13:57] [INFO]   Bard College at Simon's Rock MA listings scraped: 0
[02:13:57] [INFO]   Antioch University-Los Angeles CA Private listings scraped: 0
[02:13:57] [INFO]   Stevens Institute of Technology NJ listings scraped: 9 (API)
[02:13:57] [INFO]   Signature Healthcare Brockton Hospital School of Nursing MA listings scraped: 0
[02:13:57] [INFO]   Signature Healthcare Brockton Hospital School of Nursing MA listings scraped: 0
[02:13:57] [INFO]   The College of New Jersey NJ listings scraped: 0
[02:13:57] [INFO]   Seton Hall University NJ listings scraped: 0
[02:13:57] [INFO]   Stockton University NJ listings scraped: 0
[02:13:57] [INFO]   New Jersey City University NJ listings scraped: 0
[02:13:57] [INFO]   Fairleigh Dickinson University NJ listings scraped: 31
[02:13:57] [INFO]   Antioch University-Santa Barbara CA Private listings scraped: 0
[02:13:57] [INFO]   Bay Path University MA listings scraped: 0
[02:13:57] [INFO]   ↪️  Antelope Valley Community College District: generic page hands off to schooljobs
[02:13:57] [INFO]   Berklee College of Music MA listings scraped: 0
[02:13:57] [INFO]   Benjamin Franklin Cummings Institute of Technology MA listings scraped: 0
[02:13:57] [INFO]   Ramapo College of New Jersey NJ listings scraped: 1
[02:13:57] [INFO]   American River College CA Private listings scraped: 0
[02:13:57] [INFO]   American River College CA Private listings scraped: 0
[02:13:57] [INFO]   Princeton University NJ listings scraped: 1
[02:13:57] [INFO]   Rider University NJ listings scraped: 1
[02:13:57] [INFO]   Berkshire Community College MA listings scraped: 0
[02:13:57] [INFO]   ↪️  Boston Architectural College: generic page hands off to paycom
[02:13:57] [INFO]   Monmouth University NJ listings scraped: 6
[02:13:57] [INFO]   New Jersey Institute of Technology NJ listings scraped: 4
[02:13:58] [INFO]   Boston Baptist College MA listings scraped: 0
[02:13:58] [INFO]   Saint Peter's University NJ listings scraped: 8
[02:13:58] [INFO]   Capital Health School of Nursing NJ listings scraped: 0
[02:13:58] [INFO]   Coalinga College CA Private listings scraped: 0
[02:13:58] [INFO]   Lemoore College CA Private listings scraped: 0
[02:13:58] [INFO]   Antelope Valley Community College District CA Private listings scraped: 0
[02:13:58] [INFO]   Antelope Valley Community College District CA Private listings scraped: 0
[02:13:58] [INFO]   Capital Health School of Radiologic Technology NJ listings scraped: 0
[02:13:58] [INFO]   Boston Graduate School of Psychoanalysis Inc MA listings scraped: 0
[02:13:58] [INFO]   Bridgewater State University MA listings scraped: 0
[02:13:58] [INFO]   Boston Architectural College MA listings scraped: 2
[02:13:58] [INFO]   Middlebury Institute of International Studies at Monterey CA Private listings scraped: 0
[02:13:58] [INFO]   Hackensack Meridian School of Medicine NJ listings scraped: 0
[02:13:58] [INFO]   Moorpark College CA Private listings scraped: 0
[02:13:58] [INFO]   Holy Name Medical Center-Sister Claire Tynan School of Nursing NJ listings scraped: 0
[02:13:58] [INFO]   Los Angeles County College of Nursing and Allied Health CA Private listings scraped: 0
[02:13:58] [INFO]   Atlantic Cape Community College NJ listings scraped: 0
[02:13:58] [INFO]   Loma Linda University CA Private listings scraped: 0
[02:13:58] [INFO]   Bristol Community College MA listings scraped: 0
[02:13:58] [INFO]   Bunker Hill Community College MA listings scraped: 2
[02:13:58] [INFO]   Cambridge College MA listings scraped: 0
[02:13:58] [INFO]   Sanford Burnham Prebys Medical Discovery Institute CA Private listings scraped: 2
[02:13:58] [INFO]   Santiago Canyon College CA Private listings scraped: 0
[02:13:58] [INFO]   Bloomfield College of Montclair State University NJ listings scraped: 0
[02:13:58] [INFO]   Beth Medrash Govoha NJ listings scraped: 0
[02:13:58] [INFO]   Bergen Community College NJ listings scraped: 0
[02:13:58] [INFO]   Clark University MA listings scraped: 0
[02:13:58] [INFO]   The Chicago School at Anaheim CA Private listings scraped: 0
[02:13:58] [INFO]   The Chicago School at Los Angeles CA Private listings scraped: 0
[02:13:58] [INFO]   College of Our Lady of the Elms MA listings scraped: 1
[02:13:58] [INFO]   Rutgers, The State University of New Jersey NJ listings scraped: 279
[02:13:58] [INFO]   The Chicago School at San Diego CA Private listings scraped: 0
[02:13:58] [INFO]   Cape Cod Community College MA listings scraped: 0
[02:13:58] [INFO]   ↪️  Dean College override URL applied
[02:13:58] [INFO]   Trinity Law School CA Private listings scraped: 0
[02:13:58] [INFO]   Azusa Pacific University CA Private listings scraped: 3
[02:13:58] [INFO]   Rowan University NJ listings scraped: 19
[02:13:58] [INFO]   Camden County College NJ listings scraped: 0
[02:13:58] [INFO]   Caldwell University NJ listings scraped: 1
[02:13:58] [INFO]   Art Center College of Design CA Private listings scraped: 0
[02:13:58] [INFO]   ↪️  Brookdale Community College: generic page hands off to icims
[02:13:58] [INFO]   Conway School of Landscape Design MA listings scraped: 0
[02:13:58] [INFO]   Curry College MA listings scraped: 0
[02:13:58] [INFO]   Dean College MA listings scraped: 1
[02:13:58] [INFO]   Bakersfield College CA Private listings scraped: 0
[02:13:58] [INFO]   ↪️  Barstow Community College: generic page hands off to schooljobs
[02:13:58] [INFO]   Centenary University NJ listings scraped: 0
[02:13:58] [INFO]   County College of Morris NJ listings scraped: 1
[02:13:58] [INFO]   Drew University NJ listings scraped: 2
[02:13:58] [INFO]   Brookdale Community College NJ listings scraped: 0
[02:13:58] [INFO]   Brookdale Community College NJ listings scraped: 0
[02:13:58] [INFO]   Berkeley City College CA Private listings scraped: 0
[02:13:58] [INFO]   Emerson College MA listings scraped: 1
[02:13:58] [INFO]   Barstow Community College CA Private listings scraped: 0
[02:13:58] [INFO]   Barstow Community College CA Private listings scraped: 0
[02:13:58] [INFO]   Berkeley School of Theology CA Private listings scraped: 0
[02:13:58] [INFO]   Bethesda University CA Private listings scraped: 0
[02:13:58] [INFO]   Fairleigh Dickinson University-Metropolitan Campus NJ listings scraped: 0
[02:13:58] [INFO]   Emmanuel College MA listings scraped: 0
[02:13:58] [INFO]   Eastern Nazarene College MA listings scraped: 0
[02:13:58] [INFO]   Fairleigh Dickinson University-Florham Campus NJ listings scraped: 1
[02:13:58] [INFO]   Cabrillo College CA Private listings scraped: 0
[02:13:58] [INFO]   ↪️  Biola University: generic page hands off to csod
[02:13:58] [INFO]   Felician University NJ listings scraped: 0
[02:13:58] [INFO]   ↪️  Butte College: generic page hands off to schooljobs
[02:13:58] [INFO]   ↪️  Endicott College: generic page hands off to workday
[02:13:58] [INFO]   ↪️  Fisher College: generic page hands off to paycom
[02:13:58] [INFO]   Endicott College MA listings scraped: 3 (API)
[02:13:58] [INFO]   California College of the Arts CA Private listings scraped: 1
[02:13:58] [INFO]   California Baptist University CA Private listings scraped: 0
[02:13:58] [INFO]   Fitchburg State University MA listings scraped: 0
[02:13:58] [INFO]   Butte College CA Private listings scraped: 2
[02:13:58] [INFO]   Elizabeth City State University NC listings scraped: 5
[02:13:58] [INFO]   Fayetteville State University NC listings scraped: 7
[02:13:58] [INFO]   Framingham State University MA listings scraped: 1
[02:13:58] [INFO]   Appalachian State University NC listings scraped: 25
[02:13:58] [INFO]   Franklin W Olin College of Engineering MA listings scraped: 0
[02:13:58] [INFO]   California Institute of Advanced Management CA Private listings scraped: 1
[02:13:58] [INFO]   California Institute of Integral Studies CA Private listings scraped: 0
[02:13:58] [INFO]   North Carolina A&T State University NC listings scraped: 18
[02:13:58] [INFO]   Fisher College MA listings scraped: 6
[02:13:58] [INFO]   ↪️  Essex County College: generic page hands off to peopleadmin
[02:13:58] [INFO]   UNC Asheville NC listings scraped: 2
[02:13:58] [INFO]   California Jazz Conservatory CA Private listings scraped: 0
[02:13:58] [INFO]   California Institute of the Arts CA Private listings scraped: 0
[02:13:58] [INFO]   California Lutheran University CA Private listings scraped: 0
[02:13:58] [INFO]   Essex County College NJ listings scraped: 0
[02:13:58] [INFO]   Essex County College NJ listings scraped: 0
[02:13:58] [INFO]   California State Polytechnic University-Humboldt CA Private listings scraped: 2
[02:13:58] [INFO]   California Polytechnic State University-San Luis Obispo CA Private listings scraped: 0
[02:13:58] [INFO]   William & Mary VA listings scraped: 0
[02:13:58] [INFO]   California State Polytechnic University-Pomona CA Private listings scraped: 0
[02:13:58] [INFO]   George Mason University VA listings scraped: 0
[02:13:58] [INFO]   University of Virginia VA listings scraped: 0 (Workday search API)
[02:13:58] [INFO]   NC State University NC listings scraped: 5 (HTTP fallback)
[02:13:58] [INFO]   Old Dominion University VA listings scraped: 22
[02:13:58] [INFO]   Biola University CA Private listings scraped: 10
[02:13:58] [INFO]   California State University-Chancellors Office CA Private listings scraped: 0
[02:13:58] [INFO]   James Madison University VA listings scraped: 0
[02:13:58] [INFO]   California State University-Bakersfield CA Private listings scraped: 0
[02:13:58] [INFO]   University of Richmond VA listings scraped: 4 (API)
[02:13:58] [INFO]   California State University-Chico CA Private listings scraped: 1
[02:13:58] [INFO]   California State University-Channel Islands CA Private listings scraped: 1
[02:13:58] [INFO]   UNC Charlotte NC listings scraped: 8
[02:13:58] [INFO]   Hollins University VA listings scraped: 1
[02:13:58] [INFO]   Washington and Lee University VA listings scraped: 0
[02:13:58] [INFO]   California State University Maritime Academy CA Private listings scraped: 0
[02:13:58] [INFO]   UNC Pembroke NC listings scraped: 21
[02:13:58] [INFO]   ↪️  California State University-East Bay: generic page hands off to pageup
[02:13:58] [INFO]   Centra College VA listings scraped: 0
[02:13:58] [INFO]   California State University-Fresno CA Private listings scraped: 0
[02:13:58] [INFO]   California State University-Dominguez Hills CA Private listings scraped: 0
[02:13:58] [INFO]   Virginia Commonwealth University VA listings scraped: 0
[02:13:58] [INFO]   UNC School of the Arts NC listings scraped: 1
[02:13:58] [INFO]   Riverside College of Health Careers VA listings scraped: 0
[02:13:58] [INFO]   UNC Wilmington NC listings scraped: 0
[02:13:58] [INFO]   Appalachian College of Pharmacy VA listings scraped: 2
[02:13:58] [INFO]   ↪️  California State University-Long Beach: generic page hands off to pageup
[02:13:58] [INFO]   Virginia Tech VA listings scraped: 66 (keyword search)
[02:13:58] [INFO]   California State University-Los Angeles CA Private listings scraped: 0
[02:13:58] [INFO]   Appalachian School of Law VA listings scraped: 1
[02:13:58] [INFO]   California State University-Long Beach CA Private listings scraped: 0
[02:13:58] [INFO]   California State University-Long Beach CA Private listings scraped: 0
[02:13:58] [INFO]   Agora University VA listings scraped: 0
[02:13:58] [INFO]   California State University-Fullerton CA Private listings scraped: 0
[02:13:58] [INFO]   East Carolina University NC listings scraped: 51
[02:13:58] [INFO]   Averett University VA listings scraped: 1
[02:13:58] [INFO]   California State University-Monterey Bay CA Private listings scraped: 0
[02:13:58] [INFO]   North Carolina Central University NC listings scraped: 19
[02:13:58] [INFO]   Ascent College VA listings scraped: 0
[02:13:58] [INFO]   California State University-East Bay CA Private listings scraped: 38
[02:13:58] [INFO]   California State University-Northridge CA Private listings scraped: 0
[02:13:58] [INFO]   Winston-Salem State University NC listings scraped: 1
[02:13:58] [INFO]   Bon Secours Memorial College of Nursing VA listings scraped: 1
[02:13:58] [INFO]   Blue Ridge Community College VA listings scraped: 0
[02:13:58] [INFO]   California State University-Sacramento CA Private listings scraped: 1
[02:13:58] [INFO]   Bluefield University VA listings scraped: 0
[02:13:58] [INFO]   Bon Secours St Mary's Hospital School of Medical Imaging VA listings scraped: 0
[02:13:58] [INFO]   California State University-San Marcos CA Private listings scraped: 0
[02:13:58] [INFO]   Wake Forest University NC listings scraped: 2
[02:13:58] [INFO]   California State University-Stanislaus CA Private listings scraped: 0
[02:13:58] [INFO]   Davidson College NC listings scraped: 0 (Workday search API)
[02:13:58] [INFO]   Western Carolina University NC listings scraped: 18
[02:13:58] [INFO]   Brightpoint Community College VA listings scraped: 0
[02:13:58] [INFO]   California Western School of Law CA Private listings scraped: 0
[02:13:58] [INFO]   Central Virginia Community College VA listings scraped: 41
[02:13:58] [INFO]   California University of Science and Medicine CA Private listings scraped: 0
[02:13:58] [INFO]   Bryant & Stratton College-Virginia Beach VA listings scraped: 0
[02:13:58] [INFO]   ↪️  Bridgewater College: generic page hands off to paycom
[02:13:58] [INFO]   Canada College CA Private listings scraped: 0
[02:13:58] [INFO]   Christopher Newport University VA listings scraped: 0
[02:13:58] [INFO]   UNC Greensboro NC listings scraped: 32
[02:13:58] [INFO]   Elon University NC listings scraped: 0
[02:13:58] [INFO]   Danville Community College VA listings scraped: 0
[02:13:58] [INFO]   Eastern Mennonite University VA listings scraped: 0
[02:13:58] [INFO]   Casa Loma College-Los Angeles CA Private listings scraped: 0
[02:13:58] [INFO]   Cerritos College CA Private listings scraped: 0
[02:13:58] [INFO]   Cerro Coso Community College CA Private listings scraped: 0
[02:13:58] [INFO]   ↪️  Alamance Community College: generic page hands off to schooljobs
[02:13:58] [INFO]   Johnson & Wales University-Charlotte NC listings scraped: 0
[02:13:58] [INFO]   Divine Mercy University VA listings scraped: 0
[02:13:58] [INFO]   Duke University NC listings scraped: 25 (keyword search)
[02:13:58] [INFO]   CBD College CA Private listings scraped: 0
[02:13:58] [INFO]   Bridgewater College VA listings scraped: 10
[02:13:58] [INFO]   Eastern Shore Community College VA listings scraped: 0
[02:13:58] [INFO]   Chaffey College CA Private listings scraped: 0
[02:13:58] [INFO]   ↪️  Chabot College: generic page hands off to peopleadmin
[02:13:58] [INFO]   ↪️  Eastern Virginia Medical School: generic page hands off to icims
[02:13:58] [INFO]   Alamance Community College NC listings scraped: 1
[02:13:58] [INFO]   Asheville-Buncombe Technical Community College NC listings scraped: 0
[02:13:58] [INFO]   Edward Via College of Osteopathic Medicine VA listings scraped: 0
[02:13:58] [INFO]   Chapman University CA Private listings scraped: 1
[02:13:58] [INFO]   Chabot College CA Private listings scraped: 3
[02:13:58] [INFO]   ↪️  Emory & Henry University: generic page hands off to paycom
[02:13:58] [INFO]   Charles R Drew University of Medicine and Science CA Private listings scraped: 0
[02:13:58] [INFO]   Eastern Virginia Medical School VA listings scraped: 0
[02:13:58] [INFO]   Eastern Virginia Medical School VA listings scraped: 0
[02:13:58] [INFO]   ↪️  Barton College: generic page hands off to paycom
[02:13:58] [INFO]   Beaufort County Community College NC listings scraped: 2
[02:13:58] [INFO]   Church Divinity School of the Pacific CA Private listings scraped: 3
[02:13:58] [INFO]   Ferrum College VA listings scraped: 0
[02:13:58] [INFO]   Citrus College CA Private listings scraped: 0
[02:13:58] [INFO]   Belmont Abbey College NC listings scraped: 0
[02:13:58] [INFO]   City College of San Francisco CA Private listings scraped: 0
[02:13:58] [INFO]   Bennett College NC listings scraped: 0
[02:13:58] [INFO]   Clovis Community College CA Private listings scraped: 0
[02:13:58] [INFO]   Emory & Henry University VA listings scraped: 7
[02:13:58] [INFO]   Barton College NC listings scraped: 6
[02:13:58] [INFO]   Claremont School of Theology CA Private listings scraped: 0
[02:13:58] [INFO]   Claremont Lincoln University CA Private listings scraped: 0
[02:13:58] [INFO]   Bladen Community College NC listings scraped: 1
[02:13:58] [INFO]   ↪️  Coast Community College District Office: generic page hands off to schooljobs
[02:13:58] [INFO]   College of Charleston SC listings scraped: 9
[02:13:58] [INFO]   Coastal Carolina University SC listings scraped: 8
[02:13:58] [INFO]   Winthrop University SC listings scraped: 1
[02:13:58] [INFO]   Harvard University MA listings scraped: 190
[02:13:58] [INFO]   Clemson University SC listings scraped: 0
[02:13:58] [INFO]   Coastline Community College CA Private listings scraped: 0
[02:13:58] [INFO]   Brunswick Community College NC listings scraped: 0
[02:13:58] [INFO]   Cabarrus College of Health Sciences NC listings scraped: 1
[02:13:58] [INFO]   The Citadel SC listings scraped: 0
[02:13:58] [INFO]   Wofford College SC listings scraped: 2 (API)
[02:13:58] [INFO]   College of Alameda CA Private listings scraped: 0
[02:13:58] [INFO]   Brevard College NC listings scraped: 0
[02:13:58] [INFO]   University of South Carolina-Lancaster SC listings scraped: 0
[02:13:58] [INFO]   Delaware Technical Community College DE listings scraped: 4
[02:13:58] [INFO]   College of Marin CA Private listings scraped: 0
[02:13:58] [INFO]   University of South Carolina-Salkehatchie SC listings scraped: 0
[02:13:58] [INFO]   ↪️  Caldwell Community College and Technical Institute: generic page hands off to schooljobs
[02:13:58] [INFO]   Furman University SC: API failed, falling back to browser
[02:13:58] [INFO]   University of South Carolina SC listings scraped: 97
[02:13:58] [INFO]   Presbyterian College SC listings scraped: 0
[02:13:58] [INFO]   University of South Carolina-Sumter SC listings scraped: 0
[02:13:58] [INFO]   University of South Carolina-Union SC listings scraped: 0
[02:13:58] [INFO]   Cape Fear Community College NC listings scraped: 0
[02:13:58] [INFO]   ↪️  Campbell University: generic page hands off to taleo
[02:13:58] [INFO]   Allen University SC listings scraped: 0
[02:13:58] [INFO]   American College of the Building Arts SC listings scraped: 0
[02:13:58] [INFO]   College of San Mateo CA Private listings scraped: 0
[02:13:58] [INFO]   Wilmington University DE Taleo listings scraped: 0
[02:13:58] [INFO]   Carolina Christian College NC listings scraped: 0
[02:13:58] [INFO]   College of the Redwoods CA Private listings scraped: 0
[02:13:58] [INFO]   Campbell University NC Taleo listings scraped: 0
[02:13:58] [INFO]   Campbell University NC listings scraped: 0
[02:13:58] [INFO]   Carolina College of Biblical Studies NC listings scraped: 0
[02:13:58] [INFO]   Carolina University NC listings scraped: 0
[02:13:58] [INFO]   Coast Community College District Office CA Private listings scraped: 0
[02:13:58] [INFO]   Coast Community College District Office CA Private listings scraped: 0
[02:13:58] [INFO]   Caldwell Community College and Technical Institute NC listings scraped: 0
[02:13:58] [INFO]   Caldwell Community College and Technical Institute NC listings scraped: 0
[02:13:58] [INFO]   ↪️  Carteret Community College: generic page hands off to schooljobs
[02:13:58] [INFO]   College of the Sequoias CA Private listings scraped: 1
[02:13:58] [INFO]   Catawba College NC listings scraped: 0
[02:13:58] [INFO]   College of the Siskiyous CA Private listings scraped: 1
[02:13:58] [INFO]   Delaware State University DE listings scraped: 3
[02:13:58] [INFO]   Anderson University SC listings scraped: 1
[02:13:58] [INFO]   University of Maryland, College Park MD listings scraped: 62 (API)
[02:13:58] [INFO]   Catawba Valley Community College NC listings scraped: 1
[02:13:58] [INFO]   University of Maryland, Baltimore County MD listings scraped: 10
[02:13:58] [INFO]   Central Carolina Community College NC listings scraped: 0
[02:13:58] [INFO]   College of the Desert CA Private listings scraped: 0
[02:13:58] [INFO]   Bob Jones University SC listings scraped: 0
[02:13:58] [INFO]   Compton College CA Private listings scraped: 0
[02:13:58] [INFO]   College of the Canyons CA Private listings scraped: 0
[02:13:58] [INFO]   Concordia University-Irvine CA Private listings scraped: 0
[02:13:58] [INFO]   Carteret Community College NC listings scraped: 1
[02:13:58] [INFO]   Benedict College SC listings scraped: 0
[02:13:58] [INFO]   Johns Hopkins University MD listings scraped: 1
[02:13:58] [INFO]   ↪️  Central Piedmont Community College: generic page hands off to schooljobs
[02:13:58] [INFO]   Furman University SC listings scraped: 0
[02:13:58] [INFO]   University of Maryland, Baltimore MD Taleo listings scraped: 8
[02:13:58] [INFO]   Charlotte Christian College and Theological Seminary NC listings scraped: 0
[02:13:58] [INFO]   Morgan State University MD listings scraped: 62
[02:13:58] [INFO]   Contra Costa Community College District Office CA Private listings scraped: 0
[02:13:58] [INFO]   Copper Mountain Community College CA Private listings scraped: 0
[02:13:58] [INFO]   Goucher College MD listings scraped: 0
[02:13:58] [INFO]   Charleston Southern University SC listings scraped: 1
[02:13:58] [INFO]   Towson University MD Taleo listings scraped: 0
[02:13:58] [INFO]   Contra Costa College CA Private listings scraped: 0
[02:13:58] [INFO]   Chowan University NC listings scraped: 0
[02:13:58] [INFO]   St. Mary's College of Maryland MD listings scraped: 0
[02:13:58] [INFO]   Garrett College MD listings scraped: 0
[02:13:58] [INFO]   ↪️  Cosumnes River College: generic page hands off to schooljobs
[02:13:58] [INFO]   Citadel Military College of South Carolina SC listings scraped: 0
[02:13:58] [INFO]   ↪️  Allegany College of Maryland: generic page hands off to schooljobs
[02:13:58] [INFO]   Central Piedmont Community College NC listings scraped: 1
[02:13:58] [INFO]   Cuyamaca College CA Private listings scraped: 0
[02:13:58] [INFO]   ↪️  Coastal Carolina Community College: generic page hands off to schooljobs
[02:13:58] [INFO]   Anne Arundel Community College MD listings scraped: 0
[02:13:58] [INFO]   Cuesta College CA Private listings scraped: 0
[02:13:58] [INFO]   Crafton Hills College CA Private listings scraped: 0
[02:13:58] [INFO]   Claflin University SC listings scraped: 0
[02:13:58] [INFO]   Cleveland Community College NC listings scraped: 0
[02:13:58] [INFO]   Central Carolina Technical College SC listings scraped: 0
[02:13:58] [INFO]   Allegany College of Maryland MD listings scraped: 0
[02:13:58] [INFO]   Allegany College of Maryland MD listings scraped: 0
[02:13:58] [INFO]   Clinton College SC listings scraped: 2
[02:13:58] [INFO]   Baltimore City Community College MD listings scraped: 0
[02:13:58] [INFO]   Bais HaMedrash and Mesivta of Baltimore MD listings scraped: 0
[02:13:58] [INFO]   De Anza College CA Private listings scraped: 0
[02:13:58] [INFO]   ↪️  Bowie State University: generic page hands off to workday
[02:13:58] [INFO]   College of the Albemarle NC listings scraped: 0
[02:13:58] [INFO]   Bowie State University MD listings scraped: 7 (API)
[02:13:58] [INFO]   Columbia International University SC listings scraped: 1
[02:13:58] [INFO]   Capitol Technology University MD listings scraped: 0
[02:13:58] [INFO]   Cypress College CA Private listings scraped: 0
[02:13:58] [INFO]   Cosumnes River College CA Private listings scraped: 0
[02:13:58] [INFO]   Cosumnes River College CA Private listings scraped: 0
[02:13:58] [INFO]   Coastal Carolina Community College NC listings scraped: 0
[02:13:58] [INFO]   Coastal Carolina Community College NC listings scraped: 0
[02:13:58] [INFO]   ↪️  Craven Community College: generic page hands off to schooljobs
[02:13:58] [INFO]   Converse University SC listings scraped: 0
[02:13:58] [INFO]   Carroll Community College MD listings scraped: 0
[02:13:58] [INFO]   Coker University SC listings scraped: 0
[02:13:58] [INFO]   DHARMA REALM BUDDHIST UNIVERSITY CA Private listings scraped: 0
[02:13:58] [INFO]   Craven Community College NC listings scraped: 0
[02:13:58] [INFO]   Craven Community College NC listings scraped: 0
[02:13:58] [INFO]   ↪️  College of Southern Maryland: generic page hands off to schooljobs
[02:13:58] [INFO]   ↪️  Davidson-Davie Community College: generic page hands off to schooljobs
[02:13:58] [INFO]   Diablo Valley College CA Private listings scraped: 0
[02:13:58] [INFO]   ↪️  Durham Technical Community College: generic page hands off to schooljobs
[02:13:58] [INFO]   Daybreak University CA Private listings scraped: 0
[02:13:58] [INFO]   Cecil College MD listings scraped: 0
[02:13:58] [INFO]   Dominican School of Philosophy & Theology CA Private listings scraped: 0
[02:13:58] [INFO]   Florence-Darlington Technical College SC listings scraped: 1
[02:13:58] [INFO]   College of Southern Maryland MD listings scraped: 0
[02:13:58] [INFO]   College of Southern Maryland MD listings scraped: 0
[02:13:58] [INFO]   ↪️  Community College of Baltimore County: generic page hands off to schooljobs
[02:13:58] [INFO]   Davidson-Davie Community College NC listings scraped: 0
[02:13:58] [INFO]   Davidson-Davie Community College NC listings scraped: 0
[02:13:58] [INFO]   Dominican University of California CA Private listings scraped: 0
[02:13:58] [INFO]   Edgecombe Community College NC listings scraped: 2
[02:13:58] [INFO]   Erskine College SC listings scraped: 1
[02:13:58] [INFO]   Chesapeake College MD listings scraped: 0
[02:13:58] [INFO]   East Los Angeles College CA Private listings scraped: 0
[02:13:58] [INFO]   Frederick Community College MD listings scraped: 0
[02:13:58] [INFO]   Forsyth Technical Community College NC listings scraped: 1
[02:13:58] [INFO]   Durham Technical Community College NC listings scraped: 0
[02:13:58] [INFO]   Durham Technical Community College NC listings scraped: 0
[02:13:58] [INFO]   ↪️  Denmark Technical College: generic page hands off to schooljobs
[02:13:58] [INFO]   EDvance College CA Private listings scraped: 0
[02:13:58] [INFO]   Dongguk University Los Angeles CA Private listings scraped: 0
[02:13:58] [INFO]   Community College of Baltimore County MD listings scraped: 9
[02:13:58] [INFO]   Downey Adult School CA Private listings scraped: 0
[02:13:58] [INFO]   Francis Marion University SC listings scraped: 1
[02:13:58] [INFO]   ↪️  Frostburg State University: generic page hands off to workday
[02:13:58] [INFO]   UNC-Chapel Hill NC listings scraped: 210
[02:13:58] [INFO]   Frostburg State University MD listings scraped: 7 (API)
[02:13:58] [INFO]   El Camino Community College District CA Private listings scraped: 0
[02:13:58] [INFO]   ↪️  Fayetteville Technical Community College: generic page hands off to peopleadmin
[02:13:58] [INFO]   ↪️  Evergreen Valley College: generic page hands off to peopleadmin
[02:13:58] [INFO]   Epic Bible College & Graduate School CA Private listings scraped: 0
[02:13:58] [INFO]   Fayetteville Technical Community College NC listings scraped: 0
[02:13:58] [INFO]   Fayetteville Technical Community College NC listings scraped: 0
[02:13:58] [INFO]   Denmark Technical College SC listings scraped: 2
[02:13:58] [INFO]   Feather River Community College District CA Private listings scraped: 0
[02:13:58] [INFO]   ↪️  Coppin State University: generic page hands off to workday
[02:13:58] [INFO]   Coppin State University MD listings scraped: 2 (API)
[02:13:58] [INFO]   Rhode Island College RI listings scraped: 5
[02:13:58] [INFO]   Fielding Graduate University CA Private listings scraped: 1
[02:13:58] [INFO]   Evergreen Valley College CA Private listings scraped: 0
[02:13:58] [INFO]   Evergreen Valley College CA Private listings scraped: 0
[02:13:58] [INFO]   Providence College RI listings scraped: 0
[02:13:58] [INFO]   ↪️  Brown University: generic page hands off to workday
[02:13:58] [INFO]   Commonwealth University PA listings scraped: 5
[02:13:58] [INFO]   Foothill College CA Private listings scraped: 1
[02:13:58] [INFO]   Cheyney University PA listings scraped: 2
[02:13:58] [INFO]   Kutztown University PA listings scraped: 0
[02:13:58] [INFO]   Bryant University RI listings scraped: 0
[02:13:58] [INFO]   Brown University RI listings scraped: 0 (API)
[02:13:58] [INFO]   Brown University RI listings scraped: 0
[02:13:58] [INFO]   ↪️  Folsom Lake College: generic page hands off to schooljobs
[02:13:58] [INFO]   Rhode Island School of Design RI listings scraped: 3
[02:13:58] [INFO]   Franciscan School of Theology CA Private listings scraped: 0
[02:13:58] [INFO]   Shippensburg University PA listings scraped: 2
[02:13:58] [INFO]   Central Michigan University MI listings scraped: 11
[02:13:58] [INFO]   ↪️  Foothill-De Anza Community College District: generic page hands off to taleo
[02:13:58] [INFO]   Salve Regina University RI listings scraped: 0
[02:13:58] [INFO]   PennWest PA listings scraped: 7
[02:13:58] [INFO]   Millersville University PA listings scraped: 4
[02:13:58] [INFO]   Johnson & Wales University-Providence RI listings scraped: 0
[02:13:58] [INFO]   Fresno City College CA Private listings scraped: 0
[02:13:58] [INFO]   Oakland University MI listings scraped: 25
[02:13:58] [INFO]   Slippery Rock University PA listings scraped: 3
[02:13:58] [INFO]   College Unbound RI listings scraped: 1
[02:13:58] [INFO]   The Pennsylvania State University PA listings scraped: 34 (API)
[02:13:58] [INFO]   Eastern Michigan University MI listings scraped: 1
[02:13:58] [INFO]   Fresno Pacific University CA Private listings scraped: 0
[02:13:58] [INFO]   Folsom Lake College CA Private listings scraped: 0
[02:13:58] [INFO]   Folsom Lake College CA Private listings scraped: 0
[02:13:58] [INFO]   Carnegie Mellon University PA listings scraped: 4 (API)
[02:13:58] [INFO]   Community College of Rhode Island RI listings scraped: 0
[02:13:58] [INFO]   West Chester University PA listings scraped: 0
[02:13:58] [INFO]   East Stroudsburg University PA listings scraped: 0
[02:13:58] [INFO]   University of Pennsylvania PA listings scraped: 8 (Workday search API)
[02:13:58] [INFO]   Bucknell University PA listings scraped: 3 (API)
[02:13:58] [INFO]   Gettysburg College PA listings scraped: 17
[02:13:58] [INFO]   Dickinson College PA listings scraped: 2 (API)
[02:13:58] [INFO]   Drexel University PA listings scraped: 8
[02:13:58] [INFO]   Fuller Theological Seminary CA Private listings scraped: 0
[02:13:58] [INFO]   Franklin & Marshall College PA listings scraped: 2 (Interfolio links page)
[02:13:58] [INFO]   Lafayette College PA listings scraped: 3 (Lafayette faculty page)
[02:13:58] [INFO]   Kalamazoo College MI listings scraped: 0
[02:13:58] [INFO]   Swarthmore College PA listings scraped: 2
[02:13:58] [INFO]   University of Rhode Island RI listings scraped: 29
[02:13:58] [INFO]   Western Michigan University MI listings scraped: 22
[02:13:58] [INFO]   Wayne State University MI listings scraped: 30
[02:13:58] [INFO]   Adrian College MI listings scraped: 0
[02:13:58] [INFO]   Chicago State University IL listings scraped: 21
[02:13:59] [INFO]   Governors State University IL listings scraped: 0
[02:13:59] [INFO]   ↪️  Albion College: generic page hands off to interfolio
[02:13:59] [INFO]   Foothill-De Anza Community College District CA Private listings scraped: 0
[02:13:59] [INFO]   Knox College IL listings scraped: 1
[02:13:59] [INFO]   Michigan State University MI listings scraped: 465
[02:13:59] [INFO]   Alma College MI listings scraped: 0
[02:13:59] [INFO]   Claremont McKenna College Claremont listings scraped: 6
[02:13:59] [INFO]   Northern Illinois University IL listings scraped: 19
[02:13:59] [INFO]   University of Illinois Springfield IL listings scraped: 1
[02:13:59] [INFO]   Keck Graduate Institute Claremont listings scraped: 9
[02:13:59] [INFO]   Claremont Colleges listings scraped: 91
[02:13:59] [INFO]   Cornell University NY listings scraped: 5 (API)
[02:13:59] [INFO]   Stony Brook University (SUNY) NY listings scraped: 62
[02:13:59] [INFO]   University of Illinois Chicago IL listings scraped: 0
[02:13:59] [INFO]   Fordham University NY listings scraped: 29
[02:13:59] [INFO]   Waiting for CUNY jobs to load...
[02:13:59] [INFO]   Alpena Community College MI listings scraped: 0
[02:13:59] [INFO]   Southern Illinois University Edwardsville IL listings scraped: 0
[02:13:59] [INFO]   University of Illinois Urbana-Champaign IL listings scraped: 14
[02:13:59] [INFO]   Southern Illinois University Carbondale IL listings scraped: 4
[02:13:59] [INFO]   University at Buffalo (SUNY) NY listings scraped: 42
[02:13:59] [INFO]   Western Illinois University IL listings scraped: 0
[02:13:59] [INFO]   Southern Oregon University OR listings scraped: 0 (API)
[02:13:59] [INFO]   Albion College MI listings scraped: 3
[02:13:59] [INFO]   CUNY initial job count: 10
[02:13:59] [INFO]   Columbia University NY listings scraped: 572
[02:13:59] [INFO]   Andrews University MI listings scraped: 1
[02:13:59] [INFO]   Villanova University PA listings scraped: 352
[02:13:59] [INFO]   Washington State University WA listings scraped: 3 (API)
[02:13:59] [INFO]   Whitman College WA listings scraped: 4 (Interfolio links page)
[02:13:59] [INFO]   St. John's directory sub-pages found: 9
[02:13:59] [INFO]   New York University NY listings scraped: 0
[02:13:59] [INFO]   Pace University NY listings scraped: 8 (SaaS HR API)
[02:13:59] [INFO]   Syracuse University NY listings scraped: 37
[02:13:59] [INFO]   George Fox University OR listings scraped: 0
[02:13:59] [INFO]   SUNY System main page listings scraped: 621
[02:13:59] [INFO]   Eastern Washington University WA listings scraped: 22
[02:13:59] [INFO]   Lewis & Clark College OR listings scraped: 0
[02:13:59] [INFO]   ↪️  University of Portland: generic page hands off to peopleadmin
[02:13:59] [INFO]   Pacific University OR listings scraped: 0
[02:13:59] [INFO]   University at Albany (SUNY) NY listings scraped: 1
[02:13:59] [INFO]   Binghamton University (SUNY) NY listings scraped: 1
[02:13:59] [INFO]   Pacific Northwest College of Art OR listings scraped: 0
[02:13:59] [INFO]   Pacific Lutheran University WA listings scraped: 4 (HTTP fallback)
[02:13:59] [INFO]   Willamette University OR listings scraped: 0
[02:13:59] [INFO]   Reed College OR listings scraped: 0
[02:13:59] [INFO]   Binghamton University (SUNY) NY listings scraped: 1
[02:13:59] [INFO]   University at Albany (SUNY) NY listings scraped: 1
[02:13:59] [INFO]   SUNY total listings scraped: 729
[02:13:59] [INFO]   Evergreen State College WA listings scraped: 2
[02:13:59] [INFO]   Columbia Gorge Community College OR listings scraped: 0
[02:13:59] [INFO]   Chemeketa Community College OR listings scraped: 0
[02:13:59] [INFO]   Eastern Oregon University OR listings scraped: 21
[02:13:59] [INFO]   Oregon Institute of Technology OR listings scraped: 18
[02:13:59] [INFO]   Corban University OR listings scraped: 0
[02:13:59] [INFO]   Clackamas Community College OR listings scraped: 0
[02:13:59] [INFO]   Bellevue College WA listings scraped: 0
[02:13:59] [INFO]   Clatsop Community College OR listings scraped: 0
[02:13:59] [INFO]   ↪️  University of Puget Sound: generic page hands off to icims
[02:13:59] [INFO]   Gonzaga University WA listings scraped: 0
[02:13:59] [INFO]   ↪️  Whitworth University: generic page hands off to schooljobs
[02:13:59] [INFO]   ↪️  Whitworth University-Adult Degree Programs: generic page hands off to schooljobs
[02:13:59] [INFO]   Mount Angel Seminary OR listings scraped: 0
[02:13:59] [INFO]   Saint Martin's University WA listings scraped: 0
[02:13:59] [INFO]   ↪️  Bastyr University: generic page hands off to paycom
[02:13:59] [INFO]   Bushnell University OR listings scraped: 0
[02:13:59] [INFO]   Clark College WA listings scraped: 1
[02:13:59] [INFO]   ↪️  Big Bend Community College: generic page hands off to schooljobs
[02:13:59] [INFO]   ↪️  Seattle Pacific University: generic page hands off to workday
[02:13:59] [INFO]   ↪️  Bates Technical College: generic page hands off to schooljobs
[02:13:59] [INFO]   Blue Mountain Community College OR listings scraped: 0
[02:13:59] [INFO]   Antioch University-Seattle WA listings scraped: 0
[02:13:59] [INFO]   Seattle Pacific University WA listings scraped: 4 (API)
[02:13:59] [INFO]   Aquinas College MI listings scraped: 0
[02:13:59] [INFO]   Centralia College WA listings scraped: 0
[02:13:59] [INFO]   Bellingham Technical College WA listings scraped: 0
[02:13:59] [INFO]   University of Portland OR listings scraped: 0
[02:13:59] [INFO]   University of Portland OR listings scraped: 0
[02:13:59] [INFO]   Clover Park Technical College WA listings scraped: 0
[02:13:59] [INFO]   Cascadia College WA listings scraped: 0
[02:13:59] [INFO]   Long Island University NY listings scraped: 37
[02:13:59] [INFO]   Edmonds College WA listings scraped: 0
[02:13:59] [INFO]   Rochester Institute of Technology NY listings scraped: 6 (API)
[02:13:59] [INFO]   University of Washington WA listings scraped: 317
[02:13:59] [INFO]   Cornish College of the Arts WA listings scraped: 0
[02:13:59] [INFO]   Baker College MI listings scraped: 0
[02:13:59] [INFO]   ↪️  Seattle University: generic page hands off to csod
[02:13:59] [INFO]   Central Oregon Community College OR listings scraped: 0
[02:13:59] [INFO]   Columbia Basin College WA listings scraped: 0
[02:13:59] [INFO]   Hofstra University NY listings scraped: 45
[02:13:59] [INFO]   Adelphi University NY Taleo listings scraped: 3
[02:13:59] [INFO]   Faith International University WA listings scraped: 0
[02:13:59] [INFO]   University of Puget Sound WA listings scraped: 0
[02:13:59] [INFO]   University of Puget Sound WA listings scraped: 0
[02:13:59] [INFO]   Whitworth University WA listings scraped: 0
[02:13:59] [INFO]   Whitworth University WA listings scraped: 0
[02:13:59] [INFO]   Big Bend Community College WA listings scraped: 0
[02:13:59] [INFO]   Big Bend Community College WA listings scraped: 0
[02:13:59] [INFO]   Bates Technical College WA listings scraped: 0
[02:13:59] [INFO]   Bates Technical College WA listings scraped: 0
[02:13:59] [INFO]   Whitworth University-Adult Degree Programs WA listings scraped: 0
[02:13:59] [INFO]   Whitworth University-Adult Degree Programs WA listings scraped: 0
[02:13:59] [INFO]   City University of Seattle WA listings scraped: 0
[02:13:59] [INFO]   Everett Community College WA listings scraped: 0
[02:13:59] [INFO]   ↪️  Bay de Noc Community College: generic page hands off to peopleadmin
[02:13:59] [INFO]   University of Rochester NY listings scraped: 366
[02:13:59] [INFO]   The New School NY listings scraped: 0 (API)
[02:13:59] [INFO]   Bay de Noc Community College MI listings scraped: 0
[02:13:59] [INFO]   Bay de Noc Community College MI listings scraped: 0
[02:13:59] [INFO]   Bay Mills Community College MI listings scraped: 0
[02:13:59] [INFO]   Bastyr University WA listings scraped: 1
[02:13:59] [INFO]   CUNY jobs extracted from listing: 75
[02:13:59] [INFO]   CUNY jobs after filtering: 51
[02:13:59] [INFO]   Fetching CUNY job descriptions (JS-rendered pages)...
[02:13:59] [INFO]     Fetching CUNY descriptions batch 1/13...
[02:13:59] [INFO]   Pratt Institute NY listings scraped: 1
[02:13:59] [INFO]   Calvin Theological Seminary MI listings scraped: 1
[02:13:59] [INFO]   Calvin University MI listings scraped: 0
[02:13:59] [INFO]   Oregon State University OR listings scraped: 288
[02:13:59] [INFO]     Fetching CUNY descriptions batch 2/13...
[02:13:59] [INFO]   Seattle University WA listings scraped: 5
[02:13:59] [INFO]   Yeshiva University NY listings scraped: 16
[02:13:59] [INFO]   Cleary University MI listings scraped: 1
[02:13:59] [INFO]   Iona University NY listings scraped: 6
[02:13:59] [INFO]   Manhattan University NY listings scraped: 9
[02:13:59] [INFO]     Fetching CUNY descriptions batch 3/13...
[02:13:59] [INFO]   College for Creative Studies MI listings scraped: 0
[02:13:59] [INFO]   Bates College ME listings scraped: 1
[02:13:59] [INFO]   Associated Beth Rivkah Schools NY listings scraped: 0
[02:13:59] [INFO]   Bowdoin College ME listings scraped: 0
[02:13:59] [INFO]   Colby College ME listings scraped: 0
[02:13:59] [INFO]   Belanger School of Nursing NY listings scraped: 0
[02:13:59] [INFO]     Fetching CUNY descriptions batch 4/13...
[02:13:59] [INFO]   Elmezzi Graduate School of Molecular Medicine NY listings scraped: 0
[02:13:59] [INFO]   Concordia University Ann Arbor MI listings scraped: 0
[02:13:59] [INFO]   Cornerstone University MI listings scraped: 0
[02:13:59] [INFO]   Maine Media College ME listings scraped: 0
[02:13:59] [INFO]   Samaritan Hospital School of Nursing NY listings scraped: 0
[02:13:59] [INFO]     Fetching CUNY descriptions batch 5/13...
[02:13:59] [INFO]   Central Maine Community College ME listings scraped: 0
[02:13:59] [INFO]   College of the Atlantic ME listings scraped: 0
[02:13:59] [INFO]   CVPH Medical Center School of Radiologic Technology NY listings scraped: 0
[02:13:59] [INFO]   St. Peter's Hospital College of Nursing NY listings scraped: 0
[02:13:59] [INFO]     Fetching CUNY descriptions batch 6/13...
[02:13:59] [INFO]   Cranbrook Academy of Art MI listings scraped: 0
[02:13:59] [INFO]   Davenport University MI listings scraped: 1
[02:13:59] [INFO]   Eastern Maine Community College ME listings scraped: 0
[02:13:59] [INFO]   Memorial Hospital School of Radiation Therapy Technology NY listings scraped: 1
[02:13:59] [INFO]   Mesivta Torah Vodaath Rabbinical Seminary NY listings scraped: 0
[02:13:59] [INFO]   Montefiore School of Nursing NY listings scraped: 0
[02:13:59] [INFO]     Fetching CUNY descriptions batch 7/13...
[02:13:59] [INFO]   St. John's University NY SilkRoad listings scraped: 2
[02:13:59] [INFO]   Delta College MI listings scraped: 0
[02:13:59] [INFO]   Ecumenical Theological Seminary MI listings scraped: 0
[02:13:59] [INFO]     Fetching CUNY descriptions batch 8/13...
[02:13:59] [INFO]   School of Professional Horticulture, New York Botanical Garden NY listings scraped: 0
[02:13:59] [INFO]   Pomeroy College of Nursing at Crouse Hospital NY listings scraped: 0
[02:13:59] [INFO]   Academy for Jewish Religion NY listings scraped: 0
[02:13:59] [INFO]     Fetching CUNY descriptions batch 9/13...
[02:13:59] [INFO]   Ferris State University MI listings scraped: 1
[02:13:59] [INFO]   Albany College of Pharmacy and Health Sciences NY listings scraped: 0
[02:13:59] [INFO]   Albany Medical College NY listings scraped: 0
[02:13:59] [INFO]   The Ailey School NY listings scraped: 1
[02:13:59] [INFO]     Fetching CUNY descriptions batch 10/13...
[02:13:59] [INFO]   Albany Law School NY listings scraped: 0
[02:13:59] [INFO]   Albert Einstein College of Medicine NY listings scraped: 0
[02:13:59] [INFO]   Alfred University NY listings scraped: 0
[02:13:59] [INFO]     Fetching CUNY descriptions batch 11/13...
[02:13:59] [INFO]   American Academy of Dramatic Arts-New York NY listings scraped: 0
[02:13:59] [INFO]   American Musical and Dramatic Academy NY listings scraped: 0
[02:13:59] [INFO]   Bard College NY listings scraped: 1
[02:13:59] [INFO]     Fetching CUNY descriptions batch 12/13...
[02:13:59] [INFO]   Be'er Yaakov Talmudic Seminary NY listings scraped: 0
[02:13:59] [INFO]     Fetching CUNY descriptions batch 13/13...
[02:13:59] [INFO]   Barnard College NY listings scraped: 2
[02:13:59] [INFO]   Beth Hamedrash Shaarei Yosher Institute NY listings scraped: 0
[02:13:59] [INFO]   Bank Street College of Education NY listings scraped: 0
[02:13:59] [INFO]   CUNY jobs with descriptions: 51/51
[02:13:59] [INFO]   Binghamton University NY listings scraped: 0
[02:13:59] [INFO]   University of Maine System ME listings scraped (DOM): 0
[02:13:59] [INFO]   University of New Hampshire System NH listings scraped: 6 (API)
[02:13:59] [INFO]   Boricua College NY listings scraped: 0
[02:13:59] [INFO]   Brooklyn Law School NY listings scraped: 0
[02:13:59] [INFO]   Bryant & Stratton College-Albany NY listings scraped: 0
[02:13:59] [INFO]   Bryant & Stratton College-Buffalo NY listings scraped: 0
[02:13:59] [INFO]   Bryant & Stratton College-Greece NY listings scraped: 0
[02:13:59] [INFO]   Saint Anselm College NH listings scraped: 0
[02:13:59] [INFO]   Bryant & Stratton College-Online NY listings scraped: 0
[02:13:59] [INFO]   Bryant & Stratton College-Syracuse North NY listings scraped: 0
[02:13:59] [INFO]   Canisius University NY listings scraped: 2
[02:13:59] [INFO]   Portland State University OR listings scraped: 25
[02:13:59] [INFO]   Cayuga County Community College NY listings scraped: 0
[02:13:59] [INFO]   Clarkson University NY listings scraped: 1
[02:13:59] [INFO]   Clinton Community College NY listings scraped: 0
[02:13:59] [INFO]   Central Yeshiva Tomchei Tmimim Lubavitz NY listings scraped: 0
[02:13:59] [INFO]   Bennington College VT listings scraped: 0
[02:13:59] [INFO]   Dartmouth College NH listings scraped: 137
[02:13:59] [INFO]   University of Vermont VT listings scraped: 43
[02:13:59] [INFO]   Champlain College VT listings scraped: 0
[02:13:59] [INFO]   Minnesota State System MN: API failed, falling back to browser
[02:13:59] [INFO]   Carleton College MN listings scraped: 4 (API)
[02:13:59] [INFO]   Colgate University NY listings scraped: 0
[02:13:59] [INFO]   College of Staten Island CUNY NY listings scraped: 2
[02:13:59] [INFO]   Colgate Rochester Crozer Divinity School NY listings scraped: 0
[02:13:59] [INFO]   Columbia University in the City of New York NY listings scraped: 0
[02:13:59] [INFO]   Hazelden Betty Ford Graduate School MN listings scraped: 0
[02:13:59] [INFO]   Macalester College MN listings scraped: 1
[02:13:59] [INFO]   Community College of Vermont VT listings scraped: 0
[02:13:59] [INFO]   Culinary Institute of America NY listings scraped: 0
[02:13:59] [INFO]   Columbia-Greene Community College NY listings scraped: 0
[02:13:59] [INFO]   CUNY Bernard M Baruch College NY listings scraped: 0
[02:13:59] [INFO]   CUNY Borough of Manhattan Community College NY listings scraped: 0
[02:13:59] [INFO]   Adler Graduate School MN listings scraped: 0
[02:13:59] [INFO]   CUNY Bronx Community College NY listings scraped: 0
[02:13:59] [INFO]   Alexandria Technical & Community College MN listings scraped: 0
[02:13:59] [INFO]   CUNY Graduate School and University Center NY listings scraped: 0
[02:13:59] [INFO]   CUNY City College NY listings scraped: 0
[02:13:59] [INFO]   CUNY Brooklyn College NY listings scraped: 0
[02:13:59] [INFO]   Anoka Technical College MN listings scraped: 0
[02:13:59] [INFO]   Anoka-Ramsey Community College MN listings scraped: 0
[02:13:59] [INFO]   CUNY Hunter College NY listings scraped: 0
[02:13:59] [INFO]   CUNY Hostos Community College NY listings scraped: 0
[02:13:59] [INFO]   CUNY John Jay College of Criminal Justice NY listings scraped: 1
[02:13:59] [INFO]   CUNY Kingsborough Community College NY listings scraped: 0
[02:13:59] [INFO]   Augsburg University MN listings scraped: 0
[02:13:59] [INFO]   Bemidji State University MN listings scraped: 0
[02:13:59] [INFO]   CUNY Medgar Evers College NY listings scraped: 0
[02:13:59] [INFO]   CUNY LaGuardia Community College NY listings scraped: 0
[02:13:59] [INFO]   CUNY Lehman College NY listings scraped: 0
[02:13:59] [INFO]   Bethany Global University MN listings scraped: 0
[02:13:59] [INFO]   CUNY Queens College NY listings scraped: 1
[02:13:59] [INFO]   Bethany Lutheran College MN listings scraped: 0
[02:13:59] [INFO]   Minnesota State System MN listings scraped: 0
[02:13:59] [INFO]   University of Minnesota MN listings scraped: 0
[02:13:59] [INFO]   CUNY Queensborough Community College NY listings scraped: 0
[02:13:59] [INFO]   CUNY School of Law NY listings scraped: 1
[02:13:59] [INFO]   Bethlehem College & Seminary MN listings scraped: 0
[02:13:59] [INFO]   Concordia College at Moorhead MN listings scraped: 0
[02:13:59] [INFO]   CUNY Stella and Charles Guttman Community College NY listings scraped: 0
[02:13:59] [INFO]   CUNY System Office NY listings scraped: 1
[02:13:59] [INFO]   CUNY York College NY listings scraped: 0
[02:13:59] [INFO]   College of Saint Benedict MN listings scraped: 0
[02:13:59] [INFO]   Saint Michael's College VT listings scraped (DOM): 3
[02:13:59] [INFO]   North Dakota State University ND listings scraped: 6
[02:13:59] [INFO]   D'Youville University NY listings scraped: 0
[02:13:59] [INFO]   Daemen University NY listings scraped: 0
[02:13:59] [INFO]   Dominican University New York NY listings scraped: 0
[02:13:59] [INFO]   Crown College MN listings scraped: 0
[02:13:59] [INFO]   Concordia University-Saint Paul MN listings scraped: 0
[02:13:59] [INFO]   Central Lakes College-Brainerd MN listings scraped: 0
[02:13:59] [INFO]   University of Mary ND listings scraped: 1
[02:13:59] [INFO]   Bismarck State College ND listings scraped: 1
[02:13:59] [INFO]   University of Jamestown ND listings scraped: 0
[02:13:59] [INFO]   Dakota County Technical College MN listings scraped: 1
[02:13:59] [INFO]   University of North Dakota ND listings scraped: 6
[02:13:59] [INFO]   Elim Bible Institute and College NY listings scraped: 0
[02:13:59] [INFO]   Dutchess Community College NY listings scraped: 0
[02:13:59] [INFO]   Fond du Lac Tribal and Community College MN listings scraped: 1
[02:13:59] [INFO]   Cankdeska Cikana Community College ND listings scraped: 0
[02:13:59] [INFO]   ↪️  Dunwoody College of Technology: generic page hands off to workday
[02:13:59] [INFO]   Dunwoody College of Technology MN: API failed, falling back to browser
[02:13:59] [INFO]   Elmira College NY listings scraped: 0
[02:13:59] [INFO]   Dickinson State University ND listings scraped: 0
[02:13:59] [INFO]   Dakota College at Bottineau ND listings scraped: 0
[02:13:59] [INFO]   Augustana University SD listings scraped: 0 (Workday search API)
[02:13:59] [INFO]   Empire State University NY listings scraped: 0
[02:13:59] [INFO]   Elyon College NY listings scraped: 0
[02:13:59] [INFO]   University of Sioux Falls SD listings scraped: 0
[02:13:59] [INFO]   Black Hills State University SD listings scraped: 0
[02:13:59] [INFO]   ↪️  Erie Community College: generic page hands off to workday
[02:13:59] [INFO]   Erie Community College NY: Could not parse Workday URL, falling back to browser
[02:13:59] [INFO]   Dakota Wesleyan University SD listings scraped: 0
[02:13:59] [INFO]   University of Michigan MI listings scraped: 235
[02:13:59] [INFO]   Farmingdale State College NY listings scraped: 0
[02:13:59] [INFO]   Excelsior University NY listings scraped: 0
[02:13:59] [INFO]   Fashion Institute of Technology NY listings scraped: 2
[02:13:59] [INFO]   Finger Lakes Community College NY listings scraped: 0
[02:13:59] [INFO]   South Dakota Board of Regents SD listings scraped: 42
[02:13:59] [INFO]   Finger Lakes Health College of Nursing & Health Sciences NY listings scraped: 0
[02:13:59] [INFO]   University of Nebraska Medical Center NE listings scraped: 0
[02:13:59] [INFO]   University of Nebraska Omaha NE listings scraped: 14
[02:13:59] [INFO]   Creighton University NE listings scraped: 1
[02:13:59] [INFO]   Doane University NE listings scraped: 0
[02:13:59] [INFO]   Bryan College of Health Sciences NE listings scraped: 0
[02:13:59] [INFO]   Nebraska Wesleyan University NE listings scraped: 0
[02:13:59] [INFO]   Dunwoody College of Technology MN listings scraped: 0
[02:13:59] [INFO]   Dunwoody College of Technology MN listings scraped: 0
[02:13:59] [INFO]   CHI Health School of Radiologic Technology NE listings scraped: 0
[02:13:59] [INFO]   University of Northern Iowa IA listings scraped: 1 (API)
[02:13:59] [INFO]   Iowa State University IA listings scraped: 7 (API)
[02:13:59] [INFO]   Grinnell College IA listings scraped: 5
[02:13:59] [INFO]   Central Community College NE listings scraped: 0
[02:13:59] [INFO]   Bellevue University NE listings scraped: 0
[02:13:59] [INFO]   University of Iowa IA listings scraped: 6
[02:13:59] [INFO]   Erie Community College NY listings scraped: 0
[02:13:59] [INFO]   Erie Community College NY listings scraped: 0
[02:13:59] [INFO]   Mercy-St Luke's School of Radiologic Technology IA listings scraped: 0
[02:13:59] [INFO]   Drake University IA listings scraped: 7
[02:13:59] [INFO]   College of Saint Mary NE listings scraped: 0
[02:13:59] [INFO]   Chadron State College NE listings scraped: 1
[02:13:59] [INFO]   Clarkson College NE listings scraped: 0
[02:13:59] [INFO]   University of Nebraska-Lincoln NE listings scraped: 169
[02:13:59] [INFO]   UnityPoint Health-Des Moines School of Radiologic Technology IA listings scraped: 0
[02:13:59] [INFO]   Allen College IA listings scraped: 0
[02:13:59] [INFO]   Luther College IA listings scraped: 0
[02:13:59] [INFO]   Briar Cliff University IA listings scraped: 0
[02:13:59] [INFO]   Concordia University-Nebraska NE listings scraped: 0
[02:13:59] [INFO]   UW-Milwaukee WI listings scraped: 3 (API)
[02:13:59] [INFO]   UW-Madison WI listings scraped: 1 (API)
[02:13:59] [INFO]   UW System Comprehensives WI listings scraped: 9 (API)
[02:13:59] [INFO]   Wyoming Catholic College WY listings scraped: 0
[02:13:59] [INFO]   Central Wyoming College WY listings scraped: 2
[02:13:59] [INFO]   ↪️  Casper College: generic page hands off to schooljobs
[02:13:59] [INFO]   Buena Vista University IA listings scraped: 0
[02:13:59] [INFO]   University of Wyoming WY listings scraped (REST): 25
[02:13:59] [INFO]   Clarke University IA listings scraped: 0
[02:13:59] [INFO]   ↪️  Lawrence University: generic page hands off to peopleadmin
[02:13:59] [INFO]   Central College IA listings scraped: 0
[02:13:59] [INFO]   Coe College IA listings scraped: 0
[02:13:59] [INFO]   Alverno College WI listings scraped: 0
[02:13:59] [INFO]   Casper College WY listings scraped: 1
[02:13:59] [INFO]   Lawrence University WI listings scraped: 0
[02:13:59] [INFO]   Lawrence University WI listings scraped: 0
[02:13:59] [INFO]   Marquette University WI listings scraped: 78
[02:13:59] [INFO]   St. Norbert College WI listings scraped: 0
[02:13:59] [INFO]   Des Moines University-Osteopathic Medical Center IA listings scraped: 0
[02:13:59] [INFO]   Des Moines Area Community College IA listings scraped: 0
[02:13:59] [INFO]   Cornell College IA listings scraped: 0
[02:13:59] [INFO]   University of Montana MT listings scraped: 8
[02:13:59] [INFO]   Divine Word College IA listings scraped: 0
[02:13:59] [INFO]   Bellin College WI listings scraped: 1
[02:13:59] [INFO]   Bryant & Stratton College-Wauwatosa WI listings scraped: 0
[02:13:59] [INFO]   Eastern Wyoming College WY listings scraped: 0
[02:13:59] [INFO]   ↪️  Blackhawk Technical College: generic page hands off to icims
[02:13:59] [INFO]   Dordt University IA listings scraped: 0
[02:13:59] [INFO]   Carroll College MT listings scraped: 0
[02:13:59] [INFO]   Aaniiih Nakoda College MT listings scraped: 6
[02:13:59] [INFO]   Eastern Iowa Community College District IA listings scraped: 0
[02:13:59] [INFO]   Ellsworth Community College IA listings scraped: 0
[02:13:59] [INFO]   Emmaus Bible College IA listings scraped: 0
[02:13:59] [INFO]   ↪️  Chippewa Valley Technical College: generic page hands off to icims
[02:13:59] [INFO]   Carthage College WI listings scraped: 0
[02:13:59] [INFO]   Carroll University WI listings scraped: 0
[02:13:59] [INFO]   Rocky Mountain College MT listings scraped: 0
[02:13:59] [INFO]   Blackhawk Technical College WI listings scraped: 0
[02:13:59] [INFO]   Blackhawk Technical College WI listings scraped: 0
[02:13:59] [INFO]   Faith Baptist Bible College and Theological Seminary IA listings scraped: 0
[02:13:59] [INFO]   University of Toledo OH: API failed, falling back to browser
[02:13:59] [INFO]   Montana State University MT listings scraped: 100
[02:13:59] [INFO]   Chippewa Valley Technical College WI listings scraped: 0
[02:13:59] [INFO]   Chippewa Valley Technical College WI listings scraped: 0
[02:13:59] [INFO]   Ohio State University OH listings scraped: 36 (API)
[02:13:59] [INFO]   CU Anschutz CO Taleo listings scraped: 0
[02:13:59] [INFO]   UCCS CO Taleo listings scraped: 0
[02:13:59] [INFO]   CU Denver CO Taleo listings scraped: 0
[02:13:59] [INFO]   Concordia University-Wisconsin WI listings scraped: 0
[02:13:59] [INFO]   CU Boulder CO listings scraped: 1
[02:13:59] [INFO]   Blackfeet Community College MT listings scraped: 0
[02:13:59] [INFO]   Edgewood College WI listings scraped: 4
[02:13:59] [INFO]   Colorado State University CO listings scraped: 6 (API)
[02:13:59] [INFO]   ↪️  Kent State University: generic page hands off to pageup
[02:13:59] [INFO]   Chief Dull Knife College MT listings scraped: 0
[02:13:59] [INFO]   Colorado School of Mines CO listings scraped: 9 (API)
[02:13:59] [INFO]   College of Menominee Nation WI listings scraped: 0
[02:13:59] [INFO]   Colorado College CO listings scraped: 2
[02:13:59] [INFO]   Fort Peck Community College MT listings scraped: 0
[02:13:59] [INFO]   Kent State University OH listings scraped: 0
[02:13:59] [INFO]   Kent State University OH listings scraped: 0
[02:13:59] [INFO]   Ohio University OH listings scraped: 41
[02:13:59] [INFO]   ↪️  Adams State University: generic page hands off to workday
[02:13:59] [INFO]   Dawson Community College MT listings scraped: 0
[02:13:59] [INFO]   Cleveland State University OH listings scraped: 65
[02:13:59] [INFO]   Aims Community College CO listings scraped: 0
[02:13:59] [INFO]   Adams State University CO listings scraped: 6 (API)
[02:13:59] [INFO]   Arapahoe Community College CO listings scraped: 1
[02:13:59] [INFO]   Flathead Valley Community College MT listings scraped: 1
[02:13:59] [INFO]   Wright State University OH listings scraped: 0
[02:13:59] [INFO]   University of Cincinnati OH listings scraped: 0
[02:13:59] [INFO]   Case Western Reserve University OH listings scraped: 0
[02:13:59] [INFO]   Colorado Christian University CO listings scraped: 2
[02:13:59] [INFO]   Colorado Mesa University CO listings scraped: 0
[02:13:59] [INFO]   St. John's College (Santa Fe) NM listings scraped: 0
[02:13:59] [INFO]   ↪️  New Mexico State University: generic page hands off to pageup
[02:13:59] [INFO]   University of Denver CO listings scraped: 4
[02:13:59] [INFO]   University of Dayton OH listings scraped: 1
[02:13:59] [INFO]   ↪️  Central New Mexico Community College: generic page hands off to workday
[02:13:59] [INFO]   New Mexico State University NM listings scraped: 0
[02:13:59] [INFO]   New Mexico State University NM listings scraped: 0
[02:13:59] [INFO]   Oberlin College OH listings scraped: 62
[02:13:59] [INFO]   Central New Mexico Community College NM listings scraped: 3 (API)
[02:13:59] [INFO]   Colorado Northwestern Community College CO listings scraped: 0
[02:13:59] [INFO]   Kenyon College OH listings scraped: 0
[02:13:59] [INFO]   Casa Loma College - Aurora CO listings scraped: 0
[02:13:59] [INFO]   Denison University OH listings scraped: 0
[02:13:59] [INFO]   Colorado Mountain College CO listings scraped: 0
[02:13:59] [INFO]   Colorado State University Global CO listings scraped: 0
[02:13:59] [INFO]   Eastern New Mexico University-Main Campus NM listings scraped: 1
[02:13:59] [INFO]   Eastern New Mexico University-Roswell Campus NM listings scraped: 1
[02:13:59] [INFO]   Cleveland Clinic Health System-School of Diagnostic Imaging OH listings scraped: 0
[02:13:59] [INFO]   Kent State University at Ashtabula OH listings scraped: 0
[02:13:59] [INFO]   Eastern New Mexico University Ruidoso Branch Community College NM listings scraped: 0
[02:13:59] [INFO]   Colorado State University-System Office CO listings scraped: 1
[02:13:59] [INFO]   Kent State University at East Liverpool OH listings scraped: 0
[02:13:59] [INFO]   ↪️  Community College of Denver: generic page hands off to schooljobs
[02:13:59] [INFO]   Community College of Aurora CO listings scraped: 0
[02:13:59] [INFO]   Kent State University at Geauga OH listings scraped: 0
[02:13:59] [INFO]   Kent State University at Salem OH listings scraped: 0
[02:13:59] [INFO]   Kent State University at Stark OH listings scraped: 0
[02:13:59] [INFO]   Denver Seminary CO listings scraped: 1
[02:13:59] [INFO]   University of Toledo OH listings scraped: 0
[02:13:59] [INFO]   Kent State University at Trumbull OH listings scraped: 0
[02:13:59] [INFO]   Colorado State University Pueblo CO listings scraped: 0
[02:13:59] [INFO]   Kent State University at Tuscarawas OH listings scraped: 0
[02:13:59] [INFO]   ↪️  Fort Lewis College: generic page hands off to workday
[02:13:59] [INFO]   Fort Lewis College CO listings scraped: 2 (API)
[02:13:59] [INFO]   Miami University-Hamilton OH listings scraped: 2
[02:13:59] [INFO]   Front Range Community College CO listings scraped: 0
[02:13:59] [INFO]   Miami University-Middletown OH listings scraped: 2
[02:13:59] [INFO]   Ohio University-Chillicothe Campus OH listings scraped: 0
[02:13:59] [INFO]   Ohio University-Eastern Campus OH listings scraped: 0
[02:13:59] [INFO]   Community College of Denver CO listings scraped: 0
[02:13:59] [INFO]   Community College of Denver CO listings scraped: 0
[02:13:59] [INFO]   Ohio University-Lancaster Campus OH listings scraped: 0
[02:13:59] [INFO]   Nevada State University NV listings scraped: 4 (API)
[02:13:59] [INFO]   University of Nevada, Las Vegas NV listings scraped: 63 (API)
[02:13:59] [INFO]   University of Nevada, Reno NV listings scraped: 16 (API)
[02:13:59] [INFO]   Ohio University-Southern Campus OH listings scraped: 0
[02:13:59] [INFO]   Ohio University-Zanesville Campus OH listings scraped: 0
[02:13:59] [INFO]   Firelands Regional Medical Center School of Nursing OH listings scraped: 0
[02:13:59] [INFO]   Fox Valley Technical College WI listings scraped: 0
[02:13:59] [INFO]   College of Southern Nevada NV listings scraped: 0
[02:13:59] [INFO]   Remington College-Cleveland Campus OH listings scraped: 0
[02:13:59] [INFO]   Weber State University UT listings scraped: 8
[02:13:59] [INFO]   Air Force Institute of Technology-Graduate School of Engineering & Management OH listings scraped: 0
[02:13:59] [INFO]   Toledo Public Schools Adult and Continuing Education OH listings scraped: 0
[02:13:59] [INFO]   University of Idaho ID listings scraped: 27
[02:13:59] [INFO]   Rabbinical College Telshe OH listings scraped: 0
[02:13:59] [INFO]   Lewis-Clark State College ID listings scraped: 2
[02:13:59] [INFO]   Utah Tech University UT listings scraped: 0
[02:13:59] [INFO]   Southern Utah University UT listings scraped: 2
[02:13:59] [INFO]   Allegheny Wesleyan College OH listings scraped: 0
[02:13:59] [INFO]   Utah Valley University UT listings scraped: 1
[02:13:59] [INFO]   Antioch College OH listings scraped: 1
[02:13:59] [INFO]   Antioch University OH listings scraped: 0
[02:13:59] [INFO]   Antioch University-System Administration OH listings scraped: 0
[02:13:59] [INFO]   Utah State University UT listings scraped: 0
[02:13:59] [INFO]   The College of Idaho ID listings scraped: 0
[02:13:59] [INFO]   Art Academy of Cincinnati OH listings scraped: 0
[02:13:59] [INFO]   Brigham Young University UT listings scraped: 1
[02:13:59] [INFO]   Ashland University OH listings scraped: 0
[02:13:59] [INFO]   Athenaeum of Ohio OH listings scraped: 0
[02:13:59] [INFO]   Boise Bible College ID listings scraped: 0
[02:13:59] [INFO]   Ensign College UT listings scraped: 0
[02:13:59] [INFO]   Northwest Nazarene University ID listings scraped: 0
[02:13:59] [INFO]   Aultman College of Nursing and Health Sciences OH listings scraped: 0
[02:13:59] [INFO]   Baldwin Wallace University OH listings scraped: 0
[02:13:59] [INFO]   Idaho State University ID listings scraped: 10
[02:13:59] [INFO]   Westminster University (Utah) UT listings scraped: 2
[02:13:59] [INFO]   Bluffton University OH listings scraped: 2
[02:13:59] [INFO]   Belmont College OH listings scraped: 0
[02:13:59] [INFO]   Brigham Young University-Idaho ID listings scraped: 0
[02:13:59] [INFO]   ↪️  College of Eastern Idaho: generic page hands off to schooljobs
[02:13:59] [INFO]   Bowling Green State University-Firelands OH listings scraped: 1
[02:13:59] [INFO]   ↪️  Bowling Green State University-Main Campus: generic page hands off to schooljobs
[02:13:59] [INFO]   Bryant & Stratton College-Parma OH listings scraped: 0
[02:13:59] [INFO]   College of Southern Idaho ID listings scraped: 0
[02:13:59] [INFO]   Bowling Green State University-Main Campus OH listings scraped: 0
[02:13:59] [INFO]   Bowling Green State University-Main Campus OH listings scraped: 0
[02:13:59] [INFO]   College of Eastern Idaho ID listings scraped: 2
[02:13:59] [INFO]   Capital University OH listings scraped: 0
[02:13:59] [INFO]   College of Western Idaho ID listings scraped: 0
[02:13:59] [INFO]   Central Ohio Technical College OH listings scraped: 0
[02:13:59] [INFO]   Cedarville University OH listings scraped: 0
[02:13:59] [INFO]   Cincinnati College of Mortuary Science OH listings scraped: 0
[02:13:59] [INFO]   Central State University OH listings scraped: 0
[02:13:59] [INFO]   Clark State College OH listings scraped: 0
[02:13:59] [INFO]   Cincinnati State Technical and Community College OH listings scraped: 0
[02:13:59] [INFO]   Cleveland Institute of Art OH listings scraped: 0
[02:13:59] [INFO]   Cleveland Institute of Music OH listings scraped: 0
[02:13:59] [INFO]   Collins Career Technical Center OH listings scraped: 0
[02:13:59] [INFO]   ↪️  Cuyahoga Community College District: generic page hands off to csod
[02:13:59] [INFO]   Columbus College of Art & Design OH listings scraped: 0
[02:13:59] [INFO]   Columbus State Community College OH listings scraped: 0
[02:13:59] [INFO]   University of Utah UT listings scraped: 367
[02:13:59] [INFO]   Defiance College OH listings scraped: 1
[02:13:59] [INFO]   Ball State University IN listings scraped: 0
[02:14:00] [INFO]   Indiana State University IN listings scraped: 7
[02:14:00] [INFO]   Butler University IN: API failed, falling back to browser
[02:14:00] [INFO]   Edison State Community College OH listings scraped: 0
[02:14:00] [INFO]   Eastern Gateway Community College OH listings scraped: 0
[02:14:00] [INFO]   University of Southern Indiana IN listings scraped: 0
[02:14:00] [INFO]   Franciscan University of Steubenville OH listings scraped: 1
[02:14:00] [INFO]   DePauw University IN listings scraped: 0 (API)
[02:14:00] [INFO]   Purdue University IN listings scraped: 0
[02:14:00] [INFO]   Indiana University IN listings scraped: 117
[02:14:00] [INFO]   Wabash College IN listings scraped: 0
[02:14:00] [INFO]   Franklin University OH listings scraped: 0
[02:14:00] [INFO]   Marian University-Ancilla IN listings scraped: 0
[02:14:00] [INFO]   Trine University-Regional/Non-Traditional Campuses IN listings scraped: 10
[02:14:00] [INFO]   Cuyahoga Community College District OH listings scraped: 0
[02:14:00] [INFO]   Cuyahoga Community College District OH listings scraped: 0
[02:14:00] [INFO]   Anabaptist Mennonite Biblical Seminary IN listings scraped: 0
[02:14:00] [INFO]   Bethany Theological Seminary IN listings scraped: 0
[02:14:00] [INFO]   University of Charleston WV listings scraped: 0
[02:14:00] [INFO]   West Virginia State University WV listings scraped: 1
[02:14:00] [INFO]   Earlham College IN listings scraped: 0
[02:14:00] [INFO]   Marshall University WV listings scraped: 106
[02:14:00] [INFO]   Calumet College of Saint Joseph IN listings scraped: 0
[02:14:00] [INFO]   West Virginia Wesleyan College WV listings scraped: 0
[02:14:00] [INFO]   West Virginia University WV Taleo listings scraped: 12
[02:14:00] [INFO]   Mercer County Technical Education Center WV listings scraped: 0
[02:14:00] [INFO]   Christian Theological Seminary IN listings scraped: 0
[02:14:00] [INFO]   Franklin College IN listings scraped: 1
[02:14:00] [INFO]   Appalachian Bible College WV listings scraped: 0
[02:14:00] [INFO]   West Virginia University Hospital Departments of Rad Tech and Nutrition WV listings scraped: 0
[02:14:00] [INFO]   Concordia Theological Seminary IN listings scraped: 0
[02:14:00] [INFO]   Bluefield State University WV listings scraped: 1
[02:14:00] [INFO]   Bethany College (WV) WV listings scraped: 0
[02:14:00] [INFO]   Bethany College WV listings scraped: 0
[02:14:00] [INFO]   BridgeValley Community & Technical College WV listings scraped: 0
[02:14:00] [INFO]   Concord University WV listings scraped: 1
[02:14:00] [INFO]   Catholic International University WV listings scraped: 0
[02:14:00] [INFO]   Blue Ridge Community and Technical College WV listings scraped: 0
[02:14:00] [INFO]   Butler University IN listings scraped: 0
[02:14:00] [INFO]   Davis & Elkins College WV listings scraped: 0
[02:14:00] [INFO]   Georgia State University GA listings scraped: 30
[02:14:00] [INFO]   Fairmont State University WV listings scraped: 0
[02:14:00] [INFO]   Eastern West Virginia Community and Technical College WV listings scraped: 0
[02:14:00] [INFO]   University of North Georgia GA listings scraped: 0
[02:14:00] [INFO]   Spelman College GA listings scraped: 4
[02:14:00] [INFO]   University of New Mexico NM listings scraped: 63
[02:14:00] [INFO]   Fred W Eberle Technical Center WV listings scraped: 0
[02:14:00] [INFO]   University of Mississippi MS listings scraped: 12 (API)
[02:14:00] [INFO]   University of Georgia GA listings scraped: 104
[02:14:00] [INFO]   University of South Alabama AL listings scraped: 18
[02:14:00] [INFO]   Millsaps College MS listings scraped: 1
[02:14:00] [INFO]   Agnes Scott College GA listings scraped: 0
[02:14:00] [INFO]   Auburn University AL listings scraped: 0
[02:14:00] [INFO]   Alcorn State University MS listings scraped: 1
[02:14:00] [INFO]   ↪️  University of Alabama: generic page hands off to pageup
[02:14:00] [INFO]   Delta State University MS listings scraped: 44
[02:14:00] [INFO]   Mississippi University for Women MS listings scraped: 41
[02:14:00] [INFO]   University of Alabama AL listings scraped: 0
[02:14:00] [INFO]   University of Alabama AL listings scraped: 0
[02:14:00] [INFO]   Albany State University GA listings scraped: 0
[02:14:00] [INFO]   Belhaven University MS listings scraped: 0
[02:14:00] [INFO]   Spring Hill College AL listings scraped: 0
[02:14:00] [INFO]   ↪️  Alabama College of Osteopathic Medicine override URL applied
[02:14:00] [INFO]   Abraham Baldwin Agricultural College GA listings scraped: 0
[02:14:00] [INFO]   Blue Mountain Christian University MS listings scraped: 0
[02:14:00] [INFO]   Remington College-Mobile Campus AL listings scraped: 0
[02:14:00] [INFO]   Coahoma Community College MS listings scraped: 0
[02:14:00] [INFO]   Albany Technical College GA listings scraped: 0
[02:14:00] [INFO]   Alabama College of Osteopathic Medicine AL listings scraped: 0
[02:14:00] [INFO]   Alabama A & M University AL listings scraped: 0
[02:14:00] [INFO]   Board of Trustees-Mississippi State Institutions of Higher Learning MS listings scraped: 0
[02:14:00] [INFO]   Andrew College GA listings scraped: 0
[02:14:00] [INFO]   Athens Technical College GA listings scraped: 1
[02:14:00] [INFO]   Alabama State University AL listings scraped: 0
[02:14:00] [INFO]   Copiah-Lincoln Community College MS listings scraped: 0
[02:14:00] [INFO]   ↪️  Auburn University at Montgomery override URL applied
[02:14:00] [INFO]   East Central Community College MS listings scraped: 0
[02:14:00] [INFO]   East Mississippi Community College MS listings scraped: 0
[02:14:00] [INFO]   Atlanta Metropolitan State College GA listings scraped: 0
[02:14:00] [INFO]   Athens State University AL listings scraped: 0
[02:14:00] [INFO]   Louisiana State University LA listings scraped: 35 (API)
[02:14:00] [INFO]   Amridge University AL listings scraped: 0
[02:14:00] [INFO]   Atlanta's John Marshall Law School GA listings scraped: 3
[02:14:00] [INFO]   Louisiana Tech University LA listings scraped: 4
[02:14:00] [INFO]   ↪️  Auburn University at Montgomery: scraped 50 listings via scrapeJibeApi
[02:14:00] [INFO]   Augusta Technical College GA listings scraped: 0
[02:14:00] [INFO]   Baton Rouge General Medical Center School of Nursing & School of Radiologic Technology LA listings scraped: 0
[02:14:00] [INFO]   Dillard University LA listings scraped: 0
[02:14:00] [INFO]   ↪️  Atlanta Technical College: generic page hands off to taleo
[02:14:00] [INFO]   Remington College-Baton Rouge Campus LA listings scraped: 0
[02:14:00] [INFO]   Berry College GA listings scraped: 1
[02:14:00] [INFO]   Bishop State Community College AL listings scraped: 0
[02:14:00] [INFO]   Bevill State Community College AL listings scraped: 1
[02:14:00] [INFO]   Remington College-Lafayette Campus LA listings scraped: 0
[02:14:00] [INFO]   Augusta University GA listings scraped: 2
[02:14:00] [INFO]   Remington College-Shreveport Campus LA listings scraped: 0
[02:14:00] [INFO]   Central Alabama Community College AL listings scraped: 0
[02:14:00] [INFO]   University of Alabama at Birmingham AL listings scraped: 363
[02:14:00] [INFO]   ↪️  Faulkner University override URL applied
[02:14:00] [INFO]   The Chicago School at Xavier University of Louisiana LA listings scraped: 0
[02:14:00] [INFO]   Brenau University GA listings scraped: 0
[02:14:00] [INFO]   Coastal Alabama Community College AL listings scraped: 1
[02:14:00] [INFO]   Baton Rouge Community College LA listings scraped: 1
[02:14:00] [INFO]   Brewton-Parker College GA listings scraped: 0
[02:14:00] [INFO]   Bossier Parish Community College LA listings scraped: 0
[02:14:00] [INFO]   Chattahoochee Valley Community College AL listings scraped: 0
[02:14:00] [INFO]   Faulkner University AL listings scraped: 2
[02:14:00] [INFO]   Enterprise State Community College AL listings scraped: 0
[02:14:00] [INFO]   Bridges Christian College LA listings scraped: 0
[02:14:00] [INFO]   Atlanta Technical College GA Taleo listings scraped: 1
[02:14:00] [INFO]   Beulah Heights University GA listings scraped: 0
[02:14:00] [INFO]   University of Arkansas AR listings scraped: 19 (API)
[02:14:00] [INFO]   Central Louisiana Technical Community College LA listings scraped: 0
[02:14:00] [INFO]   Chattahoochee Technical College GA listings scraped: 0
[02:14:00] [INFO]   Centenary College of Louisiana LA listings scraped: 0
[02:14:00] [INFO]   Central Georgia Technical College GA listings scraped: 0
[02:14:00] [INFO]   Delgado Community College LA listings scraped: 0
[02:14:00] [INFO]   Clark Atlanta University GA listings scraped: 0
[02:14:00] [INFO]   Cossatot Community College of the University of Arkansas AR listings scraped: 0
[02:14:00] [INFO]   Clayton State University GA listings scraped: 0
[02:14:00] [INFO]   ↪️  Columbia Theological Seminary override URL applied
[02:14:00] [INFO]   ↪️  University of Arkansas at Little Rock: generic page hands off to workday
[02:14:00] [INFO]   University of Central Arkansas AR listings scraped: 48
[02:14:00] [INFO]   Fletcher Technical Community College LA listings scraped: 0
[02:14:00] [INFO]   University of Arkansas Hope-Texarkana AR listings scraped: 0
[02:14:00] [INFO]   Coastal Pines Technical College GA listings scraped: 0
[02:14:00] [INFO]   ↪️  Southwestern College (KS): generic page hands off to paycom
[02:14:00] [INFO]   Franciscan Missionaries of Our Lady University LA listings scraped: 0
[02:14:00] [INFO]   Arkansas Baptist College AR listings scraped: 0
[02:14:00] [INFO]   University of Arkansas at Little Rock AR listings scraped: 1 (API)
[02:14:00] [INFO]   University of Kansas KS listings scraped: 11
[02:14:00] [INFO]   Baker University KS listings scraped: 1
[02:14:00] [INFO]   Kansas State University KS listings scraped: 12
[02:14:00] [INFO]   Digital Media Institute LA listings scraped: 0
[02:14:00] [INFO]   Columbia Theological Seminary GA listings scraped: 0
[02:14:00] [INFO]   College of Coastal Georgia GA listings scraped: 0
[02:14:00] [INFO]   Arkansas Colleges of Health Education AR listings scraped: 0
[02:14:00] [INFO]   Columbus State University GA listings scraped: 0
[02:14:00] [INFO]   Arkansas Northeastern College AR listings scraped: 0
[02:14:00] [INFO]   ↪️  Arkansas State University: generic page hands off to taleo
[02:14:00] [INFO]   Allen County Community College KS listings scraped: 0
[02:14:00] [INFO]   Autry Technology Center OK listings scraped: 0
[02:14:00] [INFO]   Cameron University OK listings scraped: 7
[02:14:00] [INFO]   Barclay College KS listings scraped: 0
[02:14:00] [INFO]   Canadian Valley Technology Center OK listings scraped: 1
[02:14:00] [INFO]   College of Athens GA listings scraped: 0
[02:14:00] [INFO]   Covenant College GA listings scraped: 0
[02:14:00] [INFO]   ↪️  Oklahoma State University: generic page hands off to pageup
[02:14:00] [INFO]   Arkansas State University System AR listings scraped: 0
[02:14:00] [INFO]   Barton County Community College KS listings scraped: 0
[02:14:00] [INFO]   Arkansas State University Mid-South AR listings scraped: 0
[02:14:00] [INFO]   ↪️  Arkansas State University Three Rivers: generic page hands off to taleo
[02:14:00] [INFO]   Columbus Technical College GA listings scraped: 0
[02:14:00] [INFO]   Bethel College-North Newton KS listings scraped: 1
[02:14:00] [INFO]   Dalton State College GA listings scraped: 0
[02:14:00] [INFO]   Oklahoma State University OK listings scraped: 0
[02:14:00] [INFO]   Oklahoma State University OK listings scraped: 0
[02:14:00] [INFO]   Benedictine College KS listings scraped: 4
[02:14:00] [INFO]   Emmanuel University GA listings scraped: 0
[02:14:00] [INFO]   Arkansas State University AR Taleo listings scraped: 0
[02:14:00] [INFO]   Arkansas State University AR listings scraped: 0
[02:14:00] [INFO]   College of the Muscogee Nation OK listings scraped: 0
[02:14:00] [INFO]   Butler Community College KS listings scraped: 2
[02:14:00] [INFO]   Arkansas State University-Beebe AR listings scraped: 1
[02:14:00] [INFO]   East Georgia State College GA listings scraped: 0
[02:14:00] [INFO]   ↪️  Community Care College: generic page hands off to paycom
[02:14:00] [INFO]   Central Christian College of Kansas KS listings scraped: 0
[02:14:00] [INFO]   ↪️  Arkansas State University-Mountain Home: generic page hands off to taleo
[02:14:00] [INFO]   Emory University GA listings scraped: 0
[02:14:00] [INFO]   Cleveland University-Kansas City KS listings scraped: 1
[02:14:00] [INFO]   Connors State College OK listings scraped: 0
[02:14:00] [INFO]   Arkansas State University Three Rivers AR Taleo listings scraped: 0
[02:14:00] [INFO]   Arkansas State University Three Rivers AR listings scraped: 0
[02:14:00] [INFO]   Fort Valley State University GA listings scraped: 0
[02:14:00] [INFO]   ↪️  Emory University-Oxford College: generic page hands off to icims
[02:14:00] [INFO]   Coffeyville Community College KS listings scraped: 0
[02:14:00] [INFO]   East Central University OK listings scraped: 0
[02:14:00] [INFO]   Cloud County Community College KS listings scraped: 0
[02:14:00] [INFO]   Arkansas Tech University AR listings scraped: 0
[02:14:00] [INFO]   Colby Community College KS listings scraped: 0
[02:14:00] [INFO]   Baptist Health College Little Rock AR listings scraped: 0
[02:14:00] [INFO]   Emory University-Oxford College GA listings scraped: 0
[02:14:00] [INFO]   Emory University-Oxford College GA listings scraped: 0
[02:14:00] [INFO]   Arkansas State University-Mountain Home AR Taleo listings scraped: 0
[02:14:00] [INFO]   Arkansas State University-Mountain Home AR listings scraped: 0
[02:14:00] [INFO]   Community Care College OK listings scraped: 10
[02:14:00] [INFO]   Cowley County Community College KS listings scraped: 0
[02:14:00] [INFO]   Southwestern College (KS) KS listings scraped: 0
[02:14:00] [INFO]   Southwestern College (KS) KS listings scraped: 0
[02:14:00] [INFO]   Arkansas State University-Newport AR listings scraped: 0
[02:14:00] [INFO]   Eastern Oklahoma State College OK listings scraped: 0
[02:14:00] [INFO]   Washington University in St. Louis MO listings scraped: 1 (API)
[02:14:00] [INFO]   Dodge City Community College KS listings scraped: 0
[02:14:00] [INFO]   ↪️  Crowley's Ridge College override URL applied
[02:14:00] [INFO]   Missouri State University MO listings scraped: 8
[02:14:00] [INFO]   Donnelly College KS listings scraped: 0
[02:14:00] [INFO]   Family of Faith Christian University OK listings scraped: 0
[02:14:00] [INFO]   Champion Christian College AR listings scraped: 0
[02:14:00] [INFO]   Black River Technical College AR listings scraped: 5
[02:14:00] [INFO]   ↪️  Ecclesia College override URL applied
[02:14:00] [INFO]   Central Baptist College AR listings scraped: 0
[02:14:00] [INFO]   Missouri University of Science and Technology MO listings scraped: 1
[02:14:00] [INFO]   Drury University-College of Continuing Professional Studies MO listings scraped: 1
[02:14:00] [INFO]   ↪️  Urshan Graduate School of Theology: generic page hands off to paycom
[02:14:00] [INFO]   Flint Hills Technical College KS listings scraped: 0
[02:14:00] [INFO]   Emporia State University KS listings scraped: 0
[02:14:00] [INFO]   East Arkansas Community College AR listings scraped: 3
[02:14:00] [INFO]   Fort Hays State University-Northwest Kansas Technical College KS listings scraped: 1
[02:14:00] [INFO]   Fort Hays State University KS listings scraped: 1
[02:14:00] [INFO]   Avila University MO listings scraped: 1
[02:14:00] [INFO]   Aquinas Institute of Theology MO listings scraped: 0
[02:14:00] [INFO]   Ecclesia College AR listings scraped: 0
[02:14:00] [INFO]   A T Still University of Health Sciences MO listings scraped: 0
[02:14:00] [INFO]   Crowley's Ridge College AR listings scraped: 0
[02:14:00] [INFO]   Fort Hays Tech North Central KS listings scraped: 0
[02:14:00] [INFO]   Friends University KS listings scraped: 0
[02:14:00] [INFO]   Barnes-Jewish College Goldfarb School of Nursing MO listings scraped: 0
[02:14:00] [INFO]   Northern Kentucky University KY listings scraped: 0
[02:14:00] [INFO]   Murray State University KY listings scraped: 24
[02:14:00] [INFO]   Urshan Graduate School of Theology MO listings scraped: 2
[02:14:00] [INFO]   Morehead State University KY listings scraped: 35
[02:14:00] [INFO]   Gateway Community and Technical College KY listings scraped: 0
[02:14:00] [INFO]   Fort Scott Community College KS listings scraped: 0
[02:14:00] [INFO]   ↪️  Middle Tennessee State University override URL applied
[02:14:00] [INFO]   ↪️  Remington College-Nashville Campus override URL applied
[02:14:00] [INFO]   ↪️  American Baptist College override URL applied
[02:14:00] [INFO]   ↪️  Remington College-Memphis Campus override URL applied
[02:14:00] [INFO]   Calvary University MO listings scraped: 0
[02:14:00] [INFO]   Alice Lloyd College KY listings scraped: 0
[02:14:00] [INFO]   Central Christian College of the Bible MO listings scraped: 0
[02:14:00] [INFO]   Hopkinsville Community College KY listings scraped: 0
[02:14:00] [INFO]   ↪️  Asbury Theological Seminary: generic page hands off to paycom
[02:14:00] [INFO]   Asbury University KY listings scraped: 1
[02:14:00] [INFO]   Central Methodist University-College of Graduate and Extended Studies MO listings scraped: 0
[02:14:00] [INFO]   Middle Tennessee State University TN listings scraped: 28
[02:14:00] [INFO]   Central Methodist University-College of Liberal Arts and Sciences MO listings scraped: 0
[02:14:00] [INFO]   ↪️  Austin Peay State University override URL applied
[02:14:00] [INFO]   Ashland Community and Technical College KY listings scraped: 0
[02:14:00] [INFO]   ↪️  Remington College-Nashville Campus: scraped 7 listings via scrapeAdpApi
[02:14:00] [INFO]   ↪️  American Baptist College: scraped 1 listings via scrapeAdpApi
[02:14:00] [INFO]   ↪️  Baptist Health Sciences University override URL applied
[02:14:00] [INFO]   ↪️  Belmont University override URL applied
[02:14:00] [INFO]   Remington College-Memphis Campus TN listings scraped: 0
[02:14:00] [INFO]   ↪️  Bethel University override URL applied
[02:14:00] [INFO]   Bellarmine University KY listings scraped: 0
[02:14:00] [INFO]   Berea College KY listings scraped: 0
[02:14:00] [INFO]   City Vision University MO listings scraped: 0
[02:14:00] [INFO]   Big Sandy Community and Technical College KY listings scraped: 0
[02:14:00] [INFO]   Bolivar Technical College MO listings scraped: 0
[02:14:00] [INFO]   College of the Ozarks MO listings scraped: 0
[02:14:00] [INFO]   Baptist Health Sciences University TN listings scraped: 0
[02:14:00] [INFO]   ↪️  Bryan College-Dayton override URL applied
[02:14:00] [INFO]   Bethel University TN listings scraped: 6
[02:14:00] [INFO]   Asbury Theological Seminary KY listings scraped: 8
[02:14:00] [INFO]   Conception Seminary College MO listings scraped: 0
[02:14:00] [INFO]   Bluegrass Community and Technical College KY listings scraped: 0
[02:14:00] [INFO]   Carl Albert State College OK listings scraped: 0
[02:14:00] [INFO]   Brescia University KY listings scraped: 2
[02:14:00] [INFO]   ↪️  Austin Peay State University: scraped 7 listings via scrapeOracleCloudApi
[02:14:00] [INFO]   ↪️  Alaska Pacific University override URL applied
[02:14:00] [INFO]   ↪️  Chattanooga State Community College override URL applied
[02:14:00] [INFO]   Covenant Theological Seminary MO listings scraped: 0
[02:14:00] [INFO]   Bryan College-Dayton TN listings scraped: 0
[02:14:00] [INFO]   Cottey College MO listings scraped: 0
[02:14:00] [INFO]   ↪️  Christian Brothers University override URL applied
[02:14:00] [INFO]   ↪️  Campbellsville University: generic page hands off to workday
[02:14:00] [INFO]   Centre College KY listings scraped: 0
[02:14:00] [INFO]   Clear Creek Baptist Bible College KY listings scraped: 0
[02:14:00] [INFO]   Campbellsville University KY listings scraped: 6 (API)
[02:14:00] [INFO]   Concordia Seminary MO listings scraped: 0
[02:14:00] [INFO]   Alaska Bible College AK listings scraped: 0
[02:14:00] [INFO]   Alaska Pacific University AK listings scraped: 1
[02:14:00] [INFO]   Eastern Kentucky University KY listings scraped: 0
[02:14:00] [INFO]   Carson-Newman University TN listings scraped: 0
[02:14:00] [INFO]   University of Alaska System AK listings scraped: 22
[02:14:00] [INFO]   Chattanooga State Community College TN listings scraped: 7
[02:14:00] [INFO]   ↪️  Cleveland State Community College override URL applied
[02:14:00] [INFO]   ↪️  Columbia State Community College override URL applied
[02:14:00] [INFO]   ↪️  Belmont University: scraped 19 listings via scrapeCsodApi
[02:14:00] [INFO]   ↪️  Cumberland University override URL applied
[02:14:00] [INFO]   Crowder College MO listings scraped: 0
[02:14:00] [INFO]   Alaska Christian College AK listings scraped: 0
[02:14:00] [INFO]   Elizabethtown Community and Technical College KY listings scraped: 0
[02:14:00] [INFO]   Culver-Stockton College MO listings scraped: 0
[02:14:00] [INFO]   Christian Brothers University TN listings scraped: 2
[02:14:00] [INFO]   ↪️  Dyersburg State Community College override URL applied
[02:14:00] [INFO]   Frontier Nursing University KY listings scraped: 0
[02:14:00] [INFO]   Texas Tech University TX: API failed, falling back to browser
[02:14:00] [INFO]   Drury University MO listings scraped: 1
[02:14:00] [INFO]   Columbia State Community College TN listings scraped: 2
[02:14:00] [INFO]   ↪️  Cleveland State Community College: generic page hands off to pageup
[02:14:00] [INFO]   ↪️  East Tennessee State University override URL applied
[02:14:00] [INFO]   University of Texas at Austin TX listings scraped: 3 (API)
[02:14:00] [INFO]   Cox College MO listings scraped: 0
[02:14:00] [INFO]   East Central College MO listings scraped: 0
[02:14:00] [INFO]   Chaminade University of Honolulu HI listings scraped: 2
[02:14:00] [INFO]   Cleveland State Community College TN listings scraped: 0
[02:14:00] [INFO]   Cleveland State Community College TN listings scraped: 0
[02:14:00] [INFO]   Brigham Young University-Hawaii HI listings scraped: 0
[02:14:00] [INFO]   University of Hawaii System HI listings scraped: 10
[02:14:00] [INFO]   ↪️  Dyersburg State Community College: generic page hands off to pageup
[02:14:00] [INFO]   Eden Theological Seminary MO listings scraped: 0
[02:14:00] [INFO]   Evangel University MO listings scraped: 0
[02:14:00] [INFO]   Evangel University-College of Online Learning MO listings scraped: 0
[02:14:00] [INFO]   Texas A&M University TX listings scraped: 73
[02:14:00] [INFO]   Dyersburg State Community College TN listings scraped: 0
[02:14:00] [INFO]   Dyersburg State Community College TN listings scraped: 0
[02:14:00] [INFO]   ↪️  Freed-Hardeman University override URL applied
[02:14:00] [INFO]   Evangel University-James River Assembly of God Church MO listings scraped: 0
[02:14:00] [INFO]   ↪️  East Tennessee State University: scraped 46 listings via scrapeOracleCloudApi
[02:14:00] [INFO]   ↪️  Fisk University: generic page hands off to paycom
[02:14:00] [INFO]   University of Central Florida FL listings scraped: 0
[02:14:00] [INFO]   University of Texas at Dallas TX listings scraped: 100
[02:14:00] [INFO]   ↪️  Cumberland University: scraped 7 listings via scrapePaycomApi
[02:14:00] [INFO]   University of South Florida FL listings scraped (REST): 24
[02:14:00] [INFO]   Freed-Hardeman University TN listings scraped: 6
[02:14:00] [INFO]   Fontbonne University MO listings scraped: 0
[02:14:00] [INFO]   Florida State University FL listings scraped: 8
[02:14:00] [INFO]   University of North Florida FL: API failed, falling back to browser
[02:14:00] [INFO]   Florida Atlantic University FL listings scraped: 4 (API)
[02:14:00] [INFO]   University of Texas at Arlington TX listings scraped: 99
[02:14:00] [INFO]   University of Miami FL listings scraped: 38 (API)
[02:14:00] [INFO]   Rice University TX listings scraped: 0
[02:14:00] [INFO]   University of North Texas TX listings scraped: 0
[02:14:00] [INFO]   Nova Southeastern University FL listings scraped: 0
[02:14:00] [INFO]   Baylor University TX listings scraped: 15
[02:14:00] [INFO]   Texas Christian University TX: API failed, falling back to browser
[02:14:00] [INFO]   Rollins College FL listings scraped: 0
[02:14:00] [INFO]   Eckerd College FL listings scraped: 0
[02:14:00] [INFO]   Florida International University FL listings scraped: 0
[02:14:00] [INFO]   Stetson University FL listings scraped: 0
[02:14:00] [INFO]   Southern Methodist University TX Taleo listings scraped: 0
[02:14:00] [INFO]   Trinity University TX listings scraped: 4 (API)
[02:14:00] [INFO]   New College of Florida FL listings scraped: 0
[02:14:00] [INFO]   Florida Southern College FL listings scraped: 11
[02:14:00] [INFO]   ↪️  Southwestern University: generic page hands off to schooljobs
[02:14:00] [INFO]   Texas Tech University TX listings scraped: 0
[02:14:00] [INFO]   Jacksonville University FL listings scraped: 0
[02:14:00] [INFO]   Southwestern University TX listings scraped: 4
[02:14:00] [INFO]   Fisk University TN listings scraped: 0
[02:14:00] [INFO]   Fisk University TN listings scraped: 0
[02:14:00] [INFO]   Alamo Community College District Central Office TX listings scraped: 0
[02:14:00] [INFO]   University of North Florida FL listings scraped: 0
[02:14:00] [INFO]   Abilene Christian University-Undergraduate Online TX listings scraped: 0
[02:14:00] [INFO]   University of Houston TX listings scraped: 457
[02:14:00] [INFO]   Dallas College TX listings scraped: 0
[02:14:00] [INFO]   Erwin Technical College FL listings scraped: 0
[02:14:00] [INFO]   Laredo College TX listings scraped: 0
[02:14:00] [INFO]   Northeast Lakeview College TX listings scraped: 0
[02:14:00] [INFO]   Polytechnic University of Puerto Rico-Miami FL listings scraped: 0
[02:14:00] [INFO]   Texas Christian University TX listings scraped: 0
[02:14:00] [INFO]   H W Brewster Technical College FL listings scraped: 0
[02:14:00] [INFO]   Palo Alto College TX listings scraped: 0
[02:14:00] [INFO]   Northwest Vista College TX listings scraped: 0
[02:14:00] [INFO]   Orange Technical College-East Campus FL listings scraped: 0
[02:14:00] [INFO]   Orange Technical College-West Campus FL listings scraped: 0
[02:14:00] [INFO]   Remington College-Dallas Campus TX listings scraped: 0
[02:14:00] [INFO]   Remington College-Fort Worth Campus TX listings scraped: 0
[02:14:00] [INFO]   Remington College-Houston Southeast Campus TX listings scraped: 0
[02:14:00] [INFO]   Riveroak Technical College FL listings scraped: 0
[02:14:00] [INFO]   Polytechnic University of Puerto Rico-Orlando FL listings scraped: 0
[02:14:00] [INFO]   Suncoast Technical College FL listings scraped: 0
[02:14:00] [INFO]   Remington College-North Houston Campus TX listings scraped: 0
[02:14:00] [INFO]   Remington College-Online Dallas TX listings scraped: 0
[02:14:00] [INFO]   San Antonio College TX listings scraped: 0
[02:14:00] [INFO]   Academy for Nursing and Health Occupations FL listings scraped: 0
[02:14:00] [INFO]   Academy for Five Element Acupuncture FL listings scraped: 0
[02:14:00] [INFO]   Southwest College for the Deaf TX listings scraped: 0
[02:14:00] [INFO]   AdventHealth University FL listings scraped: 0
[02:14:00] [INFO]   St Philip's College TX listings scraped: 0
[02:14:00] [INFO]   The Chicago School at Dallas TX listings scraped: 0
[02:14:00] [INFO]   Ana G. Mendez University FL listings scraped: 0
[02:14:00] [INFO]   The Chicago School-College of Nursing TX listings scraped: 0
[02:14:00] [INFO]   Albizu University-Miami FL listings scraped: 0
[02:14:00] [INFO]   Abilene Christian University TX listings scraped: 0
[02:14:00] [INFO]   Covenant School of Nursing and Allied Health TX listings scraped: 0
[02:14:00] [INFO]   Atlantic Institute of Oriental Medicine FL listings scraped: 0
[02:14:00] [INFO]   Alvin Community College TX listings scraped: 1
[02:14:00] [INFO]   Ave Maria School of Law FL listings scraped: 1
[02:14:00] [INFO]   Atlantic Technical College FL listings scraped: 0
[02:14:00] [INFO]   Amarillo College TX listings scraped: 0
[02:14:00] [INFO]   Ave Maria University FL listings scraped: 0
[02:14:00] [INFO]   Angelina College TX listings scraped: 0
[02:14:00] [INFO]   Amberton University TX listings scraped: 0
[02:14:00] [INFO]   Angelo State University TX listings scraped: 0
[02:14:00] [INFO]   Baptist University of Florida FL listings scraped: 0
[02:14:00] [INFO]   Beacon College FL listings scraped: 0
[02:14:00] [INFO]   Barry University FL listings scraped: 4
[02:14:00] [INFO]   Arlington Baptist University TX listings scraped: 0
[02:14:00] [INFO]   Austin College TX listings scraped: 0
[02:14:00] [INFO]   Austin Community College District TX listings scraped: 0
[02:14:00] [INFO]   Broward College FL listings scraped: 0
[02:14:00] [INFO]   Bethune-Cookman University FL listings scraped: 0
[02:14:00] [INFO]   Chipola College FL listings scraped: 0
[02:14:00] [INFO]   ↪️  Austin Presbyterian Theological Seminary: generic page hands off to paycom
[02:14:00] [INFO]   Bakke Graduate University TX listings scraped: 0
[02:14:00] [INFO]   Daytona State College FL listings scraped: 0
[02:14:00] [INFO]   Doral College FL listings scraped: 0
[02:14:00] [INFO]   Baptist Missionary Association Theological Seminary TX listings scraped: 0
[02:14:00] [INFO]   Baptist University of the Americas TX listings scraped: 0
[02:14:00] [INFO]   Eastern Florida State College FL listings scraped: 0
[02:14:00] [INFO]   Baylor College of Medicine TX listings scraped: 1
[02:14:00] [INFO]   University of Florida FL listings scraped: 272
[02:14:00] [INFO]   Edward Waters University FL listings scraped: 0
[02:14:00] [INFO]   College of Central Florida FL listings scraped: 0
[02:14:00] [INFO]   Embry-Riddle Aeronautical University-Daytona Beach FL listings scraped: 0
[02:14:00] [INFO]   Everglades University FL listings scraped: 0
[02:14:00] [INFO]   Brazosport College TX listings scraped: 0
[02:14:00] [INFO]   Embry-Riddle Aeronautical University-Worldwide FL listings scraped: 0
[02:14:00] [INFO]   Flagler College FL listings scraped: 0
[02:14:00] [INFO]   ↪️  Blinn College District: generic page hands off to csod
[02:14:00] [INFO]   Brite Divinity School TX listings scraped: 3
[02:14:00] [INFO]   Flagler Technical College FL listings scraped: 0
[02:14:00] [INFO]   Florida Agricultural and Mechanical University FL listings scraped: 0
[02:14:00] [INFO]   Florida Gateway College FL listings scraped: 0
[02:14:00] [INFO]   ↪️  Florida Institute of Technology: generic page hands off to workday
[02:14:00] [INFO]   Austin Presbyterian Theological Seminary TX listings scraped: 0
[02:14:00] [INFO]   Austin Presbyterian Theological Seminary TX listings scraped: 0
[02:14:00] [INFO]   Florida College FL listings scraped: 0
[02:14:00] [INFO]   Florida Institute of Technology FL listings scraped: 13 (API)
[02:14:00] [INFO]   Florida Gulf Coast University FL listings scraped: 1
[02:14:00] [INFO]   ↪️  Central Texas College: generic page hands off to schooljobs
[02:14:00] [INFO]   ↪️  Florida Institute of Technology-Online: generic page hands off to workday
[02:14:00] [INFO]   Florida Institute of Technology-Online FL listings scraped: 13 (API)
[02:14:00] [INFO]   Florida SouthWestern State College FL listings scraped: 0
[02:14:00] [INFO]   Florida Memorial University FL listings scraped: 0
[02:14:00] [INFO]   Florida Polytechnic University FL listings scraped: 0
[02:14:00] [INFO]   Christ Mission College TX listings scraped: 0
[02:14:00] [INFO]   Florida State College at Jacksonville FL listings scraped: 0
[02:14:00] [INFO]   Central Texas College TX listings scraped: 1
[02:14:00] [INFO]   Cisco College TX listings scraped: 0
[02:14:00] [INFO]   Fort Myers Technical College FL listings scraped: 0
[02:14:00] [INFO]   Clarendon College TX listings scraped: 0
[02:14:00] [INFO]   Blinn College District TX listings scraped: 11
[02:14:00] [INFO]   College of the Mainland TX listings scraped: 0
[02:14:00] [INFO]   College of Biblical Studies-Houston TX listings scraped: 0
[02:14:00] [INFO]   Coastal Bend College TX listings scraped: 0
[02:14:00] [INFO]   Collin County Community College District TX listings scraped: 1
[02:14:00] [INFO]   Concordia University Texas TX listings scraped: 0
[02:14:00] [INFO]   Commonwealth Institute of Funeral Service TX listings scraped: 0
[02:14:00] [INFO]   Criswell College TX listings scraped: 0
[02:14:00] [INFO]   Dallas Baptist University TX listings scraped: 0
[02:14:00] [INFO]   Dallas Institute of Funeral Service TX listings scraped: 0
[02:14:00] [INFO]   Dallas Theological Seminary TX listings scraped: 0
[02:14:00] [INFO]   Dallas Christian College TX listings scraped: 0
[02:14:00] [INFO]   Del Mar College TX listings scraped: 0
[02:14:00] [INFO]   East Texas A&M University TX listings scraped: 1
[02:14:00] [INFO]   East Texas Baptist University TX listings scraped: 0
[02:14:00] [INFO]   El Paso Community College TX listings scraped: 0
[02:14:00] [INFO]   Frank Phillips College TX listings scraped: 1
[02:14:00] [INFO]   Episcopal Theological Seminary of the Southwest TX listings scraped: 0
[02:14:00] [INFO]   🔍 Global faculty filter: 11639 → 6636 (removed 5003 non-faculty jobs)
[02:14:00] [INFO]   🧾 Policy exclusions: 6636 → 6613 (removed 23 jobs)
[02:14:00] [INFO]   📡 Calling local summarizer for 6613 jobs
[02:14:00] [INFO]   📦 Using 0 cached summaries, 6613 jobs need AI processing
[02:14:00] [INFO]   📡 Checking 1 summarizer endpoint(s)...
[02:14:00] [INFO]   📡 Summarizer endpoints: 0 active, 1 unreachable
[02:14:00] [INFO]   🔗 Canonicalized job URLs: 741 updated, 0 invalid removed
[02:14:00] [INFO]   ✂️  Normalized 1196 job titles
[02:14:00] [INFO]   🧬 Assigned canonical IDs for 6586 jobs
[02:14:00] [INFO]   🧹 Quality gates dropped 10 listings
[02:14:00] [INFO]   📄 Wrote C:\Users\StevenAzeka\OneDrive\Documents\GitHub\Faculty-Jobs\generated\post-quality-report.json
[02:14:00] [INFO]   ⚰️  Filtered 19 confirmed-dead URL(s) from scrape
[02:14:00] [INFO]   🧬 Preserved enrichment: filled 31975 field(s) across 6423 job(s) (6423 matched previous snapshot)
[02:14:00] [INFO]   ✅ Wrote C:\Users\StevenAzeka\OneDrive\Documents\GitHub\Faculty-Jobs\docs\jobs.json (6557 jobs)
[02:14:00] [INFO]   ✅ Wrote C:\Users\StevenAzeka\OneDrive\Documents\GitHub\Faculty-Jobs\public\jobs.json (6557 jobs)
[02:14:00] [INFO]   ✅ Wrote C:\Users\StevenAzeka\OneDrive\Documents\GitHub\Faculty-Jobs\web-vue\public\jobs.json (6557 jobs)
[02:14:00] [INFO]   [stderr] ❌ Chandler-Gilbert Community College AZ scrape failed: page.goto: net::ERR_NAME_NOT_RESOLVED at https://www.cgc.maricopa.edu/
[02:14:00] [INFO]   [stderr] Call log:
[02:14:00] [INFO]   [stderr] [2m  - navigating to "https://www.cgc.maricopa.edu/", waiting until "domcontentloaded"[22m
[02:14:00] [INFO]   [stderr] 
[02:14:00] [INFO]   [stderr] ❌ America Evangelical University CA Private scrape failed: page.goto: net::ERR_CONNECTION_TIMED_OUT at https://www.aeu.edu/
[02:14:00] [INFO]   [stderr] Call log:
[02:14:00] [INFO]   [stderr] [2m  - navigating to "https://www.aeu.edu/", waiting until "domcontentloaded"[22m
[02:14:00] [INFO]   [stderr] 
[02:14:01] [INFO]   [stderr] ❌ Bais Medrash Toras Chesed NJ scrape failed: page.goto: net::ERR_SSL_VERSION_OR_CIPHER_MISMATCH at https://www.bmtc.edu/
[02:14:01] [INFO]   [stderr] Call log:
[02:14:01] [INFO]   [stderr] [2m  - navigating to "https://www.bmtc.edu/", waiting until "domcontentloaded"[22m
[02:14:01] [INFO]   [stderr] 
[02:14:01] [INFO]   [stderr] ❌ California State University-San Bernardino CA Private scrape failed: page.goto: net::ERR_CONNECTION_CLOSED at https://www.csusb.edu/
[02:14:01] [INFO]   [stderr] Call log:
[02:14:01] [INFO]   [stderr] [2m  - navigating to "https://www.csusb.edu/", waiting until "domcontentloaded"[22m
[02:14:01] [INFO]   [stderr] 
[02:14:01] [INFO]   [stderr] ❌ Carolinas College of Health Sciences NC scrape failed: page.goto: net::ERR_CERT_COMMON_NAME_INVALID at https://www.carolinascollege.edu/
[02:14:01] [INFO]   [stderr] Call log:
[02:14:01] [INFO]   [stderr] [2m  - navigating to "https://www.carolinascollege.edu/", waiting until "domcontentloaded"[22m
[02:14:01] [INFO]   [stderr] 
[02:14:01] [INFO]   [stderr] ❌ Aiken Technical College SC scrape failed: page.goto: Timeout 60000ms exceeded.
[02:14:01] [INFO]   [stderr] Call log:
[02:14:01] [INFO]   [stderr] [2m  - navigating to "https://www.atc.edu/", waiting until "domcontentloaded"[22m
[02:14:01] [INFO]   [stderr] 
[02:14:01] [INFO]   [stderr] ❌ Foothill-De Anza Community College District CA Private Taleo scrape failed: page.goto: net::ERR_CONNECTION_TIMED_OUT at https://ch.tbe.taleo.net/CH17/ats/careers/jobSearch.jsp?org=FHDA&cws=1
[02:14:01] [INFO]   [stderr] Call log:
[02:14:01] [INFO]   [stderr] [2m  - navigating to "https://ch.tbe.taleo.net/CH17/ats/careers/jobSearch.jsp?org=FHDA&cws=1", waiting until "networkidle"[22m
[02:14:01] [INFO]   [stderr] 
[02:14:01] [INFO]   [stderr] ❌ Linfield University OR scrape failed: page.goto: net::ERR_NAME_NOT_RESOLVED at https://careers.linfield.edu/
[02:14:01] [INFO]   [stderr] Call log:
[02:14:01] [INFO]   [stderr] [2m  - navigating to "https://careers.linfield.edu/", waiting until "domcontentloaded"[22m
[02:14:01] [INFO]   [stderr] 
[02:14:01] [INFO]   [stderr] ❌ CUNY New York City College of Technology NY scrape failed: page.goto: Timeout 60000ms exceeded.
[02:14:01] [INFO]   [stderr] Call log:
[02:14:01] [INFO]   [stderr] [2m  - navigating to "https://www.citytech.cuny.edu/faculty/jobs", waiting until "domcontentloaded"[22m
[02:14:01] [INFO]   [stderr] 
[02:14:01] [INFO]   [stderr] ❌ Beloit College WI scrape failed: page.goto: net::ERR_NAME_NOT_RESOLVED at https://employment.beloit.edu/en-us/listing/
[02:14:01] [INFO]   [stderr] Call log:
[02:14:01] [INFO]   [stderr] [2m  - navigating to "https://employment.beloit.edu/en-us/listing/", waiting until "domcontentloaded"[22m
[02:14:01] [INFO]   [stderr] 
[02:14:01] [INFO]   [stderr] ❌ Colorado State University-Fort Collins CO scrape failed: page.goto: net::ERR_CONNECTION_RESET at https://colostate.edu/
[02:14:01] [INFO]   [stderr] Call log:
[02:14:01] [INFO]   [stderr] [2m  - navigating to "https://colostate.edu/", waiting until "domcontentloaded"[22m
[02:14:01] [INFO]   [stderr] 
[02:14:01] [INFO]   [stderr] ❌ University of Notre Dame IN scrape failed: page.goto: net::ERR_SSL_UNRECOGNIZED_NAME_ALERT at https://jobs.nd.edu/
[02:14:01] [INFO]   [stderr] Call log:
[02:14:01] [INFO]   [stderr] [2m  - navigating to "https://jobs.nd.edu/", waiting until "domcontentloaded"[22m
[02:14:01] [INFO]   [stderr] 
[02:14:01] [INFO]   [stderr] ❌ Carver Career Center WV scrape failed: page.goto: net::ERR_CERT_COMMON_NAME_INVALID at https://www.carvercareercenter.edu/
[02:14:01] [INFO]   [stderr] Call log:
[02:14:01] [INFO]   [stderr] [2m  - navigating to "https://www.carvercareercenter.edu/", waiting until "domcontentloaded"[22m
[02:14:01] [INFO]   [stderr] 
[02:14:01] [INFO]   [stderr] ❌ Kennesaw State University GA scrape failed: page.goto: net::ERR_CONNECTION_TIMED_OUT at https://kennesaw.peopleadmin.com/postings/search?utf8=%E2%9C%93&query=&query_v0_posted_at_date=&query_position_type_id%5B%5D=3&commit=Search
[02:14:01] [INFO]   [stderr] Call log:
[02:14:01] [INFO]   [stderr] [2m  - navigating to "https://kennesaw.peopleadmin.com/postings/search?utf8=%E2%9C%93&query=&query_v0_posted_at_date=&query_position_type_id%5B%5D=3&commit=Search", waiting until "domcontentloaded"[22m
[02:14:01] [INFO]   [stderr] 
[02:14:01] [INFO]   [stderr] ❌ Academy of Interactive Entertainment LA scrape failed: page.goto: net::ERR_CONNECTION_REFUSED at https://lafayette.aie.edu/
[02:14:01] [INFO]   [stderr] Call log:
[02:14:01] [INFO]   [stderr] [2m  - navigating to "https://lafayette.aie.edu/", waiting until "domcontentloaded"[22m
[02:14:01] [INFO]   [stderr] 
[02:14:01] [INFO]   [stderr] ❌ Bacone College OK scrape failed: page.goto: net::ERR_NAME_NOT_RESOLVED at https://www.bacone.edu/
[02:14:01] [INFO]   [stderr] Call log:
[02:14:01] [INFO]   [stderr] [2m  - navigating to "https://www.bacone.edu/", waiting until "domcontentloaded"[22m
[02:14:01] [INFO]   [stderr] 
[02:14:01] [INFO]   [stderr] ❌ Dragon Rises College of Oriental Medicine FL scrape failed: page.goto: net::ERR_CERT_AUTHORITY_INVALID at https://www.dragonrises.edu/
[02:14:01] [INFO]   [stderr] Call log:
[02:14:01] [INFO]   [stderr] [2m  - navigating to "https://www.dragonrises.edu/", waiting until "domcontentloaded"[22m
[02:14:01] [INFO]   [stderr] 
[02:14:01] [INFO]   [stderr]    ⚠️  Unreachable: http://127.0.0.1:9000/summarize
[02:14:01] [INFO]   [stderr] ❌ No summarizer endpoints reachable — skipping AI enrichment
[02:14:01] [OK] Scrape succeeded.
[02:14:01] [INFO] 
[02:14:01] [INFO] --------------------------------------------------
[02:14:01] [INFO]   Step 2/8 - Track job presence (stamp firstSeen, purge expired)
[02:14:01] [INFO] --------------------------------------------------
[02:14:01] [INFO] Running: C:\Program Files\nodejs\npm.cmd run agent:job-presence
[02:14:02] [INFO]   
[02:14:02] [INFO]   > faculty-jobs@1.0.0 agent:job-presence
[02:14:02] [INFO]   > node scripts/agent-job-presence.js
[02:14:02] [INFO]   
[02:14:02] [INFO]   
[02:14:02] [INFO]   Faculty Atlas - Job Presence Agent
[02:14:02] [INFO]     Config        : expiry-days=7
[02:14:02] [INFO]   
[02:14:02] [INFO]     Jobs seen today  : 6,557
[02:14:02] [INFO]     Jobs tracked     : 7,281
[02:14:02] [INFO]     Jobs to purge    : 2
[02:14:02] [INFO]   
[02:14:02] [INFO]     Purged listings (absent for >= 7 consecutive scrapes):
[02:14:02] [INFO]       job_d0f0ab022c03ef0e  (7 misses, last seen 2026-06-05)
[02:14:02] [INFO]       job_9fd0ba40559027ad  (7 misses, last seen 2026-06-05)
[02:14:02] [INFO]     New today        : 100
[02:14:02] [INFO]     New this week    : 1,519
[02:14:02] [INFO]   
[02:14:02] [INFO]     docs/jobs.json updated.
[02:14:02] [INFO]   
[02:14:02] [INFO]     public/jobs.json updated.
[02:14:02] [INFO]     generated/job-presence.json saved.
[02:14:02] [INFO]     generated/job-presence-report.json saved.
[02:14:02] [INFO]     data/site-stats.json saved (docs + public + web-vue).
[02:14:02] [OK] Job presence succeeded.
[02:14:02] [INFO] 
[02:14:02] [INFO] --------------------------------------------------
[02:14:02] [INFO]   Step 3/8 - Enrich new jobs (discipline/positionType/tenureTrack via local Ollama)
[02:14:02] [INFO] --------------------------------------------------
[02:14:02] [INFO] Running: C:\Program Files\nodejs\npm.cmd run agent:enrich -- --max 1500 --batch-size 6
[02:23:23] [INFO]   
[02:23:23] [INFO]   > faculty-jobs@1.0.0 agent:enrich
[02:23:23] [INFO]   > node scripts/agent-job-enrichment.js --max 1500 --batch-size 6
[02:23:23] [INFO]   
[02:23:23] [INFO]   
[02:23:23] [INFO]   Faculty Atlas - Job Enrichment Agent
[02:23:23] [INFO]     Backend: Ollama (qwen2.5:7b @ localhost:11434)
[02:23:23] [INFO]   
[02:23:23] [INFO]     Total jobs       : 6,557
[02:23:23] [INFO]     Already enriched : 5,366
[02:23:23] [INFO]     To process now   : 1,191 (max 1500)
[02:23:23] [INFO]     Batch size       : 6
[02:23:23] [INFO]     Concurrency      : 1
[02:23:23] [INFO]     Batch 1/199 (6 jobs)... done (+5)
[02:23:23] [INFO]     Batch 2/199 (6 jobs)... done (+2)
[02:23:23] [INFO]     Batch 3/199 (6 jobs)... done (+6)
[02:23:23] [INFO]     Batch 4/199 (6 jobs)... done (+6)
[02:23:23] [INFO]     Batch 5/199 (6 jobs)... done (+6)
[02:23:23] [INFO]     Batch 6/199 (6 jobs)... done (+0)
[02:23:23] [INFO]     Batch 7/199 (6 jobs)... done (+6)
[02:23:23] [INFO]     Batch 8/199 (6 jobs)... done (+6)
[02:23:23] [INFO]     Batch 9/199 (6 jobs)... done (+6)
[02:23:23] [INFO]     Batch 10/199 (6 jobs)... done (+6)
[02:23:23] [INFO]     Batch 11/199 (6 jobs)... done (+6)
[02:23:23] [INFO]     Batch 12/199 (6 jobs)... done (+6)
[02:23:23] [INFO]     Batch 13/199 (6 jobs)... done (+6)
[02:23:23] [INFO]     Batch 14/199 (6 jobs)... done (+6)
[02:23:23] [INFO]     Batch 15/199 (6 jobs)... done (+6)
[02:23:23] [INFO]     Batch 16/199 (6 jobs)... done (+6)
[02:23:23] [INFO]     Batch 17/199 (6 jobs)... done (+6)
[02:23:23] [INFO]     Batch 18/199 (6 jobs)... done (+6)
[02:23:23] [INFO]     Batch 19/199 (6 jobs)... done (+6)
[02:23:23] [INFO]     Batch 20/199 (6 jobs)... done (+6)
[02:23:23] [INFO]     Batch 21/199 (6 jobs)... done (+6)
[02:23:23] [INFO]     Batch 22/199 (6 jobs)... ERROR: Expected 6 results, got 5
[02:23:23] [INFO]     Batch 23/199 (6 jobs)... done (+6)
[02:23:23] [INFO]     Batch 24/199 (6 jobs)... ERROR: Expected 6 results, got 5
[02:23:23] [INFO]     Batch 25/199 (6 jobs)... done (+6)
[02:23:23] [INFO]     Batch 26/199 (6 jobs)... done (+6)
[02:23:23] [INFO]     Batch 27/199 (6 jobs)... done (+6)
[02:23:23] [INFO]     Batch 28/199 (6 jobs)... done (+6)
[02:23:23] [INFO]     Batch 29/199 (6 jobs)... done (+6)
[02:23:23] [INFO]     Batch 30/199 (6 jobs)... done (+6)
[02:23:23] [INFO]     Batch 31/199 (6 jobs)... done (+6)
[02:23:23] [INFO]     Batch 32/199 (6 jobs)... done (+6)
[02:23:23] [INFO]     Batch 33/199 (6 jobs)... done (+6)
[02:23:23] [INFO]     Batch 34/199 (6 jobs)... ERROR: Expected 6 results, got 0
[02:23:23] [INFO]     Batch 35/199 (6 jobs)... done (+6)
[02:23:23] [INFO]     Batch 36/199 (6 jobs)... done (+6)
[02:23:23] [INFO]     Batch 37/199 (6 jobs)... done (+6)
[02:23:23] [INFO]     Batch 38/199 (6 jobs)... done (+6)
[02:23:23] [INFO]     Batch 39/199 (6 jobs)... done (+6)
[02:23:23] [INFO]     Batch 40/199 (6 jobs)... done (+6)
[02:23:23] [INFO]     Batch 41/199 (6 jobs)... done (+6)
[02:23:23] [INFO]     Batch 42/199 (6 jobs)... done (+6)
[02:23:23] [INFO]     Batch 43/199 (6 jobs)... done (+6)
[02:23:23] [INFO]     Batch 44/199 (6 jobs)... ERROR: Expected 6 results, got 0
[02:23:23] [INFO]     Batch 45/199 (6 jobs)... done (+6)
[02:23:23] [INFO]     Batch 46/199 (6 jobs)... ERROR: Expected 6 results, got 0
[02:23:23] [INFO]     Batch 47/199 (6 jobs)... ERROR: Expected 6 results, got 0
[02:23:23] [INFO]     Batch 48/199 (6 jobs)... ERROR: Expected 6 results, got 0
[02:23:23] [INFO]     Batch 49/199 (6 jobs)... done (+6)
[02:23:23] [INFO]     Batch 50/199 (6 jobs)... ERROR: Expected 6 results, got 0
[02:23:23] [INFO]     Batch 51/199 (6 jobs)... ERROR: Expected 6 results, got 0
[02:23:23] [INFO]     Batch 52/199 (6 jobs)... done (+6)
[02:23:23] [INFO]     Batch 53/199 (6 jobs)... done (+6)
[02:23:23] [INFO]     Batch 54/199 (6 jobs)... done (+6)
[02:23:23] [INFO]     Batch 55/199 (6 jobs)... done (+6)
[02:23:23] [INFO]     Batch 56/199 (6 jobs)... ERROR: Expected 6 results, got 1
[02:23:23] [INFO]     Batch 57/199 (6 jobs)... done (+6)
[02:23:23] [INFO]     Batch 58/199 (6 jobs)... ERROR: Expected 6 results, got 1
[02:23:23] [INFO]     Batch 59/199 (6 jobs)... done (+6)
[02:23:23] [INFO]     Batch 60/199 (6 jobs)... done (+6)
[02:23:24] [INFO]     Batch 61/199 (6 jobs)... done (+6)
[02:23:24] [INFO]     Batch 62/199 (6 jobs)... done (+6)
[02:23:24] [INFO]     Batch 63/199 (6 jobs)... done (+6)
[02:23:24] [INFO]     Batch 64/199 (6 jobs)... done (+6)
[02:23:24] [INFO]     Batch 65/199 (6 jobs)... done (+6)
[02:23:24] [INFO]     Batch 66/199 (6 jobs)... done (+6)
[02:23:24] [INFO]     Batch 67/199 (6 jobs)... done (+6)
[02:23:24] [INFO]     Batch 68/199 (6 jobs)... done (+6)
[02:23:24] [INFO]     Batch 69/199 (6 jobs)... done (+6)
[02:23:24] [INFO]     Batch 70/199 (6 jobs)... done (+6)
[02:23:24] [INFO]     Batch 71/199 (6 jobs)... done (+6)
[02:23:24] [INFO]     Batch 72/199 (6 jobs)... ERROR: Expected 6 results, got 3
[02:23:24] [INFO]     Batch 73/199 (6 jobs)... done (+6)
[02:23:24] [INFO]     Batch 74/199 (6 jobs)... done (+6)
[02:23:24] [INFO]     Batch 75/199 (6 jobs)... ERROR: Expected 6 results, got 1
[02:23:24] [INFO]     Batch 76/199 (6 jobs)... ERROR: Expected 6 results, got 5
[02:23:24] [INFO]     Batch 77/199 (6 jobs)... done (+6)
[02:23:24] [INFO]     Batch 78/199 (6 jobs)... done (+6)
[02:23:24] [INFO]     Batch 79/199 (6 jobs)... done (+6)
[02:23:24] [INFO]     Batch 80/199 (6 jobs)... done (+6)
[02:23:24] [INFO]     Batch 81/199 (6 jobs)... done (+6)
[02:23:24] [INFO]     Batch 82/199 (6 jobs)... done (+6)
[02:23:24] [INFO]     Batch 83/199 (6 jobs)... done (+6)
[02:23:24] [INFO]     Batch 84/199 (6 jobs)... done (+6)
[02:23:24] [INFO]     Batch 85/199 (6 jobs)... done (+6)
[02:23:24] [INFO]     Batch 86/199 (6 jobs)... done (+6)
[02:23:24] [INFO]     Batch 87/199 (6 jobs)... done (+6)
[02:23:24] [INFO]     Batch 88/199 (6 jobs)... done (+6)
[02:23:24] [INFO]     Batch 89/199 (6 jobs)... done (+6)
[02:23:24] [INFO]     Batch 90/199 (6 jobs)... done (+6)
[02:23:24] [INFO]     Batch 91/199 (6 jobs)... done (+6)
[02:23:24] [INFO]     Batch 92/199 (6 jobs)... done (+6)
[02:23:24] [INFO]     Batch 93/199 (6 jobs)... done (+6)
[02:23:24] [INFO]     Batch 94/199 (6 jobs)... done (+6)
[02:23:24] [INFO]     Batch 95/199 (6 jobs)... done (+6)
[02:23:24] [INFO]     Batch 96/199 (6 jobs)... ERROR: Expected 6 results, got 5
[02:23:24] [INFO]     Batch 97/199 (6 jobs)... done (+6)
[02:23:24] [INFO]     Batch 98/199 (6 jobs)... done (+6)
[02:23:24] [INFO]     Batch 99/199 (6 jobs)... ERROR: Expected 6 results, got 3
[02:23:24] [INFO]     Batch 100/199 (6 jobs)... done (+6)
[02:23:24] [INFO]     Batch 101/199 (6 jobs)... done (+6)
[02:23:24] [INFO]     Batch 102/199 (6 jobs)... done (+6)
[02:23:24] [INFO]     Batch 103/199 (6 jobs)... done (+6)
[02:23:24] [INFO]     Batch 104/199 (6 jobs)... ERROR: Expected 6 results, got 2
[02:23:24] [INFO]     Batch 105/199 (6 jobs)... done (+6)
[02:23:24] [INFO]     Batch 106/199 (6 jobs)... done (+6)
[02:23:24] [INFO]     Batch 107/199 (6 jobs)... done (+6)
[02:23:24] [INFO]     Batch 108/199 (6 jobs)... done (+4)
[02:23:24] [INFO]     Batch 109/199 (6 jobs)... done (+3)
[02:23:24] [INFO]     Batch 110/199 (6 jobs)... done (+6)
[02:23:24] [INFO]     Batch 111/199 (6 jobs)... done (+6)
[02:23:24] [INFO]     Batch 112/199 (6 jobs)... done (+6)
[02:23:24] [INFO]     Batch 113/199 (6 jobs)... ERROR: Expected 6 results, got 1
[02:23:24] [INFO]     Batch 114/199 (6 jobs)... done (+6)
[02:23:24] [INFO]     Batch 115/199 (6 jobs)... done (+6)
[02:23:24] [INFO]     Batch 116/199 (6 jobs)... ERROR: Expected 6 results, got 1
[02:23:24] [INFO]     Batch 117/199 (6 jobs)... done (+6)
[02:23:24] [INFO]     Batch 118/199 (6 jobs)... done (+6)
[02:23:24] [INFO]     Batch 119/199 (6 jobs)... done (+6)
[02:23:24] [INFO]     Batch 120/199 (6 jobs)... done (+6)
[02:23:24] [INFO]     Batch 121/199 (6 jobs)... done (+6)
[02:23:24] [INFO]     Batch 122/199 (6 jobs)... done (+6)
[02:23:24] [INFO]     Batch 123/199 (6 jobs)... done (+6)
[02:23:24] [INFO]     Batch 124/199 (6 jobs)... ERROR: Expected 6 results, got 5
[02:23:24] [INFO]     Batch 125/199 (6 jobs)... done (+6)
[02:23:24] [INFO]     Batch 126/199 (6 jobs)... done (+6)
[02:23:24] [INFO]     Batch 127/199 (6 jobs)... done (+6)
[02:23:24] [INFO]     Batch 128/199 (6 jobs)... done (+6)
[02:23:24] [INFO]     Batch 129/199 (6 jobs)... done (+6)
[02:23:24] [INFO]     Batch 130/199 (6 jobs)... done (+6)
[02:23:24] [INFO]     Batch 131/199 (6 jobs)... done (+6)
[02:23:24] [INFO]     Batch 132/199 (6 jobs)... done (+6)
[02:23:24] [INFO]     Batch 133/199 (6 jobs)... done (+6)
[02:23:24] [INFO]     Batch 134/199 (6 jobs)... done (+6)
[02:23:24] [INFO]     Batch 135/199 (6 jobs)... done (+6)
[02:23:24] [INFO]     Batch 136/199 (6 jobs)... ERROR: Expected 6 results, got 1
[02:23:24] [INFO]     Batch 137/199 (6 jobs)... done (+6)
[02:23:24] [INFO]     Batch 138/199 (6 jobs)... ERROR: Expected 6 results, got 1
[02:23:24] [INFO]     Batch 139/199 (6 jobs)... done (+6)
[02:23:24] [INFO]     Batch 140/199 (6 jobs)... done (+6)
[02:23:24] [INFO]     Batch 141/199 (6 jobs)... done (+6)
[02:23:24] [INFO]     Batch 142/199 (6 jobs)... ERROR: Expected 6 results, got 1
[02:23:24] [INFO]     Batch 143/199 (6 jobs)... done (+6)
[02:23:24] [INFO]     Batch 144/199 (6 jobs)... done (+6)
[02:23:24] [INFO]     Batch 145/199 (6 jobs)... done (+6)
[02:23:24] [INFO]     Batch 146/199 (6 jobs)... done (+6)
[02:23:24] [INFO]     Batch 147/199 (6 jobs)... done (+6)
[02:23:24] [INFO]     Batch 148/199 (6 jobs)... done (+6)
[02:23:24] [INFO]     Batch 149/199 (6 jobs)... ERROR: Expected 6 results, got 5
[02:23:24] [INFO]     Batch 150/199 (6 jobs)... ERROR: Expected 6 results, got 1
[02:23:24] [INFO]     Batch 151/199 (6 jobs)... done (+6)
[02:23:24] [INFO]     Batch 152/199 (6 jobs)... done (+6)
[02:23:24] [INFO]     Batch 153/199 (6 jobs)... done (+6)
[02:23:24] [INFO]     Batch 154/199 (6 jobs)... done (+6)
[02:23:24] [INFO]     Batch 155/199 (6 jobs)... done (+6)
[02:23:24] [INFO]     Batch 156/199 (6 jobs)... done (+6)
[02:23:24] [INFO]     Batch 157/199 (6 jobs)... done (+6)
[02:23:24] [INFO]     Batch 158/199 (6 jobs)... done (+6)
[02:23:24] [INFO]     Batch 159/199 (6 jobs)... done (+6)
[02:23:24] [INFO]     Batch 160/199 (6 jobs)... done (+6)
[02:23:24] [INFO]     Batch 161/199 (6 jobs)... done (+6)
[02:23:24] [INFO]     Batch 162/199 (6 jobs)... done (+6)
[02:23:24] [INFO]     Batch 163/199 (6 jobs)... done (+6)
[02:23:24] [INFO]     Batch 164/199 (6 jobs)... done (+6)
[02:23:24] [INFO]     Batch 165/199 (6 jobs)... done (+6)
[02:23:24] [INFO]     Batch 166/199 (6 jobs)... ERROR: Expected 6 results, got 5
[02:23:24] [INFO]     Batch 167/199 (6 jobs)... done (+6)
[02:23:24] [INFO]     Batch 168/199 (6 jobs)... done (+6)
[02:23:24] [INFO]     Batch 169/199 (6 jobs)... done (+6)
[02:23:24] [INFO]     Batch 170/199 (6 jobs)... done (+6)
[02:23:24] [INFO]     Batch 171/199 (6 jobs)... done (+6)
[02:23:24] [INFO]     Batch 172/199 (6 jobs)... done (+6)
[02:23:24] [INFO]     Batch 173/199 (6 jobs)... done (+6)
[02:23:24] [INFO]     Batch 174/199 (6 jobs)... done (+6)
[02:23:24] [INFO]     Batch 175/199 (6 jobs)... done (+6)
[02:23:24] [INFO]     Batch 176/199 (6 jobs)... ERROR: Expected 6 results, got 5
[02:23:24] [INFO]     Batch 177/199 (6 jobs)... done (+6)
[02:23:24] [INFO]     Batch 178/199 (6 jobs)... done (+6)
[02:23:24] [INFO]     Batch 179/199 (6 jobs)... done (+6)
[02:23:24] [INFO]     Batch 180/199 (6 jobs)... done (+6)
[02:23:24] [INFO]     Batch 181/199 (6 jobs)... done (+6)
[02:23:24] [INFO]     Batch 182/199 (6 jobs)... done (+6)
[02:23:24] [INFO]     Batch 183/199 (6 jobs)... done (+1)
[02:23:24] [INFO]     Batch 184/199 (6 jobs)... ERROR: Expected ',' or '}' after property value in JSON at position 443 (line 1 column 444)
[02:23:24] [INFO]     Batch 185/199 (6 jobs)... done (+6)
[02:23:24] [INFO]     Batch 186/199 (6 jobs)... ERROR: Expected 6 results, got 3
[02:23:24] [INFO]     Batch 187/199 (6 jobs)... ERROR: Expected 6 results, got 5
[02:23:24] [INFO]     Batch 188/199 (6 jobs)... done (+6)
[02:23:24] [INFO]     Batch 189/199 (6 jobs)... done (+6)
[02:23:24] [INFO]     Batch 190/199 (6 jobs)... done (+6)
[02:23:24] [INFO]     Batch 191/199 (6 jobs)... ERROR: Expected 6 results, got 1
[02:23:24] [INFO]     Batch 192/199 (6 jobs)... done (+6)
[02:23:24] [INFO]     Batch 193/199 (6 jobs)... done (+6)
[02:23:24] [INFO]     Batch 194/199 (6 jobs)... done (+6)
[02:23:24] [INFO]     Batch 195/199 (6 jobs)... done (+6)
[02:23:24] [INFO]     Batch 196/199 (6 jobs)... done (+6)
[02:23:24] [INFO]     Batch 197/199 (6 jobs)... ERROR: Expected ',' or '}' after property value in JSON at position 459 (line 1 column 460)
[02:23:24] [INFO]     Batch 198/199 (6 jobs)... done (+6)
[02:23:24] [INFO]     Batch 199/199 (3 jobs)... done (+3)
[02:23:24] [INFO]   
[02:23:24] [INFO]     Enriched this run : 978
[02:23:24] [INFO]     Total enriched    : 6,344 / 6,557
[02:23:24] [INFO]     Batch errors      : 32
[02:23:24] [INFO]     Report saved      : generated/enrichment-report.json
[02:23:24] [INFO]   
[02:23:24] [OK] Enrich succeeded.
[02:23:24] [INFO] 
[02:23:24] [INFO] --------------------------------------------------
[02:23:24] [INFO]   Step 4/8 - Backfill descriptions + posting dates (datePosted)
[02:23:24] [INFO] --------------------------------------------------
[02:23:24] [INFO] Running: C:\Program Files\nodejs\npm.cmd run agent:descriptions -- --max 2000 --concurrency 8
[02:36:04] [INFO]   
[02:36:04] [INFO]   > faculty-jobs@1.0.0 agent:descriptions
[02:36:04] [INFO]   > node scripts/agent-job-descriptions.js --max 2000 --concurrency 8
[02:36:04] [INFO]   
[02:36:04] [INFO]   
[02:36:04] [INFO]     Total jobs        : 6,557
[02:36:04] [INFO]     With description  : 662
[02:36:04] [INFO]     Missing (unfetched): 5,895
[02:36:04] [INFO]     To process now    : 2,000 (max 2000)
[02:36:04] [INFO]     Concurrency       : 8
[02:36:04] [INFO]     ...attempted 25/2000 (filled 22)
[02:36:04] [INFO]     ...attempted 50/2000 (filled 43)
[02:36:04] [INFO]     ...attempted 75/2000 (filled 65)
[02:36:04] [INFO]     ...attempted 100/2000 (filled 90)
[02:36:04] [INFO]     ...attempted 125/2000 (filled 115)
[02:36:04] [INFO]     ...attempted 150/2000 (filled 139)
[02:36:04] [INFO]     ...attempted 175/2000 (filled 159)
[02:36:04] [INFO]     ...attempted 200/2000 (filled 183)
[02:36:04] [INFO]     ...attempted 225/2000 (filled 208)
[02:36:04] [INFO]     ...attempted 250/2000 (filled 230)
[02:36:04] [INFO]     ...attempted 275/2000 (filled 253)
[02:36:04] [INFO]     ...attempted 300/2000 (filled 274)
[02:36:04] [INFO]     ...attempted 325/2000 (filled 299)
[02:36:04] [INFO]     ...attempted 350/2000 (filled 322)
[02:36:04] [INFO]     ...attempted 375/2000 (filled 343)
[02:36:04] [INFO]     ...attempted 400/2000 (filled 367)
[02:36:04] [INFO]     ...attempted 425/2000 (filled 378)
[02:36:04] [INFO]     ...attempted 450/2000 (filled 395)
[02:36:04] [INFO]     ...attempted 475/2000 (filled 414)
[02:36:04] [INFO]     ...attempted 500/2000 (filled 431)
[02:36:04] [INFO]     ...attempted 525/2000 (filled 452)
[02:36:04] [INFO]     ...attempted 550/2000 (filled 477)
[02:36:04] [INFO]     ...attempted 575/2000 (filled 495)
[02:36:04] [INFO]     ...attempted 600/2000 (filled 516)
[02:36:04] [INFO]     ...attempted 625/2000 (filled 534)
[02:36:04] [INFO]     ...attempted 650/2000 (filled 556)
[02:36:04] [INFO]     ...attempted 675/2000 (filled 580)
[02:36:04] [INFO]     ...attempted 700/2000 (filled 603)
[02:36:04] [INFO]     ...attempted 725/2000 (filled 626)
[02:36:04] [INFO]     ...attempted 750/2000 (filled 646)
[02:36:04] [INFO]     ...attempted 775/2000 (filled 670)
[02:36:04] [INFO]     ...attempted 800/2000 (filled 694)
[02:36:04] [INFO]     ...attempted 825/2000 (filled 717)
[02:36:04] [INFO]     ...attempted 850/2000 (filled 737)
[02:36:04] [INFO]     ...attempted 875/2000 (filled 760)
[02:36:04] [INFO]     ...attempted 900/2000 (filled 781)
[02:36:04] [INFO]     ...attempted 925/2000 (filled 800)
[02:36:04] [INFO]     ...attempted 950/2000 (filled 822)
[02:36:04] [INFO]     ...attempted 975/2000 (filled 844)
[02:36:04] [INFO]     ...attempted 1000/2000 (filled 869)
[02:36:04] [INFO]     ...attempted 1025/2000 (filled 893)
[02:36:04] [INFO]     ...attempted 1050/2000 (filled 918)
[02:36:04] [INFO]     ...attempted 1075/2000 (filled 942)
[02:36:04] [INFO]     ...attempted 1100/2000 (filled 961)
[02:36:04] [INFO]     ...attempted 1125/2000 (filled 981)
[02:36:04] [INFO]     ...attempted 1150/2000 (filled 1003)
[02:36:04] [INFO]     ...attempted 1175/2000 (filled 1025)
[02:36:04] [INFO]     ...attempted 1200/2000 (filled 1047)
[02:36:04] [INFO]     ...attempted 1225/2000 (filled 1072)
[02:36:04] [INFO]     ...attempted 1250/2000 (filled 1095)
[02:36:04] [INFO]     ...attempted 1275/2000 (filled 1120)
[02:36:04] [INFO]     ...attempted 1300/2000 (filled 1144)
[02:36:04] [INFO]     ...attempted 1325/2000 (filled 1169)
[02:36:04] [INFO]     ...attempted 1350/2000 (filled 1194)
[02:36:04] [INFO]     ...attempted 1375/2000 (filled 1210)
[02:36:04] [INFO]     ...attempted 1400/2000 (filled 1229)
[02:36:04] [INFO]     ...attempted 1425/2000 (filled 1254)
[02:36:04] [INFO]     ...attempted 1450/2000 (filled 1279)
[02:36:04] [INFO]     ...attempted 1475/2000 (filled 1303)
[02:36:04] [INFO]     ...attempted 1500/2000 (filled 1326)
[02:36:04] [INFO]     ...attempted 1525/2000 (filled 1349)
[02:36:04] [INFO]     ...attempted 1550/2000 (filled 1372)
[02:36:04] [INFO]     ...attempted 1575/2000 (filled 1396)
[02:36:04] [INFO]     ...attempted 1600/2000 (filled 1420)
[02:36:04] [INFO]     ...attempted 1625/2000 (filled 1445)
[02:36:04] [INFO]     ...attempted 1650/2000 (filled 1470)
[02:36:04] [INFO]     ...attempted 1675/2000 (filled 1493)
[02:36:04] [INFO]     ...attempted 1700/2000 (filled 1518)
[02:36:04] [INFO]     ...attempted 1725/2000 (filled 1543)
[02:36:04] [INFO]     ...attempted 1750/2000 (filled 1567)
[02:36:04] [INFO]     ...attempted 1775/2000 (filled 1590)
[02:36:04] [INFO]     ...attempted 1800/2000 (filled 1614)
[02:36:04] [INFO]     ...attempted 1825/2000 (filled 1639)
[02:36:04] [INFO]     ...attempted 1850/2000 (filled 1661)
[02:36:04] [INFO]     ...attempted 1875/2000 (filled 1686)
[02:36:04] [INFO]     ...attempted 1900/2000 (filled 1710)
[02:36:04] [INFO]     ...attempted 1925/2000 (filled 1732)
[02:36:04] [INFO]     ...attempted 1950/2000 (filled 1753)
[02:36:04] [INFO]     ...attempted 1975/2000 (filled 1776)
[02:36:04] [INFO]     ...attempted 2000/2000 (filled 1799)
[02:36:04] [INFO]   
[02:36:04] [INFO]     Attempted this run : 2000
[02:36:04] [INFO]     Filled this run    : 1799 (90%)
[02:36:04] [INFO]     datePosted found   : 79 (4%)  [35 via labeled Open Date]
[02:36:04] [INFO]     deadlines found    : 32 (2%)  [+360 rolling/until-filled]
[02:36:04] [INFO]     start dates found  : 16 (1%)
[02:36:04] [INFO]     Total w/ description: 2,461 / 6,557
[02:36:04] [INFO]     Remaining unfetched: 3,895
[02:36:04] [INFO]     Report saved       : generated/job-descriptions-report.json
[02:36:04] [INFO]   
[02:36:04] [OK] Descriptions succeeded.
[02:36:04] [INFO] 
[02:36:04] [INFO] --------------------------------------------------
[02:36:04] [INFO]   Step 5/8 - Build frontend
[02:36:04] [INFO] --------------------------------------------------
[02:36:04] [INFO] Running: C:\Program Files\nodejs\npm.cmd run build:frontend
[02:36:13] [INFO]   
[02:36:13] [INFO]   > faculty-jobs@1.0.0 build:frontend
[02:36:13] [INFO]   > npm run build:coverage && npm run sync:policy-exclusions && npm run sync:web-data && cd web-vue && npm run build && cd .. && node scripts/copy-dist.js && node scripts/generate-sitemap.js && node scripts/inject-og-meta.js
[02:36:13] [INFO]   
[02:36:13] [INFO]   
[02:36:13] [INFO]   > faculty-jobs@1.0.0 build:coverage
[02:36:13] [INFO]   > npm run build:institutions && npm run build:policy-exclusions && npm run sync:policy-exclusions && npm run build:coverage-report
[02:36:13] [INFO]   
[02:36:13] [INFO]   
[02:36:13] [INFO]   > faculty-jobs@1.0.0 build:institutions
[02:36:13] [INFO]   > node scripts/build-institutions-master.js
[02:36:13] [INFO]   
[02:36:13] [INFO]   Enriched 1296/1546 institutions from IPEDS (hd2024.csv)
[02:36:13] [INFO]   Wrote data\institutions-master.json (1546 institutions)
[02:36:13] [INFO]   
[02:36:13] [INFO]   > faculty-jobs@1.0.0 build:policy-exclusions
[02:36:13] [INFO]   > node scripts/generate-policy-exclusions.js
[02:36:13] [INFO]   
[02:36:13] [INFO]   Wrote generated\policy-excluded-colleges.json (12 excluded institutions)
[02:36:13] [INFO]   
[02:36:13] [INFO]   > faculty-jobs@1.0.0 sync:policy-exclusions
[02:36:13] [INFO]   > node scripts/sync-policy-exclusions-web.js
[02:36:13] [INFO]   
[02:36:13] [INFO]   Synced generated\policy-excluded-colleges.json -> web-vue\public\policy-excluded-colleges.json
[02:36:13] [INFO]   Synced generated\policy-excluded-colleges.json -> public\policy-excluded-colleges.json
[02:36:13] [INFO]   Synced generated\policy-excluded-colleges.json -> docs\policy-excluded-colleges.json
[02:36:13] [INFO]   
[02:36:13] [INFO]   > faculty-jobs@1.0.0 build:coverage-report
[02:36:13] [INFO]   > node scripts/generate-coverage-report.js
[02:36:13] [INFO]   
[02:36:13] [INFO]   Wrote generated\coverage-report.json (eligible universe: 1546)
[02:36:13] [INFO]   
[02:36:13] [INFO]   > faculty-jobs@1.0.0 sync:policy-exclusions
[02:36:13] [INFO]   > node scripts/sync-policy-exclusions-web.js
[02:36:13] [INFO]   
[02:36:13] [INFO]   Synced generated\policy-excluded-colleges.json -> web-vue\public\policy-excluded-colleges.json
[02:36:13] [INFO]   Synced generated\policy-excluded-colleges.json -> public\policy-excluded-colleges.json
[02:36:13] [INFO]   Synced generated\policy-excluded-colleges.json -> docs\policy-excluded-colleges.json
[02:36:13] [INFO]   
[02:36:13] [INFO]   > faculty-jobs@1.0.0 sync:web-data
[02:36:13] [INFO]   > node scripts/sync-web-data-files.js
[02:36:13] [INFO]   
[02:36:13] [INFO]   Synced public/jobs.json -> web-vue/public/jobs.json
[02:36:13] [INFO]   Synced public/college-coords.json -> web-vue/public/college-coords.json
[02:36:13] [INFO]   Built web chunk manifest: web-vue/public/data/jobs-manifest.json
[02:36:13] [INFO]   
[02:36:13] [INFO]   > web-vue@0.0.0 build
[02:36:13] [INFO]   > vite build
[02:36:13] [INFO]   
[02:36:13] [INFO]   [36mvite v8.0.0-beta.15 [32mbuilding client environment for production...[36m[39m
[02:36:13] [INFO]   [2K
[02:36:13] [INFO]   transforming...✓ 31 modules transformed.
[02:36:13] [INFO]   rendering chunks...
[02:36:13] [INFO]   computing gzip size...
[02:36:13] [INFO]   dist/index.html                   1.22 kB │ gzip:   0.65 kB
[02:36:13] [INFO]   dist/assets/index-CLmLc0im.css   33.18 kB │ gzip:  10.54 kB
[02:36:13] [INFO]   dist/assets/index-VT9PUtuI.js   319.64 kB │ gzip: 100.51 kB
[02:36:13] [INFO]   
[02:36:13] [INFO]   [32m✓ built in 536ms[39m
[02:36:13] [INFO]   Copied web-vue/dist → public/ and docs/
[02:36:13] [INFO]   Sitemap written — lastmod: 2026-06-10, 3 URLs
[02:36:13] [INFO]     docs/sitemap.xml  public/sitemap.xml
[02:36:13] [INFO]     docs/robots.txt   public/robots.txt
[02:36:13] [INFO]   inject-og-meta: patched 2 files — 6557 jobs, 448 colleges, 56 sources
[02:36:13] [OK] Build succeeded.
[02:36:13] [INFO] 
[02:36:13] [INFO] --------------------------------------------------
[02:36:13] [INFO]   Step 6/8 - Commit and push
[02:36:13] [INFO] --------------------------------------------------
[02:36:13] [INFO] Running: C:\Program Files\Git\cmd\git.exe add docs/ public/ data/institutions-master.json generated/coverage-report.json generated/policy-excluded-colleges.json web-vue/public/policy-excluded-colleges.json
[02:36:15] [INFO]   [stderr] warning: in the working copy of 'data/institutions-master.json', LF will be replaced by CRLF the next time Git touches it
[02:36:15] [INFO]   [stderr] warning: in the working copy of 'docs/data/chunks/ak.json', LF will be replaced by CRLF the next time Git touches it
[02:36:15] [INFO]   [stderr] warning: in the working copy of 'docs/data/chunks/al.json', LF will be replaced by CRLF the next time Git touches it
[02:36:15] [INFO]   [stderr] warning: in the working copy of 'docs/data/chunks/ar.json', LF will be replaced by CRLF the next time Git touches it
[02:36:15] [INFO]   [stderr] warning: in the working copy of 'docs/data/chunks/az.json', LF will be replaced by CRLF the next time Git touches it
[02:36:15] [INFO]   [stderr] warning: in the working copy of 'docs/data/chunks/ca-private.json', LF will be replaced by CRLF the next time Git touches it
[02:36:15] [INFO]   [stderr] warning: in the working copy of 'docs/data/chunks/claremont-colleges.json', LF will be replaced by CRLF the next time Git touches it
[02:36:15] [INFO]   [stderr] warning: in the working copy of 'docs/data/chunks/claremont.json', LF will be replaced by CRLF the next time Git touches it
[02:36:15] [INFO]   [stderr] warning: in the working copy of 'docs/data/chunks/co.json', LF will be replaced by CRLF the next time Git touches it
[02:36:15] [INFO]   [stderr] warning: in the working copy of 'docs/data/chunks/csu.json', LF will be replaced by CRLF the next time Git touches it
[02:36:15] [INFO]   [stderr] warning: in the working copy of 'docs/data/chunks/ct-state.json', LF will be replaced by CRLF the next time Git touches it
[02:36:15] [INFO]   [stderr] warning: in the working copy of 'docs/data/chunks/ct.json', LF will be replaced by CRLF the next time Git touches it
[02:36:15] [INFO]   [stderr] warning: in the working copy of 'docs/data/chunks/de.json', LF will be replaced by CRLF the next time Git touches it
[02:36:16] [INFO]   [stderr] warning: in the working copy of 'docs/data/chunks/fl.json', LF will be replaced by CRLF the next time Git touches it
[02:36:16] [INFO]   [stderr] warning: in the working copy of 'docs/data/chunks/ga.json', LF will be replaced by CRLF the next time Git touches it
[02:36:16] [INFO]   [stderr] warning: in the working copy of 'docs/data/chunks/hi.json', LF will be replaced by CRLF the next time Git touches it
[02:36:16] [INFO]   [stderr] warning: in the working copy of 'docs/data/chunks/ia.json', LF will be replaced by CRLF the next time Git touches it
[02:36:16] [INFO]   [stderr] warning: in the working copy of 'docs/data/chunks/id.json', LF will be replaced by CRLF the next time Git touches it
[02:36:16] [INFO]   [stderr] warning: in the working copy of 'docs/data/chunks/il.json', LF will be replaced by CRLF the next time Git touches it
[02:36:16] [INFO]   [stderr] warning: in the working copy of 'docs/data/chunks/in.json', LF will be replaced by CRLF the next time Git touches it
[02:36:16] [INFO]   [stderr] warning: in the working copy of 'docs/data/chunks/ks.json', LF will be replaced by CRLF the next time Git touches it
[02:36:16] [INFO]   [stderr] warning: in the working copy of 'docs/data/chunks/ky.json', LF will be replaced by CRLF the next time Git touches it
[02:36:16] [INFO]   [stderr] warning: in the working copy of 'docs/data/chunks/la.json', LF will be replaced by CRLF the next time Git touches it
[02:36:16] [INFO]   [stderr] warning: in the working copy of 'docs/data/chunks/ma.json', LF will be replaced by CRLF the next time Git touches it
[02:36:16] [INFO]   [stderr] warning: in the working copy of 'docs/data/chunks/md.json', LF will be replaced by CRLF the next time Git touches it
[02:36:16] [INFO]   [stderr] warning: in the working copy of 'docs/data/chunks/me.json', LF will be replaced by CRLF the next time Git touches it
[02:36:16] [INFO]   [stderr] warning: in the working copy of 'docs/data/chunks/mi.json', LF will be replaced by CRLF the next time Git touches it
[02:36:16] [INFO]   [stderr] warning: in the working copy of 'docs/data/chunks/mn.json', LF will be replaced by CRLF the next time Git touches it
[02:36:16] [INFO]   [stderr] warning: in the working copy of 'docs/data/chunks/mo.json', LF will be replaced by CRLF the next time Git touches it
[02:36:16] [INFO]   [stderr] warning: in the working copy of 'docs/data/chunks/ms.json', LF will be replaced by CRLF the next time Git touches it
[02:36:16] [INFO]   [stderr] warning: in the working copy of 'docs/data/chunks/mt.json', LF will be replaced by CRLF the next time Git touches it
[02:36:16] [INFO]   [stderr] warning: in the working copy of 'docs/data/chunks/nc.json', LF will be replaced by CRLF the next time Git touches it
[02:36:16] [INFO]   [stderr] warning: in the working copy of 'docs/data/chunks/nd.json', LF will be replaced by CRLF the next time Git touches it
[02:36:16] [INFO]   [stderr] warning: in the working copy of 'docs/data/chunks/ne.json', LF will be replaced by CRLF the next time Git touches it
[02:36:16] [INFO]   [stderr] warning: in the working copy of 'docs/data/chunks/nh.json', LF will be replaced by CRLF the next time Git touches it
[02:36:16] [INFO]   [stderr] warning: in the working copy of 'docs/data/chunks/nj.json', LF will be replaced by CRLF the next time Git touches it
[02:36:16] [INFO]   [stderr] warning: in the working copy of 'docs/data/chunks/nm.json', LF will be replaced by CRLF the next time Git touches it
[02:36:16] [INFO]   [stderr] warning: in the working copy of 'docs/data/chunks/nv.json', LF will be replaced by CRLF the next time Git touches it
[02:36:16] [INFO]   [stderr] warning: in the working copy of 'docs/data/chunks/ny.json', LF will be replaced by CRLF the next time Git touches it
[02:36:16] [INFO]   [stderr] warning: in the working copy of 'docs/data/chunks/oh.json', LF will be replaced by CRLF the next time Git touches it
[02:36:16] [INFO]   [stderr] warning: in the working copy of 'docs/data/chunks/ok.json', LF will be replaced by CRLF the next time Git touches it
[02:36:16] [INFO]   [stderr] warning: in the working copy of 'docs/data/chunks/or.json', LF will be replaced by CRLF the next time Git touches it
[02:36:16] [INFO]   [stderr] warning: in the working copy of 'docs/data/chunks/pa.json', LF will be replaced by CRLF the next time Git touches it
[02:36:16] [INFO]   [stderr] warning: in the working copy of 'docs/data/chunks/ri.json', LF will be replaced by CRLF the next time Git touches it
[02:36:16] [INFO]   [stderr] warning: in the working copy of 'docs/data/chunks/sc.json', LF will be replaced by CRLF the next time Git touches it
[02:36:16] [INFO]   [stderr] warning: in the working copy of 'docs/data/chunks/sd.json', LF will be replaced by CRLF the next time Git touches it
[02:36:16] [INFO]   [stderr] warning: in the working copy of 'docs/data/chunks/tn.json', LF will be replaced by CRLF the next time Git touches it
[02:36:16] [INFO]   [stderr] warning: in the working copy of 'docs/data/chunks/tx.json', LF will be replaced by CRLF the next time Git touches it
[02:36:16] [INFO]   [stderr] warning: in the working copy of 'docs/data/chunks/uc.json', LF will be replaced by CRLF the next time Git touches it
[02:36:16] [INFO]   [stderr] warning: in the working copy of 'docs/data/chunks/umass.json', LF will be replaced by CRLF the next time Git touches it
[02:36:16] [INFO]   [stderr] warning: in the working copy of 'docs/data/chunks/ut.json', LF will be replaced by CRLF the next time Git touches it
[02:36:16] [INFO]   [stderr] warning: in the working copy of 'docs/data/chunks/va.json', LF will be replaced by CRLF the next time Git touches it
[02:36:16] [INFO]   [stderr] warning: in the working copy of 'docs/data/chunks/vt.json', LF will be replaced by CRLF the next time Git touches it
[02:36:16] [INFO]   [stderr] warning: in the working copy of 'docs/data/chunks/wa.json', LF will be replaced by CRLF the next time Git touches it
[02:36:16] [INFO]   [stderr] warning: in the working copy of 'docs/data/chunks/wi.json', LF will be replaced by CRLF the next time Git touches it
[02:36:16] [INFO]   [stderr] warning: in the working copy of 'docs/data/chunks/wv.json', LF will be replaced by CRLF the next time Git touches it
[02:36:16] [INFO]   [stderr] warning: in the working copy of 'docs/data/chunks/wy.json', LF will be replaced by CRLF the next time Git touches it
[02:36:16] [INFO]   [stderr] warning: in the working copy of 'docs/data/jobs-manifest.json', LF will be replaced by CRLF the next time Git touches it
[02:36:16] [INFO]   [stderr] warning: in the working copy of 'docs/data/site-stats.json', LF will be replaced by CRLF the next time Git touches it
[02:36:16] [INFO]   [stderr] warning: in the working copy of 'docs/jobs.json', LF will be replaced by CRLF the next time Git touches it
[02:36:16] [INFO]   [stderr] warning: in the working copy of 'docs/policy-excluded-colleges.json', LF will be replaced by CRLF the next time Git touches it
[02:36:16] [INFO]   [stderr] warning: in the working copy of 'docs/robots.txt', LF will be replaced by CRLF the next time Git touches it
[02:36:16] [INFO]   [stderr] warning: in the working copy of 'docs/sitemap.xml', LF will be replaced by CRLF the next time Git touches it
[02:36:16] [INFO]   [stderr] warning: in the working copy of 'generated/coverage-report.json', LF will be replaced by CRLF the next time Git touches it
[02:36:16] [INFO]   [stderr] warning: in the working copy of 'generated/policy-excluded-colleges.json', LF will be replaced by CRLF the next time Git touches it
[02:36:16] [INFO]   [stderr] warning: in the working copy of 'public/data/chunks/ak.json', LF will be replaced by CRLF the next time Git touches it
[02:36:16] [INFO]   [stderr] warning: in the working copy of 'public/data/chunks/al.json', LF will be replaced by CRLF the next time Git touches it
[02:36:16] [INFO]   [stderr] warning: in the working copy of 'public/data/chunks/ar.json', LF will be replaced by CRLF the next time Git touches it
[02:36:16] [INFO]   [stderr] warning: in the working copy of 'public/data/chunks/az.json', LF will be replaced by CRLF the next time Git touches it
[02:36:16] [INFO]   [stderr] warning: in the working copy of 'public/data/chunks/ca-private.json', LF will be replaced by CRLF the next time Git touches it
[02:36:16] [INFO]   [stderr] warning: in the working copy of 'public/data/chunks/claremont-colleges.json', LF will be replaced by CRLF the next time Git touches it
[02:36:16] [INFO]   [stderr] warning: in the working copy of 'public/data/chunks/claremont.json', LF will be replaced by CRLF the next time Git touches it
[02:36:16] [INFO]   [stderr] warning: in the working copy of 'public/data/chunks/co.json', LF will be replaced by CRLF the next time Git touches it
[02:36:16] [INFO]   [stderr] warning: in the working copy of 'public/data/chunks/csu.json', LF will be replaced by CRLF the next time Git touches it
[02:36:16] [INFO]   [stderr] warning: in the working copy of 'public/data/chunks/ct-state.json', LF will be replaced by CRLF the next time Git touches it
[02:36:16] [INFO]   [stderr] warning: in the working copy of 'public/data/chunks/ct.json', LF will be replaced by CRLF the next time Git touches it
[02:36:16] [INFO]   [stderr] warning: in the working copy of 'public/data/chunks/de.json', LF will be replaced by CRLF the next time Git touches it
[02:36:16] [INFO]   [stderr] warning: in the working copy of 'public/data/chunks/fl.json', LF will be replaced by CRLF the next time Git touches it
[02:36:16] [INFO]   [stderr] warning: in the working copy of 'public/data/chunks/ga.json', LF will be replaced by CRLF the next time Git touches it
[02:36:16] [INFO]   [stderr] warning: in the working copy of 'public/data/chunks/hi.json', LF will be replaced by CRLF the next time Git touches it
[02:36:16] [INFO]   [stderr] warning: in the working copy of 'public/data/chunks/ia.json', LF will be replaced by CRLF the next time Git touches it
[02:36:16] [INFO]   [stderr] warning: in the working copy of 'public/data/chunks/id.json', LF will be replaced by CRLF the next time Git touches it
[02:36:16] [INFO]   [stderr] warning: in the working copy of 'public/data/chunks/il.json', LF will be replaced by CRLF the next time Git touches it
[02:36:16] [INFO]   [stderr] warning: in the working copy of 'public/data/chunks/in.json', LF will be replaced by CRLF the next time Git touches it
[02:36:16] [INFO]   [stderr] warning: in the working copy of 'public/data/chunks/ks.json', LF will be replaced by CRLF the next time Git touches it
[02:36:16] [INFO]   [stderr] warning: in the working copy of 'public/data/chunks/ky.json', LF will be replaced by CRLF the next time Git touches it
[02:36:16] [INFO]   [stderr] warning: in the working copy of 'public/data/chunks/la.json', LF will be replaced by CRLF the next time Git touches it
[02:36:16] [INFO]   [stderr] warning: in the working copy of 'public/data/chunks/ma.json', LF will be replaced by CRLF the next time Git touches it
[02:36:16] [INFO]   [stderr] warning: in the working copy of 'public/data/chunks/md.json', LF will be replaced by CRLF the next time Git touches it
[02:36:16] [INFO]   [stderr] warning: in the working copy of 'public/data/chunks/me.json', LF will be replaced by CRLF the next time Git touches it
[02:36:16] [INFO]   [stderr] warning: in the working copy of 'public/data/chunks/mi.json', LF will be replaced by CRLF the next time Git touches it
[02:36:16] [INFO]   [stderr] warning: in the working copy of 'public/data/chunks/mn.json', LF will be replaced by CRLF the next time Git touches it
[02:36:16] [INFO]   [stderr] warning: in the working copy of 'public/data/chunks/mo.json', LF will be replaced by CRLF the next time Git touches it
[02:36:16] [INFO]   [stderr] warning: in the working copy of 'public/data/chunks/ms.json', LF will be replaced by CRLF the next time Git touches it
[02:36:16] [INFO]   [stderr] warning: in the working copy of 'public/data/chunks/mt.json', LF will be replaced by CRLF the next time Git touches it
[02:36:16] [INFO]   [stderr] warning: in the working copy of 'public/data/chunks/nc.json', LF will be replaced by CRLF the next time Git touches it
[02:36:16] [INFO]   [stderr] warning: in the working copy of 'public/data/chunks/nd.json', LF will be replaced by CRLF the next time Git touches it
[02:36:16] [INFO]   [stderr] warning: in the working copy of 'public/data/chunks/ne.json', LF will be replaced by CRLF the next time Git touches it
[02:36:16] [INFO]   [stderr] warning: in the working copy of 'public/data/chunks/nh.json', LF will be replaced by CRLF the next time Git touches it
[02:36:16] [INFO]   [stderr] warning: in the working copy of 'public/data/chunks/nj.json', LF will be replaced by CRLF the next time Git touches it
[02:36:16] [INFO]   [stderr] warning: in the working copy of 'public/data/chunks/nm.json', LF will be replaced by CRLF the next time Git touches it
[02:36:16] [INFO]   [stderr] warning: in the working copy of 'public/data/chunks/nv.json', LF will be replaced by CRLF the next time Git touches it
[02:36:16] [INFO]   [stderr] warning: in the working copy of 'public/data/chunks/ny.json', LF will be replaced by CRLF the next time Git touches it
[02:36:16] [INFO]   [stderr] warning: in the working copy of 'public/data/chunks/oh.json', LF will be replaced by CRLF the next time Git touches it
[02:36:16] [INFO]   [stderr] warning: in the working copy of 'public/data/chunks/ok.json', LF will be replaced by CRLF the next time Git touches it
[02:36:16] [INFO]   [stderr] warning: in the working copy of 'public/data/chunks/or.json', LF will be replaced by CRLF the next time Git touches it
[02:36:16] [INFO]   [stderr] warning: in the working copy of 'public/data/chunks/pa.json', LF will be replaced by CRLF the next time Git touches it
[02:36:16] [INFO]   [stderr] warning: in the working copy of 'public/data/chunks/ri.json', LF will be replaced by CRLF the next time Git touches it
[02:36:16] [INFO]   [stderr] warning: in the working copy of 'public/data/chunks/sc.json', LF will be replaced by CRLF the next time Git touches it
[02:36:16] [INFO]   [stderr] warning: in the working copy of 'public/data/chunks/sd.json', LF will be replaced by CRLF the next time Git touches it
[02:36:16] [INFO]   [stderr] warning: in the working copy of 'public/data/chunks/tn.json', LF will be replaced by CRLF the next time Git touches it
[02:36:16] [INFO]   [stderr] warning: in the working copy of 'public/data/chunks/tx.json', LF will be replaced by CRLF the next time Git touches it
[02:36:16] [INFO]   [stderr] warning: in the working copy of 'public/data/chunks/uc.json', LF will be replaced by CRLF the next time Git touches it
[02:36:16] [INFO]   [stderr] warning: in the working copy of 'public/data/chunks/umass.json', LF will be replaced by CRLF the next time Git touches it
[02:36:16] [INFO]   [stderr] warning: in the working copy of 'public/data/chunks/ut.json', LF will be replaced by CRLF the next time Git touches it
[02:36:16] [INFO]   [stderr] warning: in the working copy of 'public/data/chunks/va.json', LF will be replaced by CRLF the next time Git touches it
[02:36:16] [INFO]   [stderr] warning: in the working copy of 'public/data/chunks/vt.json', LF will be replaced by CRLF the next time Git touches it
[02:36:16] [INFO]   [stderr] warning: in the working copy of 'public/data/chunks/wa.json', LF will be replaced by CRLF the next time Git touches it
[02:36:16] [INFO]   [stderr] warning: in the working copy of 'public/data/chunks/wi.json', LF will be replaced by CRLF the next time Git touches it
[02:36:16] [INFO]   [stderr] warning: in the working copy of 'public/data/chunks/wv.json', LF will be replaced by CRLF the next time Git touches it
[02:36:16] [INFO]   [stderr] warning: in the working copy of 'public/data/chunks/wy.json', LF will be replaced by CRLF the next time Git touches it
[02:36:16] [INFO]   [stderr] warning: in the working copy of 'public/data/jobs-manifest.json', LF will be replaced by CRLF the next time Git touches it
[02:36:16] [INFO]   [stderr] warning: in the working copy of 'public/data/site-stats.json', LF will be replaced by CRLF the next time Git touches it
[02:36:16] [INFO]   [stderr] warning: in the working copy of 'public/jobs.json', LF will be replaced by CRLF the next time Git touches it
[02:36:16] [INFO]   [stderr] warning: in the working copy of 'public/policy-excluded-colleges.json', LF will be replaced by CRLF the next time Git touches it
[02:36:16] [INFO]   [stderr] warning: in the working copy of 'public/robots.txt', LF will be replaced by CRLF the next time Git touches it
[02:36:16] [INFO]   [stderr] warning: in the working copy of 'public/sitemap.xml', LF will be replaced by CRLF the next time Git touches it
[02:36:16] [INFO]   [stderr] warning: in the working copy of 'web-vue/public/policy-excluded-colleges.json', LF will be replaced by CRLF the next time Git touches it
[02:36:16] [INFO]   [stderr] warning: in the working copy of 'docs/assets/index-CLmLc0im.css', LF will be replaced by CRLF the next time Git touches it
[02:36:16] [INFO]   [stderr] warning: in the working copy of 'public/assets/index-CLmLc0im.css', LF will be replaced by CRLF the next time Git touches it
[02:36:16] [OK] git add succeeded.
[02:36:16] [INFO] Running: C:\Program Files\Git\cmd\git.exe commit -F C:\Users\StevenAzeka\AppData\Local\Temp\tmpB5A5.tmp
[02:36:18] [INFO]   [main 5d37fdd] Daily scrape update 2026-06-10
[02:36:18] [INFO]    132 files changed, 73357 insertions(+), 95401 deletions(-)
[02:36:18] [INFO]    create mode 100644 docs/assets/index-CLmLc0im.css
[02:36:18] [INFO]    create mode 100644 docs/assets/index-VT9PUtuI.js
[02:36:18] [INFO]    create mode 100644 public/assets/index-CLmLc0im.css
[02:36:18] [INFO]    create mode 100644 public/assets/index-VT9PUtuI.js
[02:36:18] [OK] git commit succeeded.
[02:36:18] [INFO] Running: C:\Program Files\Git\cmd\git.exe push
[02:36:25] [INFO]   [stderr] To https://github.com/sazeka/Faculty-Jobs.git
[02:36:25] [INFO]   [stderr]    14da7cd..5d37fdd  main -> main
[02:36:25] [OK] git push succeeded.
[02:36:25] [INFO] 
[02:36:25] [INFO] --------------------------------------------------
[02:36:25] [INFO]   Step 7/8 - Validate job URLs
[02:36:25] [INFO] --------------------------------------------------
[02:36:25] [INFO] Running: C:\Program Files\nodejs\npm.cmd run verify:job-urls
[02:36:48] [INFO]   
[02:36:48] [INFO]   > faculty-jobs@1.0.0 verify:job-urls
[02:36:48] [INFO]   > node scripts/verify-job-urls.js
[02:36:48] [INFO]   
[02:36:48] [INFO]   
[02:36:48] [INFO]   Faculty Atlas - Job URL Validator
[02:36:48] [INFO]     Sample: 8/source | Concurrency: 6 | Recheck: every 7d | Timeout: 12000ms
[02:36:48] [INFO]   
[02:36:48] [INFO]   Loaded 6,557 jobs.
[02:36:48] [INFO]     331 URLs selected to check this run (6226 not sampled or already fresh in cache)
[02:36:48] [INFO]   
[02:36:48] [INFO]   
[02:36:48] [INFO]     Checked 10/331...
[02:36:48] [INFO]     Checked 20/331...
[02:36:48] [INFO]     Checked 30/331...
[02:36:48] [INFO]     Checked 40/331...
[02:36:48] [INFO]     Checked 50/331...
[02:36:48] [INFO]     Checked 60/331...
[02:36:48] [INFO]     Checked 70/331...
[02:36:48] [INFO]     Checked 80/331...
[02:36:48] [INFO]     Checked 90/331...
[02:36:48] [INFO]     Checked 100/331...
[02:36:48] [INFO]     Checked 110/331...
[02:36:48] [INFO]     Checked 120/331...
[02:36:48] [INFO]     Checked 130/331...
[02:36:48] [INFO]     Checked 140/331...
[02:36:48] [INFO]     Checked 150/331...
[02:36:48] [INFO]     Checked 160/331...
[02:36:48] [INFO]     Checked 170/331...
[02:36:48] [INFO]     Checked 180/331...
[02:36:48] [INFO]     Checked 190/331...
[02:36:48] [INFO]     Checked 200/331...
[02:36:48] [INFO]     Checked 210/331...
[02:36:48] [INFO]     Checked 220/331...
[02:36:48] [INFO]     Checked 230/331...
[02:36:48] [INFO]     Checked 240/331...
[02:36:48] [INFO]     Checked 250/331...
[02:36:48] [INFO]     Checked 260/331...
[02:36:48] [INFO]     Checked 270/331...
[02:36:48] [INFO]     Checked 280/331...
[02:36:48] [INFO]     Checked 290/331...
[02:36:48] [INFO]     Checked 300/331...
[02:36:48] [INFO]     Checked 310/331...
[02:36:48] [INFO]     Checked 320/331...
[02:36:48] [INFO]     Checked 330/331...
[02:36:48] [INFO]     Checked 331/331...
[02:36:48] [INFO]   
[02:36:48] [INFO]   -- Results (this run) --
[02:36:48] [INFO]     OK        : 323
[02:36:48] [INFO]     Dead      : 4  (404/410)
[02:36:48] [INFO]     Redirected: 0  (redirected to homepage)
[02:36:48] [INFO]     Blocked   : 4  (403/405 - assumed live)
[02:36:48] [INFO]     Timeout   : 0
[02:36:48] [INFO]     Other     : 0
[02:36:48] [INFO]   
[02:36:48] [INFO]   -- Overall (from cache) --
[02:36:48] [INFO]     URLs in cache  : 7,880 / 6,557 (120.2% coverage)
[02:36:48] [INFO]     Confirmed dead : 1
[02:36:48] [INFO]   
[02:36:48] [INFO]   -- Dead listings (most recent 1) --
[02:36:48] [INFO]     [dead] Freed-Hardeman University - Assistant Professor of Biology
[02:36:48] [INFO]       https://recruiting.paylocity.com/Recruiting/Jobs/Details/3627678
[02:36:48] [INFO]   
[02:36:48] [INFO]     Report  : generated\job-url-report.json
[02:36:48] [INFO]     Dead    : generated\job-url-dead.json
[02:36:48] [INFO]     Cache   : generated\job-url-cache.json
[02:36:48] [INFO]   
[02:36:49] [OK] Verify job URLs succeeded.
[02:36:49] [INFO] 
[02:36:49] [INFO] --------------------------------------------------
[02:36:49] [INFO]   Step 8/8 - Monitor live site
[02:36:49] [INFO] --------------------------------------------------
[02:36:49] [INFO] Waiting 30s for GitHub Pages to propagate...
[02:37:19] [INFO] Running: C:\Program Files\nodejs\npm.cmd run monitor:live
[02:37:21] [INFO]   
[02:37:21] [INFO]   > faculty-jobs@1.0.0 monitor:live
[02:37:21] [INFO]   > node scripts/monitor-live-site.js
[02:37:21] [INFO]   
[02:37:21] [INFO]   
[02:37:21] [INFO]   🔍 Faculty Atlas — Live Site Health Check
[02:37:21] [INFO]      Target: https://sazeka.github.io/Faculty-Jobs
[02:37:21] [INFO]      Freshness limit: warn >7d, fail >14d
[02:37:21] [INFO]      Min job count: 500
[02:37:21] [INFO]   
[02:37:21] [INFO]   ── Availability ─────────────────────────────
[02:37:21] [INFO]     ✅ [PASS] Site root reachable: HTTP 200
[02:37:21] [INFO]   
[02:37:21] [INFO]   ── Assets ───────────────────────────────────
[02:37:21] [INFO]     ❌ [FAIL] JS bundle loads: HTTP 404
[02:37:21] [INFO]     ❌ [FAIL] CSS bundle loads: HTTP 404
[02:37:21] [INFO]   
[02:37:21] [INFO]   ── Data ─────────────────────────────────────
[02:37:21] [INFO]     ✅ [PASS] Manifest loads: 56 chunks declared
[02:37:21] [INFO]     ✅ [PASS] Job count meets minimum: 6,557 jobs (min: 500)
[02:37:21] [INFO]     ✅ [PASS] Data freshness: 0.0 days old (scraped 6/10/2026)
[02:37:21] [INFO]   
[02:37:21] [INFO]   ── Chunk spot-check ─────────────────────────
[02:37:21] [INFO]     ✅ [PASS] Chunk nc: 268 jobs
[02:37:21] [INFO]     ✅ [PASS] Chunk ga: 96 jobs
[02:37:21] [INFO]     ✅ [PASS] Chunk va: 114 jobs
[02:37:21] [INFO]   
[02:37:21] [INFO]   ── Map data ─────────────────────────────────
[02:37:21] [INFO]     ✅ [PASS] College coordinates: 531 entries
[02:37:21] [INFO]   
[02:37:21] [INFO]   ─────────────────────────────────────────────
[02:37:21] [INFO]   ❌ Overall: FAIL  (8 passed, 0 warned, 2 failed) — 0.7s
[02:37:21] [INFO]      Report written to generated/live-site-health.json
[02:37:21] [INFO]   
[02:37:21] [ERROR] Monitor FAILED (exit code 1)
[02:37:21] [INFO] 
[02:37:21] [INFO] ================================================
[02:37:21] [INFO]   [SUCCESS] Daily update completed.
[02:37:21] [INFO]   Log: C:\Users\StevenAzeka\OneDrive\Documents\GitHub\Faculty-Jobs\generated\automation-logs\daily-update-2026-06-10_02-00-02.log
[02:37:21] [INFO] ================================================
[02:37:21] [INFO] 
