[13:11:08] [INFO] ================================================
[13:11:08] [INFO]   Faculty Atlas - Daily Update
[13:11:08] [INFO]   Friday, June 19 2026 13:11:08
[13:11:08] [INFO]   Project: C:\Users\StevenAzeka\OneDrive\Documents\GitHub\Faculty-Jobs
[13:11:08] [WARN]   *** DRY RUN - no commit or push ***
[13:11:08] [INFO] ================================================
[13:11:08] [INFO] 
[13:11:08] [INFO] --------------------------------------------------
[13:11:08] [INFO]   Step 1/5 - Scrape jobs
[13:11:08] [INFO] --------------------------------------------------
[13:11:08] [INFO] Running: C:\Program Files\nodejs\npm.cmd run scrape:json
[13:21:19] [INFO]   
[13:21:19] [INFO]   > faculty-jobs@1.0.0 scrape:json
[13:21:19] [INFO]   > node scripts/scrape-to-json.js
[13:21:19] [INFO]   
[13:21:19] [INFO]   🧾 Loaded policy exclusions: 12 institutions
[13:21:19] [INFO]   🏷️  Loaded private for-profit exclusions: 0 institutions
[13:21:19] [INFO]   ↪️  Arizona Christian University override URL applied
[13:21:19] [INFO]   Wesleyan University CT listings scraped: 4 (API)
[13:21:19] [INFO]   Trinity College CT listings scraped: 5
[13:21:19] [INFO]   University of Hartford CT listings scraped: 16
[13:21:19] [INFO]   Estrella Mountain Community College AZ listings scraped: 0
[13:21:19] [INFO]   Community Christian College AZ listings scraped: 0
[13:21:19] [INFO]   Arizona Western College AZ listings scraped: 0
[13:21:19] [INFO]   Fairfield University CT listings scraped: 3 (API)
[13:21:19] [INFO]   Prescott College AZ listings scraped: 0
[13:21:19] [INFO]   Arizona State University Digital Immersion AZ listings scraped: 0
[13:21:19] [INFO]   Arizona State University Campus Immersion AZ listings scraped: 0
[13:21:19] [INFO]   Arizona Board of Regents AZ listings scraped: 0
[13:21:19] [INFO]   UMass Dartmouth listing scraped: 2
[13:21:19] [INFO]   UMass Lowell listing scraped: 3
[13:21:19] [INFO]   ↪️  Cochise County Community College District: generic page hands off to schooljobs
[13:21:19] [INFO]   ASU facultypositions listings scraped: 20
[13:21:19] [INFO]   Ottawa University-Surprise AZ listings scraped: 0
[13:21:19] [INFO]   Embry-Riddle Aeronautical University-Prescott AZ listings scraped: 0
[13:21:19] [INFO]   Central Arizona College AZ listings scraped: 1
[13:21:19] [INFO]   Eastern Arizona College AZ listings scraped: 0
[13:21:19] [INFO]   Western Maricopa Education Center AZ listings scraped: 0
[13:21:19] [INFO]   Connecticut College CT listings scraped: 16
[13:21:19] [INFO]   ↪️  Coconino Community College: generic page hands off to schooljobs
[13:21:19] [INFO]   University of Connecticut CT listings scraped: 14
[13:21:19] [INFO]   Cochise County Community College District AZ listings scraped: 0
[13:21:19] [INFO]   Cochise County Community College District AZ listings scraped: 0
[13:21:19] [INFO]   Quinnipiac University CT listings scraped: 6
[13:21:19] [INFO]   UMass Boston listing scraped: 27
[13:21:19] [INFO]   Arizona Christian University AZ listings scraped: 0
[13:21:19] [INFO]   Dine College AZ listings scraped: 0
[13:21:19] [INFO]   Yale University CT listings scraped: 0
[13:21:19] [INFO]   Albertus Magnus College CT listings scraped: 0
[13:21:19] [INFO]   University of Arizona AZ listings scraped: 8
[13:21:19] [INFO]   Coconino Community College AZ listings scraped: 0
[13:21:19] [INFO]   Coconino Community College AZ listings scraped: 0
[13:21:19] [INFO]   Central Connecticut State University CT listings scraped: 0
[13:21:19] [INFO]   Brandeis University MA listings scraped: 0 (API)
[13:21:19] [INFO]   Charter Oak State College CT listings scraped: 0
[13:21:19] [INFO]   University of Bridgeport CT listings scraped: 3
[13:21:19] [INFO]   UMass Amherst page 1: 4 jobs
[13:21:19] [INFO]   UMass Amherst total scraped: 4
[13:21:19] [INFO]   Amherst College MA listings scraped: 2 (API)
[13:21:19] [INFO]   Mount Holyoke College MA: API failed, falling back to browser
[13:21:19] [INFO]   Connecticut State Community College CT listings scraped: 0
[13:21:19] [INFO]   Eastern Connecticut State University CT listings scraped: 0
[13:21:19] [INFO]   Tufts University MA listings scraped: 4 (Jibe API)
[13:21:19] [INFO]   Massachusetts Institute of Technology MA listings scraped: 0 (PeopleClick)
[13:21:19] [INFO]   UC Berkeley UC listings scraped: 148
[13:21:19] [INFO]   UC Santa Barbara UC listings scraped: 60
[13:21:19] [INFO]   UC Riverside UC listings scraped: 90
[13:21:19] [INFO]   UC Santa Cruz UC listings scraped: 96
[13:21:19] [INFO]   UC Merced UC listings scraped: 144
[13:21:19] [INFO]   UC Davis UC listings scraped: 229
[13:21:19] [INFO]   UC San Diego UC listings scraped: 171
[13:21:19] [INFO]   UCLA UC listings scraped: 239
[13:21:19] [INFO]   UC San Francisco UC listings scraped: 376
[13:21:19] [INFO]   UC Irvine UC listings scraped: 311
[13:21:19] [INFO]   Boston College MA listings scraped: 0
[13:21:19] [INFO]   Stanford University CA Private listings scraped: 16
[13:21:19] [INFO]   Boston University MA listings scraped: 0
[13:21:19] [INFO]   Wellesley College MA listings scraped: 5 (API)
[13:21:19] [INFO]   Northeastern University MA listings scraped: 6 (API)
[13:21:19] [INFO]   Smith College MA listings scraped: 0 (Smith Interfolio page)
[13:21:19] [INFO]   Academy for Jewish Religion California CA Private listings scraped: 0
[13:21:19] [INFO]   ↪️  Alder Graduate School of Education override URL applied
[13:21:19] [INFO]   Acupuncture and Integrative Medicine College-Berkeley CA Private listings scraped: 0
[13:21:19] [INFO]   Babson College MA listings scraped: 0
[13:21:19] [INFO]   Williams College MA listings scraped: 0
[13:21:19] [INFO]   College of the Holy Cross MA listings scraped: 0 (Jobvite)
[13:21:19] [INFO]   Bentley University MA listings scraped: 3 (API)
[13:21:19] [INFO]   California Institute of Technology CA Private Taleo listings scraped: 0
[13:21:19] [INFO]   University of Southern California CA Private listings scraped: 10 (USC listing)
[13:21:19] [INFO]   Alder Graduate School of Education CA Private listings scraped: 1
[13:21:19] [INFO]   Allan Hancock College CA Private listings scraped: 0
[13:21:19] [INFO]   Springfield College-Regional, Online, and Continuing Education MA listings scraped: 0
[13:21:19] [INFO]   ↪️  Signature Healthcare Brockton Hospital School of Nursing: generic page hands off to csod
[13:21:19] [INFO]   American Academy of Dramatic Arts-Los Angeles CA Private listings scraped: 0
[13:21:19] [INFO]   American Jewish University CA Private listings scraped: 0
[13:21:19] [INFO]   American International College MA listings scraped: 0
[13:21:19] [INFO]   ↪️  American River College: generic page hands off to schooljobs
[13:21:19] [INFO]   Antioch University-Los Angeles CA Private listings scraped: 0
[13:21:19] [INFO]   CT Faculty/Teaching results scraped: 24
[13:21:19] [INFO]   Montclair State University NJ listings scraped: 5 (API)
[13:21:19] [INFO]   Antioch University-Santa Barbara CA Private listings scraped: 0
[13:21:19] [INFO]   Anna Maria College MA listings scraped: 1
[13:21:19] [INFO]   William Paterson University NJ listings scraped: 6 (API)
[13:21:19] [INFO]   Kean University NJ listings scraped: 5 (API)
[13:21:19] [INFO]   Stevens Institute of Technology NJ listings scraped: 11 (API)
[13:21:19] [INFO]   The College of New Jersey NJ listings scraped: 0
[13:21:19] [INFO]   Signature Healthcare Brockton Hospital School of Nursing MA listings scraped: 0
[13:21:19] [INFO]   Signature Healthcare Brockton Hospital School of Nursing MA listings scraped: 0
[13:21:19] [INFO]   Fairleigh Dickinson University NJ listings scraped: 31
[13:21:19] [INFO]   New Jersey City University NJ listings scraped: 0
[13:21:19] [INFO]   CSU listing scraped: 116
[13:21:19] [INFO]   Mount Holyoke College MA listings scraped: 0
[13:21:19] [INFO]   American River College CA Private listings scraped: 0
[13:21:19] [INFO]   American River College CA Private listings scraped: 0
[13:21:19] [INFO]   Rider University NJ listings scraped: 1
[13:21:19] [INFO]   ↪️  Antelope Valley Community College District: generic page hands off to schooljobs
[13:21:19] [INFO]   Ramapo College of New Jersey NJ listings scraped: 0
[13:21:19] [INFO]   Bard College at Simon's Rock MA listings scraped: 0
[13:21:19] [INFO]   Coalinga College CA Private listings scraped: 0
[13:21:19] [INFO]   Assumption University MA listings scraped: 0
[13:21:19] [INFO]   Bay Path University MA listings scraped: 0
[13:21:19] [INFO]   Princeton University NJ listings scraped: 1
[13:21:19] [INFO]   Benjamin Franklin Cummings Institute of Technology MA listings scraped: 0
[13:21:19] [INFO]   Saint Peter's University NJ listings scraped: 8
[13:21:19] [INFO]   Lemoore College CA Private listings scraped: 0
[13:21:19] [INFO]   Antelope Valley Community College District CA Private listings scraped: 0
[13:21:19] [INFO]   Antelope Valley Community College District CA Private listings scraped: 0
[13:21:19] [INFO]   Capital Health School of Nursing NJ listings scraped: 0
[13:21:19] [INFO]   Capital Health School of Radiologic Technology NJ listings scraped: 0
[13:21:19] [INFO]   Monmouth University NJ listings scraped: 6
[13:21:19] [INFO]   Berklee College of Music MA listings scraped: 0
[13:21:19] [INFO]   Berkshire Community College MA listings scraped: 0
[13:21:19] [INFO]   Loma Linda University CA Private listings scraped: 0
[13:21:19] [INFO]   Middlebury Institute of International Studies at Monterey CA Private listings scraped: 0
[13:21:19] [INFO]   Hackensack Meridian School of Medicine NJ listings scraped: 0
[13:21:19] [INFO]   Atlantic Cape Community College NJ listings scraped: 0
[13:21:19] [INFO]   ↪️  Boston Architectural College: generic page hands off to paycom
[13:21:19] [INFO]   Boston Baptist College MA listings scraped: 0
[13:21:19] [INFO]   Holy Name Medical Center-Sister Claire Tynan School of Nursing NJ listings scraped: 0
[13:21:19] [INFO]   Bergen Community College NJ listings scraped: 0
[13:21:19] [INFO]   Boston Graduate School of Psychoanalysis Inc MA listings scraped: 0
[13:21:19] [INFO]   Moorpark College CA Private listings scraped: 0
[13:21:19] [INFO]   Sanford Burnham Prebys Medical Discovery Institute CA Private listings scraped: 2
[13:21:19] [INFO]   New Jersey Institute of Technology NJ listings scraped: 4
[13:21:19] [INFO]   Santiago Canyon College CA Private listings scraped: 0
[13:21:19] [INFO]   Bloomfield College of Montclair State University NJ listings scraped: 0
[13:21:19] [INFO]   Los Angeles County College of Nursing and Allied Health CA Private listings scraped: 0
[13:21:19] [INFO]   Beth Medrash Govoha NJ listings scraped: 0
[13:21:19] [INFO]   Bridgewater State University MA listings scraped: 0
[13:21:19] [INFO]   Caldwell University NJ listings scraped: 1
[13:21:19] [INFO]   Bristol Community College MA listings scraped: 0
[13:21:19] [INFO]   The Chicago School at Anaheim CA Private listings scraped: 0
[13:21:19] [INFO]   Boston Architectural College MA listings scraped: 3
[13:21:19] [INFO]   The Chicago School at San Diego CA Private listings scraped: 0
[13:21:19] [INFO]   The Chicago School at Los Angeles CA Private listings scraped: 0
[13:21:19] [INFO]   Trinity Law School CA Private listings scraped: 0
[13:21:19] [INFO]   Bunker Hill Community College MA listings scraped: 2
[13:21:19] [INFO]   Centenary University NJ listings scraped: 0
[13:21:19] [INFO]   Rutgers, The State University of New Jersey NJ listings scraped: 283
[13:21:19] [INFO]   ↪️  Brookdale Community College: generic page hands off to icims
[13:21:19] [INFO]   Cambridge College MA listings scraped: 0
[13:21:19] [INFO]   Camden County College NJ listings scraped: 0
[13:21:19] [INFO]   Azusa Pacific University CA Private listings scraped: 3
[13:21:19] [INFO]   Art Center College of Design CA Private listings scraped: 0
[13:21:19] [INFO]   County College of Morris NJ listings scraped: 1
[13:21:19] [INFO]   Clark University MA listings scraped: 0
[13:21:19] [INFO]   ↪️  Barstow Community College: generic page hands off to schooljobs
[13:21:19] [INFO]   Bakersfield College CA Private listings scraped: 0
[13:21:19] [INFO]   Brookdale Community College NJ listings scraped: 0
[13:21:19] [INFO]   Brookdale Community College NJ listings scraped: 0
[13:21:19] [INFO]   Cape Cod Community College MA listings scraped: 0
[13:21:19] [INFO]   Drew University NJ listings scraped: 2
[13:21:19] [INFO]   College of Our Lady of the Elms MA listings scraped: 1
[13:21:19] [INFO]   ↪️  Dean College override URL applied
[13:21:19] [INFO]   Fairleigh Dickinson University-Florham Campus NJ listings scraped: 1
[13:21:19] [INFO]   Bethesda University CA Private listings scraped: 0
[13:21:19] [INFO]   Berkeley City College CA Private listings scraped: 0
[13:21:19] [INFO]   Berkeley School of Theology CA Private listings scraped: 0
[13:21:19] [INFO]   Fairleigh Dickinson University-Metropolitan Campus NJ listings scraped: 0
[13:21:19] [INFO]   Conway School of Landscape Design MA listings scraped: 0
[13:21:19] [INFO]   Dean College MA listings scraped: 1
[13:21:19] [INFO]   ↪️  Essex County College: generic page hands off to peopleadmin
[13:21:19] [INFO]   Curry College MA listings scraped: 0
[13:21:19] [INFO]   Cabrillo College CA Private listings scraped: 0
[13:21:19] [INFO]   Barstow Community College CA Private listings scraped: 0
[13:21:19] [INFO]   Barstow Community College CA Private listings scraped: 0
[13:21:19] [INFO]   Felician University NJ listings scraped: 0
[13:21:19] [INFO]   Butte College CA Private listings scraped: 0
[13:21:19] [INFO]   ↪️  Biola University: generic page hands off to csod
[13:21:19] [INFO]   Essex County College NJ listings scraped: 0
[13:21:19] [INFO]   Essex County College NJ listings scraped: 0
[13:21:19] [INFO]   Emerson College MA listings scraped: 1
[13:21:19] [INFO]   Emmanuel College MA listings scraped: 0
[13:21:19] [INFO]   California College of the Arts CA Private listings scraped: 1
[13:21:19] [INFO]   Appalachian State University NC listings scraped: 19
[13:21:19] [INFO]   Fayetteville State University NC listings scraped: 7
[13:21:19] [INFO]   Elizabeth City State University NC listings scraped: 6
[13:21:19] [INFO]   California Institute of Advanced Management CA Private listings scraped: 1
[13:21:19] [INFO]   California Baptist University CA Private listings scraped: 0
[13:21:19] [INFO]   ↪️  Fisher College: generic page hands off to paycom
[13:21:19] [INFO]   California Institute of Integral Studies CA Private listings scraped: 0
[13:21:19] [INFO]   Fitchburg State University MA listings scraped: 0
[13:21:19] [INFO]   ↪️  Endicott College: generic page hands off to workday
[13:21:19] [INFO]   North Carolina A&T State University NC listings scraped: 19
[13:21:19] [INFO]   William & Mary VA listings scraped: 0
[13:21:19] [INFO]   Endicott College MA listings scraped: 3 (API)
[13:21:19] [INFO]   California Jazz Conservatory CA Private listings scraped: 0
[13:21:19] [INFO]   UNC Asheville NC listings scraped: 1
[13:21:19] [INFO]   California Institute of the Arts CA Private listings scraped: 0
[13:21:19] [INFO]   George Mason University VA listings scraped: 0
[13:21:19] [INFO]   Framingham State University MA listings scraped: 1
[13:21:19] [INFO]   University of Virginia VA listings scraped: 0 (Workday search API)
[13:21:19] [INFO]   California Lutheran University CA Private listings scraped: 0
[13:21:19] [INFO]   Franklin W Olin College of Engineering MA listings scraped: 0
[13:21:19] [INFO]   Old Dominion University VA listings scraped: 18
[13:21:19] [INFO]   University of Richmond VA listings scraped: 5 (API)
[13:21:19] [INFO]   California State Polytechnic University-Humboldt CA Private listings scraped: 2
[13:21:19] [INFO]   Fisher College MA listings scraped: 3
[13:21:19] [INFO]   California Polytechnic State University-San Luis Obispo CA Private listings scraped: 0
[13:21:19] [INFO]   California State Polytechnic University-Pomona CA Private listings scraped: 0
[13:21:19] [INFO]   Washington and Lee University VA listings scraped: 0
[13:21:19] [INFO]   NC State University NC listings scraped: 3 (HTTP fallback)
[13:21:19] [INFO]   California State University-Bakersfield CA Private listings scraped: 0
[13:21:19] [INFO]   California State University-Chancellors Office CA Private listings scraped: 0
[13:21:19] [INFO]   Biola University CA Private listings scraped: 9
[13:21:19] [INFO]   Centra College VA listings scraped: 0
[13:21:19] [INFO]   Virginia Commonwealth University VA listings scraped: 0
[13:21:19] [INFO]   California State University-Chico CA Private listings scraped: 1
[13:21:19] [INFO]   California State University-Channel Islands CA Private listings scraped: 1
[13:21:19] [INFO]   UNC Charlotte NC listings scraped: 6
[13:21:19] [INFO]   California State University Maritime Academy CA Private listings scraped: 0
[13:21:19] [INFO]   Appalachian College of Pharmacy VA listings scraped: 2
[13:21:19] [INFO]   Riverside College of Health Careers VA listings scraped: 0
[13:21:19] [INFO]   UNC Pembroke NC listings scraped: 22
[13:21:19] [INFO]   Virginia Tech VA listings scraped: 64 (keyword search)
[13:21:19] [INFO]   ↪️  California State University-East Bay: generic page hands off to pageup
[13:21:19] [INFO]   Agora University VA listings scraped: 0
[13:21:19] [INFO]   UNC School of the Arts NC listings scraped: 1
[13:21:19] [INFO]   California State University-Dominguez Hills CA Private listings scraped: 0
[13:21:19] [INFO]   California State University-Fresno CA Private listings scraped: 0
[13:21:19] [INFO]   Appalachian School of Law VA listings scraped: 1
[13:21:19] [INFO]   UNC Wilmington NC listings scraped: 0
[13:21:19] [INFO]   Averett University VA listings scraped: 1
[13:21:19] [INFO]   ↪️  California State University-Long Beach: generic page hands off to pageup
[13:21:19] [INFO]   Ascent College VA listings scraped: 0
[13:21:19] [INFO]   California State University-Los Angeles CA Private listings scraped: 0
[13:21:19] [INFO]   Blue Ridge Community College VA listings scraped: 0
[13:21:19] [INFO]   Bon Secours Memorial College of Nursing VA listings scraped: 1
[13:21:19] [INFO]   California State University-Fullerton CA Private listings scraped: 0
[13:21:19] [INFO]   Bluefield University VA listings scraped: 0
[13:21:19] [INFO]   California State University-Long Beach CA Private listings scraped: 0
[13:21:19] [INFO]   California State University-Long Beach CA Private listings scraped: 0
[13:21:19] [INFO]   Bon Secours St Mary's Hospital School of Medical Imaging VA listings scraped: 0
[13:21:19] [INFO]   North Carolina Central University NC listings scraped: 19
[13:21:19] [INFO]   California State University-Monterey Bay CA Private listings scraped: 0
[13:21:19] [INFO]   East Carolina University NC listings scraped: 51
[13:21:19] [INFO]   California State University-Northridge CA Private listings scraped: 0
[13:21:19] [INFO]   California State University-East Bay CA Private listings scraped: 38
[13:21:19] [INFO]   Winston-Salem State University NC listings scraped: 1
[13:21:19] [INFO]   Central Virginia Community College VA listings scraped: 43
[13:21:19] [INFO]   California State University-Sacramento CA Private listings scraped: 1
[13:21:19] [INFO]   Brightpoint Community College VA listings scraped: 0
[13:21:19] [INFO]   California State University-San Bernardino CA Private listings scraped: 0
[13:21:19] [INFO]   ↪️  Bridgewater College: generic page hands off to paycom
[13:21:19] [INFO]   Bryant & Stratton College-Virginia Beach VA listings scraped: 0
[13:21:19] [INFO]   Wake Forest University NC listings scraped: 2
[13:21:19] [INFO]   California State University-Stanislaus CA Private listings scraped: 0
[13:21:19] [INFO]   Western Carolina University NC listings scraped: 17
[13:21:19] [INFO]   Davidson College NC listings scraped: 0 (Workday search API)
[13:21:19] [INFO]   Christopher Newport University VA listings scraped: 0
[13:21:19] [INFO]   Danville Community College VA listings scraped: 0
[13:21:19] [INFO]   California State University-San Marcos CA Private listings scraped: 0
[13:21:19] [INFO]   UNC Greensboro NC listings scraped: 30
[13:21:19] [INFO]   California Western School of Law CA Private listings scraped: 0
[13:21:19] [INFO]   Eastern Mennonite University VA listings scraped: 0
[13:21:19] [INFO]   Divine Mercy University VA listings scraped: 0
[13:21:19] [INFO]   Canada College CA Private listings scraped: 0
[13:21:19] [INFO]   Elon University NC listings scraped: 0
[13:21:19] [INFO]   Eastern Shore Community College VA listings scraped: 0
[13:21:19] [INFO]   California University of Science and Medicine CA Private listings scraped: 0
[13:21:19] [INFO]   Johnson & Wales University-Charlotte NC listings scraped: 0
[13:21:19] [INFO]   Bridgewater College VA listings scraped: 10
[13:21:19] [INFO]   Edward Via College of Osteopathic Medicine VA listings scraped: 0
[13:21:19] [INFO]   ↪️  Eastern Virginia Medical School: generic page hands off to icims
[13:21:19] [INFO]   ↪️  Emory & Henry University: generic page hands off to paycom
[13:21:19] [INFO]   Casa Loma College-Los Angeles CA Private listings scraped: 0
[13:21:19] [INFO]   Cerro Coso Community College CA Private listings scraped: 0
[13:21:19] [INFO]   CBD College CA Private listings scraped: 0
[13:21:19] [INFO]   Duke University NC listings scraped: 26 (keyword search)
[13:21:19] [INFO]   Asheville-Buncombe Technical Community College NC listings scraped: 0
[13:21:19] [INFO]   Cerritos College CA Private listings scraped: 0
[13:21:19] [INFO]   Eastern Virginia Medical School VA listings scraped: 0
[13:21:19] [INFO]   Eastern Virginia Medical School VA listings scraped: 0
[13:21:19] [INFO]   ↪️  Alamance Community College: generic page hands off to schooljobs
[13:21:19] [INFO]   Ferrum College VA listings scraped: 0
[13:21:19] [INFO]   ↪️  Chabot College: generic page hands off to peopleadmin
[13:21:19] [INFO]   Chaffey College CA Private listings scraped: 0
[13:21:19] [INFO]   ↪️  Barton College: generic page hands off to paycom
[13:21:19] [INFO]   Chapman University CA Private listings scraped: 1
[13:21:19] [INFO]   Chabot College CA Private listings scraped: 4
[13:21:19] [INFO]   Beaufort County Community College NC listings scraped: 2
[13:21:19] [INFO]   Charles R Drew University of Medicine and Science CA Private listings scraped: 0
[13:21:19] [INFO]   Emory & Henry University VA listings scraped: 7
[13:21:19] [INFO]   Alamance Community College NC listings scraped: 1
[13:21:19] [INFO]   Church Divinity School of the Pacific CA Private listings scraped: 3
[13:21:19] [INFO]   Citrus College CA Private listings scraped: 0
[13:21:19] [INFO]   College of Charleston SC listings scraped: 9
[13:21:19] [INFO]   Harvard University MA listings scraped: 198
[13:21:19] [INFO]   Coastal Carolina University SC listings scraped: 10
[13:21:19] [INFO]   City College of San Francisco CA Private listings scraped: 0
[13:21:19] [INFO]   Belmont Abbey College NC listings scraped: 0
[13:21:19] [INFO]   Winthrop University SC listings scraped: 1
[13:21:19] [INFO]   Delaware Technical Community College DE listings scraped: 3
[13:21:19] [INFO]   Clemson University SC listings scraped: 0
[13:21:19] [INFO]   Furman University SC: API failed, falling back to browser
[13:21:19] [INFO]   Wofford College SC listings scraped: 1 (API)
[13:21:19] [INFO]   Claremont Lincoln University CA Private listings scraped: 0
[13:21:19] [INFO]   Barton College NC listings scraped: 6
[13:21:19] [INFO]   Bennett College NC listings scraped: 0
[13:21:19] [INFO]   The Citadel SC listings scraped: 0
[13:21:19] [INFO]   Claremont School of Theology CA Private listings scraped: 0
[13:21:19] [INFO]   Clovis Community College CA Private listings scraped: 0
[13:21:19] [INFO]   Bladen Community College NC listings scraped: 1
[13:21:19] [INFO]   ↪️  Coast Community College District Office: generic page hands off to schooljobs
[13:21:19] [INFO]   Delaware State University DE listings scraped: 1
[13:21:19] [INFO]   University of South Carolina SC listings scraped: 96
[13:21:19] [INFO]   University of South Carolina-Lancaster SC listings scraped: 0
[13:21:19] [INFO]   Wilmington University DE Taleo listings scraped: 0
[13:21:19] [INFO]   Brunswick Community College NC listings scraped: 0
[13:21:19] [INFO]   Brevard College NC listings scraped: 0
[13:21:19] [INFO]   Presbyterian College SC listings scraped: 0
[13:21:19] [INFO]   Cabarrus College of Health Sciences NC listings scraped: 1
[13:21:19] [INFO]   University of South Carolina-Salkehatchie SC listings scraped: 0
[13:21:19] [INFO]   College of Marin CA Private listings scraped: 0
[13:21:19] [INFO]   College of Alameda CA Private listings scraped: 0
[13:21:19] [INFO]   University of South Carolina-Sumter SC listings scraped: 0
[13:21:19] [INFO]   Coastline Community College CA Private listings scraped: 0
[13:21:19] [INFO]   University of Maryland, Baltimore County MD listings scraped: 12
[13:21:19] [INFO]   University of Maryland, College Park MD listings scraped: 59 (API)
[13:21:19] [INFO]   Johns Hopkins University MD listings scraped: 1
[13:21:19] [INFO]   University of South Carolina-Union SC listings scraped: 0
[13:21:19] [INFO]   ↪️  Caldwell Community College and Technical Institute: generic page hands off to schooljobs
[13:21:19] [INFO]   ↪️  Campbell University: generic page hands off to taleo
[13:21:19] [INFO]   College of the Desert CA Private listings scraped: 0
[13:21:19] [INFO]   Aiken Technical College SC listings scraped: 0
[13:21:19] [INFO]   Allen University SC listings scraped: 0
[13:21:19] [INFO]   St. Mary's College of Maryland MD listings scraped: 0
[13:21:19] [INFO]   Caldwell Community College and Technical Institute NC listings scraped: 0
[13:21:19] [INFO]   Caldwell Community College and Technical Institute NC listings scraped: 0
[13:21:19] [INFO]   Cape Fear Community College NC listings scraped: 0
[13:21:19] [INFO]   University of Maryland, Baltimore MD Taleo listings scraped: 9
[13:21:19] [INFO]   Morgan State University MD listings scraped: 63
[13:21:19] [INFO]   American College of the Building Arts SC listings scraped: 0
[13:21:19] [INFO]   College of San Mateo CA Private listings scraped: 0
[13:21:19] [INFO]   Goucher College MD listings scraped: 0
[13:21:19] [INFO]   College of the Canyons CA Private listings scraped: 0
[13:21:19] [INFO]   Anderson University SC listings scraped: 2
[13:21:19] [INFO]   College of the Redwoods CA Private listings scraped: 0
[13:21:19] [INFO]   Towson University MD Taleo listings scraped: 0
[13:21:19] [INFO]   Carolina Christian College NC listings scraped: 0
[13:21:19] [INFO]   Garrett College MD listings scraped: 0
[13:21:19] [INFO]   ↪️  Allegany College of Maryland: generic page hands off to schooljobs
[13:21:19] [INFO]   ↪️  College of the Sequoias: generic page hands off to schooljobs
[13:21:19] [INFO]   Bob Jones University SC listings scraped: 0
[13:21:19] [INFO]   Campbell University NC Taleo listings scraped: 0
[13:21:19] [INFO]   Campbell University NC listings scraped: 0
[13:21:19] [INFO]   Anne Arundel Community College MD listings scraped: 0
[13:21:19] [INFO]   Carolina College of Biblical Studies NC listings scraped: 0
[13:21:19] [INFO]   College of the Siskiyous CA Private listings scraped: 1
[13:21:19] [INFO]   Central Carolina Technical College SC listings scraped: 0
[13:21:19] [INFO]   Allegany College of Maryland MD listings scraped: 0
[13:21:19] [INFO]   Allegany College of Maryland MD listings scraped: 0
[13:21:19] [INFO]   College of the Sequoias CA Private listings scraped: 0
[13:21:19] [INFO]   College of the Sequoias CA Private listings scraped: 0
[13:21:19] [INFO]   Carolina University NC listings scraped: 0
[13:21:19] [INFO]   Baltimore City Community College MD listings scraped: 0
[13:21:19] [INFO]   Compton College CA Private listings scraped: 0
[13:21:19] [INFO]   Charleston Southern University SC listings scraped: 1
[13:21:19] [INFO]   Catawba College NC listings scraped: 0
[13:21:19] [INFO]   Bais HaMedrash and Mesivta of Baltimore MD listings scraped: 0
[13:21:19] [INFO]   ↪️  Bowie State University: generic page hands off to workday
[13:21:19] [INFO]   ↪️  Carteret Community College: generic page hands off to schooljobs
[13:21:19] [INFO]   Bowie State University MD listings scraped: 6 (API)
[13:21:19] [INFO]   Capitol Technology University MD listings scraped: 0
[13:21:19] [INFO]   Citadel Military College of South Carolina SC listings scraped: 0
[13:21:19] [INFO]   Concordia University-Irvine CA Private listings scraped: 0
[13:21:19] [INFO]   Contra Costa College CA Private listings scraped: 0
[13:21:19] [INFO]   Contra Costa Community College District Office CA Private listings scraped: 0
[13:21:19] [INFO]   Carroll Community College MD listings scraped: 0
[13:21:19] [INFO]   Catawba Valley Community College NC listings scraped: 1
[13:21:19] [INFO]   Furman University SC listings scraped: 0
[13:21:19] [INFO]   Claflin University SC listings scraped: 0
[13:21:19] [INFO]   Central Carolina Community College NC listings scraped: 0
[13:21:19] [INFO]   Benedict College SC listings scraped: 0
[13:21:19] [INFO]   ↪️  College of Southern Maryland: generic page hands off to schooljobs
[13:21:19] [INFO]   Cecil College MD listings scraped: 0
[13:21:19] [INFO]   Clinton College SC listings scraped: 2
[13:21:19] [INFO]   ↪️  Community College of Baltimore County: generic page hands off to schooljobs
[13:21:19] [INFO]   ↪️  Copper Mountain Community College: generic page hands off to schooljobs
[13:21:19] [INFO]   ↪️  Central Piedmont Community College: generic page hands off to schooljobs
[13:21:19] [INFO]   Coast Community College District Office CA Private listings scraped: 0
[13:21:19] [INFO]   Coast Community College District Office CA Private listings scraped: 0
[13:21:19] [INFO]   Charlotte Christian College and Theological Seminary NC listings scraped: 0
[13:21:19] [INFO]   Carteret Community College NC listings scraped: 1
[13:21:19] [INFO]   Crafton Hills College CA Private listings scraped: 0
[13:21:19] [INFO]   Community College of Baltimore County MD listings scraped: 9
[13:21:19] [INFO]   Chesapeake College MD listings scraped: 0
[13:21:19] [INFO]   Columbia International University SC listings scraped: 0
[13:21:19] [INFO]   ↪️  Cosumnes River College: generic page hands off to schooljobs
[13:21:19] [INFO]   Coker University SC listings scraped: 0
[13:21:19] [INFO]   College of Southern Maryland MD listings scraped: 3
[13:21:19] [INFO]   Converse University SC listings scraped: 0
[13:21:19] [INFO]   Copper Mountain Community College CA Private listings scraped: 0
[13:21:19] [INFO]   Copper Mountain Community College CA Private listings scraped: 0
[13:21:19] [INFO]   Central Piedmont Community College NC listings scraped: 3
[13:21:19] [INFO]   Frederick Community College MD listings scraped: 0
[13:21:19] [INFO]   Chowan University NC listings scraped: 0
[13:21:19] [INFO]   Cleveland Community College NC listings scraped: 0
[13:21:19] [INFO]   ↪️  Denmark Technical College: generic page hands off to schooljobs
[13:21:19] [INFO]   Florence-Darlington Technical College SC listings scraped: 0
[13:21:19] [INFO]   Cosumnes River College CA Private listings scraped: 0
[13:21:19] [INFO]   Cosumnes River College CA Private listings scraped: 0
[13:21:19] [INFO]   Erskine College SC listings scraped: 1
[13:21:19] [INFO]   Francis Marion University SC listings scraped: 1
[13:21:19] [INFO]   Cypress College CA Private listings scraped: 0
[13:21:19] [INFO]   Cuesta College CA Private listings scraped: 0
[13:21:19] [INFO]   ↪️  Coastal Carolina Community College: generic page hands off to schooljobs
[13:21:19] [INFO]   ↪️  Craven Community College: generic page hands off to schooljobs
[13:21:19] [INFO]   Denmark Technical College SC listings scraped: 2
[13:21:19] [INFO]   College of the Albemarle NC listings scraped: 0
[13:21:19] [INFO]   Coastal Carolina Community College NC listings scraped: 0
[13:21:19] [INFO]   Coastal Carolina Community College NC listings scraped: 0
[13:21:19] [INFO]   De Anza College CA Private listings scraped: 0
[13:21:19] [INFO]   Rhode Island College RI listings scraped: 3
[13:21:19] [INFO]   ↪️  Coppin State University: generic page hands off to workday
[13:21:19] [INFO]   Coppin State University MD listings scraped: 2 (API)
[13:21:19] [INFO]   DHARMA REALM BUDDHIST UNIVERSITY CA Private listings scraped: 0
[13:21:19] [INFO]   ↪️  Davidson-Davie Community College: generic page hands off to schooljobs
[13:21:19] [INFO]   ↪️  Brown University: generic page hands off to workday
[13:21:19] [INFO]   Craven Community College NC listings scraped: 0
[13:21:19] [INFO]   Craven Community College NC listings scraped: 0
[13:21:19] [INFO]   Bryant University RI listings scraped: 0
[13:21:19] [INFO]   Providence College RI listings scraped: 0
[13:21:19] [INFO]   ↪️  Frostburg State University: generic page hands off to workday
[13:21:19] [INFO]   ↪️  Durham Technical Community College: generic page hands off to schooljobs
[13:21:19] [INFO]   Diablo Valley College CA Private listings scraped: 0
[13:21:19] [INFO]   Frostburg State University MD listings scraped: 5 (API)
[13:21:19] [INFO]   Rhode Island School of Design RI listings scraped: 3
[13:21:19] [INFO]   Brown University RI listings scraped: 0 (API)
[13:21:19] [INFO]   Brown University RI listings scraped: 0
[13:21:19] [INFO]   Davidson-Davie Community College NC listings scraped: 0
[13:21:19] [INFO]   Davidson-Davie Community College NC listings scraped: 0
[13:21:19] [INFO]   Salve Regina University RI listings scraped: 2
[13:21:19] [INFO]   Commonwealth University PA listings scraped: 4
[13:21:19] [INFO]   Cheyney University PA listings scraped: 0
[13:21:19] [INFO]   Dominican University of California CA Private listings scraped: 0
[13:21:19] [INFO]   ↪️  Edgecombe Community College: generic page hands off to schooljobs
[13:21:19] [INFO]   Dominican School of Philosophy & Theology CA Private listings scraped: 0
[13:21:19] [INFO]   Kutztown University PA listings scraped: 0
[13:21:19] [INFO]   Cuyamaca College CA Private listings scraped: 0
[13:21:19] [INFO]   College Unbound RI listings scraped: 1
[13:21:19] [INFO]   Johnson & Wales University-Providence RI listings scraped: 0
[13:21:19] [INFO]   Community College of Rhode Island RI listings scraped: 0
[13:21:19] [INFO]   Durham Technical Community College NC listings scraped: 0
[13:21:19] [INFO]   Durham Technical Community College NC listings scraped: 0
[13:21:19] [INFO]   Daybreak University CA Private listings scraped: 0
[13:21:19] [INFO]   Edgecombe Community College NC listings scraped: 0
[13:21:19] [INFO]   Edgecombe Community College NC listings scraped: 0
[13:21:19] [INFO]   Shippensburg University PA listings scraped: 3
[13:21:19] [INFO]   PennWest PA listings scraped: 6
[13:21:19] [INFO]   ↪️  Fayetteville Technical Community College: generic page hands off to peopleadmin
[13:21:19] [INFO]   Millersville University PA listings scraped: 4
[13:21:19] [INFO]   Slippery Rock University PA listings scraped: 2
[13:21:19] [INFO]   The Pennsylvania State University PA listings scraped: 35 (API)
[13:21:19] [INFO]   East Los Angeles College CA Private listings scraped: 0
[13:21:19] [INFO]   Fayetteville Technical Community College NC listings scraped: 0
[13:21:19] [INFO]   Fayetteville Technical Community College NC listings scraped: 0
[13:21:19] [INFO]   West Chester University PA listings scraped: 0
[13:21:19] [INFO]   EDvance College CA Private listings scraped: 0
[13:21:19] [INFO]   Carnegie Mellon University PA listings scraped: 3 (API)
[13:21:19] [INFO]   Forsyth Technical Community College NC listings scraped: 0
[13:21:19] [INFO]   Downey Adult School CA Private listings scraped: 0
[13:21:19] [INFO]   Dongguk University Los Angeles CA Private listings scraped: 0
[13:21:19] [INFO]   University of Rhode Island RI listings scraped: 26
[13:21:19] [INFO]   El Camino Community College District CA Private listings scraped: 0
[13:21:19] [INFO]   East Stroudsburg University PA listings scraped: 0
[13:21:19] [INFO]   Bucknell University PA listings scraped: 3 (API)
[13:21:19] [INFO]   Epic Bible College & Graduate School CA Private listings scraped: 0
[13:21:19] [INFO]   Central Michigan University MI listings scraped: 12
[13:21:19] [INFO]   ↪️  Evergreen Valley College: generic page hands off to peopleadmin
[13:21:19] [INFO]   Oakland University MI listings scraped: 21
[13:21:19] [INFO]   University of Pennsylvania PA listings scraped: 7 (Workday search API)
[13:21:19] [INFO]   Feather River Community College District CA Private listings scraped: 0
[13:21:19] [INFO]   Eastern Michigan University MI listings scraped: 1
[13:21:19] [INFO]   Fielding Graduate University CA Private listings scraped: 1
[13:21:19] [INFO]   Evergreen Valley College CA Private listings scraped: 0
[13:21:19] [INFO]   Evergreen Valley College CA Private listings scraped: 0
[13:21:19] [INFO]   Drexel University PA listings scraped: 9
[13:21:20] [INFO]   Western Michigan University MI listings scraped: 20
[13:21:20] [INFO]   Swarthmore College PA listings scraped: 1
[13:21:20] [INFO]   ↪️  Folsom Lake College: generic page hands off to schooljobs
[13:21:20] [INFO]   Dickinson College PA listings scraped: 1 (API)
[13:21:20] [INFO]   Kalamazoo College MI listings scraped: 0
[13:21:20] [INFO]   Lafayette College PA listings scraped: 0 (Lafayette faculty page)
[13:21:20] [INFO]   Foothill College CA Private listings scraped: 1
[13:21:20] [INFO]   Franklin & Marshall College PA listings scraped: 1 (Interfolio links page)
[13:21:20] [INFO]   ↪️  Foothill-De Anza Community College District: generic page hands off to taleo
[13:21:20] [INFO]   Gettysburg College PA listings scraped: 16
[13:21:20] [INFO]   Franciscan School of Theology CA Private listings scraped: 0
[13:21:20] [INFO]   Adrian College MI listings scraped: 0
[13:21:20] [INFO]   ↪️  Albion College: generic page hands off to interfolio
[13:21:20] [INFO]   Fresno City College CA Private listings scraped: 0
[13:21:20] [INFO]   Fresno Pacific University CA Private listings scraped: 0
[13:21:20] [INFO]   Folsom Lake College CA Private listings scraped: 0
[13:21:20] [INFO]   Folsom Lake College CA Private listings scraped: 0
[13:21:20] [INFO]   Alma College MI listings scraped: 0
[13:21:20] [INFO]   UNC-Chapel Hill NC listings scraped: 212
[13:21:20] [INFO]   Alpena Community College MI listings scraped: 0
[13:21:20] [INFO]   Fuller Theological Seminary CA Private listings scraped: 0
[13:21:20] [INFO]   Chicago State University IL listings scraped: 21
[13:21:20] [INFO]   Governors State University IL listings scraped: 0
[13:21:20] [INFO]   Andrews University MI listings scraped: 1
[13:21:20] [INFO]   Albion College MI listings scraped: 3
[13:21:20] [INFO]   Villanova University PA listings scraped: 358
[13:21:20] [INFO]   Claremont McKenna College Claremont listings scraped: 6
[13:21:20] [INFO]   Knox College IL listings scraped: 1
[13:21:20] [INFO]   Baker College MI listings scraped: 0
[13:21:20] [INFO]   Aquinas College MI listings scraped: 0
[13:21:20] [INFO]   Keck Graduate Institute Claremont listings scraped: 9
[13:21:20] [INFO]   Claremont Colleges listings scraped: 86
[13:21:20] [INFO]   Northern Illinois University IL listings scraped: 19
[13:21:20] [INFO]   Cornell University NY listings scraped: 5 (API)
[13:21:20] [INFO]   Stony Brook University (SUNY) NY listings scraped: 82
[13:21:20] [INFO]   Waiting for CUNY jobs to load...
[13:21:20] [INFO]   Fordham University NY listings scraped: 28
[13:21:20] [INFO]   Foothill-De Anza Community College District CA Private listings scraped: 0
[13:21:20] [INFO]   University of Illinois Springfield IL listings scraped: 0
[13:21:20] [INFO]   Southern Oregon University OR listings scraped: 0 (API)
[13:21:20] [INFO]   University of Illinois Chicago IL listings scraped: 2
[13:21:20] [INFO]   ↪️  Bay de Noc Community College: generic page hands off to peopleadmin
[13:21:20] [INFO]   Bay Mills Community College MI listings scraped: 0
[13:21:20] [INFO]   New York University NY listings scraped: 0
[13:21:20] [INFO]   CUNY initial job count: 10
[13:21:20] [INFO]   Bay de Noc Community College MI listings scraped: 0
[13:21:20] [INFO]   Bay de Noc Community College MI listings scraped: 0
[13:21:20] [INFO]   Western Illinois University IL listings scraped: 0
[13:21:20] [INFO]   University of Illinois Urbana-Champaign IL listings scraped: 11
[13:21:20] [INFO]   St. John's directory sub-pages found: 9
[13:21:20] [INFO]   Reed College OR listings scraped: 0
[13:21:20] [INFO]   George Fox University OR listings scraped: 0
[13:21:20] [INFO]   University at Buffalo (SUNY) NY listings scraped: 44
[13:21:20] [INFO]   Southern Illinois University Edwardsville IL listings scraped: 0
[13:21:20] [INFO]   Wayne State University MI listings scraped: 32
[13:21:20] [INFO]   Pacific Northwest College of Art OR listings scraped: 0
[13:21:20] [INFO]   SUNY System main page listings scraped: 605
[13:21:20] [INFO]   Eastern Oregon University OR listings scraped: 25
[13:21:20] [INFO]   Oregon Institute of Technology OR listings scraped: 15
[13:21:20] [INFO]   Willamette University OR listings scraped: 0
[13:21:20] [INFO]   Syracuse University NY listings scraped: 35
[13:21:20] [INFO]   Columbia Gorge Community College OR listings scraped: 0
[13:21:20] [INFO]   ↪️  University of Portland: generic page hands off to peopleadmin
[13:21:20] [INFO]   Pace University NY listings scraped: 7 (SaaS HR API)
[13:21:20] [INFO]   Corban University OR listings scraped: 0
[13:21:20] [INFO]   Calvin Theological Seminary MI listings scraped: 1
[13:21:20] [INFO]   Mount Angel Seminary OR listings scraped: 0
[13:21:20] [INFO]   Pacific University OR listings scraped: 0
[13:21:20] [INFO]   Blue Mountain Community College OR listings scraped: 0
[13:21:20] [INFO]   Chemeketa Community College OR listings scraped: 0
[13:21:20] [INFO]   Columbia University NY listings scraped: 584
[13:21:20] [INFO]   Clackamas Community College OR listings scraped: 0
[13:21:20] [INFO]   Southern Illinois University Carbondale IL listings scraped: 4
[13:21:20] [INFO]   Whitman College WA listings scraped: 3 (Interfolio links page)
[13:21:20] [INFO]   Washington State University WA listings scraped: 4 (API)
[13:21:20] [INFO]   Central Oregon Community College OR listings scraped: 0
[13:21:20] [INFO]   Clatsop Community College OR listings scraped: 0
[13:21:20] [INFO]   University of Portland OR listings scraped: 0
[13:21:20] [INFO]   University of Portland OR listings scraped: 0
[13:21:20] [INFO]   Cleary University MI listings scraped: 1
[13:21:20] [INFO]   Calvin University MI listings scraped: 0
[13:21:20] [INFO]   Hofstra University NY listings scraped: 42
[13:21:20] [INFO]   Rochester Institute of Technology NY listings scraped: 4 (API)
[13:21:20] [INFO]   Evergreen State College WA listings scraped: 3
[13:21:20] [INFO]   Lewis & Clark College OR listings scraped: 0
[13:21:20] [INFO]   Eastern Washington University WA listings scraped: 22
[13:21:20] [INFO]   College for Creative Studies MI listings scraped: 0
[13:21:20] [INFO]   Long Island University NY listings scraped: 37
[13:21:20] [INFO]   Pacific Lutheran University WA listings scraped: 5 (HTTP fallback)
[13:21:20] [INFO]   University at Albany (SUNY) NY listings scraped: 1
[13:21:20] [INFO]   University at Albany (SUNY) NY listings scraped: 1
[13:21:20] [INFO]   Clover Park Technical College WA listings scraped: 0
[13:21:20] [INFO]   Binghamton University (SUNY) NY listings scraped: 1
[13:21:20] [INFO]   Bushnell University OR listings scraped: 0
[13:21:20] [INFO]   Binghamton University (SUNY) NY listings scraped: 1
[13:21:20] [INFO]   ↪️  Big Bend Community College: generic page hands off to schooljobs
[13:21:20] [INFO]   SUNY total listings scraped: 735
[13:21:20] [INFO]   Bellingham Technical College WA listings scraped: 0
[13:21:20] [INFO]   ↪️  Bastyr University: generic page hands off to paycom
[13:21:20] [INFO]   Saint Martin's University WA listings scraped: 0
[13:21:20] [INFO]   Antioch University-Seattle WA listings scraped: 0
[13:21:20] [INFO]   Adelphi University NY Taleo listings scraped: 3
[13:21:20] [INFO]   ↪️  University of Puget Sound: generic page hands off to icims
[13:21:20] [INFO]   Cornish College of the Arts WA listings scraped: 0
[13:21:20] [INFO]   Cascadia College WA listings scraped: 0
[13:21:20] [INFO]   Clark College WA listings scraped: 1
[13:21:20] [INFO]   ↪️  Seattle Pacific University: generic page hands off to workday
[13:21:20] [INFO]   Bellevue College WA listings scraped: 0
[13:21:20] [INFO]   Centralia College WA listings scraped: 0
[13:21:20] [INFO]   Edmonds College WA listings scraped: 0
[13:21:20] [INFO]   Columbia Basin College WA listings scraped: 0
[13:21:20] [INFO]   Seattle Pacific University WA listings scraped: 4 (API)
[13:21:20] [INFO]   Cornerstone University MI listings scraped: 0
[13:21:20] [INFO]   Faith International University WA listings scraped: 0
[13:21:20] [INFO]   ↪️  Bates Technical College: generic page hands off to schooljobs
[13:21:20] [INFO]   ↪️  Whitworth University-Adult Degree Programs: generic page hands off to schooljobs
[13:21:20] [INFO]   University of Rochester NY listings scraped: 348
[13:21:20] [INFO]   ↪️  Whitworth University: generic page hands off to schooljobs
[13:21:20] [INFO]   University of Washington WA listings scraped: 310
[13:21:20] [INFO]   ↪️  Seattle University: generic page hands off to csod
[13:21:20] [INFO]   The New School NY listings scraped: 0 (API)
[13:21:20] [INFO]   Gonzaga University WA listings scraped: 0
[13:21:20] [INFO]   University of Puget Sound WA listings scraped: 0
[13:21:20] [INFO]   University of Puget Sound WA listings scraped: 0
[13:21:20] [INFO]   Concordia University Ann Arbor MI listings scraped: 0
[13:21:20] [INFO]   Cranbrook Academy of Art MI listings scraped: 0
[13:21:20] [INFO]   Whitworth University-Adult Degree Programs WA listings scraped: 0
[13:21:20] [INFO]   Whitworth University-Adult Degree Programs WA listings scraped: 0
[13:21:20] [INFO]   Everett Community College WA listings scraped: 0
[13:21:20] [INFO]   Davenport University MI listings scraped: 1
[13:21:20] [INFO]   Whitworth University WA listings scraped: 0
[13:21:20] [INFO]   Whitworth University WA listings scraped: 0
[13:21:20] [INFO]   Oregon State University OR listings scraped: 260
[13:21:20] [INFO]   Big Bend Community College WA listings scraped: 9
[13:21:20] [INFO]   Pratt Institute NY listings scraped: 1
[13:21:20] [INFO]   Delta College MI listings scraped: 0
[13:21:20] [INFO]   Bastyr University WA listings scraped: 1
[13:21:20] [INFO]   Bates Technical College WA listings scraped: 1
[13:21:20] [INFO]   Ecumenical Theological Seminary MI listings scraped: 0
[13:21:20] [INFO]   Manhattan University NY listings scraped: 8
[13:21:20] [INFO]   Ferris State University MI listings scraped: 1
[13:21:20] [INFO]   Iona University NY listings scraped: 6
[13:21:20] [INFO]   CUNY jobs extracted from listing: 76
[13:21:20] [INFO]   CUNY jobs after filtering: 52
[13:21:20] [INFO]   Fetching CUNY job descriptions (JS-rendered pages)...
[13:21:20] [INFO]     Fetching CUNY descriptions batch 1/13...
[13:21:20] [INFO]   Associated Beth Rivkah Schools NY listings scraped: 0
[13:21:20] [INFO]   Yeshiva University NY listings scraped: 18
[13:21:20] [INFO]   Belanger School of Nursing NY listings scraped: 0
[13:21:20] [INFO]     Fetching CUNY descriptions batch 2/13...
[13:21:20] [INFO]   Elmezzi Graduate School of Molecular Medicine NY listings scraped: 0
[13:21:20] [INFO]   Seattle University WA listings scraped: 0
[13:21:20] [INFO]   Seattle University WA listings scraped: 0
[13:21:20] [INFO]   Samaritan Hospital School of Nursing NY listings scraped: 0
[13:21:20] [INFO]     Fetching CUNY descriptions batch 3/13...
[13:21:20] [INFO]   Bates College ME listings scraped: 1
[13:21:20] [INFO]   Colby College ME listings scraped: 0
[13:21:20] [INFO]   St. Peter's Hospital College of Nursing NY listings scraped: 0
[13:21:20] [INFO]   CVPH Medical Center School of Radiologic Technology NY listings scraped: 0
[13:21:20] [INFO]   Bowdoin College ME listings scraped: 0
[13:21:20] [INFO]   University of Maine System ME listings scraped (REST): 22
[13:21:20] [INFO]     Fetching CUNY descriptions batch 4/13...
[13:21:20] [INFO]   Mesivta Torah Vodaath Rabbinical Seminary NY listings scraped: 0
[13:21:20] [INFO]   St. John's University NY SilkRoad listings scraped: 2
[13:21:20] [INFO]   Central Maine Community College ME listings scraped: 0
[13:21:20] [INFO]   Montefiore School of Nursing NY listings scraped: 0
[13:21:20] [INFO]   Memorial Hospital School of Radiation Therapy Technology NY listings scraped: 1
[13:21:20] [INFO]   Maine Media College ME listings scraped: 0
[13:21:20] [INFO]     Fetching CUNY descriptions batch 5/13...
[13:21:20] [INFO]   Eastern Maine Community College ME listings scraped: 0
[13:21:20] [INFO]   College of the Atlantic ME listings scraped: 0
[13:21:20] [INFO]   University of New Hampshire System NH listings scraped: 5 (API)
[13:21:20] [INFO]   The Ailey School NY listings scraped: 1
[13:21:20] [INFO]   School of Professional Horticulture, New York Botanical Garden NY listings scraped: 0
[13:21:20] [INFO]     Fetching CUNY descriptions batch 6/13...
[13:21:20] [INFO]   Pomeroy College of Nursing at Crouse Hospital NY listings scraped: 0
[13:21:20] [INFO]   Albany College of Pharmacy and Health Sciences NY listings scraped: 0
[13:21:20] [INFO]   Saint Anselm College NH listings scraped: 0
[13:21:20] [INFO]     Fetching CUNY descriptions batch 7/13...
[13:21:20] [INFO]   Portland State University OR listings scraped: 19
[13:21:20] [INFO]   Albany Medical College NY listings scraped: 0
[13:21:20] [INFO]   Academy for Jewish Religion NY listings scraped: 0
[13:21:20] [INFO]   Albert Einstein College of Medicine NY listings scraped: 0
[13:21:20] [INFO]   Albany Law School NY listings scraped: 0
[13:21:20] [INFO]     Fetching CUNY descriptions batch 8/13...
[13:21:20] [INFO]   Alfred University NY listings scraped: 0
[13:21:20] [INFO]   Bennington College VT listings scraped: 0
[13:21:20] [INFO]   American Musical and Dramatic Academy NY listings scraped: 0
[13:21:20] [INFO]   University of Vermont VT listings scraped: 43
[13:21:20] [INFO]   Champlain College VT listings scraped: 0
[13:21:20] [INFO]   American Academy of Dramatic Arts-New York NY listings scraped: 0
[13:21:20] [INFO]     Fetching CUNY descriptions batch 9/13...
[13:21:20] [INFO]   Dartmouth College NH listings scraped: 143
[13:21:20] [INFO]   Minnesota State System MN: API failed, falling back to browser
[13:21:20] [INFO]   Bard College NY listings scraped: 1
[13:21:20] [INFO]   Carleton College MN listings scraped: 3 (API)
[13:21:20] [INFO]   Barnard College NY listings scraped: 2
[13:21:20] [INFO]   Community College of Vermont VT listings scraped: 0
[13:21:20] [INFO]   Be'er Yaakov Talmudic Seminary NY listings scraped: 0
[13:21:20] [INFO]     Fetching CUNY descriptions batch 10/13...
[13:21:20] [INFO]   Macalester College MN listings scraped: 1
[13:21:20] [INFO]   Hazelden Betty Ford Graduate School MN listings scraped: 0
[13:21:20] [INFO]   Binghamton University NY listings scraped: 0
[13:21:20] [INFO]   Beth Hamedrash Shaarei Yosher Institute NY listings scraped: 0
[13:21:20] [INFO]   Boricua College NY listings scraped: 0
[13:21:20] [INFO]     Fetching CUNY descriptions batch 11/13...
[13:21:20] [INFO]   Bank Street College of Education NY listings scraped: 0
[13:21:20] [INFO]   Alexandria Technical & Community College MN listings scraped: 0
[13:21:20] [INFO]   Brooklyn Law School NY listings scraped: 0
[13:21:20] [INFO]   Adler Graduate School MN listings scraped: 0
[13:21:20] [INFO]     Fetching CUNY descriptions batch 12/13...
[13:21:20] [INFO]   Bryant & Stratton College-Albany NY listings scraped: 0
[13:21:20] [INFO]   Anoka Technical College MN listings scraped: 0
[13:21:20] [INFO]   Anoka-Ramsey Community College MN listings scraped: 0
[13:21:20] [INFO]     Fetching CUNY descriptions batch 13/13...
[13:21:20] [INFO]   CUNY jobs with descriptions: 52/52
[13:21:20] [INFO]   Bryant & Stratton College-Buffalo NY listings scraped: 0
[13:21:20] [INFO]   Augsburg University MN listings scraped: 0
[13:21:20] [INFO]   Bryant & Stratton College-Greece NY listings scraped: 0
[13:21:20] [INFO]   Bemidji State University MN listings scraped: 0
[13:21:20] [INFO]   Bryant & Stratton College-Online NY listings scraped: 0
[13:21:20] [INFO]   Canisius University NY listings scraped: 2
[13:21:20] [INFO]   Bethany Global University MN listings scraped: 0
[13:21:20] [INFO]   Cayuga County Community College NY listings scraped: 0
[13:21:20] [INFO]   Bethany Lutheran College MN listings scraped: 0
[13:21:20] [INFO]   Bryant & Stratton College-Syracuse North NY listings scraped: 0
[13:21:20] [INFO]   Central Yeshiva Tomchei Tmimim Lubavitz NY listings scraped: 0
[13:21:20] [INFO]   Clarkson University NY listings scraped: 1
[13:21:20] [INFO]   Clinton Community College NY listings scraped: 0
[13:21:20] [INFO]   Bethlehem College & Seminary MN listings scraped: 0
[13:21:20] [INFO]   Colgate Rochester Crozer Divinity School NY listings scraped: 0
[13:21:20] [INFO]   Colgate University NY listings scraped: 0
[13:21:20] [INFO]   College of Staten Island CUNY NY listings scraped: 2
[13:21:20] [INFO]   Columbia University in the City of New York NY listings scraped: 3
[13:21:20] [INFO]   Minnesota State System MN listings scraped: 0
[13:21:20] [INFO]   Culinary Institute of America NY listings scraped: 0
[13:21:20] [INFO]   Columbia-Greene Community College NY listings scraped: 0
[13:21:20] [INFO]   CUNY Bernard M Baruch College NY listings scraped: 0
[13:21:20] [INFO]   Concordia College at Moorhead MN listings scraped: 0
[13:21:20] [INFO]   Central Lakes College-Brainerd MN listings scraped: 0
[13:21:20] [INFO]   College of Saint Benedict MN listings scraped: 0
[13:21:20] [INFO]   CUNY Bronx Community College NY listings scraped: 0
[13:21:20] [INFO]   CUNY Brooklyn College NY listings scraped: 0
[13:21:20] [INFO]   CUNY City College NY listings scraped: 0
[13:21:20] [INFO]   Saint Michael's College VT listings scraped (DOM): 3
[13:21:20] [INFO]   Concordia University-Saint Paul MN listings scraped: 0
[13:21:20] [INFO]   North Dakota State University ND listings scraped: 6
[13:21:20] [INFO]   Crown College MN listings scraped: 0
[13:21:20] [INFO]   CUNY Graduate School and University Center NY listings scraped: 0
[13:21:20] [INFO]   University of Mary ND listings scraped: 0
[13:21:20] [INFO]   University of North Dakota ND listings scraped: 2
[13:21:20] [INFO]   Dakota County Technical College MN listings scraped: 4
[13:21:20] [INFO]   University of Jamestown ND listings scraped: 0
[13:21:20] [INFO]   CUNY Hunter College NY listings scraped: 0
[13:21:20] [INFO]   Bismarck State College ND listings scraped: 1
[13:21:20] [INFO]   CUNY John Jay College of Criminal Justice NY listings scraped: 1
[13:21:20] [INFO]   Fond du Lac Tribal and Community College MN listings scraped: 1
[13:21:20] [INFO]   ↪️  Dunwoody College of Technology: generic page hands off to workday
[13:21:20] [INFO]   Dunwoody College of Technology MN: API failed, falling back to browser
[13:21:20] [INFO]   CUNY Kingsborough Community College NY listings scraped: 0
[13:21:20] [INFO]   Dickinson State University ND listings scraped: 0
[13:21:20] [INFO]   Cankdeska Cikana Community College ND listings scraped: 0
[13:21:20] [INFO]   CUNY LaGuardia Community College NY listings scraped: 0
[13:21:20] [INFO]   Dakota College at Bottineau ND listings scraped: 0
[13:21:20] [INFO]   CUNY Borough of Manhattan Community College NY listings scraped: 0
[13:21:20] [INFO]   Augustana University SD listings scraped: 0 (Workday search API)
[13:21:20] [INFO]   CUNY Medgar Evers College NY listings scraped: 0
[13:21:20] [INFO]   University of Minnesota MN listings scraped: 0
[13:21:20] [INFO]   University of Sioux Falls SD listings scraped: 0
[13:21:20] [INFO]   Black Hills State University SD listings scraped: 0
[13:21:20] [INFO]   CUNY Lehman College NY listings scraped: 0
[13:21:20] [INFO]   CUNY New York City College of Technology NY listings scraped: 0
[13:21:20] [INFO]   University of Michigan MI listings scraped: 225
[13:21:20] [INFO]   Dakota Wesleyan University SD listings scraped: 0
[13:21:20] [INFO]   University of Nebraska Omaha NE listings scraped: 13
[13:21:20] [INFO]   University of Nebraska Medical Center NE listings scraped: 0
[13:21:20] [INFO]   CUNY School of Law NY listings scraped: 2
[13:21:20] [INFO]   CUNY Queensborough Community College NY listings scraped: 0
[13:21:20] [INFO]   Creighton University NE listings scraped: 1
[13:21:20] [INFO]   CUNY Stella and Charles Guttman Community College NY listings scraped: 0
[13:21:20] [INFO]   CUNY Queens College NY listings scraped: 1
[13:21:20] [INFO]   Doane University NE listings scraped: 0
[13:21:20] [INFO]   Nebraska Wesleyan University NE listings scraped: 0
[13:21:20] [INFO]   South Dakota Board of Regents SD listings scraped: 40
[13:21:20] [INFO]   CUNY York College NY listings scraped: 0
[13:21:20] [INFO]   Bryan College of Health Sciences NE listings scraped: 0
[13:21:20] [INFO]   CUNY System Office NY listings scraped: 1
[13:21:20] [INFO]   D'Youville University NY listings scraped: 0
[13:21:20] [INFO]   Iowa State University IA listings scraped: 5 (API)
[13:21:20] [INFO]   Daemen University NY listings scraped: 0
[13:21:20] [INFO]   CHI Health School of Radiologic Technology NE listings scraped: 0
[13:21:20] [INFO]   Drake University IA listings scraped: 5
[13:21:20] [INFO]   University of Iowa IA listings scraped: 6
[13:21:20] [INFO]   Grinnell College IA listings scraped: 5
[13:21:20] [INFO]   University of Northern Iowa IA listings scraped: 1 (API)
[13:21:20] [INFO]   Dominican University New York NY listings scraped: 0
[13:21:20] [INFO]   Central Community College NE listings scraped: 0
[13:21:20] [INFO]   Bellevue University NE listings scraped: 0
[13:21:20] [INFO]   Elim Bible Institute and College NY listings scraped: 0
[13:21:20] [INFO]   Mercy-St Luke's School of Radiologic Technology IA listings scraped: 0
[13:21:20] [INFO]   Dutchess Community College NY listings scraped: 0
[13:21:20] [INFO]   UnityPoint Health-Des Moines School of Radiologic Technology IA listings scraped: 0
[13:21:20] [INFO]   Allen College IA listings scraped: 0
[13:21:20] [INFO]   College of Saint Mary NE listings scraped: 0
[13:21:20] [INFO]   Clarkson College NE listings scraped: 0
[13:21:20] [INFO]   Chadron State College NE listings scraped: 1
[13:21:20] [INFO]   University of Nebraska-Lincoln NE listings scraped: 165
[13:21:20] [INFO]   Empire State University NY listings scraped: 0
[13:21:20] [INFO]   Luther College IA listings scraped: 0
[13:21:20] [INFO]   ↪️  Erie Community College: generic page hands off to workday
[13:21:20] [INFO]   Erie Community College NY: Could not parse Workday URL, falling back to browser
[13:21:20] [INFO]   Briar Cliff University IA listings scraped: 0
[13:21:20] [INFO]   Elyon College NY listings scraped: 0
[13:21:20] [INFO]   Buena Vista University IA listings scraped: 0
[13:21:20] [INFO]   Dunwoody College of Technology MN listings scraped: 0
[13:21:20] [INFO]   Dunwoody College of Technology MN listings scraped: 0
[13:21:20] [INFO]   Concordia University-Nebraska NE listings scraped: 0
[13:21:20] [INFO]   Elmira College NY listings scraped: 0
[13:21:20] [INFO]   UW-Milwaukee WI listings scraped: 3 (API)
[13:21:20] [INFO]   UW System Comprehensives WI listings scraped: 2 (API)
[13:21:20] [INFO]   UW-Madison WI listings scraped: 6 (API)
[13:21:20] [INFO]   Clarke University IA listings scraped: 0
[13:21:20] [INFO]   Farmingdale State College NY listings scraped: 0
[13:21:20] [INFO]   Central College IA listings scraped: 0
[13:21:20] [INFO]   Central Wyoming College WY listings scraped: 1
[13:21:20] [INFO]   Coe College IA listings scraped: 0
[13:21:20] [INFO]   Wyoming Catholic College WY listings scraped: 0
[13:21:20] [INFO]   Fashion Institute of Technology NY listings scraped: 2
[13:21:20] [INFO]   ↪️  Lawrence University: generic page hands off to peopleadmin
[13:21:20] [INFO]   Cornell College IA listings scraped: 0
[13:21:20] [INFO]   Des Moines Area Community College IA listings scraped: 0
[13:21:20] [INFO]   ↪️  Casper College: generic page hands off to schooljobs
[13:21:20] [INFO]   Alverno College WI listings scraped: 0
[13:21:20] [INFO]   Finger Lakes Community College NY listings scraped: 0
[13:21:20] [INFO]   University of Wyoming WY listings scraped (REST): 25
[13:21:20] [INFO]   Marquette University WI listings scraped: 83
[13:21:20] [INFO]   Des Moines University-Osteopathic Medical Center IA listings scraped: 0
[13:21:20] [INFO]   Excelsior University NY listings scraped: 0
[13:21:20] [INFO]   Lawrence University WI listings scraped: 0
[13:21:20] [INFO]   Lawrence University WI listings scraped: 0
[13:21:20] [INFO]   St. Norbert College WI listings scraped: 0
[13:21:20] [INFO]   Divine Word College IA listings scraped: 0
[13:21:20] [INFO]   Dordt University IA listings scraped: 0
[13:21:20] [INFO]   Eastern Wyoming College WY listings scraped: 0
[13:21:20] [INFO]   Casper College WY listings scraped: 2
[13:21:20] [INFO]   Eastern Iowa Community College District IA listings scraped: 0
[13:21:20] [INFO]   Bellin College WI listings scraped: 2
[13:21:20] [INFO]   Finger Lakes Health College of Nursing & Health Sciences NY listings scraped: 0
[13:21:20] [INFO]   Ellsworth Community College IA listings scraped: 0
[13:21:20] [INFO]   University of Montana MT listings scraped: 7
[13:21:20] [INFO]   ↪️  Blackhawk Technical College: generic page hands off to icims
[13:21:20] [INFO]   Bryant & Stratton College-Wauwatosa WI listings scraped: 0
[13:21:20] [INFO]   Emmaus Bible College IA listings scraped: 0
[13:21:20] [INFO]   Faith Baptist Bible College and Theological Seminary IA listings scraped: 0
[13:21:20] [INFO]   Carroll College MT listings scraped: 0
[13:21:20] [INFO]   Carthage College WI listings scraped: 0
[13:21:20] [INFO]   Carroll University WI listings scraped: 0
[13:21:20] [INFO]   Aaniiih Nakoda College MT listings scraped: 6
[13:21:20] [INFO]   Blackhawk Technical College WI listings scraped: 0
[13:21:20] [INFO]   Blackhawk Technical College WI listings scraped: 0
[13:21:20] [INFO]   ↪️  Chippewa Valley Technical College: generic page hands off to icims
[13:21:20] [INFO]   Rocky Mountain College MT listings scraped: 0
[13:21:20] [INFO]   Montana State University MT listings scraped: 100
[13:21:20] [INFO]   Concordia University-Wisconsin WI listings scraped: 0
[13:21:20] [INFO]   College of Menominee Nation WI listings scraped: 0
[13:21:20] [INFO]   Edgewood College WI listings scraped: 1
[13:21:20] [INFO]   Chippewa Valley Technical College WI listings scraped: 0
[13:21:20] [INFO]   Chippewa Valley Technical College WI listings scraped: 0
[13:21:20] [INFO]   CU Anschutz CO Taleo listings scraped: 4
[13:21:20] [INFO]   CU Denver CO Taleo listings scraped: 4
[13:21:20] [INFO]   UCCS CO Taleo listings scraped: 4
[13:21:20] [INFO]   CU Boulder CO listings scraped: 0
[13:21:20] [INFO]   Blackfeet Community College MT listings scraped: 0
[13:21:20] [INFO]   Chief Dull Knife College MT listings scraped: 0
[13:21:20] [INFO]   Colorado State University CO listings scraped: 4 (API)
[13:21:20] [INFO]   Colorado School of Mines CO listings scraped: 8 (API)
[13:21:20] [INFO]   Fox Valley Technical College WI listings scraped: 0
[13:21:20] [INFO]   University of Toledo OH: API failed, falling back to browser
[13:21:20] [INFO]   Erie Community College NY listings scraped: 0
[13:21:20] [INFO]   Erie Community College NY listings scraped: 0
[13:21:20] [INFO]   Ohio State University OH listings scraped: 37 (API)
[13:21:20] [INFO]   Dawson Community College MT listings scraped: 0
[13:21:20] [INFO]   Fort Peck Community College MT listings scraped: 0
[13:21:20] [INFO]   ↪️  Adams State University: generic page hands off to workday
[13:21:20] [INFO]   ↪️  Kent State University: generic page hands off to pageup
[13:21:20] [INFO]   Aims Community College CO listings scraped: 0
[13:21:20] [INFO]   Adams State University CO listings scraped: 5 (API)
[13:21:20] [INFO]   ↪️  New Mexico State University: generic page hands off to pageup
[13:21:20] [INFO]   Kent State University OH listings scraped: 0
[13:21:20] [INFO]   Kent State University OH listings scraped: 0
[13:21:20] [INFO]   ↪️  Central New Mexico Community College: generic page hands off to workday
[13:21:20] [INFO]   Ohio University OH listings scraped: 40
[13:21:20] [INFO]   Arapahoe Community College CO listings scraped: 1
[13:21:20] [INFO]   Central New Mexico Community College NM listings scraped: 2 (API)
[13:21:20] [INFO]   New Mexico State University NM listings scraped: 0
[13:21:20] [INFO]   New Mexico State University NM listings scraped: 0
[13:21:20] [INFO]   Cleveland State University OH listings scraped: 56
[13:21:20] [INFO]   Colorado Christian University CO listings scraped: 2
[13:21:20] [INFO]   Wright State University OH listings scraped: 0
[13:21:20] [INFO]   University of Denver CO listings scraped: 3
[13:21:20] [INFO]   Colorado Mesa University CO listings scraped: 0
[13:21:20] [INFO]   Eastern New Mexico University Ruidoso Branch Community College NM listings scraped: 0
[13:21:20] [INFO]   University of Cincinnati OH listings scraped: 0
[13:21:20] [INFO]   Casa Loma College - Aurora CO listings scraped: 0
[13:21:20] [INFO]   Case Western Reserve University OH listings scraped: 0
[13:21:20] [INFO]   Eastern New Mexico University-Roswell Campus NM listings scraped: 1
[13:21:20] [INFO]   Eastern New Mexico University-Main Campus NM listings scraped: 1
[13:21:20] [INFO]   University of Dayton OH listings scraped: 1
[13:21:20] [INFO]   Colorado Northwestern Community College CO listings scraped: 0
[13:21:20] [INFO]   Flathead Valley Community College MT listings scraped: 1
[13:21:20] [INFO]   Colorado Mountain College CO listings scraped: 0
[13:21:20] [INFO]   Colorado State University Pueblo CO listings scraped: 0
[13:21:20] [INFO]   Denison University OH listings scraped: 0
[13:21:20] [INFO]   Nevada State University NV listings scraped: 4 (API)
[13:21:20] [INFO]   Oberlin College OH listings scraped: 58
[13:21:20] [INFO]   University of Nevada, Las Vegas NV listings scraped: 56 (API)
[13:21:20] [INFO]   University of Nevada, Reno NV listings scraped: 16 (API)
[13:21:20] [INFO]   Kenyon College OH listings scraped: 0
[13:21:20] [INFO]   Colorado State University Global CO listings scraped: 0
[13:21:20] [INFO]   College of Southern Nevada NV listings scraped: 0
[13:21:20] [INFO]   Kent State University at East Liverpool OH listings scraped: 0
[13:21:20] [INFO]   Kent State University at Ashtabula OH listings scraped: 0
[13:21:20] [INFO]   Colorado State University-System Office CO listings scraped: 1
[13:21:20] [INFO]   Cleveland Clinic Health System-School of Diagnostic Imaging OH listings scraped: 0
[13:21:20] [INFO]   ↪️  Community College of Denver: generic page hands off to schooljobs
[13:21:20] [INFO]   Community College of Aurora CO listings scraped: 0
[13:21:20] [INFO]   Weber State University UT listings scraped: 11
[13:21:20] [INFO]   Kent State University at Geauga OH listings scraped: 0
[13:21:20] [INFO]   Kent State University at Stark OH listings scraped: 0
[13:21:20] [INFO]   Kent State University at Salem OH listings scraped: 0
[13:21:20] [INFO]   Utah Tech University UT listings scraped: 2
[13:21:20] [INFO]   Denver Seminary CO listings scraped: 1
[13:21:20] [INFO]   Community College of Denver CO listings scraped: 0
[13:21:20] [INFO]   Community College of Denver CO listings scraped: 0
[13:21:20] [INFO]   ↪️  Fort Lewis College: generic page hands off to workday
[13:21:20] [INFO]   Front Range Community College CO listings scraped: 0
[13:21:20] [INFO]   Southern Utah University UT listings scraped: 2
[13:21:20] [INFO]   Utah Valley University UT listings scraped: 0
[13:21:20] [INFO]   Fort Lewis College CO listings scraped: 0 (API)
[13:21:20] [INFO]   Fort Lewis College CO listings scraped: 0
[13:21:20] [INFO]   Kent State University at Trumbull OH listings scraped: 0
[13:21:20] [INFO]   Kent State University at Tuscarawas OH listings scraped: 0
[13:21:20] [INFO]   Utah State University UT listings scraped: 0
[13:21:20] [INFO]   University of Idaho ID listings scraped: 27
[13:21:20] [INFO]   Lewis-Clark State College ID listings scraped: 3
[13:21:20] [INFO]   Miami University-Middletown OH listings scraped: 2
[13:21:20] [INFO]   Miami University-Hamilton OH listings scraped: 2
[13:21:20] [INFO]   Brigham Young University UT listings scraped: 1
[13:21:20] [INFO]   University of Toledo OH listings scraped: 0
[13:21:20] [INFO]   Ohio University-Chillicothe Campus OH listings scraped: 0
[13:21:20] [INFO]   Ensign College UT listings scraped: 0
[13:21:20] [INFO]   Boise Bible College ID listings scraped: 0
[13:21:20] [INFO]   The College of Idaho ID listings scraped: 0
[13:21:20] [INFO]   Westminster University (Utah) UT listings scraped: 2
[13:21:20] [INFO]   Ohio University-Eastern Campus OH listings scraped: 0
[13:21:20] [INFO]   Ohio University-Lancaster Campus OH listings scraped: 0
[13:21:20] [INFO]   Ohio University-Zanesville Campus OH listings scraped: 0
[13:21:20] [INFO]   Ohio University-Southern Campus OH listings scraped: 0
[13:21:20] [INFO]   Firelands Regional Medical Center School of Nursing OH listings scraped: 0
[13:21:20] [INFO]   Brigham Young University-Idaho ID listings scraped: 0
[13:21:20] [INFO]   ↪️  College of Eastern Idaho: generic page hands off to schooljobs
[13:21:20] [INFO]   Remington College-Cleveland Campus OH listings scraped: 0
[13:21:20] [INFO]   Rabbinical College Telshe OH listings scraped: 0
[13:21:20] [INFO]   College of Eastern Idaho ID listings scraped: 2
[13:21:20] [INFO]   Toledo Public Schools Adult and Continuing Education OH listings scraped: 0
[13:21:20] [INFO]   Air Force Institute of Technology-Graduate School of Engineering & Management OH listings scraped: 0
[13:21:20] [INFO]   College of Southern Idaho ID listings scraped: 0
[13:21:20] [INFO]   Idaho State University ID listings scraped: 18
[13:21:20] [INFO]   College of Western Idaho ID listings scraped: 0
[13:21:20] [INFO]   Allegheny Wesleyan College OH listings scraped: 0
[13:21:20] [INFO]   Antioch University OH listings scraped: 0
[13:21:20] [INFO]   Antioch University-System Administration OH listings scraped: 0
[13:21:20] [INFO]   Northwest Nazarene University ID listings scraped: 0
[13:21:20] [INFO]   Ashland University OH listings scraped: 0
[13:21:20] [INFO]   Athenaeum of Ohio OH listings scraped: 0
[13:21:20] [INFO]   Indiana State University IN listings scraped: 7
[13:21:20] [INFO]   Ball State University IN listings scraped: 0
[13:21:20] [INFO]   Art Academy of Cincinnati OH listings scraped: 0
[13:21:20] [INFO]   Butler University IN: API failed, falling back to browser
[13:21:20] [INFO]   Aultman College of Nursing and Health Sciences OH listings scraped: 0
[13:21:20] [INFO]   University of Southern Indiana IN listings scraped: 0
[13:21:20] [INFO]   Baldwin Wallace University OH listings scraped: 0
[13:21:20] [INFO]   DePauw University IN listings scraped: 0 (API)
[13:21:20] [INFO]   Purdue University IN listings scraped: 0
[13:21:20] [INFO]   Antioch College OH listings scraped: 1
[13:21:20] [INFO]   Bluffton University OH listings scraped: 2
[13:21:20] [INFO]   Indiana University IN listings scraped: 109
[13:21:20] [INFO]   Bowling Green State University-Firelands OH listings scraped: 1
[13:21:20] [INFO]   University of Utah UT listings scraped: 368
[13:21:20] [INFO]   Belmont College OH listings scraped: 0
[13:21:20] [INFO]   Wabash College IN listings scraped: 0
[13:21:20] [INFO]   ↪️  Bowling Green State University-Main Campus: generic page hands off to schooljobs
[13:21:20] [INFO]   Marian University-Ancilla IN listings scraped: 0
[13:21:20] [INFO]   Capital University OH listings scraped: 0
[13:21:20] [INFO]   Bowling Green State University-Main Campus OH listings scraped: 0
[13:21:20] [INFO]   Bowling Green State University-Main Campus OH listings scraped: 0
[13:21:20] [INFO]   University of New Mexico NM listings scraped: 58
[13:21:20] [INFO]   Bryant & Stratton College-Parma OH listings scraped: 0
[13:21:20] [INFO]   Trine University-Regional/Non-Traditional Campuses IN listings scraped: 10
[13:21:20] [INFO]   University of Charleston WV listings scraped: 0
[13:21:20] [INFO]   Cedarville University OH listings scraped: 0
[13:21:20] [INFO]   West Virginia State University WV listings scraped: 1
[13:21:20] [INFO]   Georgia State University GA listings scraped: 25
[13:21:20] [INFO]   Central State University OH listings scraped: 0
[13:21:20] [INFO]   Central Ohio Technical College OH listings scraped: 0
[13:21:20] [INFO]   Marshall University WV listings scraped: 103
[13:21:20] [INFO]   Anabaptist Mennonite Biblical Seminary IN listings scraped: 0
[13:21:20] [INFO]   Spelman College GA listings scraped: 3
[13:21:20] [INFO]   Cincinnati College of Mortuary Science OH listings scraped: 0
[13:21:20] [INFO]   Bethany Theological Seminary IN listings scraped: 0
[13:21:20] [INFO]   University of North Georgia GA listings scraped: 0
[13:21:20] [INFO]   West Virginia Wesleyan College WV listings scraped: 0
[13:21:20] [INFO]   West Virginia University WV Taleo listings scraped: 13
[13:21:20] [INFO]   Cincinnati State Technical and Community College OH listings scraped: 0
[13:21:20] [INFO]   Earlham College IN listings scraped: 0
[13:21:20] [INFO]   Mercer County Technical Education Center WV listings scraped: 0
[13:21:20] [INFO]   Clark State College OH listings scraped: 0
[13:21:20] [INFO]   Abraham Baldwin Agricultural College GA listings scraped: 0
[13:21:20] [INFO]   Cleveland Institute of Music OH listings scraped: 0
[13:21:20] [INFO]   Calumet College of Saint Joseph IN listings scraped: 0
[13:21:20] [INFO]   University of Georgia GA listings scraped: 106
[13:21:20] [INFO]   Cleveland Institute of Art OH listings scraped: 0
[13:21:20] [INFO]   Appalachian Bible College WV listings scraped: 0
[13:21:20] [INFO]   Collins Career Technical Center OH listings scraped: 0
[13:21:20] [INFO]   Agnes Scott College GA listings scraped: 0
[13:21:20] [INFO]   Albany State University GA listings scraped: 0
[13:21:20] [INFO]   Columbus College of Art & Design OH listings scraped: 0
[13:21:20] [INFO]   Christian Theological Seminary IN listings scraped: 0
[13:21:20] [INFO]   West Virginia University Hospital Departments of Rad Tech and Nutrition WV listings scraped: 0
[13:21:20] [INFO]   Bethany College (WV) WV listings scraped: 0
[13:21:20] [INFO]   Franklin College IN listings scraped: 1
[13:21:20] [INFO]   ↪️  Cuyahoga Community College District: generic page hands off to csod
[13:21:20] [INFO]   Columbus State Community College OH listings scraped: 0
[13:21:20] [INFO]   Albany Technical College GA listings scraped: 0
[13:21:20] [INFO]   Bluefield State University WV listings scraped: 1
[13:21:20] [INFO]   Athens Technical College GA listings scraped: 1
[13:21:20] [INFO]   BridgeValley Community & Technical College WV listings scraped: 0
[13:21:20] [INFO]   Andrew College GA listings scraped: 0
[13:21:20] [INFO]   Defiance College OH listings scraped: 1
[13:21:20] [INFO]   Bethany College WV listings scraped: 0
[13:21:20] [INFO]   Edison State Community College OH listings scraped: 0
[13:21:20] [INFO]   Eastern Gateway Community College OH listings scraped: 0
[13:21:20] [INFO]   Atlanta Metropolitan State College GA listings scraped: 0
[13:21:20] [INFO]   Concord University WV listings scraped: 1
[13:21:20] [INFO]   Butler University IN listings scraped: 0
[13:21:20] [INFO]   Catholic International University WV listings scraped: 0
[13:21:20] [INFO]   Concordia Theological Seminary IN listings scraped: 0
[13:21:20] [INFO]   Augusta Technical College GA listings scraped: 0
[13:21:20] [INFO]   Atlanta's John Marshall Law School GA listings scraped: 3
[13:21:20] [INFO]   ↪️  Atlanta Technical College: generic page hands off to taleo
[13:21:20] [INFO]   Davis & Elkins College WV listings scraped: 0
[13:21:20] [INFO]   Fairmont State University WV listings scraped: 0
[13:21:20] [INFO]   Auburn University AL listings scraped: 0
[13:21:20] [INFO]   Franklin University OH listings scraped: 0
[13:21:20] [INFO]   ↪️  University of Alabama: generic page hands off to pageup
[13:21:20] [INFO]   University of South Alabama AL listings scraped: 16
[13:21:20] [INFO]   Eastern West Virginia Community and Technical College WV listings scraped: 0
[13:21:20] [INFO]   Blue Ridge Community and Technical College WV listings scraped: 0
[13:21:20] [INFO]   Augusta University GA listings scraped: 1
[13:21:20] [INFO]   Berry College GA listings scraped: 1
[13:21:20] [INFO]   University of Alabama AL listings scraped: 0
[13:21:20] [INFO]   University of Alabama AL listings scraped: 0
[13:21:20] [INFO]   Franciscan University of Steubenville OH listings scraped: 0
[13:21:20] [INFO]   Fred W Eberle Technical Center WV listings scraped: 0
[13:21:20] [INFO]   University of Mississippi MS listings scraped: 12 (API)
[13:21:20] [INFO]   Spring Hill College AL listings scraped: 0
[13:21:20] [INFO]   ↪️  Alabama College of Osteopathic Medicine override URL applied
[13:21:20] [INFO]   Remington College-Mobile Campus AL listings scraped: 0
[13:21:20] [INFO]   Cuyahoga Community College District OH listings scraped: 0
[13:21:20] [INFO]   Cuyahoga Community College District OH listings scraped: 0
[13:21:20] [INFO]   Atlanta Technical College GA Taleo listings scraped: 1
[13:21:20] [INFO]   Alabama A & M University AL listings scraped: 0
[13:21:20] [INFO]   Delta State University MS listings scraped: 40
[13:21:20] [INFO]   Brewton-Parker College GA listings scraped: 0
[13:21:20] [INFO]   Mississippi University for Women MS listings scraped: 44
[13:21:20] [INFO]   Louisiana State University LA listings scraped: 34 (API)
[13:21:20] [INFO]   Millsaps College MS listings scraped: 1
[13:21:20] [INFO]   Brenau University GA listings scraped: 0
[13:21:20] [INFO]   Alcorn State University MS listings scraped: 1
[13:21:20] [INFO]   Alabama College of Osteopathic Medicine AL listings scraped: 0
[13:21:20] [INFO]   Alabama State University AL listings scraped: 0
[13:21:20] [INFO]   ↪️  Auburn University at Montgomery override URL applied
[13:21:20] [INFO]   Louisiana Tech University LA listings scraped: 4
[13:21:20] [INFO]   Baton Rouge General Medical Center School of Nursing & School of Radiologic Technology LA listings scraped: 0
[13:21:20] [INFO]   Blue Mountain Christian University MS listings scraped: 0
[13:21:20] [INFO]   Dillard University LA listings scraped: 0
[13:21:20] [INFO]   Chattahoochee Technical College GA listings scraped: 0
[13:21:20] [INFO]   Beulah Heights University GA listings scraped: 0
[13:21:20] [INFO]   Belhaven University MS listings scraped: 0
[13:21:20] [INFO]   Clark Atlanta University GA listings scraped: 0
[13:21:20] [INFO]   Board of Trustees-Mississippi State Institutions of Higher Learning MS listings scraped: 0
[13:21:20] [INFO]   Coahoma Community College MS listings scraped: 0
[13:21:20] [INFO]   Remington College-Baton Rouge Campus LA listings scraped: 0
[13:21:20] [INFO]   Amridge University AL listings scraped: 0
[13:21:20] [INFO]   Central Georgia Technical College GA listings scraped: 0
[13:21:20] [INFO]   Remington College-Lafayette Campus LA listings scraped: 0
[13:21:20] [INFO]   Remington College-Shreveport Campus LA listings scraped: 0
[13:21:20] [INFO]   Athens State University AL listings scraped: 0
[13:21:20] [INFO]   Clayton State University GA listings scraped: 0
[13:21:20] [INFO]   ↪️  Columbia Theological Seminary override URL applied
[13:21:20] [INFO]   Coastal Pines Technical College GA listings scraped: 0
[13:21:20] [INFO]   The Chicago School at Xavier University of Louisiana LA listings scraped: 0
[13:21:20] [INFO]   East Mississippi Community College MS listings scraped: 0
[13:21:20] [INFO]   Baton Rouge Community College LA listings scraped: 1
[13:21:20] [INFO]   Copiah-Lincoln Community College MS listings scraped: 0
[13:21:20] [INFO]   Bossier Parish Community College LA listings scraped: 0
[13:21:20] [INFO]   ↪️  Auburn University at Montgomery: scraped 51 listings via scrapeJibeApi
[13:21:20] [INFO]   East Central Community College MS listings scraped: 0
[13:21:20] [INFO]   Columbia Theological Seminary GA listings scraped: 0
[13:21:20] [INFO]   Bevill State Community College AL listings scraped: 1
[13:21:20] [INFO]   Columbus State University GA listings scraped: 0
[13:21:20] [INFO]   Bridges Christian College LA listings scraped: 0
[13:21:20] [INFO]   University of Arkansas AR listings scraped: 18 (API)
[13:21:20] [INFO]   University of Alabama at Birmingham AL listings scraped: 367
[13:21:20] [INFO]   Bishop State Community College AL listings scraped: 0
[13:21:20] [INFO]   College of Coastal Georgia GA listings scraped: 0
[13:21:20] [INFO]   Central Louisiana Technical Community College LA listings scraped: 0
[13:21:20] [INFO]   College of Athens GA listings scraped: 0
[13:21:20] [INFO]   Cossatot Community College of the University of Arkansas AR listings scraped: 0
[13:21:20] [INFO]   Central Alabama Community College AL listings scraped: 0
[13:21:20] [INFO]   ↪️  Faulkner University override URL applied
[13:21:20] [INFO]   ↪️  University of Arkansas at Little Rock: generic page hands off to workday
[13:21:20] [INFO]   University of Central Arkansas AR listings scraped: 41
[13:21:20] [INFO]   University of Arkansas Hope-Texarkana AR listings scraped: 0
[13:21:20] [INFO]   Covenant College GA listings scraped: 0
[13:21:20] [INFO]   Chattahoochee Valley Community College AL listings scraped: 0
[13:21:20] [INFO]   Coastal Alabama Community College AL listings scraped: 1
[13:21:20] [INFO]   Delgado Community College LA listings scraped: 0
[13:21:20] [INFO]   Enterprise State Community College AL listings scraped: 0
[13:21:20] [INFO]   Arkansas Baptist College AR listings scraped: 0
[13:21:20] [INFO]   Columbus Technical College GA listings scraped: 0
[13:21:20] [INFO]   University of Arkansas at Little Rock AR listings scraped: 0 (API)
[13:21:20] [INFO]   University of Arkansas at Little Rock AR listings scraped: 0
[13:21:20] [INFO]   Faulkner University AL listings scraped: 0
[13:21:20] [INFO]   East Georgia State College GA listings scraped: 0
[13:21:20] [INFO]   Dalton State College GA listings scraped: 0
[13:21:20] [INFO]   Arkansas Northeastern College AR listings scraped: 0
[13:21:20] [INFO]   Centenary College of Louisiana LA listings scraped: 0
[13:21:20] [INFO]   Arkansas Colleges of Health Education AR listings scraped: 0
[13:21:20] [INFO]   Fletcher Technical Community College LA listings scraped: 0
[13:21:20] [INFO]   Emory University GA listings scraped: 0
[13:21:20] [INFO]   ↪️  Arkansas State University: generic page hands off to taleo
[13:21:20] [INFO]   Baker University KS listings scraped: 1
[13:21:20] [INFO]   ↪️  Southwestern College (KS): generic page hands off to paycom
[13:21:20] [INFO]   University of Kansas KS listings scraped: 12
[13:21:20] [INFO]   Kansas State University KS listings scraped: 10
[13:21:20] [INFO]   Franciscan Missionaries of Our Lady University LA listings scraped: 0
[13:21:20] [INFO]   Digital Media Institute LA listings scraped: 0
[13:21:20] [INFO]   Arkansas State University System AR listings scraped: 0
[13:21:20] [INFO]   ↪️  Arkansas State University Three Rivers: generic page hands off to taleo
[13:21:20] [INFO]   ↪️  Emory University-Oxford College: generic page hands off to icims
[13:21:20] [INFO]   Fort Valley State University GA listings scraped: 0
[13:21:20] [INFO]   Autry Technology Center OK listings scraped: 0
[13:21:20] [INFO]   Barclay College KS listings scraped: 0
[13:21:20] [INFO]   Arkansas State University Mid-South AR listings scraped: 0
[13:21:20] [INFO]   ↪️  Oklahoma State University: generic page hands off to pageup
[13:21:20] [INFO]   Cameron University OK listings scraped: 7
[13:21:20] [INFO]   Barton County Community College KS listings scraped: 0
[13:21:20] [INFO]   Allen County Community College KS listings scraped: 0
[13:21:20] [INFO]   Arkansas State University AR Taleo listings scraped: 0
[13:21:20] [INFO]   Arkansas State University AR listings scraped: 0
[13:21:20] [INFO]   Canadian Valley Technology Center OK listings scraped: 1
[13:21:20] [INFO]   Emory University-Oxford College GA listings scraped: 0
[13:21:20] [INFO]   Emory University-Oxford College GA listings scraped: 0
[13:21:20] [INFO]   Arkansas State University-Beebe AR listings scraped: 1
[13:21:20] [INFO]   Oklahoma State University OK listings scraped: 0
[13:21:20] [INFO]   Oklahoma State University OK listings scraped: 0
[13:21:20] [INFO]   Benedictine College KS listings scraped: 4
[13:21:20] [INFO]   ↪️  Arkansas State University-Mountain Home: generic page hands off to taleo
[13:21:20] [INFO]   Arkansas State University Three Rivers AR Taleo listings scraped: 0
[13:21:20] [INFO]   Arkansas State University Three Rivers AR listings scraped: 0
[13:21:20] [INFO]   Washington University in St. Louis MO listings scraped: 6 (API)
[13:21:20] [INFO]   Missouri State University MO listings scraped: 9
[13:21:20] [INFO]   Bethel College-North Newton KS listings scraped: 0
[13:21:20] [INFO]   Butler Community College KS listings scraped: 5
[13:21:20] [INFO]   Arkansas Tech University AR listings scraped: 0
[13:21:20] [INFO]   Missouri University of Science and Technology MO listings scraped: 1
[13:21:20] [INFO]   Drury University-College of Continuing Professional Studies MO listings scraped: 1
[13:21:20] [INFO]   College of the Muscogee Nation OK listings scraped: 0
[13:21:20] [INFO]   Connors State College OK listings scraped: 0
[13:21:20] [INFO]   ↪️  Urshan Graduate School of Theology: generic page hands off to paycom
[13:21:20] [INFO]   Baptist Health College Little Rock AR listings scraped: 0
[13:21:20] [INFO]   Central Christian College of Kansas KS listings scraped: 0
[13:21:20] [INFO]   Carl Albert State College OK listings scraped: 0
[13:21:20] [INFO]   Cleveland University-Kansas City KS listings scraped: 1
[13:21:20] [INFO]   ↪️  Community Care College: generic page hands off to paycom
[13:21:20] [INFO]   Cloud County Community College KS listings scraped: 0
[13:21:20] [INFO]   Aquinas Institute of Theology MO listings scraped: 0
[13:21:20] [INFO]   East Central University OK listings scraped: 0
[13:21:20] [INFO]   Black River Technical College AR listings scraped: 0
[13:21:20] [INFO]   Arkansas State University-Mountain Home AR Taleo listings scraped: 0
[13:21:20] [INFO]   Arkansas State University-Mountain Home AR listings scraped: 0
[13:21:20] [INFO]   Avila University MO listings scraped: 1
[13:21:20] [INFO]   ↪️  Crowley's Ridge College override URL applied
[13:21:20] [INFO]   A T Still University of Health Sciences MO listings scraped: 0
[13:21:20] [INFO]   Coffeyville Community College KS listings scraped: 0
[13:21:20] [INFO]   Arkansas State University-Newport AR listings scraped: 0
[13:21:20] [INFO]   Colby Community College KS listings scraped: 0
[13:21:20] [INFO]   Central Baptist College AR listings scraped: 0
[13:21:20] [INFO]   ↪️  Ecclesia College override URL applied
[13:21:20] [INFO]   Cowley County Community College KS listings scraped: 0
[13:21:20] [INFO]   Family of Faith Christian University OK listings scraped: 0
[13:21:20] [INFO]   Eastern Oklahoma State College OK listings scraped: 0
[13:21:20] [INFO]   Champion Christian College AR listings scraped: 0
[13:21:20] [INFO]   Barnes-Jewish College Goldfarb School of Nursing MO listings scraped: 0
[13:21:20] [INFO]   Urshan Graduate School of Theology MO listings scraped: 2
[13:21:20] [INFO]   East Arkansas Community College AR listings scraped: 3
[13:21:20] [INFO]   Donnelly College KS listings scraped: 0
[13:21:20] [INFO]   Calvary University MO listings scraped: 0
[13:21:20] [INFO]   Community Care College OK listings scraped: 9
[13:21:20] [INFO]   Dodge City Community College KS listings scraped: 0
[13:21:20] [INFO]   Crowley's Ridge College AR listings scraped: 0
[13:21:20] [INFO]   Ecclesia College AR listings scraped: 0
[13:21:20] [INFO]   Emporia State University KS listings scraped: 0
[13:21:20] [INFO]   ↪️  Remington College-Memphis Campus override URL applied
[13:21:20] [INFO]   ↪️  Remington College-Nashville Campus override URL applied
[13:21:20] [INFO]   ↪️  American Baptist College override URL applied
[13:21:20] [INFO]   Central Methodist University-College of Graduate and Extended Studies MO listings scraped: 0
[13:21:20] [INFO]   Central Methodist University-College of Liberal Arts and Sciences MO listings scraped: 0
[13:21:20] [INFO]   Murray State University KY listings scraped: 24
[13:21:20] [INFO]   Central Christian College of the Bible MO listings scraped: 0
[13:21:20] [INFO]   Southwestern College (KS) KS listings scraped: 0
[13:21:20] [INFO]   Southwestern College (KS) KS listings scraped: 0
[13:21:20] [INFO]   Morehead State University KY listings scraped: 33
[13:21:20] [INFO]   Fort Hays State University KS listings scraped: 1
[13:21:20] [INFO]   Flint Hills Technical College KS listings scraped: 0
[13:21:20] [INFO]   Gateway Community and Technical College KY listings scraped: 0
[13:21:20] [INFO]   Hopkinsville Community College KY listings scraped: 0
[13:21:20] [INFO]   Fort Hays State University-Northwest Kansas Technical College KS listings scraped: 1
[13:21:20] [INFO]   Alice Lloyd College KY listings scraped: 0
[13:21:20] [INFO]   ↪️  Remington College-Nashville Campus: scraped 5 listings via scrapeAdpApi
[13:21:20] [INFO]   ↪️  American Baptist College: scraped 1 listings via scrapeAdpApi
[13:21:20] [INFO]   ↪️  Austin Peay State University override URL applied
[13:21:20] [INFO]   ↪️  Baptist Health Sciences University override URL applied
[13:21:20] [INFO]   College of the Ozarks MO listings scraped: 0
[13:21:20] [INFO]   Remington College-Memphis Campus TN listings scraped: 0
[13:21:20] [INFO]   ↪️  Belmont University override URL applied
[13:21:20] [INFO]   Conception Seminary College MO listings scraped: 0
[13:21:20] [INFO]   Fort Hays Tech North Central KS listings scraped: 0
[13:21:20] [INFO]   Ashland Community and Technical College KY listings scraped: 0
[13:21:20] [INFO]   ↪️  Asbury Theological Seminary: generic page hands off to paycom
[13:21:20] [INFO]   City Vision University MO listings scraped: 0
[13:21:20] [INFO]   Asbury University KY listings scraped: 0
[13:21:20] [INFO]   Bolivar Technical College MO listings scraped: 0
[13:21:20] [INFO]   Bellarmine University KY listings scraped: 0
[13:21:20] [INFO]   Friends University KS listings scraped: 0
[13:21:20] [INFO]   Middle Tennessee State University TN listings scraped: 28
[13:21:20] [INFO]   Baptist Health Sciences University TN listings scraped: 1
[13:21:20] [INFO]   Concordia Seminary MO listings scraped: 0
[13:21:20] [INFO]   ↪️  Bethel University override URL applied
[13:21:20] [INFO]   ↪️  Bryan College-Dayton override URL applied
[13:21:20] [INFO]   Berea College KY listings scraped: 0
[13:21:20] [INFO]   Covenant Theological Seminary MO listings scraped: 0
[13:21:20] [INFO]   Big Sandy Community and Technical College KY listings scraped: 0
[13:21:20] [INFO]   ↪️  Austin Peay State University: scraped 4 listings via scrapeOracleCloudApi
[13:21:20] [INFO]   Fort Scott Community College KS listings scraped: 0
[13:21:20] [INFO]   ↪️  Alaska Pacific University override URL applied
[13:21:20] [INFO]   Brescia University KY listings scraped: 2
[13:21:20] [INFO]   Bluegrass Community and Technical College KY listings scraped: 0
[13:21:20] [INFO]   Bryan College-Dayton TN listings scraped: 0
[13:21:20] [INFO]   Asbury Theological Seminary KY listings scraped: 9
[13:21:20] [INFO]   Crowder College MO listings scraped: 0
[13:21:20] [INFO]   ↪️  Chattanooga State Community College override URL applied
[13:21:20] [INFO]   Bethel University TN listings scraped: 6
[13:21:20] [INFO]   ↪️  Christian Brothers University override URL applied
[13:21:20] [INFO]   Cox College MO listings scraped: 0
[13:21:20] [INFO]   Alaska Bible College AK listings scraped: 0
[13:21:20] [INFO]   Alaska Pacific University AK listings scraped: 1
[13:21:20] [INFO]   Culver-Stockton College MO listings scraped: 0
[13:21:20] [INFO]   Cottey College MO listings scraped: 0
[13:21:20] [INFO]   ↪️  Campbellsville University: generic page hands off to workday
[13:21:20] [INFO]   ↪️  Belmont University: scraped 19 listings via scrapeCsodApi
[13:21:20] [INFO]   Carson-Newman University TN listings scraped: 0
[13:21:20] [INFO]   ↪️  Columbia State Community College override URL applied
[13:21:20] [INFO]   Eastern Kentucky University KY listings scraped: 0
[13:21:20] [INFO]   Drury University MO listings scraped: 1
[13:21:20] [INFO]   Chattanooga State Community College TN listings scraped: 5
[13:21:20] [INFO]   Centre College KY listings scraped: 0
[13:21:20] [INFO]   ↪️  Cumberland University override URL applied
[13:21:20] [INFO]   Clear Creek Baptist Bible College KY listings scraped: 0
[13:21:20] [INFO]   Campbellsville University KY listings scraped: 8 (API)
[13:21:20] [INFO]   Christian Brothers University TN listings scraped: 2
[13:21:20] [INFO]   Alaska Christian College AK listings scraped: 0
[13:21:20] [INFO]   University of Alaska System AK listings scraped: 18
[13:21:20] [INFO]   Eden Theological Seminary MO listings scraped: 0
[13:21:20] [INFO]   East Central College MO listings scraped: 0
[13:21:20] [INFO]   ↪️  Cleveland State Community College: generic page hands off to pageup
[13:21:20] [INFO]   Columbia State Community College TN listings scraped: 1
[13:21:20] [INFO]   ↪️  East Tennessee State University override URL applied
[13:21:20] [INFO]   Elizabethtown Community and Technical College KY listings scraped: 0
[13:21:20] [INFO]   Evangel University MO listings scraped: 0
[13:21:20] [INFO]   ↪️  Dyersburg State Community College: generic page hands off to pageup
[13:21:20] [INFO]   Evangel University-College of Online Learning MO listings scraped: 0
[13:21:20] [INFO]   Cleveland State Community College TN listings scraped: 0
[13:21:20] [INFO]   Cleveland State Community College TN listings scraped: 0
[13:21:20] [INFO]   Chaminade University of Honolulu HI listings scraped: 1
[13:21:20] [INFO]   University of Hawaii System HI listings scraped: 10
[13:21:20] [INFO]   Evangel University-James River Assembly of God Church MO listings scraped: 0
[13:21:20] [INFO]   Brigham Young University-Hawaii HI listings scraped: 0
[13:21:20] [INFO]   Texas Tech University TX: API failed, falling back to browser
[13:21:20] [INFO]   Dyersburg State Community College TN listings scraped: 0
[13:21:20] [INFO]   Dyersburg State Community College TN listings scraped: 0
[13:21:20] [INFO]   ↪️  Freed-Hardeman University override URL applied
[13:21:20] [INFO]   Frontier Nursing University KY listings scraped: 0
[13:21:20] [INFO]   University of Texas at Austin TX listings scraped: 1 (API)
[13:21:20] [INFO]   Fontbonne University MO listings scraped: 0
[13:21:21] [INFO]   ↪️  East Tennessee State University: scraped 47 listings via scrapeOracleCloudApi
[13:21:21] [INFO]   Texas A&M University TX listings scraped: 70
[13:21:21] [INFO]   Freed-Hardeman University TN listings scraped: 5
[13:21:21] [INFO]   ↪️  Fisk University: generic page hands off to paycom
[13:21:21] [INFO]   University of Central Florida FL listings scraped: 0
[13:21:21] [INFO]   University of South Florida FL listings scraped (REST): 24
[13:21:21] [INFO]   ↪️  Cumberland University: scraped 7 listings via scrapePaycomApi
[13:21:21] [INFO]   Florida Atlantic University FL listings scraped: 7 (API)
[13:21:21] [INFO]   University of North Florida FL: API failed, falling back to browser
[13:21:21] [INFO]   University of Texas at Arlington TX listings scraped: 88
[13:21:21] [INFO]   University of Texas at Dallas TX listings scraped: 96
[13:21:21] [INFO]   Florida State University FL listings scraped: 4
[13:21:21] [INFO]   University of Miami FL listings scraped: 37 (API)
[13:21:21] [INFO]   Rice University TX listings scraped: 0
[13:21:21] [INFO]   Baylor University TX listings scraped: 17
[13:21:21] [INFO]   Texas Christian University TX: API failed, falling back to browser
[13:21:21] [INFO]   Nova Southeastern University FL listings scraped: 0
[13:21:21] [INFO]   Rollins College FL listings scraped: 0
[13:21:21] [INFO]   Florida International University FL listings scraped: 0
[13:21:21] [INFO]   Eckerd College FL listings scraped: 0
[13:21:21] [INFO]   Stetson University FL listings scraped: 0
[13:21:21] [INFO]   New College of Florida FL listings scraped: 0
[13:21:21] [INFO]   Southern Methodist University TX Taleo listings scraped: 0
[13:21:21] [INFO]   Trinity University TX listings scraped: 5 (API)
[13:21:21] [INFO]   Florida Southern College FL listings scraped: 12
[13:21:21] [INFO]   Jacksonville University FL listings scraped: 0
[13:21:21] [INFO]   Fisk University TN listings scraped: 0
[13:21:21] [INFO]   Fisk University TN listings scraped: 0
[13:21:21] [INFO]   Texas Tech University TX listings scraped: 0
[13:21:21] [INFO]   H W Brewster Technical College FL listings scraped: 0
[13:21:21] [INFO]   Erwin Technical College FL listings scraped: 0
[13:21:21] [INFO]   Abilene Christian University-Undergraduate Online TX listings scraped: 0
[13:21:21] [INFO]   University of North Florida FL listings scraped: 0
[13:21:21] [INFO]   Alamo Community College District Central Office TX listings scraped: 0
[13:21:21] [INFO]   Orange Technical College-East Campus FL listings scraped: 0
[13:21:21] [INFO]   Dallas College TX listings scraped: 0
[13:21:21] [INFO]   Orange Technical College-West Campus FL listings scraped: 0
[13:21:21] [INFO]   Riveroak Technical College FL listings scraped: 0
[13:21:21] [INFO]   Suncoast Technical College FL listings scraped: 0
[13:21:21] [INFO]   Laredo College TX listings scraped: 0
[13:21:21] [INFO]   University of Houston TX listings scraped: 448
[13:21:21] [INFO]   Northeast Lakeview College TX listings scraped: 0
[13:21:21] [INFO]   Academy for Five Element Acupuncture FL listings scraped: 0
[13:21:21] [INFO]   Academy for Nursing and Health Occupations FL listings scraped: 0
[13:21:21] [INFO]   Northwest Vista College TX listings scraped: 0
[13:21:21] [INFO]   Palo Alto College TX listings scraped: 0
[13:21:21] [INFO]   Texas Christian University TX listings scraped: 0
[13:21:21] [INFO]   AdventHealth University FL listings scraped: 0
[13:21:21] [INFO]   Ana G. Mendez University FL listings scraped: 0
[13:21:21] [INFO]   Albizu University-Miami FL listings scraped: 0
[13:21:21] [INFO]   Remington College-Dallas Campus TX listings scraped: 0
[13:21:21] [INFO]   Remington College-Fort Worth Campus TX listings scraped: 0
[13:21:21] [INFO]   Atlantic Technical College FL listings scraped: 0
[13:21:21] [INFO]   Remington College-Houston Southeast Campus TX listings scraped: 0
[13:21:21] [INFO]   Ave Maria School of Law FL listings scraped: 1
[13:21:21] [INFO]   Remington College-North Houston Campus TX listings scraped: 0
[13:21:21] [INFO]   Atlantic Institute of Oriental Medicine FL listings scraped: 0
[13:21:21] [INFO]   Ave Maria University FL listings scraped: 0
[13:21:21] [INFO]   Remington College-Online Dallas TX listings scraped: 0
[13:21:21] [INFO]   San Antonio College TX listings scraped: 0
[13:21:21] [INFO]   Southwest College for the Deaf TX listings scraped: 0
[13:21:21] [INFO]   Beacon College FL listings scraped: 0
[13:21:21] [INFO]   St Philip's College TX listings scraped: 0
[13:21:21] [INFO]   Baptist University of Florida FL listings scraped: 0
[13:21:21] [INFO]   Barry University FL listings scraped: 4
[13:21:21] [INFO]   The Chicago School at Dallas TX listings scraped: 0
[13:21:21] [INFO]   The Chicago School-College of Nursing TX listings scraped: 0
[13:21:21] [INFO]   Bethune-Cookman University FL listings scraped: 0
[13:21:21] [INFO]   Broward College FL listings scraped: 0
[13:21:21] [INFO]   Abilene Christian University TX listings scraped: 0
[13:21:21] [INFO]   Chipola College FL listings scraped: 0
[13:21:21] [INFO]   Alvin Community College TX listings scraped: 1
[13:21:21] [INFO]   Covenant School of Nursing and Allied Health TX listings scraped: 0
[13:21:21] [INFO]   Daytona State College FL listings scraped: 0
[13:21:21] [INFO]   Doral College FL listings scraped: 0
[13:21:21] [INFO]   Angelina College TX listings scraped: 0
[13:21:21] [INFO]   Amarillo College TX listings scraped: 0
[13:21:21] [INFO]   Amberton University TX listings scraped: 0
[13:21:21] [INFO]   Eastern Florida State College FL listings scraped: 0
[13:21:21] [INFO]   Arlington Baptist University TX listings scraped: 0
[13:21:21] [INFO]   Austin College TX listings scraped: 0
[13:21:21] [INFO]   Edward Waters University FL listings scraped: 0
[13:21:21] [INFO]   Angelo State University TX listings scraped: 0
[13:21:21] [INFO]   Embry-Riddle Aeronautical University-Daytona Beach FL listings scraped: 0
[13:21:21] [INFO]   College of Central Florida FL listings scraped: 0
[13:21:21] [INFO]   Austin Community College District TX listings scraped: 0
[13:21:21] [INFO]   Embry-Riddle Aeronautical University-Worldwide FL listings scraped: 0
[13:21:21] [INFO]   ↪️  Austin Presbyterian Theological Seminary: generic page hands off to paycom
[13:21:21] [INFO]   Bakke Graduate University TX listings scraped: 0
[13:21:21] [INFO]   Everglades University FL listings scraped: 0
[13:21:21] [INFO]   Flagler College FL listings scraped: 0
[13:21:21] [INFO]   Flagler Technical College FL listings scraped: 0
[13:21:21] [INFO]   Florida Agricultural and Mechanical University FL listings scraped: 0
[13:21:21] [INFO]   Austin Presbyterian Theological Seminary TX listings scraped: 2
[13:21:21] [INFO]   Baptist University of the Americas TX listings scraped: 0
[13:21:21] [INFO]   Florida College FL listings scraped: 0
[13:21:21] [INFO]   Florida Gateway College FL listings scraped: 0
[13:21:21] [INFO]   Baptist Missionary Association Theological Seminary TX listings scraped: 0
[13:21:21] [INFO]   Florida Gulf Coast University FL listings scraped: 1
[13:21:21] [INFO]   Baylor College of Medicine TX listings scraped: 1
[13:21:21] [INFO]   ↪️  Florida Institute of Technology: generic page hands off to workday
[13:21:21] [INFO]   ↪️  Florida Institute of Technology-Online: generic page hands off to workday
[13:21:21] [INFO]   Florida Institute of Technology-Online FL listings scraped: 11 (API)
[13:21:21] [INFO]   Florida Institute of Technology FL listings scraped: 11 (API)
[13:21:21] [INFO]   ↪️  Blinn College District: generic page hands off to csod
[13:21:21] [INFO]   Brazosport College TX listings scraped: 0
[13:21:21] [INFO]   Brite Divinity School TX listings scraped: 3
[13:21:21] [INFO]   Florida Memorial University FL listings scraped: 0
[13:21:21] [INFO]   Florida Polytechnic University FL listings scraped: 0
[13:21:21] [INFO]   Florida SouthWestern State College FL listings scraped: 0
[13:21:21] [INFO]   ↪️  Central Texas College: generic page hands off to schooljobs
[13:21:21] [INFO]   Florida State College at Jacksonville FL listings scraped: 0
[13:21:21] [INFO]   University of Florida FL listings scraped: 271
[13:21:21] [INFO]   Christ Mission College TX listings scraped: 0
[13:21:21] [INFO]   Fort Myers Technical College FL listings scraped: 0
[13:21:21] [INFO]   Cisco College TX listings scraped: 0
[13:21:21] [INFO]   Central Texas College TX listings scraped: 0
[13:21:21] [INFO]   Central Texas College TX listings scraped: 0
[13:21:21] [INFO]   Clarendon College TX listings scraped: 0
[13:21:21] [INFO]   Coastal Bend College TX listings scraped: 0
[13:21:21] [INFO]   Blinn College District TX listings scraped: 12
[13:21:21] [INFO]   College of Biblical Studies-Houston TX listings scraped: 0
[13:21:21] [INFO]   College of the Mainland TX listings scraped: 0
[13:21:21] [INFO]   Collin County Community College District TX listings scraped: 1
[13:21:21] [INFO]   Criswell College TX listings scraped: 0
[13:21:21] [INFO]   Concordia University Texas TX listings scraped: 0
[13:21:21] [INFO]   Commonwealth Institute of Funeral Service TX listings scraped: 0
[13:21:21] [INFO]   Dallas Baptist University TX listings scraped: 0
[13:21:21] [INFO]   Dallas Institute of Funeral Service TX listings scraped: 0
[13:21:21] [INFO]   Dallas Christian College TX listings scraped: 0
[13:21:21] [INFO]   Dallas Theological Seminary TX listings scraped: 0
[13:21:21] [INFO]   Del Mar College TX listings scraped: 0
[13:21:21] [INFO]   East Texas A&M University TX listings scraped: 1
[13:21:21] [INFO]   East Texas Baptist University TX listings scraped: 0
[13:21:21] [INFO]   El Paso Community College TX listings scraped: 0
[13:21:21] [INFO]   Frank Phillips College TX listings scraped: 1
[13:21:21] [INFO]   Episcopal Theological Seminary of the Southwest TX listings scraped: 0
[13:21:21] [INFO]   🔍 Global faculty filter: 11067 → 6418 (removed 4649 non-faculty jobs)
[13:21:21] [INFO]   🧾 Policy exclusions: 6418 → 6381 (removed 37 jobs)
[13:21:21] [INFO]   📡 Calling local summarizer for 6381 jobs
[13:21:21] [INFO]   📦 Using 0 cached summaries, 6381 jobs need AI processing
[13:21:21] [INFO]   📡 Checking 1 summarizer endpoint(s)...
[13:21:21] [INFO]   📡 Summarizer endpoints: 0 active, 1 unreachable
[13:21:21] [INFO]   🔗 Canonicalized job URLs: 718 updated, 0 invalid removed
[13:21:21] [INFO]   ✂️  Normalized 1061 job titles
[13:21:21] [INFO]   🧬 Assigned canonical IDs for 6355 jobs
[13:21:21] [INFO]   🧹 Quality gates dropped 9 listings
[13:21:21] [INFO]   📄 Wrote C:\Users\StevenAzeka\OneDrive\Documents\GitHub\Faculty-Jobs\generated\post-quality-report.json
[13:21:21] [INFO]   ⚰️  Filtered 20 confirmed-dead URL(s) from scrape
[13:21:21] [INFO]   🧬 Preserved enrichment: filled 30538 field(s) across 6230 job(s) (6230 matched previous snapshot)
[13:21:21] [INFO]   ✅ Wrote C:\Users\StevenAzeka\OneDrive\Documents\GitHub\Faculty-Jobs\docs\jobs.json (6326 jobs)
[13:21:21] [INFO]   ✅ Wrote C:\Users\StevenAzeka\OneDrive\Documents\GitHub\Faculty-Jobs\public\jobs.json (6326 jobs)
[13:21:21] [INFO]   ✅ Wrote C:\Users\StevenAzeka\OneDrive\Documents\GitHub\Faculty-Jobs\web-vue\public\jobs.json (6326 jobs)
[13:21:21] [INFO]   [stderr] ❌ Chandler-Gilbert Community College AZ scrape failed: page.goto: net::ERR_NAME_NOT_RESOLVED at https://www.cgc.maricopa.edu/
[13:21:21] [INFO]   [stderr] Call log:
[13:21:21] [INFO]   [stderr] [2m  - navigating to "https://www.cgc.maricopa.edu/", waiting until "domcontentloaded"[22m
[13:21:21] [INFO]   [stderr] 
[13:21:21] [INFO]   [stderr] ❌ Northern Arizona University AZ scrape failed: page.goto: net::ERR_CONNECTION_RESET at https://careers.nau.edu/jobs/search?page=1&category_uids%5B%5D=16877518cdbd46262a1b4a995c2a65c2&query=
[13:21:21] [INFO]   [stderr] Call log:
[13:21:21] [INFO]   [stderr] [2m  - navigating to "https://careers.nau.edu/jobs/search?page=1&category_uids%5B%5D=16877518cdbd46262a1b4a995c2a65c2&query=", waiting until "domcontentloaded"[22m
[13:21:21] [INFO]   [stderr] 
[13:21:21] [INFO]   [stderr] ❌ Academy of Chinese Culture and Health Sciences CA Private scrape failed: page.goto: net::ERR_NAME_NOT_RESOLVED at https://www.acchs.edu/faculty/jobs
[13:21:21] [INFO]   [stderr] Call log:
[13:21:21] [INFO]   [stderr] [2m  - navigating to "https://www.acchs.edu/faculty/jobs", waiting until "domcontentloaded"[22m
[13:21:21] [INFO]   [stderr] 
[13:21:21] [INFO]   [stderr] ❌ Stockton University NJ scrape failed: page.goto: net::ERR_CONNECTION_RESET at https://employment.stockton.edu/jobs/search?page=1&employment_type_uids%5B%5D=fbab94e63ae2bac64f314b271869e32d&query=
[13:21:21] [INFO]   [stderr] Call log:
[13:21:21] [INFO]   [stderr] [2m  - navigating to "https://employment.stockton.edu/jobs/search?page=1&employment_type_uids%5B%5D=fbab94e63ae2bac64f314b271869e32d&query=", waiting until "domcontentloaded"[22m
[13:21:21] [INFO]   [stderr] 
[13:21:21] [INFO]   [stderr] ❌ Seton Hall University NJ scrape failed: page.goto: net::ERR_CONNECTION_RESET at https://jobs.shu.edu/cw/en-us/listing
[13:21:21] [INFO]   [stderr] Call log:
[13:21:21] [INFO]   [stderr] [2m  - navigating to "https://jobs.shu.edu/cw/en-us/listing", waiting until "domcontentloaded"[22m
[13:21:21] [INFO]   [stderr] 
[13:21:21] [INFO]   [stderr] ❌ Rowan University NJ scrape failed: page.goto: net::ERR_CONNECTION_RESET at https://jobs.rowan.edu/
[13:21:21] [INFO]   [stderr] Call log:
[13:21:21] [INFO]   [stderr] [2m  - navigating to "https://jobs.rowan.edu/", waiting until "domcontentloaded"[22m
[13:21:21] [INFO]   [stderr] 
[13:21:21] [INFO]   [stderr] ❌ Bais Medrash Toras Chesed NJ scrape failed: page.goto: net::ERR_SSL_VERSION_OR_CIPHER_MISMATCH at https://www.bmtc.edu/
[13:21:21] [INFO]   [stderr] Call log:
[13:21:21] [INFO]   [stderr] [2m  - navigating to "https://www.bmtc.edu/", waiting until "domcontentloaded"[22m
[13:21:21] [INFO]   [stderr] 
[13:21:21] [INFO]   [stderr] ❌ America Evangelical University CA Private scrape failed: page.goto: net::ERR_CONNECTION_TIMED_OUT at https://www.aeu.edu/
[13:21:21] [INFO]   [stderr] Call log:
[13:21:21] [INFO]   [stderr] [2m  - navigating to "https://www.aeu.edu/", waiting until "domcontentloaded"[22m
[13:21:21] [INFO]   [stderr] 
[13:21:21] [INFO]   [stderr] ❌ Eastern Nazarene College MA scrape failed: page.goto: net::ERR_CERT_DATE_INVALID at https://www.enc.edu/
[13:21:21] [INFO]   [stderr] Call log:
[13:21:21] [INFO]   [stderr] [2m  - navigating to "https://www.enc.edu/", waiting until "domcontentloaded"[22m
[13:21:21] [INFO]   [stderr] 
[13:21:21] [INFO]   [stderr] ❌ James Madison University VA scrape failed: page.goto: net::ERR_CONNECTION_RESET at https://joblink.jmu.edu/postings/search
[13:21:21] [INFO]   [stderr] Call log:
[13:21:21] [INFO]   [stderr] [2m  - navigating to "https://joblink.jmu.edu/postings/search", waiting until "domcontentloaded"[22m
[13:21:21] [INFO]   [stderr] 
[13:21:21] [INFO]   [stderr] ❌ Hollins University VA scrape failed: page.goto: net::ERR_CONNECTION_RESET at https://www.hollins.edu/about/human-resources/employment-opportunities/
[13:21:21] [INFO]   [stderr] Call log:
[13:21:21] [INFO]   [stderr] [2m  - navigating to "https://www.hollins.edu/about/human-resources/employment-opportunities/", waiting until "domcontentloaded"[22m
[13:21:21] [INFO]   [stderr] 
[13:21:21] [INFO]   [stderr] ❌ Carolinas College of Health Sciences NC scrape failed: page.goto: net::ERR_CERT_COMMON_NAME_INVALID at https://www.carolinascollege.edu/
[13:21:21] [INFO]   [stderr] Call log:
[13:21:21] [INFO]   [stderr] [2m  - navigating to "https://www.carolinascollege.edu/", waiting until "domcontentloaded"[22m
[13:21:21] [INFO]   [stderr] 
[13:21:21] [INFO]   [stderr] ❌ Michigan State University MI scrape failed: page.goto: net::ERR_CONNECTION_RESET at https://careers.msu.edu/jobs/search?page=1&category_uids%5B%5D=91b3c13e4059d1ed2af62eae49722dd2&employment_type_uids%5B%5D=30c2d65e1bff7c02a39b78266368afee&query=
[13:21:21] [INFO]   [stderr] Call log:
[13:21:21] [INFO]   [stderr] [2m  - navigating to "https://careers.msu.edu/jobs/search?page=1&category_uids%5B%5D=91b3c13e4059d1ed2af62eae49722dd2&employment_type_uids%5B%5D=30c2d65e1bff7c02a39b78266368afee&query=", waiting until "domcontentloaded"[22m
[13:21:21] [INFO]   [stderr] 
[13:21:21] [INFO]   [stderr] ❌ Illinois State University IL scrape failed: page.goto: net::ERR_CONNECTION_RESET at https://jobsearch.illinoisstate.edu/en-us/filter/?search-keyword=&category=faculty
[13:21:21] [INFO]   [stderr] Call log:
[13:21:21] [INFO]   [stderr] [2m  - navigating to "https://jobsearch.illinoisstate.edu/en-us/filter/?search-keyword=&category=faculty", waiting until "domcontentloaded"[22m
[13:21:21] [INFO]   [stderr] 
[13:21:21] [INFO]   [stderr] ❌ Foothill-De Anza Community College District CA Private Taleo scrape failed: page.goto: net::ERR_CONNECTION_TIMED_OUT at https://ch.tbe.taleo.net/CH17/ats/careers/jobSearch.jsp?org=FHDA&cws=1
[13:21:21] [INFO]   [stderr] Call log:
[13:21:21] [INFO]   [stderr] [2m  - navigating to "https://ch.tbe.taleo.net/CH17/ats/careers/jobSearch.jsp?org=FHDA&cws=1", waiting until "networkidle"[22m
[13:21:21] [INFO]   [stderr] 
[13:21:21] [INFO]   [stderr] ❌ Linfield University OR scrape failed: page.goto: net::ERR_NAME_NOT_RESOLVED at https://careers.linfield.edu/
[13:21:21] [INFO]   [stderr] Call log:
[13:21:21] [INFO]   [stderr] [2m  - navigating to "https://careers.linfield.edu/", waiting until "domcontentloaded"[22m
[13:21:21] [INFO]   [stderr] 
[13:21:21] [INFO]   [stderr] ❌ City University of Seattle WA scrape failed: page.goto: net::ERR_NAME_NOT_RESOLVED at https://www.cityu.edu/
[13:21:21] [INFO]   [stderr] Call log:
[13:21:21] [INFO]   [stderr] [2m  - navigating to "https://www.cityu.edu/", waiting until "domcontentloaded"[22m
[13:21:21] [INFO]   [stderr] 
[13:21:21] [INFO]   [stderr] ❌ Marist College NY scrape failed: page.goto: net::ERR_CONNECTION_RESET at https://careers.marist.edu/cw/en-us/filter/?search-keyword=&work-type=full-time&location=poughkeepsie%20ny&category=faculty&job-mail-subscribe-privacy=agree
[13:21:21] [INFO]   [stderr] Call log:
[13:21:21] [INFO]   [stderr] [2m  - navigating to "https://careers.marist.edu/cw/en-us/filter/?search-keyword=&work-type=full-time&location=poughkeepsie%20ny&category=faculty&job-mail-subscribe-privacy=agree", waiting until "domcontentloaded"[22m
[13:21:21] [INFO]   [stderr] 
[13:21:21] [INFO]   [stderr] ❌ CUNY Hostos Community College NY scrape failed: page.goto: net::ERR_CONNECTION_REFUSED at https://www.hostos.cuny.edu/
[13:21:21] [INFO]   [stderr] Call log:
[13:21:21] [INFO]   [stderr] [2m  - navigating to "https://www.hostos.cuny.edu/", waiting until "domcontentloaded"[22m
[13:21:21] [INFO]   [stderr] 
[13:21:21] [INFO]   [stderr] ❌ Beloit College WI scrape failed: page.goto: net::ERR_NAME_NOT_RESOLVED at https://employment.beloit.edu/en-us/listing/
[13:21:21] [INFO]   [stderr] Call log:
[13:21:21] [INFO]   [stderr] [2m  - navigating to "https://employment.beloit.edu/en-us/listing/", waiting until "domcontentloaded"[22m
[13:21:21] [INFO]   [stderr] 
[13:21:21] [INFO]   [stderr] ❌ Colorado College CO scrape failed: page.goto: net::ERR_CONNECTION_RESET at https://jobs.coloradocollege.edu/jobs/search
[13:21:21] [INFO]   [stderr] Call log:
[13:21:21] [INFO]   [stderr] [2m  - navigating to "https://jobs.coloradocollege.edu/jobs/search", waiting until "domcontentloaded"[22m
[13:21:21] [INFO]   [stderr] 
[13:21:21] [INFO]   [stderr] ❌ St. John's College (Santa Fe) NM scrape failed: page.goto: net::ERR_CONNECTION_RESET at https://www.sjc.edu/santa-fe-job-openings
[13:21:21] [INFO]   [stderr] Call log:
[13:21:21] [INFO]   [stderr] [2m  - navigating to "https://www.sjc.edu/santa-fe-job-openings", waiting until "domcontentloaded"[22m
[13:21:21] [INFO]   [stderr] 
[13:21:21] [INFO]   [stderr] ❌ Colorado State University-Fort Collins CO scrape failed: page.goto: net::ERR_CONNECTION_RESET at https://colostate.edu/
[13:21:21] [INFO]   [stderr] Call log:
[13:21:21] [INFO]   [stderr] [2m  - navigating to "https://colostate.edu/", waiting until "domcontentloaded"[22m
[13:21:21] [INFO]   [stderr] 
[13:21:21] [INFO]   [stderr] ❌ University of Notre Dame IN scrape failed: page.goto: net::ERR_SSL_UNRECOGNIZED_NAME_ALERT at https://jobs.nd.edu/
[13:21:21] [INFO]   [stderr] Call log:
[13:21:21] [INFO]   [stderr] [2m  - navigating to "https://jobs.nd.edu/", waiting until "domcontentloaded"[22m
[13:21:21] [INFO]   [stderr] 
[13:21:21] [INFO]   [stderr] ❌ Carver Career Center WV scrape failed: page.goto: net::ERR_CERT_COMMON_NAME_INVALID at https://www.carvercareercenter.edu/
[13:21:21] [INFO]   [stderr] Call log:
[13:21:21] [INFO]   [stderr] [2m  - navigating to "https://www.carvercareercenter.edu/", waiting until "domcontentloaded"[22m
[13:21:21] [INFO]   [stderr] 
[13:21:21] [INFO]   [stderr] ❌ Kennesaw State University GA scrape failed: page.goto: net::ERR_CONNECTION_TIMED_OUT at https://kennesaw.peopleadmin.com/postings/search?utf8=%E2%9C%93&query=&query_v0_posted_at_date=&query_position_type_id%5B%5D=3&commit=Search
[13:21:21] [INFO]   [stderr] Call log:
[13:21:21] [INFO]   [stderr] [2m  - navigating to "https://kennesaw.peopleadmin.com/postings/search?utf8=%E2%9C%93&query=&query_v0_posted_at_date=&query_position_type_id%5B%5D=3&commit=Search", waiting until "domcontentloaded"[22m
[13:21:21] [INFO]   [stderr] 
[13:21:21] [INFO]   [stderr] ❌ Emmanuel University GA scrape failed: page.goto: net::ERR_SSL_VERSION_OR_CIPHER_MISMATCH at https://www.ec.edu/
[13:21:21] [INFO]   [stderr] Call log:
[13:21:21] [INFO]   [stderr] [2m  - navigating to "https://www.ec.edu/", waiting until "domcontentloaded"[22m
[13:21:21] [INFO]   [stderr] 
[13:21:21] [INFO]   [stderr] ❌ Academy of Interactive Entertainment LA scrape failed: page.goto: net::ERR_CONNECTION_REFUSED at https://lafayette.aie.edu/
[13:21:21] [INFO]   [stderr] Call log:
[13:21:21] [INFO]   [stderr] [2m  - navigating to "https://lafayette.aie.edu/", waiting until "domcontentloaded"[22m
[13:21:21] [INFO]   [stderr] 
[13:21:21] [INFO]   [stderr] ❌ Bacone College OK scrape failed: page.goto: net::ERR_NAME_NOT_RESOLVED at https://www.bacone.edu/
[13:21:21] [INFO]   [stderr] Call log:
[13:21:21] [INFO]   [stderr] [2m  - navigating to "https://www.bacone.edu/", waiting until "domcontentloaded"[22m
[13:21:21] [INFO]   [stderr] 
[13:21:21] [INFO]   [stderr] ❌ Northern Kentucky University KY scrape failed: page.goto: net::ERR_CONNECTION_RESET at https://jobs.nku.edu/postings/search
[13:21:21] [INFO]   [stderr] Call log:
[13:21:21] [INFO]   [stderr] [2m  - navigating to "https://jobs.nku.edu/postings/search", waiting until "domcontentloaded"[22m
[13:21:21] [INFO]   [stderr] 
[13:21:21] [INFO]   [stderr] ❌ University of North Texas TX scrape failed: page.goto: net::ERR_CONNECTION_RESET at https://careers.untsystem.edu/en-us/listing/
[13:21:21] [INFO]   [stderr] Call log:
[13:21:21] [INFO]   [stderr] [2m  - navigating to "https://careers.untsystem.edu/en-us/listing/", waiting until "domcontentloaded"[22m
[13:21:21] [INFO]   [stderr] 
[13:21:21] [INFO]   [stderr] ❌ Southwestern University TX scrape failed: page.goto: net::ERR_CONNECTION_RESET at https://www.southwestern.edu/human-resources/career-opportunities/
[13:21:21] [INFO]   [stderr] Call log:
[13:21:21] [INFO]   [stderr] [2m  - navigating to "https://www.southwestern.edu/human-resources/career-opportunities/", waiting until "domcontentloaded"[22m
[13:21:21] [INFO]   [stderr] 
[13:21:21] [INFO]   [stderr] ❌ Polytechnic University of Puerto Rico-Miami FL scrape failed: page.goto: net::ERR_CERT_DATE_INVALID at https://www.pupr.edu/miami/
[13:21:21] [INFO]   [stderr] Call log:
[13:21:21] [INFO]   [stderr] [2m  - navigating to "https://www.pupr.edu/miami/", waiting until "domcontentloaded"[22m
[13:21:21] [INFO]   [stderr] 
[13:21:21] [INFO]   [stderr] ❌ Polytechnic University of Puerto Rico-Orlando FL scrape failed: page.goto: net::ERR_CERT_DATE_INVALID at https://www.pupr.edu/orlando
[13:21:21] [INFO]   [stderr] Call log:
[13:21:21] [INFO]   [stderr] [2m  - navigating to "https://www.pupr.edu/orlando", waiting until "domcontentloaded"[22m
[13:21:21] [INFO]   [stderr] 
[13:21:21] [INFO]   [stderr] ❌ Dragon Rises College of Oriental Medicine FL scrape failed: page.goto: net::ERR_CERT_AUTHORITY_INVALID at https://www.dragonrises.edu/
[13:21:21] [INFO]   [stderr] Call log:
[13:21:21] [INFO]   [stderr] [2m  - navigating to "https://www.dragonrises.edu/", waiting until "domcontentloaded"[22m
[13:21:21] [INFO]   [stderr] 
[13:21:21] [INFO]   [stderr]    ⚠️  Unreachable: http://127.0.0.1:9000/summarize
[13:21:21] [INFO]   [stderr] ❌ No summarizer endpoints reachable — skipping AI enrichment
[13:21:21] [OK] Scrape succeeded.
[13:21:21] [INFO] 
[13:21:21] [INFO] --------------------------------------------------
[13:21:21] [INFO]   Step 2/8 - Track job presence (stamp firstSeen, purge expired)
[13:21:21] [INFO] --------------------------------------------------
[13:21:21] [INFO] Running: C:\Program Files\nodejs\npm.cmd run agent:job-presence
[13:21:22] [INFO]   
[13:21:22] [INFO]   > faculty-jobs@1.0.0 agent:job-presence
[13:21:22] [INFO]   > node scripts/agent-job-presence.js
[13:21:22] [INFO]   
[13:21:22] [INFO]   
[13:21:22] [INFO]   Faculty Atlas - Job Presence Agent
[13:21:22] [INFO]     Config        : expiry-days=7
[13:21:22] [INFO]   
[13:21:22] [INFO]     Jobs seen today  : 6,326
[13:21:22] [INFO]     Jobs tracked     : 7,074
[13:21:22] [INFO]     Jobs to purge    : 0
[13:21:22] [INFO]     New today        : 542
[13:21:22] [INFO]     New this week    : 657
[13:21:22] [INFO]   
[13:21:22] [INFO]     docs/jobs.json updated.
[13:21:22] [INFO]   
[13:21:22] [INFO]     public/jobs.json updated.
[13:21:22] [INFO]     generated/job-presence.json saved.
[13:21:22] [INFO]     generated/job-presence-report.json saved.
[13:21:22] [INFO]     data/site-stats.json saved (docs + public + web-vue).
[13:21:22] [OK] Job presence succeeded.
[13:21:22] [INFO] 
[13:21:22] [INFO] --------------------------------------------------
[13:21:22] [INFO]   Step 3/8 - Enrich new jobs (discipline/positionType/tenureTrack via local Ollama)
[13:21:22] [INFO] --------------------------------------------------
[13:21:22] [INFO] Running: C:\Program Files\nodejs\npm.cmd run agent:enrich -- --max 1500 --batch-size 6
[13:38:23] [INFO]   
[13:38:23] [INFO]   > faculty-jobs@1.0.0 agent:enrich
[13:38:23] [INFO]   > node scripts/agent-job-enrichment.js --max 1500 --batch-size 6
[13:38:23] [INFO]   
[13:38:23] [INFO]   
[13:38:23] [INFO]   Faculty Atlas - Job Enrichment Agent
[13:38:23] [INFO]     Backend: Ollama (qwen2.5:7b @ localhost:11434)
[13:38:23] [INFO]   
[13:38:23] [INFO]     Total jobs       : 6,326
[13:38:23] [INFO]     Already enriched : 5,614
[13:38:23] [INFO]     To process now   : 712 (max 1500)
[13:38:23] [INFO]     Batch size       : 6
[13:38:23] [INFO]     Concurrency      : 1
[13:38:23] [INFO]     Batch 1/119 (6 jobs)... done (+6)
[13:38:23] [INFO]     Batch 2/119 (6 jobs)... done (+3)
[13:38:23] [INFO]     Batch 3/119 (6 jobs)... done (+6)
[13:38:23] [INFO]     Batch 4/119 (6 jobs)... mismatch, splitting into 3+3
[13:38:23] [INFO]     Batch 4/119 (6 jobs) ↳... mismatch, splitting into 2+1
[13:38:23] [INFO]     Batch 4/119 (6 jobs) ↳ ↳... done (+2)
[13:38:23] [INFO]     Batch 4/119 (6 jobs) ↳ ↳... done (+1)
[13:38:23] [INFO]     Batch 4/119 (6 jobs) ↳... done (+3)
[13:38:23] [INFO]     Batch 5/119 (6 jobs)... done (+6)
[13:38:23] [INFO]     Batch 6/119 (6 jobs)... done (+6)
[13:38:23] [INFO]     Batch 7/119 (6 jobs)... done (+6)
[13:38:23] [INFO]     Batch 8/119 (6 jobs)... done (+6)
[13:38:23] [INFO]     Batch 9/119 (6 jobs)... done (+6)
[13:38:23] [INFO]     Batch 10/119 (6 jobs)... done (+6)
[13:38:23] [INFO]     Batch 11/119 (6 jobs)... done (+6)
[13:38:23] [INFO]     Batch 12/119 (6 jobs)... done (+6)
[13:38:23] [INFO]     Batch 13/119 (6 jobs)... done (+5)
[13:38:23] [INFO]     Batch 14/119 (6 jobs)... done (+6)
[13:38:23] [INFO]     Batch 15/119 (6 jobs)... done (+6)
[13:38:23] [INFO]     Batch 16/119 (6 jobs)... done (+6)
[13:38:23] [INFO]     Batch 17/119 (6 jobs)... mismatch, splitting into 3+3
[13:38:23] [INFO]     Batch 17/119 (6 jobs) ↳... mismatch, splitting into 2+1
[13:38:23] [INFO]     Batch 17/119 (6 jobs) ↳ ↳... done (+2)
[13:38:23] [INFO]     Batch 17/119 (6 jobs) ↳ ↳... done (+1)
[13:38:23] [INFO]     Batch 17/119 (6 jobs) ↳... mismatch, splitting into 2+1
[13:38:23] [INFO]     Batch 17/119 (6 jobs) ↳ ↳... done (+2)
[13:38:23] [INFO]     Batch 17/119 (6 jobs) ↳ ↳... done (+1)
[13:38:23] [INFO]     Batch 18/119 (6 jobs)... done (+6)
[13:38:23] [INFO]     Batch 19/119 (6 jobs)... done (+6)
[13:38:23] [INFO]     Batch 20/119 (6 jobs)... done (+6)
[13:38:23] [INFO]     Batch 21/119 (6 jobs)... mismatch, splitting into 3+3
[13:38:23] [INFO]     Batch 21/119 (6 jobs) ↳... done (+3)
[13:38:23] [INFO]     Batch 21/119 (6 jobs) ↳... done (+3)
[13:38:23] [INFO]     Batch 22/119 (6 jobs)... done (+6)
[13:38:23] [INFO]     Batch 23/119 (6 jobs)... mismatch, splitting into 3+3
[13:38:23] [INFO]     Batch 23/119 (6 jobs) ↳... done (+3)
[13:38:23] [INFO]     Batch 23/119 (6 jobs) ↳... mismatch, splitting into 2+1
[13:38:23] [INFO]     Batch 23/119 (6 jobs) ↳ ↳... mismatch, splitting into 1+1
[13:38:23] [INFO]     Batch 23/119 (6 jobs) ↳ ↳ ↳... done (+1)
[13:38:23] [INFO]     Batch 23/119 (6 jobs) ↳ ↳ ↳... done (+1)
[13:38:23] [INFO]     Batch 23/119 (6 jobs) ↳ ↳... done (+1)
[13:38:23] [INFO]     Batch 24/119 (6 jobs)... mismatch, splitting into 3+3
[13:38:23] [INFO]     Batch 24/119 (6 jobs) ↳... done (+3)
[13:38:23] [INFO]     Batch 24/119 (6 jobs) ↳... mismatch, splitting into 2+1
[13:38:23] [INFO]     Batch 24/119 (6 jobs) ↳ ↳... mismatch, splitting into 1+1
[13:38:23] [INFO]     Batch 24/119 (6 jobs) ↳ ↳ ↳... done (+1)
[13:38:23] [INFO]     Batch 24/119 (6 jobs) ↳ ↳ ↳... done (+1)
[13:38:23] [INFO]     Batch 24/119 (6 jobs) ↳ ↳... done (+1)
[13:38:23] [INFO]     Batch 25/119 (6 jobs)... done (+6)
[13:38:23] [INFO]     Batch 26/119 (6 jobs)... done (+0)
[13:38:23] [INFO]     Batch 27/119 (6 jobs)... done (+6)
[13:38:23] [INFO]     Batch 28/119 (6 jobs)... done (+6)
[13:38:23] [INFO]     Batch 29/119 (6 jobs)... mismatch, splitting into 3+3
[13:38:23] [INFO]     Batch 29/119 (6 jobs) ↳... done (+3)
[13:38:23] [INFO]     Batch 29/119 (6 jobs) ↳... done (+3)
[13:38:23] [INFO]     Batch 30/119 (6 jobs)... done (+6)
[13:38:23] [INFO]     Batch 31/119 (6 jobs)... mismatch, splitting into 3+3
[13:38:23] [INFO]     Batch 31/119 (6 jobs) ↳... mismatch, splitting into 2+1
[13:38:23] [INFO]     Batch 31/119 (6 jobs) ↳ ↳... mismatch, splitting into 1+1
[13:38:23] [INFO]     Batch 31/119 (6 jobs) ↳ ↳ ↳... done (+1)
[13:38:23] [INFO]     Batch 31/119 (6 jobs) ↳ ↳ ↳... done (+1)
[13:38:23] [INFO]     Batch 31/119 (6 jobs) ↳ ↳... done (+1)
[13:38:23] [INFO]     Batch 31/119 (6 jobs) ↳... done (+3)
[13:38:23] [INFO]     Batch 32/119 (6 jobs)... mismatch, splitting into 3+3
[13:38:23] [INFO]     Batch 32/119 (6 jobs) ↳... mismatch, splitting into 2+1
[13:38:23] [INFO]     Batch 32/119 (6 jobs) ↳ ↳... mismatch, splitting into 1+1
[13:38:23] [INFO]     Batch 32/119 (6 jobs) ↳ ↳ ↳... done (+1)
[13:38:23] [INFO]     Batch 32/119 (6 jobs) ↳ ↳ ↳... ERROR: expected 1 result, got 0
[13:38:23] [INFO]     Batch 32/119 (6 jobs) ↳ ↳... done (+1)
[13:38:23] [INFO]     Batch 32/119 (6 jobs) ↳... mismatch, splitting into 2+1
[13:38:23] [INFO]     Batch 32/119 (6 jobs) ↳ ↳... done (+2)
[13:38:23] [INFO]     Batch 32/119 (6 jobs) ↳ ↳... done (+1)
[13:38:23] [INFO]     Batch 33/119 (6 jobs)... done (+6)
[13:38:23] [INFO]     Batch 34/119 (6 jobs)... mismatch, splitting into 3+3
[13:38:23] [INFO]     Batch 34/119 (6 jobs) ↳... done (+3)
[13:38:23] [INFO]     Batch 34/119 (6 jobs) ↳... mismatch, splitting into 2+1
[13:38:23] [INFO]     Batch 34/119 (6 jobs) ↳ ↳... done (+2)
[13:38:23] [INFO]     Batch 34/119 (6 jobs) ↳ ↳... done (+1)
[13:38:23] [INFO]     Batch 35/119 (6 jobs)... done (+6)
[13:38:23] [INFO]     Batch 36/119 (6 jobs)... done (+6)
[13:38:23] [INFO]     Batch 37/119 (6 jobs)... done (+6)
[13:38:23] [INFO]     Batch 38/119 (6 jobs)... done (+6)
[13:38:23] [INFO]     Batch 39/119 (6 jobs)... mismatch, splitting into 3+3
[13:38:23] [INFO]     Batch 39/119 (6 jobs) ↳... done (+3)
[13:38:23] [INFO]     Batch 39/119 (6 jobs) ↳... mismatch, splitting into 2+1
[13:38:23] [INFO]     Batch 39/119 (6 jobs) ↳ ↳... mismatch, splitting into 1+1
[13:38:23] [INFO]     Batch 39/119 (6 jobs) ↳ ↳ ↳... done (+1)
[13:38:23] [INFO]     Batch 39/119 (6 jobs) ↳ ↳ ↳... done (+1)
[13:38:23] [INFO]     Batch 39/119 (6 jobs) ↳ ↳... done (+1)
[13:38:23] [INFO]     Batch 40/119 (6 jobs)... done (+6)
[13:38:23] [INFO]     Batch 41/119 (6 jobs)... done (+6)
[13:38:23] [INFO]     Batch 42/119 (6 jobs)... done (+6)
[13:38:23] [INFO]     Batch 43/119 (6 jobs)... mismatch, splitting into 3+3
[13:38:23] [INFO]     Batch 43/119 (6 jobs) ↳... done (+3)
[13:38:23] [INFO]     Batch 43/119 (6 jobs) ↳... done (+3)
[13:38:23] [INFO]     Batch 44/119 (6 jobs)... done (+6)
[13:38:23] [INFO]     Batch 45/119 (6 jobs)... done (+6)
[13:38:23] [INFO]     Batch 46/119 (6 jobs)... done (+6)
[13:38:23] [INFO]     Batch 47/119 (6 jobs)... done (+6)
[13:38:23] [INFO]     Batch 48/119 (6 jobs)... done (+6)
[13:38:23] [INFO]     Batch 49/119 (6 jobs)... done (+6)
[13:38:23] [INFO]     Batch 50/119 (6 jobs)... done (+6)
[13:38:23] [INFO]     Batch 51/119 (6 jobs)... done (+6)
[13:38:23] [INFO]     Batch 52/119 (6 jobs)... done (+6)
[13:38:23] [INFO]     Batch 53/119 (6 jobs)... done (+6)
[13:38:23] [INFO]     Batch 54/119 (6 jobs)... done (+6)
[13:38:23] [INFO]     Batch 55/119 (6 jobs)... done (+6)
[13:38:23] [INFO]     Batch 56/119 (6 jobs)... done (+6)
[13:38:23] [INFO]     Batch 57/119 (6 jobs)... done (+6)
[13:38:23] [INFO]     Batch 58/119 (6 jobs)... done (+6)
[13:38:23] [INFO]     Batch 59/119 (6 jobs)... mismatch, splitting into 3+3
[13:38:23] [INFO]     Batch 59/119 (6 jobs) ↳... mismatch, splitting into 2+1
[13:38:23] [INFO]     Batch 59/119 (6 jobs) ↳ ↳... mismatch, splitting into 1+1
[13:38:23] [INFO]     Batch 59/119 (6 jobs) ↳ ↳ ↳... done (+1)
[13:38:23] [INFO]     Batch 59/119 (6 jobs) ↳ ↳ ↳... done (+1)
[13:38:23] [INFO]     Batch 59/119 (6 jobs) ↳ ↳... done (+1)
[13:38:23] [INFO]     Batch 59/119 (6 jobs) ↳... done (+3)
[13:38:23] [INFO]     Batch 60/119 (6 jobs)... done (+6)
[13:38:23] [INFO]     Batch 61/119 (6 jobs)... done (+6)
[13:38:23] [INFO]     Batch 62/119 (6 jobs)... mismatch, splitting into 3+3
[13:38:23] [INFO]     Batch 62/119 (6 jobs) ↳... done (+3)
[13:38:23] [INFO]     Batch 62/119 (6 jobs) ↳... mismatch, splitting into 2+1
[13:38:23] [INFO]     Batch 62/119 (6 jobs) ↳ ↳... done (+2)
[13:38:23] [INFO]     Batch 62/119 (6 jobs) ↳ ↳... done (+1)
[13:38:23] [INFO]     Batch 63/119 (6 jobs)... done (+6)
[13:38:23] [INFO]     Batch 64/119 (6 jobs)... mismatch, splitting into 3+3
[13:38:23] [INFO]     Batch 64/119 (6 jobs) ↳... done (+3)
[13:38:23] [INFO]     Batch 64/119 (6 jobs) ↳... done (+3)
[13:38:23] [INFO]     Batch 65/119 (6 jobs)... done (+6)
[13:38:23] [INFO]     Batch 66/119 (6 jobs)... done (+6)
[13:38:23] [INFO]     Batch 67/119 (6 jobs)... done (+6)
[13:38:23] [INFO]     Batch 68/119 (6 jobs)... done (+6)
[13:38:23] [INFO]     Batch 69/119 (6 jobs)... mismatch, splitting into 3+3
[13:38:23] [INFO]     Batch 69/119 (6 jobs) ↳... mismatch, splitting into 2+1
[13:38:23] [INFO]     Batch 69/119 (6 jobs) ↳ ↳... done (+2)
[13:38:23] [INFO]     Batch 69/119 (6 jobs) ↳ ↳... done (+1)
[13:38:23] [INFO]     Batch 69/119 (6 jobs) ↳... done (+3)
[13:38:23] [INFO]     Batch 70/119 (6 jobs)... done (+6)
[13:38:23] [INFO]     Batch 71/119 (6 jobs)... done (+6)
[13:38:23] [INFO]     Batch 72/119 (6 jobs)... done (+6)
[13:38:23] [INFO]     Batch 73/119 (6 jobs)... done (+6)
[13:38:23] [INFO]     Batch 74/119 (6 jobs)... done (+6)
[13:38:23] [INFO]     Batch 75/119 (6 jobs)... done (+6)
[13:38:23] [INFO]     Batch 76/119 (6 jobs)... done (+6)
[13:38:23] [INFO]     Batch 77/119 (6 jobs)... done (+6)
[13:38:23] [INFO]     Batch 78/119 (6 jobs)... done (+6)
[13:38:23] [INFO]     Batch 79/119 (6 jobs)... done (+6)
[13:38:23] [INFO]     Batch 80/119 (6 jobs)... done (+6)
[13:38:23] [INFO]     Batch 81/119 (6 jobs)... done (+6)
[13:38:23] [INFO]     Batch 82/119 (6 jobs)... done (+6)
[13:38:23] [INFO]     Batch 83/119 (6 jobs)... mismatch, splitting into 3+3
[13:38:23] [INFO]     Batch 83/119 (6 jobs) ↳... done (+3)
[13:38:23] [INFO]     Batch 83/119 (6 jobs) ↳... mismatch, splitting into 2+1
[13:38:23] [INFO]     Batch 83/119 (6 jobs) ↳ ↳... done (+2)
[13:38:23] [INFO]     Batch 83/119 (6 jobs) ↳ ↳... done (+1)
[13:38:23] [INFO]     Batch 84/119 (6 jobs)... done (+6)
[13:38:23] [INFO]     Batch 85/119 (6 jobs)... mismatch, splitting into 3+3
[13:38:23] [INFO]     Batch 85/119 (6 jobs) ↳... mismatch, splitting into 2+1
[13:38:23] [INFO]     Batch 85/119 (6 jobs) ↳ ↳... done (+2)
[13:38:23] [INFO]     Batch 85/119 (6 jobs) ↳ ↳... done (+1)
[13:38:23] [INFO]     Batch 85/119 (6 jobs) ↳... mismatch, splitting into 2+1
[13:38:23] [INFO]     Batch 85/119 (6 jobs) ↳ ↳... done (+2)
[13:38:23] [INFO]     Batch 85/119 (6 jobs) ↳ ↳... done (+1)
[13:38:23] [INFO]     Batch 86/119 (6 jobs)... done (+6)
[13:38:23] [INFO]     Batch 87/119 (6 jobs)... done (+6)
[13:38:23] [INFO]     Batch 88/119 (6 jobs)... done (+6)
[13:38:23] [INFO]     Batch 89/119 (6 jobs)... done (+6)
[13:38:23] [INFO]     Batch 90/119 (6 jobs)... done (+6)
[13:38:23] [INFO]     Batch 91/119 (6 jobs)... done (+6)
[13:38:23] [INFO]     Batch 92/119 (6 jobs)... done (+6)
[13:38:23] [INFO]     Batch 93/119 (6 jobs)... done (+6)
[13:38:23] [INFO]     Batch 94/119 (6 jobs)... done (+6)
[13:38:23] [INFO]     Batch 95/119 (6 jobs)... done (+6)
[13:38:23] [INFO]     Batch 96/119 (6 jobs)... done (+6)
[13:38:23] [INFO]     Batch 97/119 (6 jobs)... done (+6)
[13:38:23] [INFO]     Batch 98/119 (6 jobs)... done (+6)
[13:38:23] [INFO]     Batch 99/119 (6 jobs)... done (+6)
[13:38:23] [INFO]     Batch 100/119 (6 jobs)... done (+6)
[13:38:23] [INFO]     Batch 101/119 (6 jobs)... done (+6)
[13:38:23] [INFO]     Batch 102/119 (6 jobs)... done (+6)
[13:38:24] [INFO]     Batch 103/119 (6 jobs)... mismatch, splitting into 3+3
[13:38:24] [INFO]     Batch 103/119 (6 jobs) ↳... done (+3)
[13:38:24] [INFO]     Batch 103/119 (6 jobs) ↳... mismatch, splitting into 2+1
[13:38:24] [INFO]     Batch 103/119 (6 jobs) ↳ ↳... mismatch, splitting into 1+1
[13:38:24] [INFO]     Batch 103/119 (6 jobs) ↳ ↳ ↳... done (+1)
[13:38:24] [INFO]     Batch 103/119 (6 jobs) ↳ ↳ ↳... done (+1)
[13:38:24] [INFO]     Batch 103/119 (6 jobs) ↳ ↳... done (+1)
[13:38:24] [INFO]     Batch 104/119 (6 jobs)... done (+6)
[13:38:24] [INFO]     Batch 105/119 (6 jobs)... done (+6)
[13:38:24] [INFO]     Batch 106/119 (6 jobs)... done (+6)
[13:38:24] [INFO]     Batch 107/119 (6 jobs)... done (+6)
[13:38:24] [INFO]     Batch 108/119 (6 jobs)... done (+6)
[13:38:24] [INFO]     Batch 109/119 (6 jobs)... done (+6)
[13:38:24] [INFO]     Batch 110/119 (6 jobs)... done (+6)
[13:38:24] [INFO]     Batch 111/119 (6 jobs)... done (+6)
[13:38:24] [INFO]     Batch 112/119 (6 jobs)... done (+6)
[13:38:24] [INFO]     Batch 113/119 (6 jobs)... done (+6)
[13:38:24] [INFO]     Batch 114/119 (6 jobs)... mismatch, splitting into 3+3
[13:38:24] [INFO]     Batch 114/119 (6 jobs) ↳... mismatch, splitting into 2+1
[13:38:24] [INFO]     Batch 114/119 (6 jobs) ↳ ↳... mismatch, splitting into 1+1
[13:38:24] [INFO]     Batch 114/119 (6 jobs) ↳ ↳ ↳... done (+1)
[13:38:24] [INFO]     Batch 114/119 (6 jobs) ↳ ↳ ↳... done (+1)
[13:38:24] [INFO]     Batch 114/119 (6 jobs) ↳ ↳... done (+1)
[13:38:24] [INFO]     Batch 114/119 (6 jobs) ↳... done (+3)
[13:38:24] [INFO]     Batch 115/119 (6 jobs)... done (+6)
[13:38:24] [INFO]     Batch 116/119 (6 jobs)... done (+6)
[13:38:24] [INFO]     Batch 117/119 (6 jobs)... done (+6)
[13:38:24] [INFO]     Batch 118/119 (6 jobs)... done (+6)
[13:38:24] [INFO]     Batch 119/119 (4 jobs)... done (+4)
[13:38:24] [INFO]   
[13:38:24] [INFO]     Enriched this run : 701
[13:38:24] [INFO]     Total enriched    : 6,315 / 6,326
[13:38:24] [INFO]     Jobs left for next run : 1
[13:38:24] [INFO]     Report saved      : generated/enrichment-report.json
[13:38:24] [INFO]   
[13:38:24] [OK] Enrich succeeded.
[13:38:24] [INFO] 
[13:38:24] [INFO] --------------------------------------------------
[13:38:24] [INFO]   Step 4/8 - Backfill descriptions + posting dates (datePosted)
[13:38:24] [INFO] --------------------------------------------------
[13:38:24] [INFO] Running: C:\Program Files\nodejs\npm.cmd run agent:descriptions -- --max 2000 --concurrency 8
[13:49:35] [INFO]   
[13:49:35] [INFO]   > faculty-jobs@1.0.0 agent:descriptions
[13:49:35] [INFO]   > node scripts/agent-job-descriptions.js --max 2000 --concurrency 8
[13:49:35] [INFO]   
[13:49:35] [INFO]   
[13:49:35] [INFO]     Total jobs        : 6,326
[13:49:35] [INFO]     With description  : 673
[13:49:35] [INFO]     Missing (unfetched): 5,653
[13:49:35] [INFO]     To process now    : 2,000 (max 2000)
[13:49:35] [INFO]     Concurrency       : 8
[13:49:35] [INFO]     ...attempted 25/2000 (filled 25)
[13:49:35] [INFO]     ...attempted 50/2000 (filled 50)
[13:49:35] [INFO]     ...attempted 75/2000 (filled 73)
[13:49:35] [INFO]     ...attempted 100/2000 (filled 98)
[13:49:35] [INFO]     ...attempted 125/2000 (filled 123)
[13:49:35] [INFO]     ...attempted 150/2000 (filled 147)
[13:49:35] [INFO]     ...attempted 175/2000 (filled 169)
[13:49:35] [INFO]     ...attempted 200/2000 (filled 194)
[13:49:35] [INFO]     ...attempted 225/2000 (filled 217)
[13:49:35] [INFO]     ...attempted 250/2000 (filled 240)
[13:49:35] [INFO]     ...attempted 275/2000 (filled 262)
[13:49:35] [INFO]     ...attempted 300/2000 (filled 286)
[13:49:35] [INFO]     ...attempted 325/2000 (filled 310)
[13:49:35] [INFO]     ...attempted 350/2000 (filled 335)
[13:49:35] [INFO]     ...attempted 375/2000 (filled 358)
[13:49:35] [INFO]     ...attempted 400/2000 (filled 380)
[13:49:35] [INFO]     ...attempted 425/2000 (filled 400)
[13:49:35] [INFO]     ...attempted 450/2000 (filled 416)
[13:49:35] [INFO]     ...attempted 475/2000 (filled 434)
[13:49:35] [INFO]     ...attempted 500/2000 (filled 456)
[13:49:35] [INFO]     ...attempted 525/2000 (filled 481)
[13:49:35] [INFO]     ...attempted 550/2000 (filled 499)
[13:49:35] [INFO]     ...attempted 575/2000 (filled 519)
[13:49:35] [INFO]     ...attempted 600/2000 (filled 542)
[13:49:35] [INFO]     ...attempted 625/2000 (filled 565)
[13:49:35] [INFO]     ...attempted 650/2000 (filled 587)
[13:49:35] [INFO]     ...attempted 675/2000 (filled 609)
[13:49:35] [INFO]     ...attempted 700/2000 (filled 630)
[13:49:35] [INFO]     ...attempted 725/2000 (filled 654)
[13:49:35] [INFO]     ...attempted 750/2000 (filled 678)
[13:49:35] [INFO]     ...attempted 775/2000 (filled 701)
[13:49:35] [INFO]     ...attempted 800/2000 (filled 722)
[13:49:35] [INFO]     ...attempted 825/2000 (filled 747)
[13:49:35] [INFO]     ...attempted 850/2000 (filled 768)
[13:49:35] [INFO]     ...attempted 875/2000 (filled 787)
[13:49:35] [INFO]     ...attempted 900/2000 (filled 808)
[13:49:35] [INFO]     ...attempted 925/2000 (filled 833)
[13:49:35] [INFO]     ...attempted 950/2000 (filled 857)
[13:49:35] [INFO]     ...attempted 975/2000 (filled 881)
[13:49:35] [INFO]     ...attempted 1000/2000 (filled 904)
[13:49:35] [INFO]     ...attempted 1025/2000 (filled 927)
[13:49:35] [INFO]     ...attempted 1050/2000 (filled 947)
[13:49:35] [INFO]     ...attempted 1075/2000 (filled 969)
[13:49:35] [INFO]     ...attempted 1100/2000 (filled 990)
[13:49:35] [INFO]     ...attempted 1125/2000 (filled 1011)
[13:49:35] [INFO]     ...attempted 1150/2000 (filled 1036)
[13:49:35] [INFO]     ...attempted 1175/2000 (filled 1059)
[13:49:35] [INFO]     ...attempted 1200/2000 (filled 1084)
[13:49:35] [INFO]     ...attempted 1225/2000 (filled 1108)
[13:49:35] [INFO]     ...attempted 1250/2000 (filled 1133)
[13:49:35] [INFO]     ...attempted 1275/2000 (filled 1158)
[13:49:35] [INFO]     ...attempted 1300/2000 (filled 1170)
[13:49:35] [INFO]     ...attempted 1325/2000 (filled 1194)
[13:49:35] [INFO]     ...attempted 1350/2000 (filled 1219)
[13:49:35] [INFO]     ...attempted 1375/2000 (filled 1244)
[13:49:35] [INFO]     ...attempted 1400/2000 (filled 1269)
[13:49:35] [INFO]     ...attempted 1425/2000 (filled 1294)
[13:49:35] [INFO]     ...attempted 1450/2000 (filled 1318)
[13:49:35] [INFO]     ...attempted 1475/2000 (filled 1339)
[13:49:35] [INFO]     ...attempted 1500/2000 (filled 1363)
[13:49:35] [INFO]     ...attempted 1525/2000 (filled 1388)
[13:49:35] [INFO]     ...attempted 1550/2000 (filled 1413)
[13:49:35] [INFO]     ...attempted 1575/2000 (filled 1437)
[13:49:35] [INFO]     ...attempted 1600/2000 (filled 1462)
[13:49:35] [INFO]     ...attempted 1625/2000 (filled 1487)
[13:49:35] [INFO]     ...attempted 1650/2000 (filled 1510)
[13:49:35] [INFO]     ...attempted 1675/2000 (filled 1534)
[13:49:35] [INFO]     ...attempted 1700/2000 (filled 1558)
[13:49:35] [INFO]     ...attempted 1725/2000 (filled 1582)
[13:49:35] [INFO]     ...attempted 1750/2000 (filled 1604)
[13:49:35] [INFO]     ...attempted 1775/2000 (filled 1629)
[13:49:35] [INFO]     ...attempted 1800/2000 (filled 1653)
[13:49:35] [INFO]     ...attempted 1825/2000 (filled 1675)
[13:49:35] [INFO]     ...attempted 1850/2000 (filled 1697)
[13:49:35] [INFO]     ...attempted 1875/2000 (filled 1720)
[13:49:35] [INFO]     ...attempted 1900/2000 (filled 1742)
[13:49:35] [INFO]     ...attempted 1925/2000 (filled 1765)
[13:49:35] [INFO]     ...attempted 1950/2000 (filled 1789)
[13:49:35] [INFO]     ...attempted 1975/2000 (filled 1814)
[13:49:35] [INFO]     ...attempted 2000/2000 (filled 1838)
[13:49:35] [INFO]   
[13:49:35] [INFO]     Attempted this run : 2000
[13:49:35] [INFO]     Filled this run    : 1838 (92%)
[13:49:35] [INFO]     datePosted found   : 36 (2%)  [11 via labeled Open Date]
[13:49:35] [INFO]     deadlines found    : 7 (0%)  [+378 rolling/until-filled]
[13:49:35] [INFO]     start dates found  : 10 (1%)
[13:49:35] [INFO]     Total w/ description: 2,511 / 6,326
[13:49:35] [INFO]     Remaining unfetched: 3,653
[13:49:35] [INFO]     Report saved       : generated/job-descriptions-report.json
[13:49:35] [INFO]   
[13:49:35] [OK] Descriptions succeeded.
[13:49:35] [INFO] 
[13:49:35] [INFO] --------------------------------------------------
[13:49:35] [INFO]   Step 5/8 - Build frontend
[13:49:35] [INFO] --------------------------------------------------
[13:49:35] [INFO] Running: C:\Program Files\nodejs\npm.cmd run build:frontend
[13:49:47] [INFO]   
[13:49:47] [INFO]   > faculty-jobs@1.0.0 build:frontend
[13:49:47] [INFO]   > npm run build:coverage && npm run sync:policy-exclusions && npm run sync:web-data && cd web-vue && npm run build && cd .. && node scripts/copy-dist.js && node scripts/generate-job-pages.js && node scripts/generate-sitemap.js && node scripts/inject-og-meta.js
[13:49:47] [INFO]   
[13:49:47] [INFO]   
[13:49:47] [INFO]   > faculty-jobs@1.0.0 build:coverage
[13:49:47] [INFO]   > npm run build:institutions && npm run build:policy-exclusions && npm run sync:policy-exclusions && npm run build:coverage-report
[13:49:47] [INFO]   
[13:49:47] [INFO]   
[13:49:47] [INFO]   > faculty-jobs@1.0.0 build:institutions
[13:49:47] [INFO]   > node scripts/build-institutions-master.js
[13:49:47] [INFO]   
[13:49:47] [INFO]   Enriched 1295/1544 institutions from IPEDS (hd2024.csv)
[13:49:47] [INFO]   Wrote data\institutions-master.json (1544 institutions)
[13:49:47] [INFO]   
[13:49:47] [INFO]   > faculty-jobs@1.0.0 build:policy-exclusions
[13:49:47] [INFO]   > node scripts/generate-policy-exclusions.js
[13:49:47] [INFO]   
[13:49:47] [INFO]   Wrote generated\policy-excluded-colleges.json (12 excluded institutions)
[13:49:47] [INFO]   
[13:49:47] [INFO]   > faculty-jobs@1.0.0 sync:policy-exclusions
[13:49:47] [INFO]   > node scripts/sync-policy-exclusions-web.js
[13:49:47] [INFO]   
[13:49:47] [INFO]   Synced generated\policy-excluded-colleges.json -> web-vue\public\policy-excluded-colleges.json
[13:49:47] [INFO]   Synced generated\policy-excluded-colleges.json -> public\policy-excluded-colleges.json
[13:49:47] [INFO]   Synced generated\policy-excluded-colleges.json -> docs\policy-excluded-colleges.json
[13:49:47] [INFO]   
[13:49:47] [INFO]   > faculty-jobs@1.0.0 build:coverage-report
[13:49:47] [INFO]   > node scripts/generate-coverage-report.js
[13:49:47] [INFO]   
[13:49:47] [INFO]   Wrote generated\coverage-report.json (eligible universe: 1544)
[13:49:47] [INFO]   
[13:49:47] [INFO]   > faculty-jobs@1.0.0 sync:policy-exclusions
[13:49:47] [INFO]   > node scripts/sync-policy-exclusions-web.js
[13:49:47] [INFO]   
[13:49:47] [INFO]   Synced generated\policy-excluded-colleges.json -> web-vue\public\policy-excluded-colleges.json
[13:49:47] [INFO]   Synced generated\policy-excluded-colleges.json -> public\policy-excluded-colleges.json
[13:49:47] [INFO]   Synced generated\policy-excluded-colleges.json -> docs\policy-excluded-colleges.json
[13:49:47] [INFO]   
[13:49:47] [INFO]   > faculty-jobs@1.0.0 sync:web-data
[13:49:48] [INFO]   > node scripts/sync-web-data-files.js
[13:49:48] [INFO]   
[13:49:48] [INFO]   Synced public/jobs.json -> web-vue/public/jobs.json
[13:49:48] [INFO]   Synced public/college-coords.json -> web-vue/public/college-coords.json
[13:49:48] [INFO]   Built web chunk manifest: web-vue/public/data/jobs-manifest.json
[13:49:48] [INFO]   
[13:49:48] [INFO]   > web-vue@0.0.0 build
[13:49:48] [INFO]   > vite build
[13:49:48] [INFO]   
[13:49:48] [INFO]   [36mvite v8.0.0-beta.15 [32mbuilding client environment for production...[36m[39m
[13:49:48] [INFO]   [2K
[13:49:48] [INFO]   transforming...✓ 32 modules transformed.
[13:49:48] [INFO]   rendering chunks...
[13:49:48] [INFO]   computing gzip size...
[13:49:48] [INFO]   dist/index.html                   2.67 kB │ gzip:   0.97 kB
[13:49:48] [INFO]   dist/assets/index-B1Fe9rZq.css   33.18 kB │ gzip:  10.54 kB
[13:49:48] [INFO]   dist/assets/index-75zeCueU.js   322.50 kB │ gzip: 101.40 kB
[13:49:48] [INFO]   
[13:49:48] [INFO]   [32m✓ built in 403ms[39m
[13:49:48] [INFO]   Copied web-vue/dist → public/ and docs/
[13:49:48] [INFO]   generate-job-pages: 2478 pages (of 6326 jobs; 3848 skipped as thin/no-url)
[13:49:48] [INFO]   Sitemap written — lastmod: 2026-06-19, 3 static + 2478 job URLs
[13:49:48] [INFO]     docs/sitemap.xml  public/sitemap.xml
[13:49:48] [INFO]     docs/robots.txt   public/robots.txt
[13:49:48] [INFO]   inject-og-meta: patched 2 files — 6326 jobs, 426 colleges, 56 sources
[13:49:48] [OK] Build succeeded.
[13:49:48] [INFO] 
[13:49:48] [INFO] --------------------------------------------------
[13:49:48] [INFO]   Step 6/8 - Commit and push
[13:49:48] [INFO] --------------------------------------------------
[13:49:48] [WARN] DRY RUN: skipping git commit and push.
[13:49:48] [INFO] 
[13:49:48] [INFO] --------------------------------------------------
[13:49:48] [INFO]   Step 7/8 - Validate job URLs
[13:49:48] [INFO] --------------------------------------------------
[13:49:48] [INFO] Running: C:\Program Files\nodejs\npm.cmd run verify:job-urls
[13:50:04] [INFO]   
[13:50:04] [INFO]   > faculty-jobs@1.0.0 verify:job-urls
[13:50:04] [INFO]   > node scripts/verify-job-urls.js
[13:50:04] [INFO]   
[13:50:04] [INFO]   
[13:50:04] [INFO]   Faculty Atlas - Job URL Validator
[13:50:04] [INFO]     Sample: 8/source | Concurrency: 6 | Recheck: every 7d | Timeout: 12000ms
[13:50:04] [INFO]   
[13:50:04] [INFO]   Loaded 6,326 jobs.
[13:50:04] [INFO]     216 URLs selected to check this run (6110 not sampled or already fresh in cache)
[13:50:04] [INFO]   
[13:50:04] [INFO]   
[13:50:04] [INFO]     Checked 10/216...
[13:50:04] [INFO]     Checked 20/216...
[13:50:04] [INFO]     Checked 30/216...
[13:50:04] [INFO]     Checked 40/216...
[13:50:04] [INFO]     Checked 50/216...
[13:50:04] [INFO]     Checked 60/216...
[13:50:04] [INFO]     Checked 70/216...
[13:50:04] [INFO]     Checked 80/216...
[13:50:04] [INFO]     Checked 90/216...
[13:50:04] [INFO]     Checked 100/216...
[13:50:04] [INFO]     Checked 110/216...
[13:50:04] [INFO]     Checked 120/216...
[13:50:04] [INFO]     Checked 130/216...
[13:50:04] [INFO]     Checked 140/216...
[13:50:04] [INFO]     Checked 150/216...
[13:50:04] [INFO]     Checked 160/216...
[13:50:04] [INFO]     Checked 170/216...
[13:50:04] [INFO]     Checked 180/216...
[13:50:04] [INFO]     Checked 190/216...
[13:50:04] [INFO]     Checked 200/216...
[13:50:04] [INFO]     Checked 210/216...
[13:50:04] [INFO]     Checked 216/216...
[13:50:04] [INFO]   
[13:50:04] [INFO]   -- Results (this run) --
[13:50:04] [INFO]     OK        : 196
[13:50:04] [INFO]     Dead      : 1  (404/410)
[13:50:04] [INFO]     Redirected: 0  (redirected to homepage)
[13:50:04] [INFO]     Blocked   : 2  (403/405 - assumed live)
[13:50:04] [INFO]     Timeout   : 0
[13:50:04] [INFO]     Other     : 17
[13:50:04] [INFO]   
[13:50:04] [INFO]   -- Overall (from cache) --
[13:50:04] [INFO]     URLs in cache  : 8,554 / 6,326 (135.2% coverage)
[13:50:04] [INFO]     Confirmed dead : 0
[13:50:04] [INFO]   
[13:50:04] [INFO]     Report  : generated\job-url-report.json
[13:50:04] [INFO]     Dead    : generated\job-url-dead.json
[13:50:04] [INFO]     Cache   : generated\job-url-cache.json
[13:50:04] [INFO]   
[13:50:04] [OK] Verify job URLs succeeded.
[13:50:04] [INFO] 
[13:50:04] [INFO] --------------------------------------------------
[13:50:04] [INFO]   Step 8/8 - Monitor live site
[13:50:04] [INFO] --------------------------------------------------
[13:50:04] [INFO] Running: C:\Program Files\nodejs\npm.cmd run monitor:live
[13:50:06] [INFO]   
[13:50:06] [INFO]   > faculty-jobs@1.0.0 monitor:live
[13:50:06] [INFO]   > node scripts/monitor-live-site.js
[13:50:06] [INFO]   
[13:50:06] [INFO]   
[13:50:06] [INFO]   🔍 Faculty Atlas — Live Site Health Check
[13:50:06] [INFO]      Target: https://www.facultyatlas.org
[13:50:06] [INFO]      Freshness limit: warn >7d, fail >14d
[13:50:06] [INFO]      Min job count: 500
[13:50:06] [INFO]   
[13:50:06] [INFO]   ── Availability ─────────────────────────────
[13:50:06] [INFO]     ✅ [PASS] Site root reachable: HTTP 200
[13:50:06] [INFO]   
[13:50:06] [INFO]   ── Assets ───────────────────────────────────
[13:50:06] [INFO]     ✅ [PASS] JS bundle loads: index-DwcZSjS5.js → HTTP 200
[13:50:06] [INFO]     ✅ [PASS] CSS bundle loads: index-h5p8d5nL.css → HTTP 200
[13:50:06] [INFO]   
[13:50:06] [INFO]   ── Data ─────────────────────────────────────
[13:50:06] [INFO]     ✅ [PASS] Manifest loads: 56 chunks declared
[13:50:06] [INFO]     ✅ [PASS] Job count meets minimum: 6,481 jobs (min: 500)
[13:50:06] [INFO]     ✅ [PASS] Data freshness: 0.5 days old (scraped 6/19/2026)
[13:50:06] [INFO]   
[13:50:06] [INFO]   ── Chunk spot-check ─────────────────────────
[13:50:06] [INFO]     ✅ [PASS] Chunk mt: 102 jobs
[13:50:06] [INFO]     ✅ [PASS] Chunk ne: 38 jobs
[13:50:06] [INFO]     ✅ [PASS] Chunk ms: 35 jobs
[13:50:06] [INFO]   
[13:50:06] [INFO]   ── Map data ─────────────────────────────────
[13:50:06] [INFO]     ✅ [PASS] College coordinates: 531 entries
[13:50:06] [INFO]   
[13:50:06] [INFO]   ─────────────────────────────────────────────
[13:50:06] [INFO]   ✅ Overall: PASS  (10 passed, 0 warned, 0 failed) — 0.7s
[13:50:06] [INFO]      Report written to generated/live-site-health.json
[13:50:06] [INFO]   
[13:50:06] [OK] Monitor succeeded.
[13:50:06] [INFO] 
[13:50:06] [INFO] ================================================
[13:50:06] [INFO]   [SUCCESS] Daily update completed.
[13:50:06] [INFO]   Log: C:\Users\StevenAzeka\OneDrive\Documents\GitHub\Faculty-Jobs\generated\automation-logs\daily-update-2026-06-19_13-11-08.log
[13:50:06] [INFO] ================================================
[13:50:06] [INFO] 
