[02:00:01] [INFO] ================================================
[02:00:01] [INFO]   Faculty Atlas - Daily Update
[02:00:01] [INFO]   Thursday, June 11 2026 02:00:01
[02:00:01] [INFO]   Project: C:\Users\StevenAzeka\OneDrive\Documents\GitHub\Faculty-Jobs
[02:00:01] [INFO] ================================================
[02:00:01] [INFO] 
[02:00:01] [INFO] --------------------------------------------------
[02:00:01] [INFO]   Step 1/5 - Scrape jobs
[02:00:01] [INFO] --------------------------------------------------
[02:00:01] [INFO] Running: C:\Program Files\nodejs\npm.cmd run scrape:json
[02:10:30] [INFO]   
[02:10:30] [INFO]   > faculty-jobs@1.0.0 scrape:json
[02:10:30] [INFO]   > node scripts/scrape-to-json.js
[02:10:30] [INFO]   
[02:10:30] [INFO]   🧾 Loaded policy exclusions: 12 institutions
[02:10:30] [INFO]   🏷️  Loaded private for-profit exclusions: 0 institutions
[02:10:30] [INFO]   ↪️  Arizona Christian University override URL applied
[02:10:30] [INFO]   Wesleyan University CT listings scraped: 2 (API)
[02:10:30] [INFO]   University of Hartford CT listings scraped: 16
[02:10:30] [INFO]   Trinity College CT listings scraped: 5
[02:10:30] [INFO]   Arizona Western College AZ listings scraped: 0
[02:10:30] [INFO]   Estrella Mountain Community College AZ listings scraped: 0
[02:10:30] [INFO]   Fairfield University CT listings scraped: 3 (API)
[02:10:30] [INFO]   Community Christian College AZ listings scraped: 0
[02:10:30] [INFO]   Prescott College AZ listings scraped: 0
[02:10:30] [INFO]   Eastern Arizona College AZ listings scraped: 0
[02:10:30] [INFO]   Arizona Board of Regents AZ listings scraped: 0
[02:10:30] [INFO]   UMass Dartmouth listing scraped: 4
[02:10:30] [INFO]   Arizona State University Campus Immersion AZ listings scraped: 0
[02:10:30] [INFO]   Arizona State University Digital Immersion AZ listings scraped: 0
[02:10:30] [INFO]   Ottawa University-Surprise AZ listings scraped: 0
[02:10:30] [INFO]   UMass Lowell listing scraped: 4
[02:10:30] [INFO]   Central Arizona College AZ listings scraped: 1
[02:10:30] [INFO]   Northern Arizona University AZ listings scraped: 13
[02:10:30] [INFO]   Connecticut College CT listings scraped: 16
[02:10:30] [INFO]   Western Maricopa Education Center AZ listings scraped: 0
[02:10:30] [INFO]   Embry-Riddle Aeronautical University-Prescott AZ listings scraped: 0
[02:10:30] [INFO]   ASU facultypositions listings scraped: 30
[02:10:30] [INFO]   Yale University CT listings scraped: 0
[02:10:30] [INFO]   ↪️  Coconino Community College: generic page hands off to schooljobs
[02:10:30] [INFO]   ↪️  Cochise County Community College District: generic page hands off to schooljobs
[02:10:30] [INFO]   University of Connecticut CT listings scraped: 14
[02:10:30] [INFO]   UMass Boston listing scraped: 27
[02:10:30] [INFO]   Quinnipiac University CT listings scraped: 6
[02:10:30] [INFO]   Dine College AZ listings scraped: 0
[02:10:30] [INFO]   Cochise County Community College District AZ listings scraped: 0
[02:10:30] [INFO]   Cochise County Community College District AZ listings scraped: 0
[02:10:30] [INFO]   Charter Oak State College CT listings scraped: 0
[02:10:30] [INFO]   University of Arizona AZ listings scraped: 9
[02:10:30] [INFO]   Albertus Magnus College CT listings scraped: 0
[02:10:30] [INFO]   Arizona Christian University AZ listings scraped: 0
[02:10:30] [INFO]   Coconino Community College AZ listings scraped: 1
[02:10:30] [INFO]   Central Connecticut State University CT listings scraped: 0
[02:10:30] [INFO]   University of Bridgeport CT listings scraped: 4
[02:10:30] [INFO]   UMass Amherst page 1: 6 jobs
[02:10:30] [INFO]   UMass Amherst total scraped: 6
[02:10:30] [INFO]   Brandeis University MA listings scraped: 3 (API)
[02:10:30] [INFO]   Eastern Connecticut State University CT listings scraped: 0
[02:10:30] [INFO]   Connecticut State Community College CT listings scraped: 0
[02:10:30] [INFO]   Amherst College MA listings scraped: 2 (API)
[02:10:30] [INFO]   UC Santa Barbara UC listings scraped: 60
[02:10:30] [INFO]   Tufts University MA listings scraped: 5 (Jibe API)
[02:10:30] [INFO]   UC Merced UC listings scraped: 142
[02:10:30] [INFO]   UC San Diego UC listings scraped: 165
[02:10:30] [INFO]   Mount Holyoke College MA listings scraped: 2 (API)
[02:10:30] [INFO]   UC Riverside UC listings scraped: 89
[02:10:30] [INFO]   UC Berkeley UC listings scraped: 154
[02:10:30] [INFO]   UC Davis UC listings scraped: 220
[02:10:30] [INFO]   UCLA UC listings scraped: 233
[02:10:30] [INFO]   UC Santa Cruz UC listings scraped: 86
[02:10:30] [INFO]   UC San Francisco UC listings scraped: 370
[02:10:30] [INFO]   UC Irvine UC listings scraped: 312
[02:10:30] [INFO]   Massachusetts Institute of Technology MA listings scraped: 0 (PeopleClick)
[02:10:30] [INFO]   Boston College MA listings scraped: 0
[02:10:30] [INFO]   Wellesley College MA listings scraped: 3 (API)
[02:10:30] [INFO]   Northeastern University MA listings scraped: 2 (API)
[02:10:30] [INFO]   Boston University MA listings scraped: 0
[02:10:30] [INFO]   Smith College MA listings scraped: 0 (Smith Interfolio page)
[02:10:30] [INFO]   Stanford University CA Private listings scraped: 14
[02:10:30] [INFO]   Bentley University MA listings scraped: 3 (API)
[02:10:30] [INFO]   College of the Holy Cross MA listings scraped: 0 (Jobvite)
[02:10:30] [INFO]   Babson College MA listings scraped: 0
[02:10:30] [INFO]   Academy for Jewish Religion California CA Private listings scraped: 0
[02:10:30] [INFO]   Williams College MA listings scraped: 0
[02:10:30] [INFO]   California Institute of Technology CA Private Taleo listings scraped: 0
[02:10:30] [INFO]   ↪️  Alder Graduate School of Education override URL applied
[02:10:30] [INFO]   University of Southern California CA Private listings scraped: 12 (USC listing)
[02:10:30] [INFO]   ↪️  Signature Healthcare Brockton Hospital School of Nursing: generic page hands off to csod
[02:10:30] [INFO]   Acupuncture and Integrative Medicine College-Berkeley CA Private listings scraped: 0
[02:10:30] [INFO]   Springfield College-Regional, Online, and Continuing Education MA listings scraped: 0
[02:10:30] [INFO]   Academy of Chinese Culture and Health Sciences CA Private listings scraped: 0
[02:10:30] [INFO]   Allan Hancock College CA Private listings scraped: 0
[02:10:30] [INFO]   Alder Graduate School of Education CA Private listings scraped: 1
[02:10:30] [INFO]   American International College MA listings scraped: 0
[02:10:30] [INFO]   American Jewish University CA Private listings scraped: 0
[02:10:30] [INFO]   American Academy of Dramatic Arts-Los Angeles CA Private listings scraped: 0
[02:10:30] [INFO]   Anna Maria College MA listings scraped: 1
[02:10:30] [INFO]   Assumption University MA listings scraped: 0
[02:10:30] [INFO]   ↪️  American River College: generic page hands off to schooljobs
[02:10:30] [INFO]   Signature Healthcare Brockton Hospital School of Nursing MA listings scraped: 0
[02:10:30] [INFO]   Signature Healthcare Brockton Hospital School of Nursing MA listings scraped: 0
[02:10:30] [INFO]   Bard College at Simon's Rock MA listings scraped: 0
[02:10:30] [INFO]   Antioch University-Los Angeles CA Private listings scraped: 0
[02:10:30] [INFO]   CT Faculty/Teaching results scraped: 24
[02:10:30] [INFO]   Bay Path University MA listings scraped: 0
[02:10:30] [INFO]   Montclair State University NJ listings scraped: 6 (API)
[02:10:30] [INFO]   Kean University NJ listings scraped: 5 (API)
[02:10:30] [INFO]   Benjamin Franklin Cummings Institute of Technology MA listings scraped: 0
[02:10:30] [INFO]   William Paterson University NJ listings scraped: 6 (API)
[02:10:30] [INFO]   Stockton University NJ listings scraped: 0
[02:10:30] [INFO]   Berklee College of Music MA listings scraped: 0
[02:10:30] [INFO]   Antioch University-Santa Barbara CA Private listings scraped: 0
[02:10:30] [INFO]   The College of New Jersey NJ listings scraped: 0
[02:10:30] [INFO]   CSU listing scraped: 111
[02:10:30] [INFO]   Stevens Institute of Technology NJ listings scraped: 9 (API)
[02:10:30] [INFO]   New Jersey City University NJ listings scraped: 0
[02:10:30] [INFO]   Fairleigh Dickinson University NJ listings scraped: 30
[02:10:30] [INFO]   Berkshire Community College MA listings scraped: 0
[02:10:30] [INFO]   American River College CA Private listings scraped: 0
[02:10:30] [INFO]   American River College CA Private listings scraped: 0
[02:10:30] [INFO]   Ramapo College of New Jersey NJ listings scraped: 1
[02:10:30] [INFO]   ↪️  Boston Architectural College: generic page hands off to paycom
[02:10:30] [INFO]   ↪️  Antelope Valley Community College District: generic page hands off to schooljobs
[02:10:30] [INFO]   Boston Baptist College MA listings scraped: 0
[02:10:30] [INFO]   Rider University NJ listings scraped: 1
[02:10:30] [INFO]   Princeton University NJ listings scraped: 1
[02:10:30] [INFO]   Boston Graduate School of Psychoanalysis Inc MA listings scraped: 0
[02:10:30] [INFO]   Bridgewater State University MA listings scraped: 0
[02:10:30] [INFO]   Lemoore College CA Private listings scraped: 0
[02:10:30] [INFO]   Saint Peter's University NJ listings scraped: 8
[02:10:30] [INFO]   Antelope Valley Community College District CA Private listings scraped: 0
[02:10:30] [INFO]   Antelope Valley Community College District CA Private listings scraped: 0
[02:10:30] [INFO]   Coalinga College CA Private listings scraped: 0
[02:10:30] [INFO]   Boston Architectural College MA listings scraped: 3
[02:10:30] [INFO]   New Jersey Institute of Technology NJ listings scraped: 4
[02:10:30] [INFO]   Bristol Community College MA listings scraped: 0
[02:10:30] [INFO]   Monmouth University NJ listings scraped: 6
[02:10:30] [INFO]   Bunker Hill Community College MA listings scraped: 2
[02:10:30] [INFO]   Capital Health School of Nursing NJ listings scraped: 0
[02:10:30] [INFO]   Middlebury Institute of International Studies at Monterey CA Private listings scraped: 0
[02:10:30] [INFO]   Cambridge College MA listings scraped: 0
[02:10:30] [INFO]   Moorpark College CA Private listings scraped: 0
[02:10:30] [INFO]   Capital Health School of Radiologic Technology NJ listings scraped: 0
[02:10:30] [INFO]   Los Angeles County College of Nursing and Allied Health CA Private listings scraped: 0
[02:10:30] [INFO]   Clark University MA listings scraped: 0
[02:10:30] [INFO]   Loma Linda University CA Private listings scraped: 0
[02:10:30] [INFO]   Sanford Burnham Prebys Medical Discovery Institute CA Private listings scraped: 2
[02:10:30] [INFO]   Santiago Canyon College CA Private listings scraped: 0
[02:10:30] [INFO]   Seton Hall University NJ listings scraped: 19
[02:10:30] [INFO]   Hackensack Meridian School of Medicine NJ listings scraped: 0
[02:10:30] [INFO]   College of Our Lady of the Elms MA listings scraped: 1
[02:10:30] [INFO]   Holy Name Medical Center-Sister Claire Tynan School of Nursing NJ listings scraped: 0
[02:10:30] [INFO]   The Chicago School at Los Angeles CA Private listings scraped: 0
[02:10:30] [INFO]   The Chicago School at Anaheim CA Private listings scraped: 0
[02:10:30] [INFO]   The Chicago School at San Diego CA Private listings scraped: 0
[02:10:30] [INFO]   Rutgers, The State University of New Jersey NJ listings scraped: 280
[02:10:30] [INFO]   Conway School of Landscape Design MA listings scraped: 0
[02:10:30] [INFO]   ↪️  Dean College override URL applied
[02:10:30] [INFO]   Trinity Law School CA Private listings scraped: 0
[02:10:30] [INFO]   Cape Cod Community College MA listings scraped: 0
[02:10:30] [INFO]   Atlantic Cape Community College NJ listings scraped: 0
[02:10:30] [INFO]   Azusa Pacific University CA Private listings scraped: 3
[02:10:30] [INFO]   Curry College MA listings scraped: 0
[02:10:30] [INFO]   Beth Medrash Govoha NJ listings scraped: 0
[02:10:30] [INFO]   Art Center College of Design CA Private listings scraped: 0
[02:10:30] [INFO]   Bergen Community College NJ listings scraped: 0
[02:10:30] [INFO]   Dean College MA listings scraped: 1
[02:10:30] [INFO]   Rowan University NJ listings scraped: 19
[02:10:30] [INFO]   ↪️  Barstow Community College: generic page hands off to schooljobs
[02:10:30] [INFO]   Bakersfield College CA Private listings scraped: 0
[02:10:30] [INFO]   Bloomfield College of Montclair State University NJ listings scraped: 0
[02:10:30] [INFO]   Emerson College MA listings scraped: 1
[02:10:30] [INFO]   Eastern Nazarene College MA listings scraped: 0
[02:10:30] [INFO]   Caldwell University NJ listings scraped: 1
[02:10:30] [INFO]   Berkeley City College CA Private listings scraped: 0
[02:10:30] [INFO]   Bethesda University CA Private listings scraped: 0
[02:10:30] [INFO]   Berkeley School of Theology CA Private listings scraped: 0
[02:10:30] [INFO]   Emmanuel College MA listings scraped: 0
[02:10:30] [INFO]   Centenary University NJ listings scraped: 0
[02:10:30] [INFO]   ↪️  Fisher College: generic page hands off to paycom
[02:10:30] [INFO]   ↪️  Biola University: generic page hands off to csod
[02:10:30] [INFO]   Cabrillo College CA Private listings scraped: 0
[02:10:30] [INFO]   Camden County College NJ listings scraped: 0
[02:10:30] [INFO]   Barstow Community College CA Private listings scraped: 0
[02:10:30] [INFO]   Barstow Community College CA Private listings scraped: 0
[02:10:30] [INFO]   ↪️  Endicott College: generic page hands off to workday
[02:10:30] [INFO]   County College of Morris NJ listings scraped: 1
[02:10:30] [INFO]   ↪️  Butte College: generic page hands off to schooljobs
[02:10:30] [INFO]   Endicott College MA listings scraped: 3 (API)
[02:10:30] [INFO]   Fitchburg State University MA listings scraped: 0
[02:10:30] [INFO]   Drew University NJ listings scraped: 2
[02:10:30] [INFO]   California College of the Arts CA Private listings scraped: 1
[02:10:30] [INFO]   Butte College CA Private listings scraped: 2
[02:10:30] [INFO]   Fairleigh Dickinson University-Florham Campus NJ listings scraped: 1
[02:10:30] [INFO]   Fayetteville State University NC listings scraped: 7
[02:10:30] [INFO]   Elizabeth City State University NC listings scraped: 5
[02:10:30] [INFO]   Appalachian State University NC listings scraped: 24
[02:10:30] [INFO]   Framingham State University MA listings scraped: 1
[02:10:30] [INFO]   Franklin W Olin College of Engineering MA listings scraped: 0
[02:10:30] [INFO]   Fairleigh Dickinson University-Metropolitan Campus NJ listings scraped: 0
[02:10:30] [INFO]   California Baptist University CA Private listings scraped: 0
[02:10:30] [INFO]   Fisher College MA listings scraped: 6
[02:10:30] [INFO]   California Institute of Advanced Management CA Private listings scraped: 1
[02:10:30] [INFO]   North Carolina A&T State University NC listings scraped: 18
[02:10:30] [INFO]   ↪️  Essex County College: generic page hands off to peopleadmin
[02:10:30] [INFO]   California Institute of Integral Studies CA Private listings scraped: 0
[02:10:30] [INFO]   Felician University NJ listings scraped: 0
[02:10:30] [INFO]   UNC Asheville NC listings scraped: 2
[02:10:30] [INFO]   Essex County College NJ listings scraped: 0
[02:10:30] [INFO]   Essex County College NJ listings scraped: 0
[02:10:30] [INFO]   California Institute of the Arts CA Private listings scraped: 0
[02:10:30] [INFO]   California Jazz Conservatory CA Private listings scraped: 0
[02:10:30] [INFO]   California Lutheran University CA Private listings scraped: 0
[02:10:30] [INFO]   ↪️  Brookdale Community College: generic page hands off to icims
[02:10:30] [INFO]   California Polytechnic State University-San Luis Obispo CA Private listings scraped: 0
[02:10:30] [INFO]   California State Polytechnic University-Humboldt CA Private listings scraped: 2
[02:10:30] [INFO]   Biola University CA Private listings scraped: 10
[02:10:30] [INFO]   California State Polytechnic University-Pomona CA Private listings scraped: 0
[02:10:30] [INFO]   Brookdale Community College NJ listings scraped: 0
[02:10:30] [INFO]   Brookdale Community College NJ listings scraped: 0
[02:10:30] [INFO]   NC State University NC listings scraped: 3 (HTTP fallback)
[02:10:30] [INFO]   William & Mary VA listings scraped: 0
[02:10:30] [INFO]   California State University-Bakersfield CA Private listings scraped: 0
[02:10:30] [INFO]   California State University-Channel Islands CA Private listings scraped: 1
[02:10:30] [INFO]   George Mason University VA listings scraped: 0
[02:10:30] [INFO]   California State University-Chancellors Office CA Private listings scraped: 0
[02:10:30] [INFO]   Old Dominion University VA listings scraped: 23
[02:10:30] [INFO]   UNC Charlotte NC listings scraped: 7
[02:10:30] [INFO]   California State University-Chico CA Private listings scraped: 1
[02:10:30] [INFO]   James Madison University VA listings scraped: 0
[02:10:30] [INFO]   California State University Maritime Academy CA Private listings scraped: 0
[02:10:30] [INFO]   ↪️  California State University-East Bay: generic page hands off to pageup
[02:10:30] [INFO]   UNC Pembroke NC listings scraped: 21
[02:10:30] [INFO]   University of Richmond VA listings scraped: 4 (API)
[02:10:30] [INFO]   California State University-Fresno CA Private listings scraped: 0
[02:10:30] [INFO]   UNC School of the Arts NC listings scraped: 1
[02:10:30] [INFO]   University of Virginia VA listings scraped: 0 (Workday search API)
[02:10:30] [INFO]   California State University-Dominguez Hills CA Private listings scraped: 0
[02:10:30] [INFO]   East Carolina University NC listings scraped: 50
[02:10:30] [INFO]   UNC Wilmington NC listings scraped: 0
[02:10:30] [INFO]   ↪️  California State University-Long Beach: generic page hands off to pageup
[02:10:30] [INFO]   Washington and Lee University VA listings scraped: 0
[02:10:30] [INFO]   Virginia Commonwealth University VA listings scraped: 0
[02:10:30] [INFO]   Winston-Salem State University NC listings scraped: 1
[02:10:30] [INFO]   California State University-Los Angeles CA Private listings scraped: 0
[02:10:30] [INFO]   California State University-Fullerton CA Private listings scraped: 0
[02:10:30] [INFO]   California State University-Long Beach CA Private listings scraped: 0
[02:10:30] [INFO]   California State University-Long Beach CA Private listings scraped: 0
[02:10:30] [INFO]   Hollins University VA listings scraped: 1
[02:10:30] [INFO]   North Carolina Central University NC listings scraped: 19
[02:10:30] [INFO]   Centra College VA listings scraped: 0
[02:10:30] [INFO]   California State University-East Bay CA Private listings scraped: 38
[02:10:30] [INFO]   Virginia Tech VA listings scraped: 66 (keyword search)
[02:10:30] [INFO]   California State University-Northridge CA Private listings scraped: 0
[02:10:30] [INFO]   California State University-Monterey Bay CA Private listings scraped: 0
[02:10:30] [INFO]   Riverside College of Health Careers VA listings scraped: 0
[02:10:30] [INFO]   Appalachian College of Pharmacy VA listings scraped: 2
[02:10:30] [INFO]   California State University-Sacramento CA Private listings scraped: 1
[02:10:30] [INFO]   Wake Forest University NC listings scraped: 2
[02:10:30] [INFO]   California State University-San Bernardino CA Private listings scraped: 0
[02:10:30] [INFO]   Agora University VA listings scraped: 0
[02:10:30] [INFO]   Appalachian School of Law VA listings scraped: 1
[02:10:30] [INFO]   Davidson College NC listings scraped: 0 (Workday search API)
[02:10:30] [INFO]   Western Carolina University NC listings scraped: 18
[02:10:30] [INFO]   California State University-Stanislaus CA Private listings scraped: 0
[02:10:30] [INFO]   California State University-San Marcos CA Private listings scraped: 0
[02:10:30] [INFO]   Averett University VA listings scraped: 1
[02:10:30] [INFO]   UNC Greensboro NC listings scraped: 31
[02:10:30] [INFO]   Ascent College VA listings scraped: 0
[02:10:30] [INFO]   Bluefield University VA listings scraped: 0
[02:10:30] [INFO]   Elon University NC listings scraped: 0
[02:10:30] [INFO]   Bon Secours Memorial College of Nursing VA listings scraped: 1
[02:10:30] [INFO]   Canada College CA Private listings scraped: 0
[02:10:30] [INFO]   California University of Science and Medicine CA Private listings scraped: 0
[02:10:30] [INFO]   Harvard University MA listings scraped: 187
[02:10:30] [INFO]   Blue Ridge Community College VA listings scraped: 0
[02:10:30] [INFO]   Johnson & Wales University-Charlotte NC listings scraped: 0
[02:10:30] [INFO]   Bon Secours St Mary's Hospital School of Medical Imaging VA listings scraped: 0
[02:10:30] [INFO]   College of Charleston SC listings scraped: 9
[02:10:30] [INFO]   California Western School of Law CA Private listings scraped: 0
[02:10:30] [INFO]   Coastal Carolina University SC listings scraped: 7
[02:10:30] [INFO]   Casa Loma College-Los Angeles CA Private listings scraped: 0
[02:10:31] [INFO]   ↪️  Alamance Community College: generic page hands off to schooljobs
[02:10:31] [INFO]   Winthrop University SC listings scraped: 1
[02:10:31] [INFO]   Brightpoint Community College VA listings scraped: 0
[02:10:31] [INFO]   Clemson University SC listings scraped: 0
[02:10:31] [INFO]   Furman University SC: API failed, falling back to browser
[02:10:31] [INFO]   Wofford College SC listings scraped: 2 (API)
[02:10:31] [INFO]   ↪️  Bridgewater College: generic page hands off to paycom
[02:10:31] [INFO]   Bryant & Stratton College-Virginia Beach VA listings scraped: 0
[02:10:31] [INFO]   Asheville-Buncombe Technical Community College NC listings scraped: 0
[02:10:31] [INFO]   Cerritos College CA Private listings scraped: 0
[02:10:31] [INFO]   Central Virginia Community College VA listings scraped: 43
[02:10:31] [INFO]   Cerro Coso Community College CA Private listings scraped: 0
[02:10:31] [INFO]   Duke University NC listings scraped: 25 (keyword search)
[02:10:31] [INFO]   Alamance Community College NC listings scraped: 2
[02:10:31] [INFO]   ↪️  Chabot College: generic page hands off to peopleadmin
[02:10:31] [INFO]   Christopher Newport University VA listings scraped: 0
[02:10:31] [INFO]   CBD College CA Private listings scraped: 0
[02:10:31] [INFO]   University of South Carolina SC listings scraped: 102
[02:10:31] [INFO]   Chaffey College CA Private listings scraped: 0
[02:10:31] [INFO]   The Citadel SC listings scraped: 0
[02:10:31] [INFO]   Danville Community College VA listings scraped: 0
[02:10:31] [INFO]   Chabot College CA Private listings scraped: 3
[02:10:31] [INFO]   Beaufort County Community College NC listings scraped: 2
[02:10:31] [INFO]   ↪️  Barton College: generic page hands off to paycom
[02:10:31] [INFO]   Divine Mercy University VA listings scraped: 0
[02:10:31] [INFO]   Chapman University CA Private listings scraped: 1
[02:10:31] [INFO]   Eastern Mennonite University VA listings scraped: 0
[02:10:31] [INFO]   Presbyterian College SC listings scraped: 0
[02:10:31] [INFO]   Bridgewater College VA listings scraped: 10
[02:10:31] [INFO]   Charles R Drew University of Medicine and Science CA Private listings scraped: 0
[02:10:31] [INFO]   University of South Carolina-Lancaster SC listings scraped: 0
[02:10:31] [INFO]   University of South Carolina-Salkehatchie SC listings scraped: 0
[02:10:31] [INFO]   Citrus College CA Private listings scraped: 0
[02:10:31] [INFO]   Church Divinity School of the Pacific CA Private listings scraped: 3
[02:10:31] [INFO]   Bennett College NC listings scraped: 0
[02:10:31] [INFO]   ↪️  Eastern Virginia Medical School: generic page hands off to icims
[02:10:31] [INFO]   Edward Via College of Osteopathic Medicine VA listings scraped: 0
[02:10:31] [INFO]   Belmont Abbey College NC listings scraped: 0
[02:10:31] [INFO]   Eastern Shore Community College VA listings scraped: 0
[02:10:31] [INFO]   University of South Carolina-Union SC listings scraped: 0
[02:10:31] [INFO]   City College of San Francisco CA Private listings scraped: 0
[02:10:31] [INFO]   Barton College NC listings scraped: 6
[02:10:31] [INFO]   ↪️  Emory & Henry University: generic page hands off to paycom
[02:10:31] [INFO]   University of South Carolina-Sumter SC listings scraped: 0
[02:10:31] [INFO]   Claremont School of Theology CA Private listings scraped: 0
[02:10:31] [INFO]   Clovis Community College CA Private listings scraped: 0
[02:10:31] [INFO]   Bladen Community College NC listings scraped: 1
[02:10:31] [INFO]   Claremont Lincoln University CA Private listings scraped: 0
[02:10:31] [INFO]   Eastern Virginia Medical School VA listings scraped: 0
[02:10:31] [INFO]   Eastern Virginia Medical School VA listings scraped: 0
[02:10:31] [INFO]   Brevard College NC listings scraped: 0
[02:10:31] [INFO]   ↪️  Coast Community College District Office: generic page hands off to schooljobs
[02:10:31] [INFO]   Allen University SC listings scraped: 0
[02:10:31] [INFO]   American College of the Building Arts SC listings scraped: 0
[02:10:31] [INFO]   Brunswick Community College NC listings scraped: 0
[02:10:31] [INFO]   Ferrum College VA listings scraped: 0
[02:10:31] [INFO]   College of Marin CA Private listings scraped: 0
[02:10:31] [INFO]   Cabarrus College of Health Sciences NC listings scraped: 1
[02:10:31] [INFO]   Coastline Community College CA Private listings scraped: 0
[02:10:31] [INFO]   Anderson University SC listings scraped: 1
[02:10:31] [INFO]   Emory & Henry University VA listings scraped: 7
[02:10:31] [INFO]   ↪️  Caldwell Community College and Technical Institute: generic page hands off to schooljobs
[02:10:31] [INFO]   ↪️  Campbell University: generic page hands off to taleo
[02:10:31] [INFO]   College of Alameda CA Private listings scraped: 0
[02:10:31] [INFO]   Delaware Technical Community College DE listings scraped: 2
[02:10:31] [INFO]   Caldwell Community College and Technical Institute NC listings scraped: 0
[02:10:31] [INFO]   Caldwell Community College and Technical Institute NC listings scraped: 0
[02:10:31] [INFO]   College of San Mateo CA Private listings scraped: 0
[02:10:31] [INFO]   Cape Fear Community College NC listings scraped: 0
[02:10:31] [INFO]   Furman University SC listings scraped: 0
[02:10:31] [INFO]   College of the Canyons CA Private listings scraped: 0
[02:10:31] [INFO]   College of the Desert CA Private listings scraped: 0
[02:10:31] [INFO]   Delaware State University DE listings scraped: 2
[02:10:31] [INFO]   Carolina Christian College NC listings scraped: 0
[02:10:31] [INFO]   College of the Redwoods CA Private listings scraped: 0
[02:10:31] [INFO]   Bob Jones University SC listings scraped: 0
[02:10:31] [INFO]   Wilmington University DE Taleo listings scraped: 0
[02:10:31] [INFO]   College of the Sequoias CA Private listings scraped: 1
[02:10:31] [INFO]   Campbell University NC Taleo listings scraped: 0
[02:10:31] [INFO]   Campbell University NC listings scraped: 0
[02:10:31] [INFO]   Central Carolina Technical College SC listings scraped: 0
[02:10:31] [INFO]   Carolina College of Biblical Studies NC listings scraped: 0
[02:10:31] [INFO]   University of Maryland, Baltimore County MD listings scraped: 10
[02:10:31] [INFO]   Carolina University NC listings scraped: 0
[02:10:31] [INFO]   College of the Siskiyous CA Private listings scraped: 1
[02:10:31] [INFO]   Charleston Southern University SC listings scraped: 1
[02:10:31] [INFO]   University of Maryland, College Park MD listings scraped: 62 (API)
[02:10:31] [INFO]   Citadel Military College of South Carolina SC listings scraped: 0
[02:10:31] [INFO]   Catawba College NC listings scraped: 0
[02:10:31] [INFO]   ↪️  Carteret Community College: generic page hands off to schooljobs
[02:10:31] [INFO]   Concordia University-Irvine CA Private listings scraped: 0
[02:10:31] [INFO]   Benedict College SC listings scraped: 0
[02:10:31] [INFO]   University of Maryland, Baltimore MD Taleo listings scraped: 8
[02:10:31] [INFO]   Contra Costa College CA Private listings scraped: 0
[02:10:31] [INFO]   Morgan State University MD listings scraped: 61
[02:10:31] [INFO]   Clinton College SC listings scraped: 2
[02:10:31] [INFO]   Claflin University SC listings scraped: 0
[02:10:31] [INFO]   Johns Hopkins University MD listings scraped: 1
[02:10:31] [INFO]   Contra Costa Community College District Office CA Private listings scraped: 0
[02:10:31] [INFO]   Goucher College MD listings scraped: 0
[02:10:31] [INFO]   Towson University MD Taleo listings scraped: 0
[02:10:31] [INFO]   St. Mary's College of Maryland MD listings scraped: 0
[02:10:31] [INFO]   Compton College CA Private listings scraped: 0
[02:10:31] [INFO]   ↪️  Copper Mountain Community College: generic page hands off to schooljobs
[02:10:31] [INFO]   Catawba Valley Community College NC listings scraped: 1
[02:10:31] [INFO]   Coker University SC listings scraped: 0
[02:10:31] [INFO]   Columbia International University SC listings scraped: 1
[02:10:31] [INFO]   Garrett College MD listings scraped: 0
[02:10:31] [INFO]   Carteret Community College NC listings scraped: 1
[02:10:31] [INFO]   Central Carolina Community College NC listings scraped: 0
[02:10:31] [INFO]   ↪️  Allegany College of Maryland: generic page hands off to schooljobs
[02:10:31] [INFO]   ↪️  Central Piedmont Community College: generic page hands off to schooljobs
[02:10:31] [INFO]   Anne Arundel Community College MD listings scraped: 0
[02:10:31] [INFO]   Converse University SC listings scraped: 0
[02:10:31] [INFO]   Coast Community College District Office CA Private listings scraped: 0
[02:10:31] [INFO]   Coast Community College District Office CA Private listings scraped: 0
[02:10:31] [INFO]   Crafton Hills College CA Private listings scraped: 0
[02:10:31] [INFO]   Bais HaMedrash and Mesivta of Baltimore MD listings scraped: 0
[02:10:31] [INFO]   Copper Mountain Community College CA Private listings scraped: 0
[02:10:31] [INFO]   Copper Mountain Community College CA Private listings scraped: 0
[02:10:31] [INFO]   Charlotte Christian College and Theological Seminary NC listings scraped: 0
[02:10:31] [INFO]   Baltimore City Community College MD listings scraped: 0
[02:10:31] [INFO]   Allegany College of Maryland MD listings scraped: 0
[02:10:31] [INFO]   Allegany College of Maryland MD listings scraped: 0
[02:10:31] [INFO]   Chowan University NC listings scraped: 0
[02:10:31] [INFO]   Erskine College SC listings scraped: 1
[02:10:31] [INFO]   ↪️  Bowie State University: generic page hands off to workday
[02:10:31] [INFO]   Florence-Darlington Technical College SC listings scraped: 1
[02:10:31] [INFO]   Bowie State University MD listings scraped: 7 (API)
[02:10:31] [INFO]   Cuyamaca College CA Private listings scraped: 0
[02:10:31] [INFO]   Capitol Technology University MD listings scraped: 0
[02:10:31] [INFO]   ↪️  Cosumnes River College: generic page hands off to schooljobs
[02:10:31] [INFO]   Central Piedmont Community College NC listings scraped: 0
[02:10:31] [INFO]   Central Piedmont Community College NC listings scraped: 0
[02:10:31] [INFO]   Cypress College CA Private listings scraped: 0
[02:10:31] [INFO]   ↪️  Denmark Technical College: generic page hands off to schooljobs
[02:10:31] [INFO]   ↪️  Coastal Carolina Community College: generic page hands off to schooljobs
[02:10:31] [INFO]   Cuesta College CA Private listings scraped: 0
[02:10:31] [INFO]   Cleveland Community College NC listings scraped: 0
[02:10:31] [INFO]   ↪️  College of Southern Maryland: generic page hands off to schooljobs
[02:10:31] [INFO]   Cecil College MD listings scraped: 0
[02:10:31] [INFO]   Cosumnes River College CA Private listings scraped: 0
[02:10:31] [INFO]   Cosumnes River College CA Private listings scraped: 0
[02:10:31] [INFO]   Carroll Community College MD listings scraped: 0
[02:10:31] [INFO]   Francis Marion University SC listings scraped: 1
[02:10:31] [INFO]   De Anza College CA Private listings scraped: 0
[02:10:31] [INFO]   College of the Albemarle NC listings scraped: 0
[02:10:31] [INFO]   ↪️  Craven Community College: generic page hands off to schooljobs
[02:10:31] [INFO]   ↪️  Community College of Baltimore County: generic page hands off to schooljobs
[02:10:31] [INFO]   Diablo Valley College CA Private listings scraped: 0
[02:10:31] [INFO]   Chesapeake College MD listings scraped: 0
[02:10:31] [INFO]   Denmark Technical College SC listings scraped: 2
[02:10:31] [INFO]   Coastal Carolina Community College NC listings scraped: 0
[02:10:31] [INFO]   Coastal Carolina Community College NC listings scraped: 0
[02:10:31] [INFO]   College of Southern Maryland MD listings scraped: 3
[02:10:31] [INFO]   Daybreak University CA Private listings scraped: 0
[02:10:31] [INFO]   Craven Community College NC listings scraped: 0
[02:10:31] [INFO]   Craven Community College NC listings scraped: 0
[02:10:31] [INFO]   ↪️  Davidson-Davie Community College: generic page hands off to schooljobs
[02:10:31] [INFO]   Dominican School of Philosophy & Theology CA Private listings scraped: 0
[02:10:31] [INFO]   Dominican University of California CA Private listings scraped: 0
[02:10:31] [INFO]   Frederick Community College MD listings scraped: 0
[02:10:31] [INFO]   Community College of Baltimore County MD listings scraped: 9
[02:10:31] [INFO]   ↪️  Durham Technical Community College: generic page hands off to schooljobs
[02:10:31] [INFO]   ↪️  Coppin State University: generic page hands off to workday
[02:10:31] [INFO]   Coppin State University MD listings scraped: 2 (API)
[02:10:31] [INFO]   Edgecombe Community College NC listings scraped: 2
[02:10:31] [INFO]   ↪️  Frostburg State University: generic page hands off to workday
[02:10:31] [INFO]   Frostburg State University MD listings scraped: 6 (API)
[02:10:31] [INFO]   DHARMA REALM BUDDHIST UNIVERSITY CA Private listings scraped: 0
[02:10:31] [INFO]   Davidson-Davie Community College NC listings scraped: 3
[02:10:31] [INFO]   East Los Angeles College CA Private listings scraped: 0
[02:10:31] [INFO]   Rhode Island College RI listings scraped: 5
[02:10:31] [INFO]   Durham Technical Community College NC listings scraped: 0
[02:10:31] [INFO]   Durham Technical Community College NC listings scraped: 0
[02:10:31] [INFO]   Dongguk University Los Angeles CA Private listings scraped: 0
[02:10:31] [INFO]   ↪️  Brown University: generic page hands off to workday
[02:10:31] [INFO]   ↪️  Fayetteville Technical Community College: generic page hands off to peopleadmin
[02:10:31] [INFO]   Downey Adult School CA Private listings scraped: 0
[02:10:31] [INFO]   Forsyth Technical Community College NC listings scraped: 1
[02:10:31] [INFO]   Bryant University RI listings scraped: 0
[02:10:31] [INFO]   Providence College RI listings scraped: 2
[02:10:31] [INFO]   El Camino Community College District CA Private listings scraped: 0
[02:10:31] [INFO]   EDvance College CA Private listings scraped: 0
[02:10:31] [INFO]   Brown University RI listings scraped: 0 (API)
[02:10:31] [INFO]   Brown University RI listings scraped: 0
[02:10:31] [INFO]   Fayetteville Technical Community College NC listings scraped: 0
[02:10:31] [INFO]   Fayetteville Technical Community College NC listings scraped: 0
[02:10:31] [INFO]   Rhode Island School of Design RI listings scraped: 3
[02:10:31] [INFO]   Epic Bible College & Graduate School CA Private listings scraped: 0
[02:10:31] [INFO]   ↪️  Evergreen Valley College: generic page hands off to peopleadmin
[02:10:31] [INFO]   Johnson & Wales University-Providence RI listings scraped: 0
[02:10:31] [INFO]   Salve Regina University RI listings scraped: 4
[02:10:31] [INFO]   Feather River Community College District CA Private listings scraped: 0
[02:10:31] [INFO]   College Unbound RI listings scraped: 1
[02:10:31] [INFO]   Fielding Graduate University CA Private listings scraped: 1
[02:10:31] [INFO]   Evergreen Valley College CA Private listings scraped: 0
[02:10:31] [INFO]   Evergreen Valley College CA Private listings scraped: 0
[02:10:31] [INFO]   Community College of Rhode Island RI listings scraped: 0
[02:10:31] [INFO]   ↪️  Folsom Lake College: generic page hands off to schooljobs
[02:10:31] [INFO]   Foothill College CA Private listings scraped: 1
[02:10:31] [INFO]   ↪️  Foothill-De Anza Community College District: generic page hands off to taleo
[02:10:31] [INFO]   Franciscan School of Theology CA Private listings scraped: 0
[02:10:31] [INFO]   Commonwealth University PA listings scraped: 5
[02:10:31] [INFO]   Cheyney University PA listings scraped: 0
[02:10:31] [INFO]   Kutztown University PA listings scraped: 0
[02:10:31] [INFO]   Shippensburg University PA listings scraped: 2
[02:10:31] [INFO]   Fresno City College CA Private listings scraped: 0
[02:10:31] [INFO]   Folsom Lake College CA Private listings scraped: 0
[02:10:31] [INFO]   Folsom Lake College CA Private listings scraped: 0
[02:10:31] [INFO]   University of Rhode Island RI listings scraped: 29
[02:10:31] [INFO]   Millersville University PA listings scraped: 4
[02:10:31] [INFO]   Fresno Pacific University CA Private listings scraped: 0
[02:10:31] [INFO]   PennWest PA listings scraped: 7
[02:10:31] [INFO]   Slippery Rock University PA listings scraped: 3
[02:10:31] [INFO]   The Pennsylvania State University PA listings scraped: 34 (API)
[02:10:31] [INFO]   Central Michigan University MI listings scraped: 10
[02:10:31] [INFO]   West Chester University PA listings scraped: 0
[02:10:31] [INFO]   UNC-Chapel Hill NC listings scraped: 211
[02:10:31] [INFO]   Eastern Michigan University MI listings scraped: 1
[02:10:31] [INFO]   Carnegie Mellon University PA listings scraped: 5 (API)
[02:10:31] [INFO]   Oakland University MI listings scraped: 25
[02:10:31] [INFO]   University of Pennsylvania PA listings scraped: 7 (Workday search API)
[02:10:31] [INFO]   Governors State University IL listings scraped: 0
[02:10:31] [INFO]   Bucknell University PA listings scraped: 3 (API)
[02:10:31] [INFO]   Chicago State University IL listings scraped: 21
[02:10:31] [INFO]   Drexel University PA listings scraped: 8
[02:10:31] [INFO]   East Stroudsburg University PA listings scraped: 0
[02:10:31] [INFO]   Dickinson College PA listings scraped: 2 (API)
[02:10:31] [INFO]   Lafayette College PA listings scraped: 3 (Lafayette faculty page)
[02:10:31] [INFO]   Franklin & Marshall College PA listings scraped: 2 (Interfolio links page)
[02:10:31] [INFO]   Gettysburg College PA listings scraped: 16
[02:10:31] [INFO]   Swarthmore College PA listings scraped: 2
[02:10:31] [INFO]   Knox College IL listings scraped: 1
[02:10:31] [INFO]   Fuller Theological Seminary CA Private listings scraped: 0
[02:10:31] [INFO]   Northern Illinois University IL listings scraped: 19
[02:10:31] [INFO]   University of Illinois Springfield IL listings scraped: 1
[02:10:31] [INFO]   Southern Illinois University Carbondale IL listings scraped: 3
[02:10:31] [INFO]   Western Illinois University IL listings scraped: 0
[02:10:31] [INFO]   Wayne State University MI listings scraped: 30
[02:10:31] [INFO]   University of Illinois Chicago IL listings scraped: 0
[02:10:31] [INFO]   Southern Illinois University Edwardsville IL listings scraped: 0
[02:10:31] [INFO]   University of Illinois Urbana-Champaign IL listings scraped: 12
[02:10:31] [INFO]   Foothill-De Anza Community College District CA Private listings scraped: 0
[02:10:31] [INFO]   Western Michigan University MI listings scraped: 21
[02:10:31] [INFO]   Cornell University NY listings scraped: 5 (API)
[02:10:31] [INFO]   Michigan State University MI listings scraped: 469
[02:10:31] [INFO]   Stony Brook University (SUNY) NY listings scraped: 69
[02:10:31] [INFO]   Waiting for CUNY jobs to load...
[02:10:31] [INFO]   Fordham University NY listings scraped: 30
[02:10:31] [INFO]   Claremont McKenna College Claremont listings scraped: 6
[02:10:31] [INFO]   New York University NY listings scraped: 0
[02:10:31] [INFO]   Adrian College MI listings scraped: 0
[02:10:31] [INFO]   University at Buffalo (SUNY) NY listings scraped: 42
[02:10:31] [INFO]   CUNY initial job count: 10
[02:10:31] [INFO]   Keck Graduate Institute Claremont listings scraped: 9
[02:10:31] [INFO]   Claremont Colleges listings scraped: 88
[02:10:31] [INFO]   St. John's directory sub-pages found: 9
[02:10:31] [INFO]   Southern Oregon University OR listings scraped: 0 (API)
[02:10:31] [INFO]   Syracuse University NY listings scraped: 37
[02:10:31] [INFO]   Columbia University NY listings scraped: 573
[02:10:31] [INFO]   Pace University NY listings scraped: 8 (SaaS HR API)
[02:10:31] [INFO]   ↪️  Albion College: generic page hands off to interfolio
[02:10:31] [INFO]   Hofstra University NY listings scraped: 43
[02:10:31] [INFO]   Reed College OR listings scraped: 0
[02:10:31] [INFO]   SUNY System main page listings scraped: 618
[02:10:31] [INFO]   Eastern Oregon University OR listings scraped: 21
[02:10:31] [INFO]   Rochester Institute of Technology NY listings scraped: 6 (API)
[02:10:31] [INFO]   Pacific Northwest College of Art OR listings scraped: 0
[02:10:31] [INFO]   Villanova University PA listings scraped: 351
[02:10:31] [INFO]   Pacific University OR listings scraped: 0
[02:10:31] [INFO]   Washington State University WA listings scraped: 3 (API)
[02:10:31] [INFO]   Whitman College WA listings scraped: 4 (Interfolio links page)
[02:10:31] [INFO]   George Fox University OR listings scraped: 0
[02:10:31] [INFO]   Columbia Gorge Community College OR listings scraped: 0
[02:10:31] [INFO]   Oregon Institute of Technology OR listings scraped: 16
[02:10:31] [INFO]   Corban University OR listings scraped: 0
[02:10:31] [INFO]   ↪️  University of Portland: generic page hands off to peopleadmin
[02:10:31] [INFO]   Long Island University NY listings scraped: 37
[02:10:31] [INFO]   Chemeketa Community College OR listings scraped: 0
[02:10:31] [INFO]   Clackamas Community College OR listings scraped: 0
[02:10:31] [INFO]   Binghamton University (SUNY) NY listings scraped: 1
[02:10:31] [INFO]   University at Albany (SUNY) NY listings scraped: 1
[02:10:31] [INFO]   Binghamton University (SUNY) NY listings scraped: 1
[02:10:31] [INFO]   University at Albany (SUNY) NY listings scraped: 1
[02:10:31] [INFO]   SUNY total listings scraped: 733
[02:10:31] [INFO]   Willamette University OR listings scraped: 0
[02:10:31] [INFO]   Lewis & Clark College OR listings scraped: 0
[02:10:31] [INFO]   University of Rochester NY listings scraped: 361
[02:10:31] [INFO]   Blue Mountain Community College OR listings scraped: 0
[02:10:31] [INFO]   Central Oregon Community College OR listings scraped: 0
[02:10:31] [INFO]   Clatsop Community College OR listings scraped: 0
[02:10:31] [INFO]   Eastern Washington University WA listings scraped: 22
[02:10:31] [INFO]   Mount Angel Seminary OR listings scraped: 0
[02:10:31] [INFO]   University of Portland OR listings scraped: 0
[02:10:31] [INFO]   University of Portland OR listings scraped: 0
[02:10:31] [INFO]   Alma College MI listings scraped: 0
[02:10:31] [INFO]   Pacific Lutheran University WA listings scraped: 4 (HTTP fallback)
[02:10:31] [INFO]   Evergreen State College WA listings scraped: 2
[02:10:31] [INFO]   Bushnell University OR listings scraped: 0
[02:10:31] [INFO]   The New School NY listings scraped: 0 (API)
[02:10:31] [INFO]   Adelphi University NY Taleo listings scraped: 3
[02:10:31] [INFO]   Clover Park Technical College WA listings scraped: 0
[02:10:31] [INFO]   Bellingham Technical College WA listings scraped: 0
[02:10:31] [INFO]   Bellevue College WA listings scraped: 0
[02:10:31] [INFO]   Antioch University-Seattle WA listings scraped: 0
[02:10:31] [INFO]   Clark College WA listings scraped: 1
[02:10:31] [INFO]   ↪️  Big Bend Community College: generic page hands off to schooljobs
[02:10:31] [INFO]   Gonzaga University WA listings scraped: 0
[02:10:31] [INFO]   Saint Martin's University WA listings scraped: 0
[02:10:31] [INFO]   ↪️  University of Puget Sound: generic page hands off to icims
[02:10:31] [INFO]   Cornish College of the Arts WA listings scraped: 0
[02:10:31] [INFO]   ↪️  Bates Technical College: generic page hands off to schooljobs
[02:10:31] [INFO]   Cascadia College WA listings scraped: 0
[02:10:31] [INFO]   ↪️  Bastyr University: generic page hands off to paycom
[02:10:31] [INFO]   ↪️  Seattle Pacific University: generic page hands off to workday
[02:10:31] [INFO]   ↪️  Whitworth University-Adult Degree Programs: generic page hands off to schooljobs
[02:10:31] [INFO]   ↪️  Whitworth University: generic page hands off to schooljobs
[02:10:31] [INFO]   Columbia Basin College WA listings scraped: 0
[02:10:31] [INFO]   Seattle Pacific University WA listings scraped: 4 (API)
[02:10:31] [INFO]   University of Washington WA listings scraped: 317
[02:10:31] [INFO]   Centralia College WA listings scraped: 0
[02:10:31] [INFO]   Edmonds College WA listings scraped: 0
[02:10:31] [INFO]   Faith International University WA listings scraped: 0
[02:10:31] [INFO]   Pratt Institute NY listings scraped: 1
[02:10:31] [INFO]   Albion College MI listings scraped: 3
[02:10:31] [INFO]   ↪️  Seattle University: generic page hands off to csod
[02:10:31] [INFO]   City University of Seattle WA listings scraped: 0
[02:10:31] [INFO]   Bates Technical College WA listings scraped: 0
[02:10:31] [INFO]   Whitworth University WA listings scraped: 0
[02:10:31] [INFO]   Bates Technical College WA listings scraped: 0
[02:10:31] [INFO]   Whitworth University-Adult Degree Programs WA listings scraped: 0
[02:10:31] [INFO]   Whitworth University WA listings scraped: 0
[02:10:31] [INFO]   Whitworth University-Adult Degree Programs WA listings scraped: 0
[02:10:31] [INFO]   Everett Community College WA listings scraped: 0
[02:10:31] [INFO]   University of Puget Sound WA listings scraped: 0
[02:10:31] [INFO]   University of Puget Sound WA listings scraped: 0
[02:10:31] [INFO]   Manhattan University NY listings scraped: 9
[02:10:31] [INFO]   Alpena Community College MI listings scraped: 0
[02:10:31] [INFO]   Andrews University MI listings scraped: 1
[02:10:31] [INFO]   Big Bend Community College WA listings scraped: 9
[02:10:31] [INFO]   CUNY jobs extracted from listing: 74
[02:10:31] [INFO]   CUNY jobs after filtering: 51
[02:10:31] [INFO]   Fetching CUNY job descriptions (JS-rendered pages)...
[02:10:31] [INFO]     Fetching CUNY descriptions batch 1/13...
[02:10:31] [INFO]   Iona University NY listings scraped: 6
[02:10:31] [INFO]   Bastyr University WA listings scraped: 1
[02:10:31] [INFO]   Associated Beth Rivkah Schools NY listings scraped: 0
[02:10:31] [INFO]   Oregon State University OR listings scraped: 294
[02:10:31] [INFO]   Yeshiva University NY listings scraped: 16
[02:10:31] [INFO]     Fetching CUNY descriptions batch 2/13...
[02:10:31] [INFO]   Baker College MI listings scraped: 0
[02:10:31] [INFO]   Aquinas College MI listings scraped: 0
[02:10:31] [INFO]   Seattle University WA listings scraped: 5
[02:10:31] [INFO]   Belanger School of Nursing NY listings scraped: 0
[02:10:31] [INFO]     Fetching CUNY descriptions batch 3/13...
[02:10:31] [INFO]   Elmezzi Graduate School of Molecular Medicine NY listings scraped: 0
[02:10:31] [INFO]   Samaritan Hospital School of Nursing NY listings scraped: 0
[02:10:31] [INFO]   ↪️  Bay de Noc Community College: generic page hands off to peopleadmin
[02:10:31] [INFO]   Colby College ME listings scraped: 0
[02:10:31] [INFO]   Bowdoin College ME listings scraped: 0
[02:10:31] [INFO]   Bates College ME listings scraped: 1
[02:10:31] [INFO]     Fetching CUNY descriptions batch 4/13...
[02:10:31] [INFO]   Bay Mills Community College MI listings scraped: 0
[02:10:31] [INFO]   Bay de Noc Community College MI listings scraped: 0
[02:10:31] [INFO]   Bay de Noc Community College MI listings scraped: 0
[02:10:31] [INFO]   CVPH Medical Center School of Radiologic Technology NY listings scraped: 0
[02:10:31] [INFO]     Fetching CUNY descriptions batch 5/13...
[02:10:31] [INFO]   St. Peter's Hospital College of Nursing NY listings scraped: 0
[02:10:31] [INFO]   Central Maine Community College ME listings scraped: 0
[02:10:31] [INFO]   Memorial Hospital School of Radiation Therapy Technology NY listings scraped: 1
[02:10:31] [INFO]   College of the Atlantic ME listings scraped: 0
[02:10:31] [INFO]   Calvin Theological Seminary MI listings scraped: 1
[02:10:31] [INFO]   Mesivta Torah Vodaath Rabbinical Seminary NY listings scraped: 0
[02:10:31] [INFO]     Fetching CUNY descriptions batch 6/13...
[02:10:31] [INFO]   Maine Media College ME listings scraped: 0
[02:10:31] [INFO]   Calvin University MI listings scraped: 0
[02:10:31] [INFO]   Montefiore School of Nursing NY listings scraped: 0
[02:10:31] [INFO]   St. John's University NY SilkRoad listings scraped: 2
[02:10:31] [INFO]     Fetching CUNY descriptions batch 7/13...
[02:10:31] [INFO]   Eastern Maine Community College ME listings scraped: 0
[02:10:31] [INFO]   Cleary University MI listings scraped: 1
[02:10:31] [INFO]   Pomeroy College of Nursing at Crouse Hospital NY listings scraped: 0
[02:10:31] [INFO]   School of Professional Horticulture, New York Botanical Garden NY listings scraped: 0
[02:10:31] [INFO]   The Ailey School NY listings scraped: 1
[02:10:31] [INFO]     Fetching CUNY descriptions batch 8/13...
[02:10:31] [INFO]   Concordia University Ann Arbor MI listings scraped: 0
[02:10:31] [INFO]   Albany College of Pharmacy and Health Sciences NY listings scraped: 0
[02:10:31] [INFO]   Albany Medical College NY listings scraped: 0
[02:10:31] [INFO]   Academy for Jewish Religion NY listings scraped: 0
[02:10:31] [INFO]   College for Creative Studies MI listings scraped: 0
[02:10:31] [INFO]     Fetching CUNY descriptions batch 9/13...
[02:10:31] [INFO]   Albany Law School NY listings scraped: 0
[02:10:31] [INFO]   Albert Einstein College of Medicine NY listings scraped: 0
[02:10:31] [INFO]     Fetching CUNY descriptions batch 10/13...
[02:10:31] [INFO]   Cornerstone University MI listings scraped: 0
[02:10:31] [INFO]   Alfred University NY listings scraped: 0
[02:10:31] [INFO]   American Academy of Dramatic Arts-New York NY listings scraped: 0
[02:10:31] [INFO]   Cranbrook Academy of Art MI listings scraped: 0
[02:10:31] [INFO]   American Musical and Dramatic Academy NY listings scraped: 0
[02:10:31] [INFO]     Fetching CUNY descriptions batch 11/13...
[02:10:31] [INFO]   Bard College NY listings scraped: 1
[02:10:31] [INFO]   Davenport University MI listings scraped: 1
[02:10:31] [INFO]     Fetching CUNY descriptions batch 12/13...
[02:10:31] [INFO]   Barnard College NY listings scraped: 2
[02:10:31] [INFO]   Be'er Yaakov Talmudic Seminary NY listings scraped: 0
[02:10:31] [INFO]   Delta College MI listings scraped: 0
[02:10:31] [INFO]   Ecumenical Theological Seminary MI listings scraped: 0
[02:10:31] [INFO]   Beth Hamedrash Shaarei Yosher Institute NY listings scraped: 0
[02:10:31] [INFO]     Fetching CUNY descriptions batch 13/13...
[02:10:31] [INFO]   Bank Street College of Education NY listings scraped: 0
[02:10:31] [INFO]   Binghamton University NY listings scraped: 0
[02:10:31] [INFO]   Boricua College NY listings scraped: 0
[02:10:31] [INFO]   Ferris State University MI listings scraped: 1
[02:10:31] [INFO]   CUNY jobs with descriptions: 51/51
[02:10:31] [INFO]   Brooklyn Law School NY listings scraped: 0
[02:10:31] [INFO]   Bryant & Stratton College-Buffalo NY listings scraped: 0
[02:10:31] [INFO]   Bryant & Stratton College-Albany NY listings scraped: 0
[02:10:31] [INFO]   Bryant & Stratton College-Greece NY listings scraped: 0
[02:10:31] [INFO]   Bryant & Stratton College-Syracuse North NY listings scraped: 0
[02:10:31] [INFO]   Bryant & Stratton College-Online NY listings scraped: 0
[02:10:31] [INFO]   Canisius University NY listings scraped: 2
[02:10:31] [INFO]   Cayuga County Community College NY listings scraped: 0
[02:10:31] [INFO]   University of Maine System ME listings scraped (DOM): 0
[02:10:31] [INFO]   University of New Hampshire System NH listings scraped: 6 (API)
[02:10:31] [INFO]   Clarkson University NY listings scraped: 1
[02:10:31] [INFO]   Clinton Community College NY listings scraped: 0
[02:10:31] [INFO]   Central Yeshiva Tomchei Tmimim Lubavitz NY listings scraped: 0
[02:10:31] [INFO]   Colgate Rochester Crozer Divinity School NY listings scraped: 0
[02:10:31] [INFO]   Portland State University OR listings scraped: 26
[02:10:31] [INFO]   Colgate University NY listings scraped: 0
[02:10:31] [INFO]   Saint Anselm College NH listings scraped: 0
[02:10:31] [INFO]   College of Staten Island CUNY NY listings scraped: 2
[02:10:31] [INFO]   Columbia University in the City of New York NY listings scraped: 2
[02:10:31] [INFO]   Bennington College VT listings scraped: 0
[02:10:31] [INFO]   Columbia-Greene Community College NY listings scraped: 0
[02:10:31] [INFO]   Culinary Institute of America NY listings scraped: 0
[02:10:31] [INFO]   University of Vermont VT listings scraped: 43
[02:10:31] [INFO]   Champlain College VT listings scraped: 0
[02:10:31] [INFO]   CUNY Bernard M Baruch College NY listings scraped: 0
[02:10:31] [INFO]   CUNY Borough of Manhattan Community College NY listings scraped: 0
[02:10:31] [INFO]   Dartmouth College NH listings scraped: 137
[02:10:31] [INFO]   Minnesota State System MN: API failed, falling back to browser
[02:10:31] [INFO]   Carleton College MN listings scraped: 4 (API)
[02:10:31] [INFO]   CUNY Bronx Community College NY listings scraped: 0
[02:10:31] [INFO]   Community College of Vermont VT listings scraped: 0
[02:10:31] [INFO]   CUNY Brooklyn College NY listings scraped: 0
[02:10:31] [INFO]   CUNY City College NY listings scraped: 0
[02:10:31] [INFO]   CUNY Graduate School and University Center NY listings scraped: 0
[02:10:31] [INFO]   Macalester College MN listings scraped: 1
[02:10:31] [INFO]   Hazelden Betty Ford Graduate School MN listings scraped: 0
[02:10:31] [INFO]   CUNY Hostos Community College NY listings scraped: 0
[02:10:31] [INFO]   CUNY John Jay College of Criminal Justice NY listings scraped: 1
[02:10:31] [INFO]   CUNY Kingsborough Community College NY listings scraped: 0
[02:10:31] [INFO]   CUNY Hunter College NY listings scraped: 0
[02:10:31] [INFO]   Alexandria Technical & Community College MN listings scraped: 0
[02:10:31] [INFO]   Adler Graduate School MN listings scraped: 0
[02:10:31] [INFO]   CUNY LaGuardia Community College NY listings scraped: 0
[02:10:31] [INFO]   CUNY New York City College of Technology NY listings scraped: 0
[02:10:31] [INFO]   CUNY Medgar Evers College NY listings scraped: 0
[02:10:31] [INFO]   CUNY Lehman College NY listings scraped: 0
[02:10:31] [INFO]   Anoka Technical College MN listings scraped: 0
[02:10:31] [INFO]   Anoka-Ramsey Community College MN listings scraped: 0
[02:10:31] [INFO]   CUNY Queensborough Community College NY listings scraped: 0
[02:10:31] [INFO]   CUNY School of Law NY listings scraped: 1
[02:10:31] [INFO]   CUNY Stella and Charles Guttman Community College NY listings scraped: 0
[02:10:31] [INFO]   CUNY Queens College NY listings scraped: 1
[02:10:31] [INFO]   Bemidji State University MN listings scraped: 0
[02:10:31] [INFO]   Augsburg University MN listings scraped: 0
[02:10:31] [INFO]   CUNY York College NY listings scraped: 0
[02:10:31] [INFO]   CUNY System Office NY listings scraped: 1
[02:10:31] [INFO]   D'Youville University NY listings scraped: 0
[02:10:31] [INFO]   Daemen University NY listings scraped: 0
[02:10:31] [INFO]   Dominican University New York NY listings scraped: 0
[02:10:31] [INFO]   Bethany Global University MN listings scraped: 0
[02:10:31] [INFO]   Bethany Lutheran College MN listings scraped: 0
[02:10:31] [INFO]   Elim Bible Institute and College NY listings scraped: 0
[02:10:31] [INFO]   Dutchess Community College NY listings scraped: 0
[02:10:31] [INFO]   Elmira College NY listings scraped: 0
[02:10:31] [INFO]   Minnesota State System MN listings scraped: 0
[02:10:31] [INFO]   Empire State University NY listings scraped: 0
[02:10:31] [INFO]   Elyon College NY listings scraped: 0
[02:10:31] [INFO]   University of Minnesota MN listings scraped: 0
[02:10:31] [INFO]   ↪️  Erie Community College: generic page hands off to workday
[02:10:31] [INFO]   Erie Community College NY: Could not parse Workday URL, falling back to browser
[02:10:31] [INFO]   Bethlehem College & Seminary MN listings scraped: 0
[02:10:31] [INFO]   Farmingdale State College NY listings scraped: 0
[02:10:31] [INFO]   Fashion Institute of Technology NY listings scraped: 2
[02:10:31] [INFO]   Concordia College at Moorhead MN listings scraped: 0
[02:10:31] [INFO]   College of Saint Benedict MN listings scraped: 0
[02:10:31] [INFO]   Saint Michael's College VT listings scraped (DOM): 3
[02:10:31] [INFO]   North Dakota State University ND listings scraped: 6
[02:10:31] [INFO]   Concordia University-Saint Paul MN listings scraped: 0
[02:10:31] [INFO]   Finger Lakes Community College NY listings scraped: 0
[02:10:31] [INFO]   University of Mary ND listings scraped: 1
[02:10:31] [INFO]   Excelsior University NY listings scraped: 0
[02:10:31] [INFO]   Central Lakes College-Brainerd MN listings scraped: 0
[02:10:31] [INFO]   Bismarck State College ND listings scraped: 1
[02:10:31] [INFO]   University of North Dakota ND listings scraped: 8
[02:10:31] [INFO]   Crown College MN listings scraped: 0
[02:10:31] [INFO]   University of Jamestown ND listings scraped: 0
[02:10:31] [INFO]   Finger Lakes Health College of Nursing & Health Sciences NY listings scraped: 0
[02:10:31] [INFO]   Dakota County Technical College MN listings scraped: 1
[02:10:31] [INFO]   Fond du Lac Tribal and Community College MN listings scraped: 1
[02:10:31] [INFO]   Cankdeska Cikana Community College ND listings scraped: 0
[02:10:31] [INFO]   ↪️  Dunwoody College of Technology: generic page hands off to workday
[02:10:31] [INFO]   Dunwoody College of Technology MN: API failed, falling back to browser
[02:10:31] [INFO]   Dickinson State University ND listings scraped: 0
[02:10:31] [INFO]   Dakota College at Bottineau ND listings scraped: 0
[02:10:31] [INFO]   Augustana University SD listings scraped: 0 (Workday search API)
[02:10:31] [INFO]   Black Hills State University SD listings scraped: 0
[02:10:31] [INFO]   University of Sioux Falls SD listings scraped: 0
[02:10:31] [INFO]   Dakota Wesleyan University SD listings scraped: 0
[02:10:31] [INFO]   University of Michigan MI listings scraped: 210
[02:10:31] [INFO]   South Dakota Board of Regents SD listings scraped: 42
[02:10:31] [INFO]   Erie Community College NY listings scraped: 0
[02:10:31] [INFO]   Erie Community College NY listings scraped: 0
[02:10:31] [INFO]   University of Northern Iowa IA listings scraped: 1 (API)
[02:10:31] [INFO]   University of Nebraska Medical Center NE listings scraped: 0
[02:10:31] [INFO]   University of Nebraska Omaha NE listings scraped: 14
[02:10:31] [INFO]   Drake University IA listings scraped: 0
[02:10:31] [INFO]   Grinnell College IA listings scraped: 5
[02:10:31] [INFO]   Iowa State University IA listings scraped: 4 (API)
[02:10:31] [INFO]   Creighton University NE listings scraped: 1
[02:10:31] [INFO]   University of Iowa IA listings scraped: 6
[02:10:31] [INFO]   Doane University NE listings scraped: 0
[02:10:31] [INFO]   Nebraska Wesleyan University NE listings scraped: 0
[02:10:31] [INFO]   Mercy-St Luke's School of Radiologic Technology IA listings scraped: 0
[02:10:31] [INFO]   Bryan College of Health Sciences NE listings scraped: 0
[02:10:31] [INFO]   UnityPoint Health-Des Moines School of Radiologic Technology IA listings scraped: 0
[02:10:31] [INFO]   Allen College IA listings scraped: 0
[02:10:31] [INFO]   CHI Health School of Radiologic Technology NE listings scraped: 0
[02:10:31] [INFO]   Central Wyoming College WY listings scraped: 2
[02:10:31] [INFO]   Wyoming Catholic College WY listings scraped: 0
[02:10:31] [INFO]   Luther College IA listings scraped: 0
[02:10:31] [INFO]   Briar Cliff University IA listings scraped: 0
[02:10:31] [INFO]   ↪️  Casper College: generic page hands off to schooljobs
[02:10:31] [INFO]   Central Community College NE listings scraped: 0
[02:10:31] [INFO]   Bellevue University NE listings scraped: 0
[02:10:31] [INFO]   University of Wyoming WY listings scraped (REST): 25
[02:10:31] [INFO]   Chadron State College NE listings scraped: 1
[02:10:31] [INFO]   Dunwoody College of Technology MN listings scraped: 0
[02:10:31] [INFO]   Dunwoody College of Technology MN listings scraped: 0
[02:10:31] [INFO]   Buena Vista University IA listings scraped: 0
[02:10:31] [INFO]   University of Nebraska-Lincoln NE listings scraped: 168
[02:10:31] [INFO]   UW-Milwaukee WI listings scraped: 3 (API)
[02:10:31] [INFO]   Casper College WY listings scraped: 0
[02:10:31] [INFO]   Casper College WY listings scraped: 0
[02:10:31] [INFO]   College of Saint Mary NE listings scraped: 0
[02:10:31] [INFO]   Clarke University IA listings scraped: 0
[02:10:31] [INFO]   Clarkson College NE listings scraped: 0
[02:10:31] [INFO]   UW-Madison WI listings scraped: 1 (API)
[02:10:31] [INFO]   UW System Comprehensives WI listings scraped: 8 (API)
[02:10:31] [INFO]   Central College IA listings scraped: 0
[02:10:31] [INFO]   Coe College IA listings scraped: 0
[02:10:31] [INFO]   Concordia University-Nebraska NE listings scraped: 0
[02:10:31] [INFO]   University of Montana MT listings scraped: 8
[02:10:31] [INFO]   Cornell College IA listings scraped: 0
[02:10:31] [INFO]   Des Moines Area Community College IA listings scraped: 0
[02:10:31] [INFO]   Eastern Wyoming College WY listings scraped: 0
[02:10:31] [INFO]   ↪️  Lawrence University: generic page hands off to peopleadmin
[02:10:31] [INFO]   Alverno College WI listings scraped: 0
[02:10:31] [INFO]   Des Moines University-Osteopathic Medical Center IA listings scraped: 0
[02:10:31] [INFO]   Marquette University WI listings scraped: 83
[02:10:31] [INFO]   Carroll College MT listings scraped: 0
[02:10:31] [INFO]   St. Norbert College WI listings scraped: 0
[02:10:31] [INFO]   Lawrence University WI listings scraped: 0
[02:10:31] [INFO]   Lawrence University WI listings scraped: 0
[02:10:31] [INFO]   Aaniiih Nakoda College MT listings scraped: 6
[02:10:31] [INFO]   Ellsworth Community College IA listings scraped: 0
[02:10:31] [INFO]   Divine Word College IA listings scraped: 0
[02:10:31] [INFO]   Eastern Iowa Community College District IA listings scraped: 0
[02:10:31] [INFO]   Rocky Mountain College MT listings scraped: 0
[02:10:31] [INFO]   Emmaus Bible College IA listings scraped: 0
[02:10:31] [INFO]   Montana State University MT listings scraped: 100
[02:10:31] [INFO]   Bryant & Stratton College-Wauwatosa WI listings scraped: 0
[02:10:31] [INFO]   ↪️  Blackhawk Technical College: generic page hands off to icims
[02:10:31] [INFO]   Bellin College WI listings scraped: 1
[02:10:31] [INFO]   CU Denver CO Taleo listings scraped: 1
[02:10:31] [INFO]   UCCS CO Taleo listings scraped: 1
[02:10:31] [INFO]   CU Anschutz CO Taleo listings scraped: 1
[02:10:31] [INFO]   CU Boulder CO listings scraped: 1
[02:10:31] [INFO]   Faith Baptist Bible College and Theological Seminary IA listings scraped: 0
[02:10:31] [INFO]   University of Toledo OH: API failed, falling back to browser
[02:10:31] [INFO]   Colorado State University CO listings scraped: 5 (API)
[02:10:31] [INFO]   Colorado School of Mines CO listings scraped: 9 (API)
[02:10:31] [INFO]   Carroll University WI listings scraped: 0
[02:10:31] [INFO]   Blackfeet Community College MT listings scraped: 0
[02:10:31] [INFO]   Carthage College WI listings scraped: 0
[02:10:31] [INFO]   Blackhawk Technical College WI listings scraped: 0
[02:10:31] [INFO]   Blackhawk Technical College WI listings scraped: 0
[02:10:31] [INFO]   ↪️  Chippewa Valley Technical College: generic page hands off to icims
[02:10:31] [INFO]   Ohio State University OH listings scraped: 37 (API)
[02:10:31] [INFO]   University of Denver CO listings scraped: 0
[02:10:31] [INFO]   Colorado College CO listings scraped: 0
[02:10:31] [INFO]   Kent State University OH listings scraped: 0
[02:10:31] [INFO]   Dawson Community College MT listings scraped: 0
[02:10:31] [INFO]   ↪️  Adams State University: generic page hands off to workday
[02:10:31] [INFO]   Chief Dull Knife College MT listings scraped: 0
[02:10:31] [INFO]   Aims Community College CO listings scraped: 0
[02:10:31] [INFO]   Edgewood College WI listings scraped: 4
[02:10:31] [INFO]   Chippewa Valley Technical College WI listings scraped: 0
[02:10:31] [INFO]   Chippewa Valley Technical College WI listings scraped: 0
[02:10:31] [INFO]   Fort Peck Community College MT listings scraped: 0
[02:10:31] [INFO]   College of Menominee Nation WI listings scraped: 0
[02:10:31] [INFO]   Adams State University CO listings scraped: 6 (API)
[02:10:31] [INFO]   Concordia University-Wisconsin WI listings scraped: 0
[02:10:31] [INFO]   Arapahoe Community College CO listings scraped: 1
[02:10:31] [INFO]   Ohio University OH listings scraped: 41
[02:10:31] [INFO]   Flathead Valley Community College MT listings scraped: 1
[02:10:31] [INFO]   Wright State University OH listings scraped: 0
[02:10:31] [INFO]   Cleveland State University OH listings scraped: 63
[02:10:31] [INFO]   Colorado Christian University CO listings scraped: 2
[02:10:31] [INFO]   Fox Valley Technical College WI listings scraped: 0
[02:10:31] [INFO]   Colorado Mesa University CO listings scraped: 0
[02:10:31] [INFO]   St. John's College (Santa Fe) NM listings scraped: 0
[02:10:31] [INFO]   Casa Loma College - Aurora CO listings scraped: 0
[02:10:31] [INFO]   Nevada State University NV listings scraped: 4 (API)
[02:10:31] [INFO]   New Mexico State University NM listings scraped: 0
[02:10:31] [INFO]   Case Western Reserve University OH listings scraped: 0
[02:10:31] [INFO]   University of Cincinnati OH listings scraped: 0
[02:10:31] [INFO]   University of Nevada, Reno NV listings scraped: 16 (API)
[02:10:31] [INFO]   University of Dayton OH listings scraped: 1
[02:10:31] [INFO]   University of Nevada, Las Vegas NV listings scraped: 62 (API)
[02:10:31] [INFO]   ↪️  Central New Mexico Community College: generic page hands off to workday
[02:10:31] [INFO]   Colorado Northwestern Community College CO listings scraped: 0
[02:10:31] [INFO]   Colorado Mountain College CO listings scraped: 0
[02:10:31] [INFO]   Central New Mexico Community College NM listings scraped: 4 (API)
[02:10:31] [INFO]   College of Southern Nevada NV listings scraped: 0
[02:10:31] [INFO]   Denison University OH listings scraped: 0
[02:10:31] [INFO]   Colorado State University Pueblo CO listings scraped: 0
[02:10:31] [INFO]   Kenyon College OH listings scraped: 0
[02:10:31] [INFO]   Oberlin College OH listings scraped: 62
[02:10:31] [INFO]   Colorado State University Global CO listings scraped: 0
[02:10:31] [INFO]   Eastern New Mexico University-Main Campus NM listings scraped: 1
[02:10:31] [INFO]   Weber State University UT listings scraped: 8
[02:10:31] [INFO]   Eastern New Mexico University-Roswell Campus NM listings scraped: 1
[02:10:31] [INFO]   Colorado State University-System Office CO listings scraped: 1
[02:10:31] [INFO]   Eastern New Mexico University Ruidoso Branch Community College NM listings scraped: 0
[02:10:31] [INFO]   ↪️  Community College of Denver: generic page hands off to schooljobs
[02:10:31] [INFO]   Community College of Aurora CO listings scraped: 0
[02:10:31] [INFO]   Cleveland Clinic Health System-School of Diagnostic Imaging OH listings scraped: 0
[02:10:31] [INFO]   Utah Tech University UT listings scraped: 0
[02:10:31] [INFO]   Kent State University at Ashtabula OH listings scraped: 0
[02:10:31] [INFO]   Denver Seminary CO listings scraped: 1
[02:10:31] [INFO]   Kent State University at East Liverpool OH listings scraped: 0
[02:10:31] [INFO]   ↪️  Fort Lewis College: generic page hands off to workday
[02:10:31] [INFO]   Front Range Community College CO listings scraped: 0
[02:10:31] [INFO]   Southern Utah University UT listings scraped: 2
[02:10:31] [INFO]   Utah Valley University UT listings scraped: 1
[02:10:31] [INFO]   Kent State University at Geauga OH listings scraped: 0
[02:10:31] [INFO]   Kent State University at Salem OH listings scraped: 0
[02:10:31] [INFO]   Utah State University UT listings scraped: 0
[02:10:31] [INFO]   Community College of Denver CO listings scraped: 0
[02:10:31] [INFO]   Community College of Denver CO listings scraped: 0
[02:10:31] [INFO]   Kent State University at Stark OH listings scraped: 0
[02:10:31] [INFO]   University of Toledo OH listings scraped: 0
[02:10:31] [INFO]   Kent State University at Trumbull OH listings scraped: 0
[02:10:31] [INFO]   Kent State University at Tuscarawas OH listings scraped: 0
[02:10:31] [INFO]   Ensign College UT listings scraped: 0
[02:10:31] [INFO]   Fort Lewis College CO listings scraped: 2 (API)
[02:10:31] [INFO]   Brigham Young University UT listings scraped: 1
[02:10:31] [INFO]   Miami University-Hamilton OH listings scraped: 2
[02:10:31] [INFO]   Miami University-Middletown OH listings scraped: 2
[02:10:31] [INFO]   Westminster University (Utah) UT listings scraped: 2
[02:10:31] [INFO]   University of Idaho ID listings scraped: 27
[02:10:31] [INFO]   Ohio University-Chillicothe Campus OH listings scraped: 0
[02:10:31] [INFO]   Ohio University-Eastern Campus OH listings scraped: 0
[02:10:31] [INFO]   Lewis-Clark State College ID listings scraped: 2
[02:10:31] [INFO]   Ohio University-Lancaster Campus OH listings scraped: 0
[02:10:31] [INFO]   Ohio University-Southern Campus OH listings scraped: 0
[02:10:31] [INFO]   Ohio University-Zanesville Campus OH listings scraped: 0
[02:10:31] [INFO]   The College of Idaho ID listings scraped: 0
[02:10:31] [INFO]   Boise Bible College ID listings scraped: 0
[02:10:31] [INFO]   Firelands Regional Medical Center School of Nursing OH listings scraped: 0
[02:10:31] [INFO]   Rabbinical College Telshe OH listings scraped: 0
[02:10:31] [INFO]   Remington College-Cleveland Campus OH listings scraped: 0
[02:10:31] [INFO]   Northwest Nazarene University ID listings scraped: 0
[02:10:31] [INFO]   Toledo Public Schools Adult and Continuing Education OH listings scraped: 0
[02:10:31] [INFO]   Brigham Young University-Idaho ID listings scraped: 0
[02:10:31] [INFO]   ↪️  College of Eastern Idaho: generic page hands off to schooljobs
[02:10:31] [INFO]   Air Force Institute of Technology-Graduate School of Engineering & Management OH listings scraped: 0
[02:10:31] [INFO]   Antioch College OH listings scraped: 1
[02:10:31] [INFO]   Allegheny Wesleyan College OH listings scraped: 0
[02:10:31] [INFO]   College of Eastern Idaho ID listings scraped: 2
[02:10:31] [INFO]   Antioch University OH listings scraped: 0
[02:10:31] [INFO]   College of Southern Idaho ID listings scraped: 0
[02:10:31] [INFO]   Antioch University-System Administration OH listings scraped: 0
[02:10:31] [INFO]   College of Western Idaho ID listings scraped: 0
[02:10:31] [INFO]   Idaho State University ID listings scraped: 10
[02:10:31] [INFO]   Ashland University OH listings scraped: 0
[02:10:31] [INFO]   Art Academy of Cincinnati OH listings scraped: 0
[02:10:31] [INFO]   Indiana State University IN listings scraped: 7
[02:10:31] [INFO]   Ball State University IN listings scraped: 0
[02:10:31] [INFO]   Athenaeum of Ohio OH listings scraped: 0
[02:10:31] [INFO]   Aultman College of Nursing and Health Sciences OH listings scraped: 0
[02:10:31] [INFO]   Butler University IN: API failed, falling back to browser
[02:10:31] [INFO]   Baldwin Wallace University OH listings scraped: 0
[02:10:31] [INFO]   University of Southern Indiana IN listings scraped: 0
[02:10:31] [INFO]   Purdue University IN listings scraped: 0
[02:10:31] [INFO]   Bluffton University OH listings scraped: 2
[02:10:31] [INFO]   Bowling Green State University-Firelands OH listings scraped: 1
[02:10:31] [INFO]   DePauw University IN listings scraped: 0 (API)
[02:10:31] [INFO]   ↪️  Bowling Green State University-Main Campus: generic page hands off to schooljobs
[02:10:31] [INFO]   University of Utah UT listings scraped: 372
[02:10:31] [INFO]   Belmont College OH listings scraped: 0
[02:10:31] [INFO]   Indiana University IN listings scraped: 118
[02:10:31] [INFO]   Wabash College IN listings scraped: 0
[02:10:31] [INFO]   Bryant & Stratton College-Parma OH listings scraped: 0
[02:10:31] [INFO]   Bowling Green State University-Main Campus OH listings scraped: 0
[02:10:31] [INFO]   Bowling Green State University-Main Campus OH listings scraped: 0
[02:10:31] [INFO]   Capital University OH listings scraped: 0
[02:10:31] [INFO]   University of Charleston WV listings scraped: 0
[02:10:31] [INFO]   Cedarville University OH listings scraped: 0
[02:10:31] [INFO]   Marian University-Ancilla IN listings scraped: 0
[02:10:31] [INFO]   West Virginia State University WV listings scraped: 1
[02:10:31] [INFO]   Central Ohio Technical College OH listings scraped: 0
[02:10:31] [INFO]   Central State University OH listings scraped: 0
[02:10:31] [INFO]   Cincinnati College of Mortuary Science OH listings scraped: 0
[02:10:31] [INFO]   Marshall University WV listings scraped: 106
[02:10:31] [INFO]   West Virginia Wesleyan College WV listings scraped: 0
[02:10:31] [INFO]   Cincinnati State Technical and Community College OH listings scraped: 0
[02:10:31] [INFO]   Clark State College OH listings scraped: 0
[02:10:31] [INFO]   Anabaptist Mennonite Biblical Seminary IN listings scraped: 0
[02:10:31] [INFO]   West Virginia University WV Taleo listings scraped: 14
[02:10:31] [INFO]   Cleveland Institute of Music OH listings scraped: 0
[02:10:31] [INFO]   Mercer County Technical Education Center WV listings scraped: 0
[02:10:31] [INFO]   Cleveland Institute of Art OH listings scraped: 0
[02:10:31] [INFO]   Earlham College IN listings scraped: 0
[02:10:31] [INFO]   Bethany College (WV) WV listings scraped: 0
[02:10:31] [INFO]   West Virginia University Hospital Departments of Rad Tech and Nutrition WV listings scraped: 0
[02:10:31] [INFO]   Collins Career Technical Center OH listings scraped: 0
[02:10:31] [INFO]   Appalachian Bible College WV listings scraped: 0
[02:10:31] [INFO]   Bethany Theological Seminary IN listings scraped: 0
[02:10:31] [INFO]   Columbus State Community College OH listings scraped: 0
[02:10:31] [INFO]   ↪️  Cuyahoga Community College District: generic page hands off to csod
[02:10:31] [INFO]   Columbus College of Art & Design OH listings scraped: 0
[02:10:31] [INFO]   Bluefield State University WV listings scraped: 1
[02:10:31] [INFO]   BridgeValley Community & Technical College WV listings scraped: 0
[02:10:31] [INFO]   Calumet College of Saint Joseph IN listings scraped: 0
[02:10:31] [INFO]   Bethany College WV listings scraped: 0
[02:10:31] [INFO]   Defiance College OH listings scraped: 1
[02:10:31] [INFO]   Christian Theological Seminary IN listings scraped: 0
[02:10:31] [INFO]   Eastern Gateway Community College OH listings scraped: 0
[02:10:31] [INFO]   Edison State Community College OH listings scraped: 0
[02:10:31] [INFO]   Concord University WV listings scraped: 1
[02:10:31] [INFO]   Catholic International University WV listings scraped: 0
[02:10:31] [INFO]   Franciscan University of Steubenville OH listings scraped: 1
[02:10:31] [INFO]   Blue Ridge Community and Technical College WV listings scraped: 0
[02:10:31] [INFO]   Davis & Elkins College WV listings scraped: 0
[02:10:32] [INFO]   Franklin College IN listings scraped: 1
[02:10:32] [INFO]   Butler University IN listings scraped: 0
[02:10:32] [INFO]   Fairmont State University WV listings scraped: 0
[02:10:32] [INFO]   Eastern West Virginia Community and Technical College WV listings scraped: 0
[02:10:32] [INFO]   Fred W Eberle Technical Center WV listings scraped: 0
[02:10:32] [INFO]   Concordia Theological Seminary IN listings scraped: 0
[02:10:32] [INFO]   Franklin University OH listings scraped: 0
[02:10:32] [INFO]   Georgia State University GA listings scraped: 28
[02:10:32] [INFO]   Spelman College GA listings scraped: 4
[02:10:32] [INFO]   University of North Georgia GA listings scraped: 0
[02:10:32] [INFO]   University of Alabama AL listings scraped: 0
[02:10:32] [INFO]   Auburn University AL listings scraped: 0
[02:10:32] [INFO]   University of South Alabama AL listings scraped: 18
[02:10:32] [INFO]   Abraham Baldwin Agricultural College GA listings scraped: 0
[02:10:32] [INFO]   Agnes Scott College GA listings scraped: 0
[02:10:32] [INFO]   University of Georgia GA listings scraped: 104
[02:10:32] [INFO]   Alabama A & M University AL listings scraped: 0
[02:10:32] [INFO]   Spring Hill College AL listings scraped: 0
[02:10:32] [INFO]   ↪️  Alabama College of Osteopathic Medicine override URL applied
[02:10:32] [INFO]   Remington College-Mobile Campus AL listings scraped: 0
[02:10:32] [INFO]   Albany State University GA listings scraped: 0
[02:10:32] [INFO]   Albany Technical College GA listings scraped: 0
[02:10:32] [INFO]   Andrew College GA listings scraped: 0
[02:10:32] [INFO]   ↪️  Alabama College of Osteopathic Medicine: generic page hands off to workday
[02:10:32] [INFO]   Alabama College of Osteopathic Medicine AL: API failed, falling back to browser
[02:10:32] [INFO]   Alabama State University AL listings scraped: 0
[02:10:32] [INFO]   Athens Technical College GA listings scraped: 1
[02:10:32] [INFO]   Amridge University AL listings scraped: 0
[02:10:32] [INFO]   ↪️  Auburn University at Montgomery override URL applied
[02:10:32] [INFO]   Atlanta Metropolitan State College GA listings scraped: 0
[02:10:32] [INFO]   Athens State University AL listings scraped: 0
[02:10:32] [INFO]   Augusta Technical College GA listings scraped: 0
[02:10:32] [INFO]   ↪️  Auburn University at Montgomery: scraped 50 listings via scrapeJibeApi
[02:10:32] [INFO]   Atlanta's John Marshall Law School GA listings scraped: 3
[02:10:32] [INFO]   ↪️  Atlanta Technical College: generic page hands off to taleo
[02:10:32] [INFO]   Augusta University GA listings scraped: 2
[02:10:32] [INFO]   University of Alabama at Birmingham AL listings scraped: 365
[02:10:32] [INFO]   Bevill State Community College AL listings scraped: 1
[02:10:32] [INFO]   Berry College GA listings scraped: 1
[02:10:32] [INFO]   Bishop State Community College AL listings scraped: 0
[02:10:32] [INFO]   Central Alabama Community College AL listings scraped: 0
[02:10:32] [INFO]   Brenau University GA listings scraped: 0
[02:10:32] [INFO]   Coastal Alabama Community College AL listings scraped: 1
[02:10:32] [INFO]   ↪️  Faulkner University override URL applied
[02:10:32] [INFO]   Atlanta Technical College GA Taleo listings scraped: 0
[02:10:32] [INFO]   Atlanta Technical College GA listings scraped: 0
[02:10:32] [INFO]   Chattahoochee Valley Community College AL listings scraped: 0
[02:10:32] [INFO]   Brewton-Parker College GA listings scraped: 0
[02:10:32] [INFO]   Enterprise State Community College AL listings scraped: 0
[02:10:32] [INFO]   Chattahoochee Technical College GA listings scraped: 0
[02:10:32] [INFO]   Faulkner University AL listings scraped: 2
[02:10:32] [INFO]   Beulah Heights University GA listings scraped: 0
[02:10:32] [INFO]   Central Georgia Technical College GA listings scraped: 0
[02:10:32] [INFO]   Clark Atlanta University GA listings scraped: 0
[02:10:32] [INFO]   Clayton State University GA listings scraped: 0
[02:10:32] [INFO]   ↪️  Columbia Theological Seminary override URL applied
[02:10:32] [INFO]   Coastal Pines Technical College GA listings scraped: 0
[02:10:32] [INFO]   Columbia Theological Seminary GA listings scraped: 0
[02:10:32] [INFO]   College of Coastal Georgia GA listings scraped: 0
[02:10:32] [INFO]   Columbus State University GA listings scraped: 0
[02:10:32] [INFO]   Alabama College of Osteopathic Medicine AL listings scraped: 0
[02:10:32] [INFO]   Alabama College of Osteopathic Medicine AL listings scraped: 0
[02:10:32] [INFO]   University of Mississippi MS listings scraped: 10 (API)
[02:10:32] [INFO]   College of Athens GA listings scraped: 0
[02:10:32] [INFO]   Covenant College GA listings scraped: 0
[02:10:32] [INFO]   Delta State University MS listings scraped: 43
[02:10:32] [INFO]   Mississippi University for Women MS listings scraped: 40
[02:10:32] [INFO]   Dalton State College GA listings scraped: 0
[02:10:32] [INFO]   Alcorn State University MS listings scraped: 1
[02:10:32] [INFO]   Millsaps College MS listings scraped: 1
[02:10:32] [INFO]   Emmanuel University GA listings scraped: 0
[02:10:32] [INFO]   East Georgia State College GA listings scraped: 0
[02:10:32] [INFO]   Belhaven University MS listings scraped: 0
[02:10:32] [INFO]   Blue Mountain Christian University MS listings scraped: 0
[02:10:32] [INFO]   Emory University GA listings scraped: 0
[02:10:32] [INFO]   Columbus Technical College GA listings scraped: 0
[02:10:32] [INFO]   Board of Trustees-Mississippi State Institutions of Higher Learning MS listings scraped: 0
[02:10:32] [INFO]   Cuyahoga Community College District OH listings scraped: 60
[02:10:32] [INFO]   Coahoma Community College MS listings scraped: 0
[02:10:32] [INFO]   University of New Mexico NM listings scraped: 65
[02:10:32] [INFO]   East Central Community College MS listings scraped: 0
[02:10:32] [INFO]   Fort Valley State University GA listings scraped: 0
[02:10:32] [INFO]   Louisiana State University LA listings scraped: 36 (API)
[02:10:32] [INFO]   University of Arkansas AR listings scraped: 19 (API)
[02:10:32] [INFO]   Copiah-Lincoln Community College MS listings scraped: 0
[02:10:32] [INFO]   East Mississippi Community College MS listings scraped: 0
[02:10:32] [INFO]   ↪️  Emory University-Oxford College: generic page hands off to icims
[02:10:32] [INFO]   Louisiana Tech University LA listings scraped: 4
[02:10:32] [INFO]   Dillard University LA listings scraped: 0
[02:10:32] [INFO]   Baton Rouge General Medical Center School of Nursing & School of Radiologic Technology LA listings scraped: 0
[02:10:32] [INFO]   University of Arkansas Hope-Texarkana AR listings scraped: 0
[02:10:32] [INFO]   Arkansas Baptist College AR listings scraped: 0
[02:10:32] [INFO]   University of Central Arkansas AR listings scraped: 47
[02:10:32] [INFO]   Kansas State University KS listings scraped: 0
[02:10:32] [INFO]   Emory University-Oxford College GA listings scraped: 0
[02:10:32] [INFO]   Emory University-Oxford College GA listings scraped: 0
[02:10:32] [INFO]   ↪️  University of Arkansas at Little Rock: generic page hands off to workday
[02:10:32] [INFO]   Remington College-Baton Rouge Campus LA listings scraped: 0
[02:10:32] [INFO]   University of Kansas KS listings scraped: 11
[02:10:32] [INFO]   ↪️  Southwestern College (KS): generic page hands off to paycom
[02:10:32] [INFO]   Remington College-Lafayette Campus LA listings scraped: 0
[02:10:32] [INFO]   Remington College-Shreveport Campus LA listings scraped: 0
[02:10:32] [INFO]   Baker University KS listings scraped: 1
[02:10:32] [INFO]   The Chicago School at Xavier University of Louisiana LA listings scraped: 0
[02:10:32] [INFO]   ↪️  Arkansas State University: generic page hands off to taleo
[02:10:32] [INFO]   Oklahoma State University OK listings scraped: 0
[02:10:32] [INFO]   Autry Technology Center OK listings scraped: 0
[02:10:32] [INFO]   Arkansas Colleges of Health Education AR listings scraped: 0
[02:10:32] [INFO]   Canadian Valley Technology Center OK listings scraped: 1
[02:10:32] [INFO]   Allen County Community College KS listings scraped: 0
[02:10:32] [INFO]   University of Arkansas at Little Rock AR listings scraped: 1 (API)
[02:10:32] [INFO]   Arkansas Northeastern College AR listings scraped: 0
[02:10:32] [INFO]   Cameron University OK listings scraped: 7
[02:10:32] [INFO]   Bridges Christian College LA listings scraped: 0
[02:10:32] [INFO]   Baton Rouge Community College LA listings scraped: 1
[02:10:32] [INFO]   Bossier Parish Community College LA listings scraped: 0
[02:10:32] [INFO]   Barton County Community College KS listings scraped: 0
[02:10:32] [INFO]   Benedictine College KS listings scraped: 4
[02:10:32] [INFO]   Central Louisiana Technical Community College LA listings scraped: 0
[02:10:32] [INFO]   Centenary College of Louisiana LA listings scraped: 0
[02:10:32] [INFO]   College of the Muscogee Nation OK listings scraped: 0
[02:10:32] [INFO]   Arkansas State University System AR listings scraped: 0
[02:10:32] [INFO]   Connors State College OK listings scraped: 0
[02:10:32] [INFO]   ↪️  Arkansas State University Three Rivers: generic page hands off to taleo
[02:10:32] [INFO]   Bethel College-North Newton KS listings scraped: 1
[02:10:32] [INFO]   ↪️  Community Care College: generic page hands off to paycom
[02:10:32] [INFO]   Butler Community College KS listings scraped: 3
[02:10:32] [INFO]   Arkansas State University AR Taleo listings scraped: 0
[02:10:32] [INFO]   Arkansas State University AR listings scraped: 0
[02:10:32] [INFO]   Fletcher Technical Community College LA listings scraped: 0
[02:10:32] [INFO]   Delgado Community College LA listings scraped: 0
[02:10:32] [INFO]   Franciscan Missionaries of Our Lady University LA listings scraped: 0
[02:10:32] [INFO]   Arkansas State University-Beebe AR listings scraped: 1
[02:10:32] [INFO]   Carl Albert State College OK listings scraped: 0
[02:10:32] [INFO]   East Central University OK listings scraped: 0
[02:10:32] [INFO]   Barclay College KS listings scraped: 0
[02:10:32] [INFO]   Central Christian College of Kansas KS listings scraped: 0
[02:10:32] [INFO]   Digital Media Institute LA listings scraped: 0
[02:10:32] [INFO]   Cleveland University-Kansas City KS listings scraped: 1
[02:10:32] [INFO]   ↪️  Arkansas State University-Mountain Home: generic page hands off to taleo
[02:10:32] [INFO]   Eastern Oklahoma State College OK listings scraped: 0
[02:10:32] [INFO]   Washington University in St. Louis MO listings scraped: 2 (API)
[02:10:32] [INFO]   Arkansas State University Three Rivers AR Taleo listings scraped: 0
[02:10:32] [INFO]   Arkansas State University Three Rivers AR listings scraped: 0
[02:10:32] [INFO]   Missouri State University MO listings scraped: 8
[02:10:32] [INFO]   Coffeyville Community College KS listings scraped: 0
[02:10:32] [INFO]   Family of Faith Christian University OK listings scraped: 0
[02:10:32] [INFO]   Colby Community College KS listings scraped: 0
[02:10:32] [INFO]   Cloud County Community College KS listings scraped: 0
[02:10:32] [INFO]   Community Care College OK listings scraped: 10
[02:10:32] [INFO]   Drury University-College of Continuing Professional Studies MO listings scraped: 1
[02:10:32] [INFO]   Missouri University of Science and Technology MO listings scraped: 1
[02:10:32] [INFO]   ↪️  Urshan Graduate School of Theology: generic page hands off to paycom
[02:10:32] [INFO]   Cowley County Community College KS listings scraped: 0
[02:10:32] [INFO]   Northern Kentucky University KY listings scraped: 0
[02:10:32] [INFO]   Murray State University KY listings scraped: 24
[02:10:32] [INFO]   Arkansas State University-Mountain Home AR Taleo listings scraped: 0
[02:10:32] [INFO]   Arkansas State University-Mountain Home AR listings scraped: 0
[02:10:32] [INFO]   Donnelly College KS listings scraped: 0
[02:10:32] [INFO]   Arkansas Tech University AR listings scraped: 0
[02:10:32] [INFO]   A T Still University of Health Sciences MO listings scraped: 0
[02:10:32] [INFO]   Morehead State University KY listings scraped: 35
[02:10:32] [INFO]   Dodge City Community College KS listings scraped: 0
[02:10:32] [INFO]   Gateway Community and Technical College KY listings scraped: 0
[02:10:32] [INFO]   Aquinas Institute of Theology MO listings scraped: 0
[02:10:32] [INFO]   Avila University MO listings scraped: 1
[02:10:32] [INFO]   Alice Lloyd College KY listings scraped: 0
[02:10:32] [INFO]   Baptist Health College Little Rock AR listings scraped: 0
[02:10:32] [INFO]   Barnes-Jewish College Goldfarb School of Nursing MO listings scraped: 0
[02:10:32] [INFO]   Arkansas State University Mid-South AR listings scraped: 0
[02:10:32] [INFO]   Hopkinsville Community College KY listings scraped: 0
[02:10:32] [INFO]   Fort Hays State University KS listings scraped: 1
[02:10:32] [INFO]   Flint Hills Technical College KS listings scraped: 0
[02:10:32] [INFO]   ↪️  Asbury Theological Seminary: generic page hands off to paycom
[02:10:32] [INFO]   Arkansas State University-Newport AR listings scraped: 0
[02:10:32] [INFO]   Asbury University KY listings scraped: 0
[02:10:32] [INFO]   ↪️  Crowley's Ridge College override URL applied
[02:10:32] [INFO]   Black River Technical College AR listings scraped: 5
[02:10:32] [INFO]   Ashland Community and Technical College KY listings scraped: 0
[02:10:32] [INFO]   Urshan Graduate School of Theology MO listings scraped: 2
[02:10:32] [INFO]   Calvary University MO listings scraped: 0
[02:10:32] [INFO]   Central Baptist College AR listings scraped: 0
[02:10:32] [INFO]   ↪️  Ecclesia College override URL applied
[02:10:32] [INFO]   Champion Christian College AR listings scraped: 0
[02:10:32] [INFO]   Central Christian College of the Bible MO listings scraped: 0
[02:10:32] [INFO]   Bellarmine University KY listings scraped: 0
[02:10:32] [INFO]   East Arkansas Community College AR listings scraped: 3
[02:10:32] [INFO]   Fort Hays Tech North Central KS listings scraped: 0
[02:10:32] [INFO]   Berea College KY listings scraped: 0
[02:10:32] [INFO]   Southwestern College (KS) KS listings scraped: 0
[02:10:32] [INFO]   Southwestern College (KS) KS listings scraped: 0
[02:10:32] [INFO]   Big Sandy Community and Technical College KY listings scraped: 0
[02:10:32] [INFO]   Central Methodist University-College of Liberal Arts and Sciences MO listings scraped: 0
[02:10:32] [INFO]   Fort Hays State University-Northwest Kansas Technical College KS listings scraped: 1
[02:10:32] [INFO]   Central Methodist University-College of Graduate and Extended Studies MO listings scraped: 0
[02:10:32] [INFO]   Bluegrass Community and Technical College KY listings scraped: 0
[02:10:32] [INFO]   Asbury Theological Seminary KY listings scraped: 8
[02:10:32] [INFO]   Brescia University KY listings scraped: 2
[02:10:32] [INFO]   Friends University KS listings scraped: 0
[02:10:32] [INFO]   City Vision University MO listings scraped: 0
[02:10:32] [INFO]   ↪️  Campbellsville University: generic page hands off to workday
[02:10:32] [INFO]   College of the Ozarks MO listings scraped: 0
[02:10:32] [INFO]   Bolivar Technical College MO listings scraped: 0
[02:10:32] [INFO]   Conception Seminary College MO listings scraped: 0
[02:10:32] [INFO]   Campbellsville University KY listings scraped: 7 (API)
[02:10:32] [INFO]   Eastern Kentucky University KY listings scraped: 0
[02:10:32] [INFO]   Centre College KY listings scraped: 0
[02:10:32] [INFO]   Clear Creek Baptist Bible College KY listings scraped: 0
[02:10:32] [INFO]   Fort Scott Community College KS listings scraped: 0
[02:10:32] [INFO]   Covenant Theological Seminary MO listings scraped: 0
[02:10:32] [INFO]   Concordia Seminary MO listings scraped: 0
[02:10:32] [INFO]   Elizabethtown Community and Technical College KY listings scraped: 0
[02:10:32] [INFO]   Crowley's Ridge College AR listings scraped: 0
[02:10:32] [INFO]   Cottey College MO listings scraped: 0
[02:10:32] [INFO]   Frontier Nursing University KY listings scraped: 0
[02:10:32] [INFO]   ↪️  Middle Tennessee State University override URL applied
[02:10:32] [INFO]   ↪️  Remington College-Memphis Campus override URL applied
[02:10:32] [INFO]   ↪️  Remington College-Nashville Campus override URL applied
[02:10:32] [INFO]   ↪️  American Baptist College override URL applied
[02:10:32] [INFO]   Crowder College MO listings scraped: 0
[02:10:32] [INFO]   Culver-Stockton College MO listings scraped: 0
[02:10:32] [INFO]   Drury University MO listings scraped: 1
[02:10:32] [INFO]   Middle Tennessee State University TN listings scraped: 0
[02:10:32] [INFO]   Ecclesia College AR listings scraped: 0
[02:10:32] [INFO]   ↪️  Austin Peay State University override URL applied
[02:10:32] [INFO]   ↪️  Alaska Pacific University override URL applied
[02:10:32] [INFO]   ↪️  American Baptist College: scraped 1 listings via scrapeAdpApi
[02:10:32] [INFO]   ↪️  Remington College-Nashville Campus: scraped 7 listings via scrapeAdpApi
[02:10:32] [INFO]   ↪️  Baptist Health Sciences University override URL applied
[02:10:32] [INFO]   ↪️  Belmont University override URL applied
[02:10:32] [INFO]   Remington College-Memphis Campus TN listings scraped: 0
[02:10:32] [INFO]   ↪️  Bethel University override URL applied
[02:10:32] [INFO]   East Central College MO listings scraped: 0
[02:10:32] [INFO]   Cox College MO listings scraped: 0
[02:10:32] [INFO]   Eden Theological Seminary MO listings scraped: 0
[02:10:32] [INFO]   Alaska Pacific University AK listings scraped: 1
[02:10:32] [INFO]   Alaska Bible College AK listings scraped: 0
[02:10:32] [INFO]   Baptist Health Sciences University TN listings scraped: 0
[02:10:32] [INFO]   ↪️  Bryan College-Dayton override URL applied
[02:10:32] [INFO]   Evangel University MO listings scraped: 0
[02:10:32] [INFO]   University of Alaska System AK listings scraped: 0
[02:10:32] [INFO]   Bethel University TN listings scraped: 6
[02:10:32] [INFO]   Alaska Christian College AK listings scraped: 0
[02:10:32] [INFO]   Evangel University-College of Online Learning MO listings scraped: 0
[02:10:32] [INFO]   Evangel University-James River Assembly of God Church MO listings scraped: 0
[02:10:32] [INFO]   ↪️  Austin Peay State University: scraped 7 listings via scrapeOracleCloudApi
[02:10:32] [INFO]   ↪️  Chattanooga State Community College override URL applied
[02:10:32] [INFO]   Fontbonne University MO listings scraped: 0
[02:10:32] [INFO]   Texas Tech University TX: API failed, falling back to browser
[02:10:32] [INFO]   Carson-Newman University TN listings scraped: 0
[02:10:32] [INFO]   ↪️  Christian Brothers University override URL applied
[02:10:32] [INFO]   Bryan College-Dayton TN listings scraped: 0
[02:10:32] [INFO]   ↪️  Cleveland State Community College override URL applied
[02:10:32] [INFO]   Chaminade University of Honolulu HI listings scraped: 1
[02:10:32] [INFO]   University of Texas at Austin TX listings scraped: 2 (API)
[02:10:32] [INFO]   University of Houston TX listings scraped: 0
[02:10:32] [INFO]   Brigham Young University-Hawaii HI listings scraped: 0
[02:10:32] [INFO]   University of Hawaii System HI listings scraped: 10
[02:10:32] [INFO]   Chattanooga State Community College TN listings scraped: 0
[02:10:32] [INFO]   ↪️  Columbia State Community College override URL applied
[02:10:32] [INFO]   Texas A&M University TX listings scraped: 69
[02:10:32] [INFO]   Christian Brothers University TN listings scraped: 2
[02:10:32] [INFO]   ↪️  Cumberland University override URL applied
[02:10:32] [INFO]   Cleveland State Community College TN listings scraped: 0
[02:10:32] [INFO]   ↪️  Dyersburg State Community College override URL applied
[02:10:32] [INFO]   ↪️  Belmont University: scraped 19 listings via scrapeCsodApi
[02:10:32] [INFO]   ↪️  East Tennessee State University override URL applied
[02:10:32] [INFO]   University of Florida FL listings scraped: 0
[02:10:32] [INFO]   Columbia State Community College TN listings scraped: 0
[02:10:32] [INFO]   Dyersburg State Community College TN listings scraped: 0
[02:10:32] [INFO]   University of Central Florida FL listings scraped: 0
[02:10:32] [INFO]   ↪️  Freed-Hardeman University override URL applied
[02:10:32] [INFO]   University of South Florida FL listings scraped (REST): 25
[02:10:32] [INFO]   Florida Atlantic University FL listings scraped: 5 (API)
[02:10:32] [INFO]   ↪️  East Tennessee State University: scraped 45 listings via scrapeOracleCloudApi
[02:10:32] [INFO]   University of North Florida FL: API failed, falling back to browser
[02:10:32] [INFO]   University of Texas at Arlington TX listings scraped: 98
[02:10:32] [INFO]   Emporia State University KS listings scraped: 0
[02:10:32] [INFO]   University of Texas at Dallas TX listings scraped: 100
[02:10:32] [INFO]   ↪️  Fisk University: generic page hands off to paycom
[02:10:32] [INFO]   Freed-Hardeman University TN listings scraped: 6
[02:10:32] [INFO]   University of North Texas TX listings scraped: 0
[02:10:32] [INFO]   Baylor University TX listings scraped: 15
[02:10:32] [INFO]   University of Miami FL listings scraped: 38 (API)
[02:10:32] [INFO]   Florida State University FL listings scraped: 7
[02:10:32] [INFO]   Texas Christian University TX: API failed, falling back to browser
[02:10:32] [INFO]   Rice University TX listings scraped: 0
[02:10:32] [INFO]   Trinity University TX listings scraped: 4 (API)
[02:10:32] [INFO]   Rollins College FL listings scraped: 0
[02:10:32] [INFO]   Nova Southeastern University FL listings scraped: 0
[02:10:32] [INFO]   Eckerd College FL listings scraped: 0
[02:10:32] [INFO]   ↪️  Southwestern University: generic page hands off to schooljobs
[02:10:32] [INFO]   ↪️  Cumberland University: scraped 7 listings via scrapePaycomApi
[02:10:32] [INFO]   Stetson University FL listings scraped: 0
[02:10:32] [INFO]   Southwestern University TX listings scraped: 4
[02:10:32] [INFO]   New College of Florida FL listings scraped: 0
[02:10:32] [INFO]   Southern Methodist University TX Taleo listings scraped: 0
[02:10:32] [INFO]   Florida Southern College FL listings scraped: 11
[02:10:32] [INFO]   Jacksonville University FL listings scraped: 0
[02:10:32] [INFO]   Florida International University FL listings scraped: 0
[02:10:32] [INFO]   Alamo Community College District Central Office TX listings scraped: 0
[02:10:32] [INFO]   Abilene Christian University-Undergraduate Online TX listings scraped: 0
[02:10:32] [INFO]   Erwin Technical College FL listings scraped: 0
[02:10:32] [INFO]   Dallas College TX listings scraped: 0
[02:10:32] [INFO]   Laredo College TX listings scraped: 0
[02:10:32] [INFO]   H W Brewster Technical College FL listings scraped: 0
[02:10:32] [INFO]   Northeast Lakeview College TX listings scraped: 0
[02:10:32] [INFO]   Northwest Vista College TX listings scraped: 0
[02:10:32] [INFO]   Texas Tech University TX listings scraped: 0
[02:10:32] [INFO]   Palo Alto College TX listings scraped: 0
[02:10:32] [INFO]   Orange Technical College-East Campus FL listings scraped: 0
[02:10:32] [INFO]   University of North Florida FL listings scraped: 0
[02:10:32] [INFO]   Remington College-Dallas Campus TX listings scraped: 0
[02:10:32] [INFO]   Fisk University TN listings scraped: 0
[02:10:32] [INFO]   Fisk University TN listings scraped: 0
[02:10:32] [INFO]   Texas Christian University TX listings scraped: 0
[02:10:32] [INFO]   Orange Technical College-West Campus FL listings scraped: 0
[02:10:32] [INFO]   Remington College-Fort Worth Campus TX listings scraped: 0
[02:10:32] [INFO]   Remington College-Houston Southeast Campus TX listings scraped: 0
[02:10:32] [INFO]   Riveroak Technical College FL listings scraped: 0
[02:10:32] [INFO]   Polytechnic University of Puerto Rico-Miami FL listings scraped: 0
[02:10:32] [INFO]   Remington College-North Houston Campus TX listings scraped: 0
[02:10:32] [INFO]   Suncoast Technical College FL listings scraped: 0
[02:10:32] [INFO]   San Antonio College TX listings scraped: 0
[02:10:32] [INFO]   Remington College-Online Dallas TX listings scraped: 0
[02:10:32] [INFO]   Southwest College for the Deaf TX listings scraped: 0
[02:10:32] [INFO]   Academy for Five Element Acupuncture FL listings scraped: 0
[02:10:32] [INFO]   Academy for Nursing and Health Occupations FL listings scraped: 0
[02:10:32] [INFO]   The Chicago School at Dallas TX listings scraped: 0
[02:10:32] [INFO]   St Philip's College TX listings scraped: 0
[02:10:32] [INFO]   The Chicago School-College of Nursing TX listings scraped: 0
[02:10:32] [INFO]   AdventHealth University FL listings scraped: 0
[02:10:32] [INFO]   Ana G. Mendez University FL listings scraped: 0
[02:10:32] [INFO]   Abilene Christian University TX listings scraped: 0
[02:10:32] [INFO]   Albizu University-Miami FL listings scraped: 0
[02:10:32] [INFO]   Alvin Community College TX listings scraped: 1
[02:10:32] [INFO]   Amarillo College TX listings scraped: 0
[02:10:32] [INFO]   Covenant School of Nursing and Allied Health TX listings scraped: 0
[02:10:32] [INFO]   Polytechnic University of Puerto Rico-Orlando FL listings scraped: 0
[02:10:32] [INFO]   Atlantic Technical College FL listings scraped: 0
[02:10:32] [INFO]   Amberton University TX listings scraped: 0
[02:10:32] [INFO]   Angelina College TX listings scraped: 0
[02:10:32] [INFO]   Ave Maria School of Law FL listings scraped: 1
[02:10:32] [INFO]   Ave Maria University FL listings scraped: 0
[02:10:32] [INFO]   Angelo State University TX listings scraped: 0
[02:10:32] [INFO]   Atlantic Institute of Oriental Medicine FL listings scraped: 0
[02:10:32] [INFO]   Arlington Baptist University TX listings scraped: 0
[02:10:32] [INFO]   Austin College TX listings scraped: 0
[02:10:32] [INFO]   Baptist University of Florida FL listings scraped: 0
[02:10:32] [INFO]   Beacon College FL listings scraped: 0
[02:10:32] [INFO]   Austin Community College District TX listings scraped: 0
[02:10:32] [INFO]   ↪️  Austin Presbyterian Theological Seminary: generic page hands off to paycom
[02:10:32] [INFO]   Barry University FL listings scraped: 4
[02:10:32] [INFO]   Bethune-Cookman University FL listings scraped: 0
[02:10:32] [INFO]   Bakke Graduate University TX listings scraped: 0
[02:10:32] [INFO]   Broward College FL listings scraped: 0
[02:10:32] [INFO]   Daytona State College FL listings scraped: 0
[02:10:32] [INFO]   Chipola College FL listings scraped: 0
[02:10:32] [INFO]   Baptist University of the Americas TX listings scraped: 0
[02:10:32] [INFO]   Baylor College of Medicine TX listings scraped: 1
[02:10:32] [INFO]   Doral College FL listings scraped: 0
[02:10:32] [INFO]   Eastern Florida State College FL listings scraped: 0
[02:10:32] [INFO]   Baptist Missionary Association Theological Seminary TX listings scraped: 0
[02:10:32] [INFO]   Edward Waters University FL listings scraped: 0
[02:10:32] [INFO]   Embry-Riddle Aeronautical University-Daytona Beach FL listings scraped: 0
[02:10:32] [INFO]   Embry-Riddle Aeronautical University-Worldwide FL listings scraped: 0
[02:10:32] [INFO]   Brazosport College TX listings scraped: 0
[02:10:32] [INFO]   Brite Divinity School TX listings scraped: 3
[02:10:32] [INFO]   College of Central Florida FL listings scraped: 0
[02:10:32] [INFO]   Flagler College FL listings scraped: 0
[02:10:32] [INFO]   Everglades University FL listings scraped: 0
[02:10:32] [INFO]   Flagler Technical College FL listings scraped: 0
[02:10:32] [INFO]   ↪️  Blinn College District: generic page hands off to csod
[02:10:32] [INFO]   Florida Agricultural and Mechanical University FL listings scraped: 0
[02:10:32] [INFO]   ↪️  Central Texas College: generic page hands off to schooljobs
[02:10:32] [INFO]   Florida Gateway College FL listings scraped: 0
[02:10:32] [INFO]   Florida College FL listings scraped: 0
[02:10:32] [INFO]   Florida Gulf Coast University FL listings scraped: 1
[02:10:32] [INFO]   ↪️  Florida Institute of Technology: generic page hands off to workday
[02:10:32] [INFO]   ↪️  Florida Institute of Technology-Online: generic page hands off to workday
[02:10:32] [INFO]   Florida Institute of Technology-Online FL listings scraped: 13 (API)
[02:10:32] [INFO]   Christ Mission College TX listings scraped: 0
[02:10:32] [INFO]   Florida Institute of Technology FL listings scraped: 13 (API)
[02:10:32] [INFO]   Florida Polytechnic University FL listings scraped: 0
[02:10:32] [INFO]   Central Texas College TX listings scraped: 1
[02:10:32] [INFO]   Florida Memorial University FL listings scraped: 0
[02:10:32] [INFO]   Austin Presbyterian Theological Seminary TX listings scraped: 0
[02:10:32] [INFO]   Austin Presbyterian Theological Seminary TX listings scraped: 0
[02:10:32] [INFO]   Florida SouthWestern State College FL listings scraped: 0
[02:10:32] [INFO]   Florida State College at Jacksonville FL listings scraped: 0
[02:10:32] [INFO]   Clarendon College TX listings scraped: 0
[02:10:32] [INFO]   Cisco College TX listings scraped: 0
[02:10:32] [INFO]   Coastal Bend College TX listings scraped: 0
[02:10:32] [INFO]   College of Biblical Studies-Houston TX listings scraped: 0
[02:10:32] [INFO]   College of the Mainland TX listings scraped: 0
[02:10:32] [INFO]   Fort Myers Technical College FL listings scraped: 0
[02:10:32] [INFO]   Collin County Community College District TX listings scraped: 1
[02:10:32] [INFO]   Concordia University Texas TX listings scraped: 0
[02:10:32] [INFO]   Commonwealth Institute of Funeral Service TX listings scraped: 0
[02:10:32] [INFO]   Blinn College District TX listings scraped: 11
[02:10:32] [INFO]   Criswell College TX listings scraped: 0
[02:10:32] [INFO]   Dallas Baptist University TX listings scraped: 0
[02:10:32] [INFO]   Dallas Theological Seminary TX listings scraped: 0
[02:10:32] [INFO]   Dallas Institute of Funeral Service TX listings scraped: 0
[02:10:32] [INFO]   Del Mar College TX listings scraped: 0
[02:10:32] [INFO]   Dallas Christian College TX listings scraped: 0
[02:10:32] [INFO]   East Texas A&M University TX listings scraped: 1
[02:10:32] [INFO]   East Texas Baptist University TX listings scraped: 0
[02:10:32] [INFO]   El Paso Community College TX listings scraped: 0
[02:10:32] [INFO]   Episcopal Theological Seminary of the Southwest TX listings scraped: 0
[02:10:32] [INFO]   Frank Phillips College TX listings scraped: 1
[02:10:32] [INFO]   🔍 Global faculty filter: 10996 → 6288 (removed 4708 non-faculty jobs)
[02:10:32] [INFO]   🧾 Policy exclusions: 6288 → 6260 (removed 28 jobs)
[02:10:32] [INFO]   📡 Calling local summarizer for 6260 jobs
[02:10:32] [INFO]   📦 Using 0 cached summaries, 6260 jobs need AI processing
[02:10:32] [INFO]   📡 Checking 1 summarizer endpoint(s)...
[02:10:32] [INFO]   📡 Summarizer endpoints: 0 active, 1 unreachable
[02:10:32] [INFO]   🔗 Canonicalized job URLs: 741 updated, 0 invalid removed
[02:10:32] [INFO]   ✂️  Normalized 1130 job titles
[02:10:32] [INFO]   🧬 Assigned canonical IDs for 6233 jobs
[02:10:32] [INFO]   🧹 Quality gates dropped 9 listings
[02:10:32] [INFO]   📄 Wrote C:\Users\StevenAzeka\OneDrive\Documents\GitHub\Faculty-Jobs\generated\post-quality-report.json
[02:10:32] [INFO]   ⚰️  Filtered 23 confirmed-dead URL(s) from scrape
[02:10:32] [INFO]   🧬 Preserved enrichment: filled 29315 field(s) across 5908 job(s) (6280 matched previous snapshot)
[02:10:32] [INFO]   ✅ Wrote C:\Users\StevenAzeka\OneDrive\Documents\GitHub\Faculty-Jobs\docs\jobs.json (6494 jobs)
[02:10:32] [INFO]   ✅ Wrote C:\Users\StevenAzeka\OneDrive\Documents\GitHub\Faculty-Jobs\public\jobs.json (6494 jobs)
[02:10:32] [INFO]   ✅ Wrote C:\Users\StevenAzeka\OneDrive\Documents\GitHub\Faculty-Jobs\web-vue\public\jobs.json (6494 jobs)
[02:10:32] [INFO]   [stderr] ❌ Chandler-Gilbert Community College AZ scrape failed: page.goto: net::ERR_NAME_NOT_RESOLVED at https://www.cgc.maricopa.edu/
[02:10:32] [INFO]   [stderr] Call log:
[02:10:32] [INFO]   [stderr] [2m  - navigating to "https://www.cgc.maricopa.edu/", waiting until "domcontentloaded"[22m
[02:10:32] [INFO]   [stderr] 
[02:10:32] [INFO]   [stderr] ❌ America Evangelical University CA Private scrape failed: page.goto: net::ERR_CONNECTION_TIMED_OUT at https://www.aeu.edu/
[02:10:32] [INFO]   [stderr] Call log:
[02:10:32] [INFO]   [stderr] [2m  - navigating to "https://www.aeu.edu/", waiting until "domcontentloaded"[22m
[02:10:32] [INFO]   [stderr] 
[02:10:32] [INFO]   [stderr] ❌ Bais Medrash Toras Chesed NJ scrape failed: page.goto: net::ERR_SSL_VERSION_OR_CIPHER_MISMATCH at https://www.bmtc.edu/
[02:10:32] [INFO]   [stderr] Call log:
[02:10:32] [INFO]   [stderr] [2m  - navigating to "https://www.bmtc.edu/", waiting until "domcontentloaded"[22m
[02:10:32] [INFO]   [stderr] 
[02:10:32] [INFO]   [stderr] ❌ Carolinas College of Health Sciences NC scrape failed: page.goto: net::ERR_CERT_COMMON_NAME_INVALID at https://www.carolinascollege.edu/
[02:10:32] [INFO]   [stderr] Call log:
[02:10:32] [INFO]   [stderr] [2m  - navigating to "https://www.carolinascollege.edu/", waiting until "domcontentloaded"[22m
[02:10:32] [INFO]   [stderr] 
[02:10:32] [INFO]   [stderr] ❌ Aiken Technical College SC scrape failed: page.goto: Timeout 60000ms exceeded.
[02:10:32] [INFO]   [stderr] Call log:
[02:10:32] [INFO]   [stderr] [2m  - navigating to "https://www.atc.edu/", waiting until "domcontentloaded"[22m
[02:10:32] [INFO]   [stderr] 
[02:10:32] [INFO]   [stderr] ❌ Foothill-De Anza Community College District CA Private Taleo scrape failed: page.goto: net::ERR_CONNECTION_TIMED_OUT at https://ch.tbe.taleo.net/CH17/ats/careers/jobSearch.jsp?org=FHDA&cws=1
[02:10:32] [INFO]   [stderr] Call log:
[02:10:32] [INFO]   [stderr] [2m  - navigating to "https://ch.tbe.taleo.net/CH17/ats/careers/jobSearch.jsp?org=FHDA&cws=1", waiting until "networkidle"[22m
[02:10:32] [INFO]   [stderr] 
[02:10:32] [INFO]   [stderr] ❌ Kalamazoo College MI scrape failed: page.goto: net::ERR_CONNECTION_TIMED_OUT at https://provost.kzoo.edu/faculty-information/facultyjobs/
[02:10:32] [INFO]   [stderr] Call log:
[02:10:32] [INFO]   [stderr] [2m  - navigating to "https://provost.kzoo.edu/faculty-information/facultyjobs/", waiting until "domcontentloaded"[22m
[02:10:32] [INFO]   [stderr] 
[02:10:32] [INFO]   [stderr] ❌ Linfield University OR scrape failed: page.goto: net::ERR_NAME_NOT_RESOLVED at https://careers.linfield.edu/
[02:10:32] [INFO]   [stderr] Call log:
[02:10:32] [INFO]   [stderr] [2m  - navigating to "https://careers.linfield.edu/", waiting until "domcontentloaded"[22m
[02:10:32] [INFO]   [stderr] 
[02:10:32] [INFO]   [stderr] ❌ Beloit College WI scrape failed: page.goto: net::ERR_NAME_NOT_RESOLVED at https://employment.beloit.edu/en-us/listing/
[02:10:32] [INFO]   [stderr] Call log:
[02:10:32] [INFO]   [stderr] [2m  - navigating to "https://employment.beloit.edu/en-us/listing/", waiting until "domcontentloaded"[22m
[02:10:32] [INFO]   [stderr] 
[02:10:32] [INFO]   [stderr] ❌ Dordt University IA scrape failed: page.goto: net::ERR_CONNECTION_CLOSED at https://www.dordt.edu/
[02:10:32] [INFO]   [stderr] Call log:
[02:10:32] [INFO]   [stderr] [2m  - navigating to "https://www.dordt.edu/", waiting until "domcontentloaded"[22m
[02:10:32] [INFO]   [stderr] 
[02:10:32] [INFO]   [stderr] ❌ Colorado State University-Fort Collins CO scrape failed: page.goto: net::ERR_CONNECTION_RESET at https://colostate.edu/
[02:10:32] [INFO]   [stderr] Call log:
[02:10:32] [INFO]   [stderr] [2m  - navigating to "https://colostate.edu/", waiting until "domcontentloaded"[22m
[02:10:32] [INFO]   [stderr] 
[02:10:32] [INFO]   [stderr] ❌ University of Notre Dame IN scrape failed: page.goto: net::ERR_SSL_UNRECOGNIZED_NAME_ALERT at https://jobs.nd.edu/
[02:10:32] [INFO]   [stderr] Call log:
[02:10:32] [INFO]   [stderr] [2m  - navigating to "https://jobs.nd.edu/", waiting until "domcontentloaded"[22m
[02:10:32] [INFO]   [stderr] 
[02:10:32] [INFO]   [stderr] ❌ Carver Career Center WV scrape failed: page.goto: net::ERR_CERT_COMMON_NAME_INVALID at https://www.carvercareercenter.edu/
[02:10:32] [INFO]   [stderr] Call log:
[02:10:32] [INFO]   [stderr] [2m  - navigating to "https://www.carvercareercenter.edu/", waiting until "domcontentloaded"[22m
[02:10:32] [INFO]   [stderr] 
[02:10:32] [INFO]   [stderr] ❌ Trine University-Regional/Non-Traditional Campuses IN scrape failed: page.goto: net::ERR_CONNECTION_TIMED_OUT at https://www.trine.edu/human-resources/careers/index.aspx/faculty
[02:10:32] [INFO]   [stderr] Call log:
[02:10:32] [INFO]   [stderr] [2m  - navigating to "https://www.trine.edu/human-resources/careers/index.aspx/faculty", waiting until "domcontentloaded"[22m
[02:10:32] [INFO]   [stderr] 
[02:10:32] [INFO]   [stderr] ❌ Kennesaw State University GA scrape failed: page.goto: net::ERR_CONNECTION_TIMED_OUT at https://kennesaw.peopleadmin.com/postings/search?utf8=%E2%9C%93&query=&query_v0_posted_at_date=&query_position_type_id%5B%5D=3&commit=Search
[02:10:32] [INFO]   [stderr] Call log:
[02:10:32] [INFO]   [stderr] [2m  - navigating to "https://kennesaw.peopleadmin.com/postings/search?utf8=%E2%9C%93&query=&query_v0_posted_at_date=&query_position_type_id%5B%5D=3&commit=Search", waiting until "domcontentloaded"[22m
[02:10:32] [INFO]   [stderr] 
[02:10:32] [INFO]   [stderr] ❌ Cossatot Community College of the University of Arkansas AR scrape failed: page.goto: net::ERR_CONNECTION_CLOSED at https://www.cccua.edu/index.html
[02:10:32] [INFO]   [stderr] Call log:
[02:10:32] [INFO]   [stderr] [2m  - navigating to "https://www.cccua.edu/index.html", waiting until "domcontentloaded"[22m
[02:10:32] [INFO]   [stderr] 
[02:10:32] [INFO]   [stderr] ❌ Bacone College OK scrape failed: page.goto: net::ERR_NAME_NOT_RESOLVED at https://www.bacone.edu/
[02:10:32] [INFO]   [stderr] Call log:
[02:10:32] [INFO]   [stderr] [2m  - navigating to "https://www.bacone.edu/", waiting until "domcontentloaded"[22m
[02:10:32] [INFO]   [stderr] 
[02:10:32] [INFO]   [stderr] ❌ Academy of Interactive Entertainment LA scrape failed: page.goto: net::ERR_CONNECTION_REFUSED at https://lafayette.aie.edu/
[02:10:32] [INFO]   [stderr] Call log:
[02:10:32] [INFO]   [stderr] [2m  - navigating to "https://lafayette.aie.edu/", waiting until "domcontentloaded"[22m
[02:10:32] [INFO]   [stderr] 
[02:10:32] [INFO]   [stderr] ⚠️  University of Central Florida FL: blocked by human verification in browser context
[02:10:32] [INFO]   [stderr] ❌ Dragon Rises College of Oriental Medicine FL scrape failed: page.goto: net::ERR_CERT_AUTHORITY_INVALID at https://www.dragonrises.edu/
[02:10:32] [INFO]   [stderr] Call log:
[02:10:32] [INFO]   [stderr] [2m  - navigating to "https://www.dragonrises.edu/", waiting until "domcontentloaded"[22m
[02:10:32] [INFO]   [stderr] 
[02:10:32] [INFO]   [stderr]    ⚠️  Unreachable: http://127.0.0.1:9000/summarize
[02:10:32] [INFO]   [stderr] ❌ No summarizer endpoints reachable — skipping AI enrichment
[02:10:32] [INFO]   [stderr] 🩹 Healed 2 cratered source(s), restored 372 jobs from previous snapshot:
[02:10:32] [INFO]   [stderr]    - FL: 78 → restored to 349 (baseline 349)
[02:10:32] [INFO]   [stderr]    - AK: 1 → restored to 23 (baseline 23)
[02:10:32] [INFO]   [stderr]    Report written to C:\Users\StevenAzeka\OneDrive\Documents\GitHub\Faculty-Jobs\generated\source-heal-report.json
[02:10:32] [OK] Scrape succeeded.
[02:10:32] [INFO] 
[02:10:32] [INFO] --------------------------------------------------
[02:10:32] [INFO]   Step 2/8 - Track job presence (stamp firstSeen, purge expired)
[02:10:32] [INFO] --------------------------------------------------
[02:10:32] [INFO] Running: C:\Program Files\nodejs\npm.cmd run agent:job-presence
[02:10:33] [INFO]   
[02:10:33] [INFO]   > faculty-jobs@1.0.0 agent:job-presence
[02:10:33] [INFO]   > node scripts/agent-job-presence.js
[02:10:33] [INFO]   
[02:10:33] [INFO]   
[02:10:33] [INFO]   Faculty Atlas - Job Presence Agent
[02:10:33] [INFO]     Config        : expiry-days=7
[02:10:33] [INFO]   
[02:10:33] [INFO]     Jobs seen today  : 6,494
[02:10:33] [INFO]     Jobs tracked     : 7,180
[02:10:33] [INFO]     Jobs to purge    : 125
[02:10:33] [INFO]   
[02:10:33] [INFO]     Purged listings (absent for >= 7 consecutive scrapes):
[02:10:33] [INFO]       job_3b57e6ce1a3dd027  (7 misses, last seen 2026-06-06)
[02:10:33] [INFO]       job_d0bab00e8be4028d  (7 misses, last seen 2026-06-06)
[02:10:33] [INFO]       job_18e235e59d212cd1  (7 misses, last seen 2026-06-06)
[02:10:33] [INFO]       job_79a487526d3a79ff  (7 misses, last seen 2026-06-06)
[02:10:33] [INFO]       job_450b18732e8a1f8f  (7 misses, last seen 2026-06-06)
[02:10:33] [INFO]       job_2517ffec81d92d2c  (7 misses, last seen 2026-06-06)
[02:10:33] [INFO]       job_80f2d64fe988b5bb  (7 misses, last seen 2026-06-06)
[02:10:33] [INFO]       job_2b70258a6ec83a78  (7 misses, last seen 2026-06-06)
[02:10:33] [INFO]       job_c87ae752d5516e95  (7 misses, last seen 2026-06-06)
[02:10:33] [INFO]       job_0d34554ae6b40b07  (7 misses, last seen 2026-06-06)
[02:10:33] [INFO]       job_ddd168419c42b551  (7 misses, last seen 2026-06-06)
[02:10:33] [INFO]       job_4f0958c15cc37eed  (7 misses, last seen 2026-06-06)
[02:10:33] [INFO]       job_246f7de3f19b5586  (7 misses, last seen 2026-06-06)
[02:10:33] [INFO]       job_229c228870eec459  (7 misses, last seen 2026-06-06)
[02:10:33] [INFO]       job_a5c6213c1772d55a  (7 misses, last seen 2026-06-06)
[02:10:33] [INFO]       job_f7aa91fff616ee6a  (7 misses, last seen 2026-06-06)
[02:10:33] [INFO]       job_0364e00cd712b8f2  (7 misses, last seen 2026-06-06)
[02:10:33] [INFO]       job_1220104ee26dcd67  (7 misses, last seen 2026-06-06)
[02:10:33] [INFO]       job_29606fde077fc7a1  (7 misses, last seen 2026-06-06)
[02:10:33] [INFO]       job_736a2fdb878df7d9  (7 misses, last seen 2026-06-06)
[02:10:33] [INFO]       job_4a1e1b932440d849  (7 misses, last seen 2026-06-06)
[02:10:33] [INFO]       job_20441d604ec5b265  (7 misses, last seen 2026-06-06)
[02:10:33] [INFO]       job_47af2c823a93371c  (7 misses, last seen 2026-06-06)
[02:10:33] [INFO]       job_114267976ed12675  (7 misses, last seen 2026-06-06)
[02:10:33] [INFO]       job_b2ac214663b9ac74  (7 misses, last seen 2026-06-06)
[02:10:33] [INFO]       job_91e5f591c92ccfc7  (7 misses, last seen 2026-06-06)
[02:10:33] [INFO]       job_ec35ee00fcde428d  (7 misses, last seen 2026-06-06)
[02:10:33] [INFO]       job_541e00481fc4f772  (7 misses, last seen 2026-06-06)
[02:10:33] [INFO]       job_51df500f4a4f7dcf  (7 misses, last seen 2026-06-06)
[02:10:33] [INFO]       job_ca9dd9c893261779  (7 misses, last seen 2026-06-06)
[02:10:33] [INFO]       job_c6e21b2cd9a76e3b  (7 misses, last seen 2026-06-06)
[02:10:33] [INFO]       job_3e8eacf26a4cb8a6  (7 misses, last seen 2026-06-06)
[02:10:33] [INFO]       job_850840ced46d42f7  (7 misses, last seen 2026-06-06)
[02:10:33] [INFO]       job_384966cf796c43fd  (7 misses, last seen 2026-06-06)
[02:10:33] [INFO]       job_89d666ed4c8bf289  (7 misses, last seen 2026-06-06)
[02:10:33] [INFO]       job_4e77e00843fa3bd5  (7 misses, last seen 2026-06-06)
[02:10:33] [INFO]       job_2be3033fbae9c4af  (7 misses, last seen 2026-06-06)
[02:10:33] [INFO]       job_0361ec635884e0d6  (7 misses, last seen 2026-06-06)
[02:10:33] [INFO]       job_f9b25e7b8cded863  (7 misses, last seen 2026-06-06)
[02:10:33] [INFO]       job_d23a6e98e2015b98  (7 misses, last seen 2026-06-06)
[02:10:33] [INFO]       job_c96fe63a991e2de3  (7 misses, last seen 2026-06-06)
[02:10:33] [INFO]       job_72dffbc036c6353c  (7 misses, last seen 2026-06-06)
[02:10:33] [INFO]       job_e0d56bc63df781f3  (7 misses, last seen 2026-06-06)
[02:10:33] [INFO]       job_53ad9e4253a967b8  (7 misses, last seen 2026-06-06)
[02:10:33] [INFO]       job_23e677db5feecc38  (7 misses, last seen 2026-06-06)
[02:10:33] [INFO]       job_c357118cb67904a8  (7 misses, last seen 2026-06-06)
[02:10:33] [INFO]       job_5a7d04499ca01c49  (7 misses, last seen 2026-06-06)
[02:10:33] [INFO]       job_8f287992a50c9bc9  (7 misses, last seen 2026-06-06)
[02:10:33] [INFO]       job_4ad7346138fb1553  (7 misses, last seen 2026-06-06)
[02:10:33] [INFO]       job_4895af0f77f62a09  (7 misses, last seen 2026-06-06)
[02:10:33] [INFO]       job_d1d128b6fc5b0e38  (7 misses, last seen 2026-06-06)
[02:10:33] [INFO]       job_676e693ca07efc3b  (7 misses, last seen 2026-06-06)
[02:10:33] [INFO]       job_bacf810adaefef77  (7 misses, last seen 2026-06-06)
[02:10:33] [INFO]       job_3e1124e75a783b00  (7 misses, last seen 2026-06-06)
[02:10:33] [INFO]       job_c86cdf85b266e524  (7 misses, last seen 2026-06-06)
[02:10:33] [INFO]       job_29cd0d5dd9b471ab  (7 misses, last seen 2026-06-06)
[02:10:33] [INFO]       job_c184e17cad1dba8a  (7 misses, last seen 2026-06-06)
[02:10:33] [INFO]       job_75f5d76fd68d5d3d  (7 misses, last seen 2026-06-06)
[02:10:33] [INFO]       job_19fb6268340e8fb6  (7 misses, last seen 2026-06-06)
[02:10:33] [INFO]       job_32e279dd503b08c2  (7 misses, last seen 2026-06-06)
[02:10:33] [INFO]       job_f2cc8220fe15fbd6  (7 misses, last seen 2026-06-06)
[02:10:33] [INFO]       job_bbebf593e221f021  (7 misses, last seen 2026-06-06)
[02:10:33] [INFO]       job_5cdd5df942f857a1  (7 misses, last seen 2026-06-06)
[02:10:33] [INFO]       job_0e7a8a599deeb3b9  (7 misses, last seen 2026-06-06)
[02:10:33] [INFO]       job_881533b6d8777e92  (7 misses, last seen 2026-06-06)
[02:10:33] [INFO]       job_08d4b3157003ccc5  (7 misses, last seen 2026-06-06)
[02:10:33] [INFO]       job_1232c474044e0ada  (7 misses, last seen 2026-06-06)
[02:10:33] [INFO]       job_8b48e7be08c14b19  (7 misses, last seen 2026-06-06)
[02:10:33] [INFO]       job_63d0e6fe9f91908d  (7 misses, last seen 2026-06-06)
[02:10:33] [INFO]       job_ffc5a9e0bd52f421  (7 misses, last seen 2026-06-06)
[02:10:33] [INFO]       job_d220da950b88108e  (7 misses, last seen 2026-06-06)
[02:10:33] [INFO]       job_5f2e6ddb33b5f8e2  (7 misses, last seen 2026-06-06)
[02:10:33] [INFO]       job_b12c9dada00862e2  (7 misses, last seen 2026-06-06)
[02:10:33] [INFO]       job_ea00945f1e6c74ea  (7 misses, last seen 2026-06-06)
[02:10:33] [INFO]       job_4f5a7607b08d2878  (7 misses, last seen 2026-06-06)
[02:10:33] [INFO]       job_7695370336e82a24  (7 misses, last seen 2026-06-06)
[02:10:33] [INFO]       job_3a755e6502eb38cb  (7 misses, last seen 2026-06-06)
[02:10:33] [INFO]       job_e5423d64a3cbee0d  (7 misses, last seen 2026-06-06)
[02:10:33] [INFO]       job_c8d9bf715c6dce5d  (7 misses, last seen 2026-06-06)
[02:10:33] [INFO]       job_a82ddc8d4157f5ec  (7 misses, last seen 2026-06-06)
[02:10:33] [INFO]       job_fbe21a9064d8d2f1  (7 misses, last seen 2026-06-06)
[02:10:33] [INFO]       job_031b30d538c4d094  (7 misses, last seen 2026-06-06)
[02:10:33] [INFO]       job_592b4925ef27165f  (7 misses, last seen 2026-06-06)
[02:10:33] [INFO]       job_6ce20b55b9e4d413  (7 misses, last seen 2026-06-06)
[02:10:33] [INFO]       job_24641d148cc4d942  (7 misses, last seen 2026-06-06)
[02:10:33] [INFO]       job_19c13d24535784cf  (7 misses, last seen 2026-06-06)
[02:10:33] [INFO]       job_6340780c1dc98228  (7 misses, last seen 2026-06-06)
[02:10:33] [INFO]       job_f85d757c437e0c1f  (7 misses, last seen 2026-06-06)
[02:10:33] [INFO]       job_b085546fd4e2aef0  (7 misses, last seen 2026-06-06)
[02:10:33] [INFO]       job_edd2ee04289eeb25  (7 misses, last seen 2026-06-06)
[02:10:33] [INFO]       job_7e39a336a75413f5  (7 misses, last seen 2026-06-06)
[02:10:33] [INFO]       job_5646853d1e5239c9  (7 misses, last seen 2026-06-06)
[02:10:33] [INFO]       job_b6caa629468675d7  (7 misses, last seen 2026-06-06)
[02:10:33] [INFO]       job_e1080cdcffa6dc3c  (7 misses, last seen 2026-06-06)
[02:10:33] [INFO]       job_08ea6cc26142cfd8  (7 misses, last seen 2026-06-06)
[02:10:33] [INFO]       job_dfc486f3e47fc1b1  (7 misses, last seen 2026-06-06)
[02:10:33] [INFO]       job_6e1fdf87ac260e60  (7 misses, last seen 2026-06-06)
[02:10:33] [INFO]       job_044d1a237f92ae15  (7 misses, last seen 2026-06-06)
[02:10:33] [INFO]       job_f279bc0dc0a75bf7  (7 misses, last seen 2026-06-06)
[02:10:33] [INFO]       job_34c9f026cc6eb7ae  (7 misses, last seen 2026-06-06)
[02:10:33] [INFO]       job_ba391b55d5022961  (7 misses, last seen 2026-06-06)
[02:10:33] [INFO]       job_7616c1fe27c44487  (7 misses, last seen 2026-06-06)
[02:10:33] [INFO]       job_28493d410c58f45d  (7 misses, last seen 2026-06-06)
[02:10:33] [INFO]       job_44fdb6eecbf13a38  (7 misses, last seen 2026-06-06)
[02:10:33] [INFO]       job_308be644b2a4e8a8  (7 misses, last seen 2026-06-06)
[02:10:33] [INFO]       job_f769101e8d1262b6  (7 misses, last seen 2026-06-06)
[02:10:33] [INFO]       job_8672a67931757510  (7 misses, last seen 2026-06-06)
[02:10:33] [INFO]       job_43cdd39db75dbdb3  (7 misses, last seen 2026-06-06)
[02:10:33] [INFO]       job_ecaf11e6ab5733b3  (7 misses, last seen 2026-06-06)
[02:10:33] [INFO]       job_a408c6ee5ad39501  (7 misses, last seen 2026-06-06)
[02:10:33] [INFO]       job_c14d06413ad067a8  (7 misses, last seen 2026-06-06)
[02:10:33] [INFO]       job_d5b5685f7aa2a18b  (7 misses, last seen 2026-06-06)
[02:10:33] [INFO]       job_f8932b91f439e085  (7 misses, last seen 2026-06-06)
[02:10:33] [INFO]       job_763ea3ab69366e4d  (7 misses, last seen 2026-06-06)
[02:10:33] [INFO]       job_c6604c677baf9e67  (7 misses, last seen 2026-06-06)
[02:10:33] [INFO]       job_e04e20e27ce94778  (7 misses, last seen 2026-06-06)
[02:10:33] [INFO]       job_a2a478760a6658c6  (7 misses, last seen 2026-06-06)
[02:10:33] [INFO]       job_0f58d64e634c10b4  (7 misses, last seen 2026-06-06)
[02:10:33] [INFO]       job_f2a20158ebaac9b4  (7 misses, last seen 2026-06-06)
[02:10:33] [INFO]       job_9fe10c5f1c6bc30c  (7 misses, last seen 2026-06-06)
[02:10:33] [INFO]       job_8ada96ba97c17496  (7 misses, last seen 2026-06-06)
[02:10:33] [INFO]       job_b77608b23106a223  (7 misses, last seen 2026-06-06)
[02:10:33] [INFO]       job_327f110b58b8cdcf  (7 misses, last seen 2026-06-06)
[02:10:33] [INFO]       job_2b0352b6eda1edd4  (7 misses, last seen 2026-06-06)
[02:10:33] [INFO]       job_cd0ca8c4cfba57ca  (7 misses, last seen 2026-06-06)
[02:10:33] [INFO]     New today        : 102
[02:10:33] [INFO]     New this week    : 1,351
[02:10:33] [INFO]   
[02:10:33] [INFO]     docs/jobs.json updated.
[02:10:33] [INFO]   
[02:10:33] [INFO]     public/jobs.json updated.
[02:10:33] [INFO]     generated/job-presence.json saved.
[02:10:33] [INFO]     generated/job-presence-report.json saved.
[02:10:33] [INFO]     data/site-stats.json saved (docs + public + web-vue).
[02:10:33] [OK] Job presence succeeded.
[02:10:33] [INFO] 
[02:10:33] [INFO] --------------------------------------------------
[02:10:33] [INFO]   Step 3/8 - Enrich new jobs (discipline/positionType/tenureTrack via local Ollama)
[02:10:33] [INFO] --------------------------------------------------
[02:10:33] [INFO] Running: C:\Program Files\nodejs\npm.cmd run agent:enrich -- --max 1500 --batch-size 6
[02:20:12] [INFO]   
[02:20:12] [INFO]   > faculty-jobs@1.0.0 agent:enrich
[02:20:12] [INFO]   > node scripts/agent-job-enrichment.js --max 1500 --batch-size 6
[02:20:12] [INFO]   
[02:20:12] [INFO]   
[02:20:12] [INFO]   Faculty Atlas - Job Enrichment Agent
[02:20:12] [INFO]     Backend: Ollama (qwen2.5:7b @ localhost:11434)
[02:20:12] [INFO]   
[02:20:12] [INFO]     Total jobs       : 6,494
[02:20:12] [INFO]     Already enriched : 5,383
[02:20:12] [INFO]     To process now   : 1,111 (max 1500)
[02:20:12] [INFO]     Batch size       : 6
[02:20:12] [INFO]     Concurrency      : 1
[02:20:12] [INFO]     Batch 1/186 (6 jobs)... done (+6)
[02:20:12] [INFO]     Batch 2/186 (6 jobs)... done (+6)
[02:20:12] [INFO]     Batch 3/186 (6 jobs)... done (+6)
[02:20:12] [INFO]     Batch 4/186 (6 jobs)... done (+6)
[02:20:12] [INFO]     Batch 5/186 (6 jobs)... done (+6)
[02:20:12] [INFO]     Batch 6/186 (6 jobs)... ERROR: Expected 6 results, got 1
[02:20:12] [INFO]     Batch 7/186 (6 jobs)... ERROR: Expected 6 results, got 0
[02:20:12] [INFO]     Batch 8/186 (6 jobs)... done (+6)
[02:20:12] [INFO]     Batch 9/186 (6 jobs)... done (+6)
[02:20:12] [INFO]     Batch 10/186 (6 jobs)... done (+6)
[02:20:12] [INFO]     Batch 11/186 (6 jobs)... done (+6)
[02:20:12] [INFO]     Batch 12/186 (6 jobs)... done (+6)
[02:20:12] [INFO]     Batch 13/186 (6 jobs)... done (+6)
[02:20:12] [INFO]     Batch 14/186 (6 jobs)... done (+6)
[02:20:12] [INFO]     Batch 15/186 (6 jobs)... done (+6)
[02:20:12] [INFO]     Batch 16/186 (6 jobs)... done (+6)
[02:20:12] [INFO]     Batch 17/186 (6 jobs)... done (+6)
[02:20:12] [INFO]     Batch 18/186 (6 jobs)... done (+6)
[02:20:12] [INFO]     Batch 19/186 (6 jobs)... done (+6)
[02:20:12] [INFO]     Batch 20/186 (6 jobs)... done (+6)
[02:20:12] [INFO]     Batch 21/186 (6 jobs)... done (+6)
[02:20:12] [INFO]     Batch 22/186 (6 jobs)... done (+6)
[02:20:12] [INFO]     Batch 23/186 (6 jobs)... done (+6)
[02:20:12] [INFO]     Batch 24/186 (6 jobs)... done (+6)
[02:20:12] [INFO]     Batch 25/186 (6 jobs)... done (+6)
[02:20:12] [INFO]     Batch 26/186 (6 jobs)... done (+6)
[02:20:12] [INFO]     Batch 27/186 (6 jobs)... done (+6)
[02:20:12] [INFO]     Batch 28/186 (6 jobs)... done (+6)
[02:20:12] [INFO]     Batch 29/186 (6 jobs)... done (+6)
[02:20:12] [INFO]     Batch 30/186 (6 jobs)... ERROR: Expected 6 results, got 0
[02:20:12] [INFO]     Batch 31/186 (6 jobs)... ERROR: Expected 6 results, got 1
[02:20:12] [INFO]     Batch 32/186 (6 jobs)... done (+6)
[02:20:12] [INFO]     Batch 33/186 (6 jobs)... done (+2)
[02:20:12] [INFO]     Batch 34/186 (6 jobs)... done (+6)
[02:20:12] [INFO]     Batch 35/186 (6 jobs)... done (+6)
[02:20:12] [INFO]     Batch 36/186 (6 jobs)... done (+6)
[02:20:12] [INFO]     Batch 37/186 (6 jobs)... done (+6)
[02:20:12] [INFO]     Batch 38/186 (6 jobs)... done (+6)
[02:20:12] [INFO]     Batch 39/186 (6 jobs)... done (+6)
[02:20:12] [INFO]     Batch 40/186 (6 jobs)... done (+6)
[02:20:12] [INFO]     Batch 41/186 (6 jobs)... done (+6)
[02:20:12] [INFO]     Batch 42/186 (6 jobs)... ERROR: Expected 6 results, got 1
[02:20:12] [INFO]     Batch 43/186 (6 jobs)... done (+6)
[02:20:12] [INFO]     Batch 44/186 (6 jobs)... ERROR: Expected 6 results, got 0
[02:20:12] [INFO]     Batch 45/186 (6 jobs)... done (+6)
[02:20:12] [INFO]     Batch 46/186 (6 jobs)... ERROR: Expected 6 results, got 1
[02:20:12] [INFO]     Batch 47/186 (6 jobs)... ERROR: Expected 6 results, got 0
[02:20:12] [INFO]     Batch 48/186 (6 jobs)... ERROR: Expected 6 results, got 0
[02:20:12] [INFO]     Batch 49/186 (6 jobs)... done (+6)
[02:20:12] [INFO]     Batch 50/186 (6 jobs)... done (+2)
[02:20:12] [INFO]     Batch 51/186 (6 jobs)... ERROR: Expected 6 results, got 0
[02:20:12] [INFO]     Batch 52/186 (6 jobs)... ERROR: Expected 6 results, got 0
[02:20:12] [INFO]     Batch 53/186 (6 jobs)... ERROR: Expected 6 results, got 1
[02:20:12] [INFO]     Batch 54/186 (6 jobs)... ERROR: Expected 6 results, got 1
[02:20:12] [INFO]     Batch 55/186 (6 jobs)... done (+6)
[02:20:12] [INFO]     Batch 56/186 (6 jobs)... ERROR: Expected 6 results, got 0
[02:20:12] [INFO]     Batch 57/186 (6 jobs)... done (+6)
[02:20:12] [INFO]     Batch 58/186 (6 jobs)... done (+6)
[02:20:12] [INFO]     Batch 59/186 (6 jobs)... done (+5)
[02:20:12] [INFO]     Batch 60/186 (6 jobs)... done (+6)
[02:20:12] [INFO]     Batch 61/186 (6 jobs)... ERROR: Expected 6 results, got 0
[02:20:12] [INFO]     Batch 62/186 (6 jobs)... done (+6)
[02:20:12] [INFO]     Batch 63/186 (6 jobs)... ERROR: Expected 6 results, got 5
[02:20:12] [INFO]     Batch 64/186 (6 jobs)... ERROR: Expected 6 results, got 3
[02:20:12] [INFO]     Batch 65/186 (6 jobs)... done (+6)
[02:20:12] [INFO]     Batch 66/186 (6 jobs)... done (+6)
[02:20:12] [INFO]     Batch 67/186 (6 jobs)... done (+6)
[02:20:12] [INFO]     Batch 68/186 (6 jobs)... done (+6)
[02:20:12] [INFO]     Batch 69/186 (6 jobs)... done (+6)
[02:20:12] [INFO]     Batch 70/186 (6 jobs)... done (+6)
[02:20:12] [INFO]     Batch 71/186 (6 jobs)... done (+6)
[02:20:12] [INFO]     Batch 72/186 (6 jobs)... done (+6)
[02:20:12] [INFO]     Batch 73/186 (6 jobs)... done (+6)
[02:20:12] [INFO]     Batch 74/186 (6 jobs)... done (+6)
[02:20:12] [INFO]     Batch 75/186 (6 jobs)... done (+6)
[02:20:12] [INFO]     Batch 76/186 (6 jobs)... done (+6)
[02:20:12] [INFO]     Batch 77/186 (6 jobs)... done (+6)
[02:20:12] [INFO]     Batch 78/186 (6 jobs)... done (+6)
[02:20:12] [INFO]     Batch 79/186 (6 jobs)... done (+6)
[02:20:12] [INFO]     Batch 80/186 (6 jobs)... done (+6)
[02:20:12] [INFO]     Batch 81/186 (6 jobs)... done (+6)
[02:20:12] [INFO]     Batch 82/186 (6 jobs)... done (+6)
[02:20:12] [INFO]     Batch 83/186 (6 jobs)... done (+6)
[02:20:12] [INFO]     Batch 84/186 (6 jobs)... done (+6)
[02:20:12] [INFO]     Batch 85/186 (6 jobs)... done (+6)
[02:20:12] [INFO]     Batch 86/186 (6 jobs)... done (+6)
[02:20:12] [INFO]     Batch 87/186 (6 jobs)... done (+6)
[02:20:12] [INFO]     Batch 88/186 (6 jobs)... done (+6)
[02:20:12] [INFO]     Batch 89/186 (6 jobs)... done (+6)
[02:20:12] [INFO]     Batch 90/186 (6 jobs)... done (+6)
[02:20:12] [INFO]     Batch 91/186 (6 jobs)... done (+6)
[02:20:12] [INFO]     Batch 92/186 (6 jobs)... done (+6)
[02:20:12] [INFO]     Batch 93/186 (6 jobs)... done (+5)
[02:20:12] [INFO]     Batch 94/186 (6 jobs)... done (+6)
[02:20:12] [INFO]     Batch 95/186 (6 jobs)... done (+6)
[02:20:12] [INFO]     Batch 96/186 (6 jobs)... done (+6)
[02:20:12] [INFO]     Batch 97/186 (6 jobs)... done (+6)
[02:20:12] [INFO]     Batch 98/186 (6 jobs)... done (+6)
[02:20:12] [INFO]     Batch 99/186 (6 jobs)... done (+6)
[02:20:12] [INFO]     Batch 100/186 (6 jobs)... done (+6)
[02:20:12] [INFO]     Batch 101/186 (6 jobs)... ERROR: Expected 6 results, got 1
[02:20:12] [INFO]     Batch 102/186 (6 jobs)... done (+6)
[02:20:12] [INFO]     Batch 103/186 (6 jobs)... done (+6)
[02:20:12] [INFO]     Batch 104/186 (6 jobs)... done (+6)
[02:20:12] [INFO]     Batch 105/186 (6 jobs)... done (+6)
[02:20:12] [INFO]     Batch 106/186 (6 jobs)... done (+6)
[02:20:12] [INFO]     Batch 107/186 (6 jobs)... ERROR: Expected 6 results, got 1
[02:20:12] [INFO]     Batch 108/186 (6 jobs)... done (+6)
[02:20:12] [INFO]     Batch 109/186 (6 jobs)... done (+6)
[02:20:12] [INFO]     Batch 110/186 (6 jobs)... done (+6)
[02:20:12] [INFO]     Batch 111/186 (6 jobs)... done (+6)
[02:20:12] [INFO]     Batch 112/186 (6 jobs)... done (+6)
[02:20:12] [INFO]     Batch 113/186 (6 jobs)... done (+6)
[02:20:12] [INFO]     Batch 114/186 (6 jobs)... done (+6)
[02:20:12] [INFO]     Batch 115/186 (6 jobs)... done (+6)
[02:20:12] [INFO]     Batch 116/186 (6 jobs)... done (+6)
[02:20:12] [INFO]     Batch 117/186 (6 jobs)... done (+6)
[02:20:12] [INFO]     Batch 118/186 (6 jobs)... done (+6)
[02:20:12] [INFO]     Batch 119/186 (6 jobs)... done (+6)
[02:20:12] [INFO]     Batch 120/186 (6 jobs)... done (+6)
[02:20:12] [INFO]     Batch 121/186 (6 jobs)... done (+6)
[02:20:12] [INFO]     Batch 122/186 (6 jobs)... done (+6)
[02:20:12] [INFO]     Batch 123/186 (6 jobs)... done (+6)
[02:20:12] [INFO]     Batch 124/186 (6 jobs)... done (+6)
[02:20:12] [INFO]     Batch 125/186 (6 jobs)... done (+6)
[02:20:12] [INFO]     Batch 126/186 (6 jobs)... done (+6)
[02:20:12] [INFO]     Batch 127/186 (6 jobs)... ERROR: Expected 6 results, got 1
[02:20:12] [INFO]     Batch 128/186 (6 jobs)... ERROR: Expected 6 results, got 5
[02:20:12] [INFO]     Batch 129/186 (6 jobs)... done (+6)
[02:20:12] [INFO]     Batch 130/186 (6 jobs)... done (+6)
[02:20:12] [INFO]     Batch 131/186 (6 jobs)... done (+6)
[02:20:12] [INFO]     Batch 132/186 (6 jobs)... done (+6)
[02:20:12] [INFO]     Batch 133/186 (6 jobs)... done (+6)
[02:20:12] [INFO]     Batch 134/186 (6 jobs)... done (+6)
[02:20:12] [INFO]     Batch 135/186 (6 jobs)... done (+6)
[02:20:12] [INFO]     Batch 136/186 (6 jobs)... done (+6)
[02:20:12] [INFO]     Batch 137/186 (6 jobs)... done (+6)
[02:20:12] [INFO]     Batch 138/186 (6 jobs)... done (+6)
[02:20:12] [INFO]     Batch 139/186 (6 jobs)... done (+6)
[02:20:12] [INFO]     Batch 140/186 (6 jobs)... done (+6)
[02:20:12] [INFO]     Batch 141/186 (6 jobs)... done (+6)
[02:20:12] [INFO]     Batch 142/186 (6 jobs)... done (+6)
[02:20:12] [INFO]     Batch 143/186 (6 jobs)... done (+6)
[02:20:12] [INFO]     Batch 144/186 (6 jobs)... done (+6)
[02:20:12] [INFO]     Batch 145/186 (6 jobs)... done (+6)
[02:20:12] [INFO]     Batch 146/186 (6 jobs)... done (+6)
[02:20:12] [INFO]     Batch 147/186 (6 jobs)... done (+6)
[02:20:12] [INFO]     Batch 148/186 (6 jobs)... done (+6)
[02:20:12] [INFO]     Batch 149/186 (6 jobs)... done (+6)
[02:20:12] [INFO]     Batch 150/186 (6 jobs)... done (+6)
[02:20:12] [INFO]     Batch 151/186 (6 jobs)... done (+6)
[02:20:12] [INFO]     Batch 152/186 (6 jobs)... done (+6)
[02:20:12] [INFO]     Batch 153/186 (6 jobs)... done (+6)
[02:20:12] [INFO]     Batch 154/186 (6 jobs)... done (+6)
[02:20:12] [INFO]     Batch 155/186 (6 jobs)... done (+6)
[02:20:12] [INFO]     Batch 156/186 (6 jobs)... done (+6)
[02:20:12] [INFO]     Batch 157/186 (6 jobs)... done (+6)
[02:20:12] [INFO]     Batch 158/186 (6 jobs)... done (+6)
[02:20:12] [INFO]     Batch 159/186 (6 jobs)... done (+6)
[02:20:12] [INFO]     Batch 160/186 (6 jobs)... done (+6)
[02:20:12] [INFO]     Batch 161/186 (6 jobs)... ERROR: Expected 6 results, got 0
[02:20:12] [INFO]     Batch 162/186 (6 jobs)... done (+6)
[02:20:12] [INFO]     Batch 163/186 (6 jobs)... done (+6)
[02:20:12] [INFO]     Batch 164/186 (6 jobs)... done (+6)
[02:20:12] [INFO]     Batch 165/186 (6 jobs)... done (+6)
[02:20:12] [INFO]     Batch 166/186 (6 jobs)... done (+6)
[02:20:12] [INFO]     Batch 167/186 (6 jobs)... done (+6)
[02:20:12] [INFO]     Batch 168/186 (6 jobs)... ERROR: Expected 6 results, got 1
[02:20:12] [INFO]     Batch 169/186 (6 jobs)... done (+6)
[02:20:12] [INFO]     Batch 170/186 (6 jobs)... done (+6)
[02:20:12] [INFO]     Batch 171/186 (6 jobs)... done (+6)
[02:20:12] [INFO]     Batch 172/186 (6 jobs)... done (+6)
[02:20:12] [INFO]     Batch 173/186 (6 jobs)... done (+6)
[02:20:12] [INFO]     Batch 174/186 (6 jobs)... done (+6)
[02:20:12] [INFO]     Batch 175/186 (6 jobs)... done (+6)
[02:20:12] [INFO]     Batch 176/186 (6 jobs)... done (+6)
[02:20:12] [INFO]     Batch 177/186 (6 jobs)... ERROR: Expected 6 results, got 1
[02:20:12] [INFO]     Batch 178/186 (6 jobs)... done (+6)
[02:20:12] [INFO]     Batch 179/186 (6 jobs)... done (+6)
[02:20:12] [INFO]     Batch 180/186 (6 jobs)... done (+6)
[02:20:12] [INFO]     Batch 181/186 (6 jobs)... done (+6)
[02:20:12] [INFO]     Batch 182/186 (6 jobs)... done (+6)
[02:20:12] [INFO]     Batch 183/186 (6 jobs)... done (+6)
[02:20:12] [INFO]     Batch 184/186 (6 jobs)... done (+6)
[02:20:12] [INFO]     Batch 185/186 (6 jobs)... done (+6)
[02:20:12] [INFO]     Batch 186/186 (1 jobs)... ERROR: Expected 1 results, got 2
[02:20:12] [INFO]   
[02:20:12] [INFO]     Enriched this run : 956
[02:20:12] [INFO]     Total enriched    : 6,339 / 6,494
[02:20:13] [INFO]     Batch errors      : 25
[02:20:13] [INFO]     Report saved      : generated/enrichment-report.json
[02:20:13] [INFO]   
[02:20:13] [OK] Enrich succeeded.
[02:20:13] [INFO] 
[02:20:13] [INFO] --------------------------------------------------
[02:20:13] [INFO]   Step 4/8 - Backfill descriptions + posting dates (datePosted)
[02:20:13] [INFO] --------------------------------------------------
[02:20:13] [INFO] Running: C:\Program Files\nodejs\npm.cmd run agent:descriptions -- --max 2000 --concurrency 8
[02:38:07] [INFO]   
[02:38:07] [INFO]   > faculty-jobs@1.0.0 agent:descriptions
[02:38:07] [INFO]   > node scripts/agent-job-descriptions.js --max 2000 --concurrency 8
[02:38:07] [INFO]   
[02:38:07] [INFO]   
[02:38:07] [INFO]     Total jobs        : 6,494
[02:38:07] [INFO]     With description  : 831
[02:38:07] [INFO]     Missing (unfetched): 5,653
[02:38:07] [INFO]     To process now    : 2,000 (max 2000)
[02:38:07] [INFO]     Concurrency       : 8
[02:38:07] [INFO]     ...attempted 25/2000 (filled 24)
[02:38:07] [INFO]     ...attempted 50/2000 (filled 49)
[02:38:07] [INFO]     ...attempted 75/2000 (filled 71)
[02:38:07] [INFO]     ...attempted 100/2000 (filled 96)
[02:38:07] [INFO]     ...attempted 125/2000 (filled 121)
[02:38:07] [INFO]     ...attempted 150/2000 (filled 143)
[02:38:07] [INFO]     ...attempted 175/2000 (filled 166)
[02:38:07] [INFO]     ...attempted 200/2000 (filled 189)
[02:38:07] [INFO]     ...attempted 225/2000 (filled 212)
[02:38:07] [INFO]     ...attempted 250/2000 (filled 236)
[02:38:07] [INFO]     ...attempted 275/2000 (filled 257)
[02:38:07] [INFO]     ...attempted 300/2000 (filled 282)
[02:38:07] [INFO]     ...attempted 325/2000 (filled 305)
[02:38:07] [INFO]     ...attempted 350/2000 (filled 330)
[02:38:07] [INFO]     ...attempted 375/2000 (filled 353)
[02:38:07] [INFO]     ...attempted 400/2000 (filled 375)
[02:38:07] [INFO]     ...attempted 425/2000 (filled 393)
[02:38:07] [INFO]     ...attempted 450/2000 (filled 409)
[02:38:07] [INFO]     ...attempted 475/2000 (filled 432)
[02:38:07] [INFO]     ...attempted 500/2000 (filled 454)
[02:38:07] [INFO]     ...attempted 525/2000 (filled 474)
[02:38:07] [INFO]     ...attempted 550/2000 (filled 495)
[02:38:07] [INFO]     ...attempted 575/2000 (filled 514)
[02:38:07] [INFO]     ...attempted 600/2000 (filled 536)
[02:38:07] [INFO]     ...attempted 625/2000 (filled 560)
[02:38:07] [INFO]     ...attempted 650/2000 (filled 582)
[02:38:07] [INFO]     ...attempted 675/2000 (filled 602)
[02:38:07] [INFO]     ...attempted 700/2000 (filled 623)
[02:38:07] [INFO]     ...attempted 725/2000 (filled 647)
[02:38:07] [INFO]     ...attempted 750/2000 (filled 669)
[02:38:07] [INFO]     ...attempted 775/2000 (filled 689)
[02:38:07] [INFO]     ...attempted 800/2000 (filled 711)
[02:38:07] [INFO]     ...attempted 825/2000 (filled 735)
[02:38:07] [INFO]     ...attempted 850/2000 (filled 752)
[02:38:07] [INFO]     ...attempted 875/2000 (filled 776)
[02:38:07] [INFO]     ...attempted 900/2000 (filled 800)
[02:38:07] [INFO]     ...attempted 925/2000 (filled 824)
[02:38:07] [INFO]     ...attempted 950/2000 (filled 849)
[02:38:07] [INFO]     ...attempted 975/2000 (filled 873)
[02:38:07] [INFO]     ...attempted 1000/2000 (filled 891)
[02:38:07] [INFO]     ...attempted 1025/2000 (filled 908)
[02:38:07] [INFO]     ...attempted 1050/2000 (filled 930)
[02:38:07] [INFO]     ...attempted 1075/2000 (filled 950)
[02:38:07] [INFO]     ...attempted 1100/2000 (filled 971)
[02:38:07] [INFO]     ...attempted 1125/2000 (filled 984)
[02:38:07] [INFO]     ...attempted 1150/2000 (filled 1007)
[02:38:07] [INFO]     ...attempted 1175/2000 (filled 1010)
[02:38:07] [INFO]     ...attempted 1200/2000 (filled 1019)
[02:38:07] [INFO]     ...attempted 1225/2000 (filled 1039)
[02:38:07] [INFO]     ...attempted 1250/2000 (filled 1064)
[02:38:07] [INFO]     ...attempted 1275/2000 (filled 1086)
[02:38:07] [INFO]     ...attempted 1300/2000 (filled 1099)
[02:38:07] [INFO]     ...attempted 1325/2000 (filled 1124)
[02:38:07] [INFO]     ...attempted 1350/2000 (filled 1147)
[02:38:07] [INFO]     ...attempted 1375/2000 (filled 1166)
[02:38:07] [INFO]     ...attempted 1400/2000 (filled 1186)
[02:38:07] [INFO]     ...attempted 1425/2000 (filled 1204)
[02:38:07] [INFO]     ...attempted 1450/2000 (filled 1224)
[02:38:07] [INFO]     ...attempted 1475/2000 (filled 1241)
[02:38:07] [INFO]     ...attempted 1500/2000 (filled 1261)
[02:38:07] [INFO]     ...attempted 1525/2000 (filled 1282)
[02:38:07] [INFO]     ...attempted 1550/2000 (filled 1303)
[02:38:07] [INFO]     ...attempted 1575/2000 (filled 1324)
[02:38:07] [INFO]     ...attempted 1600/2000 (filled 1348)
[02:38:07] [INFO]     ...attempted 1625/2000 (filled 1372)
[02:38:07] [INFO]     ...attempted 1650/2000 (filled 1396)
[02:38:07] [INFO]     ...attempted 1675/2000 (filled 1421)
[02:38:07] [INFO]     ...attempted 1700/2000 (filled 1444)
[02:38:07] [INFO]     ...attempted 1725/2000 (filled 1467)
[02:38:07] [INFO]     ...attempted 1750/2000 (filled 1492)
[02:38:07] [INFO]     ...attempted 1775/2000 (filled 1515)
[02:38:07] [INFO]     ...attempted 1800/2000 (filled 1539)
[02:38:07] [INFO]     ...attempted 1825/2000 (filled 1561)
[02:38:07] [INFO]     ...attempted 1850/2000 (filled 1584)
[02:38:07] [INFO]     ...attempted 1875/2000 (filled 1607)
[02:38:07] [INFO]     ...attempted 1900/2000 (filled 1630)
[02:38:07] [INFO]     ...attempted 1925/2000 (filled 1655)
[02:38:07] [INFO]     ...attempted 1950/2000 (filled 1679)
[02:38:07] [INFO]     ...attempted 1975/2000 (filled 1703)
[02:38:07] [INFO]     ...attempted 2000/2000 (filled 1726)
[02:38:07] [INFO]   
[02:38:07] [INFO]     Attempted this run : 2000
[02:38:07] [INFO]     Filled this run    : 1726 (86%)
[02:38:07] [INFO]     datePosted found   : 43 (2%)  [18 via labeled Open Date]
[02:38:07] [INFO]     deadlines found    : 17 (1%)  [+315 rolling/until-filled]
[02:38:07] [INFO]     start dates found  : 6 (0%)
[02:38:07] [INFO]     Total w/ description: 2,557 / 6,494
[02:38:07] [INFO]     Remaining unfetched: 3,653
[02:38:07] [INFO]     Report saved       : generated/job-descriptions-report.json
[02:38:07] [INFO]   
[02:38:07] [OK] Descriptions succeeded.
[02:38:07] [INFO] 
[02:38:07] [INFO] --------------------------------------------------
[02:38:07] [INFO]   Step 5/8 - Build frontend
[02:38:07] [INFO] --------------------------------------------------
[02:38:07] [INFO] Running: C:\Program Files\nodejs\npm.cmd run build:frontend
[02:38:13] [INFO]   
[02:38:13] [INFO]   > faculty-jobs@1.0.0 build:frontend
[02:38:13] [INFO]   > npm run build:coverage && npm run sync:policy-exclusions && npm run sync:web-data && cd web-vue && npm run build && cd .. && node scripts/copy-dist.js && node scripts/generate-sitemap.js && node scripts/inject-og-meta.js
[02:38:13] [INFO]   
[02:38:13] [INFO]   
[02:38:13] [INFO]   > faculty-jobs@1.0.0 build:coverage
[02:38:13] [INFO]   > npm run build:institutions && npm run build:policy-exclusions && npm run sync:policy-exclusions && npm run build:coverage-report
[02:38:13] [INFO]   
[02:38:13] [INFO]   
[02:38:13] [INFO]   > faculty-jobs@1.0.0 build:institutions
[02:38:13] [INFO]   > node scripts/build-institutions-master.js
[02:38:13] [INFO]   
[02:38:13] [INFO]   Enriched 1296/1548 institutions from IPEDS (hd2024.csv)
[02:38:13] [INFO]   Wrote data\institutions-master.json (1548 institutions)
[02:38:13] [INFO]   
[02:38:13] [INFO]   > faculty-jobs@1.0.0 build:policy-exclusions
[02:38:13] [INFO]   > node scripts/generate-policy-exclusions.js
[02:38:13] [INFO]   
[02:38:13] [INFO]   Wrote generated\policy-excluded-colleges.json (12 excluded institutions)
[02:38:13] [INFO]   
[02:38:13] [INFO]   > faculty-jobs@1.0.0 sync:policy-exclusions
[02:38:13] [INFO]   > node scripts/sync-policy-exclusions-web.js
[02:38:13] [INFO]   
[02:38:13] [INFO]   Synced generated\policy-excluded-colleges.json -> web-vue\public\policy-excluded-colleges.json
[02:38:13] [INFO]   Synced generated\policy-excluded-colleges.json -> public\policy-excluded-colleges.json
[02:38:13] [INFO]   Synced generated\policy-excluded-colleges.json -> docs\policy-excluded-colleges.json
[02:38:13] [INFO]   
[02:38:13] [INFO]   > faculty-jobs@1.0.0 build:coverage-report
[02:38:13] [INFO]   > node scripts/generate-coverage-report.js
[02:38:13] [INFO]   
[02:38:13] [INFO]   Wrote generated\coverage-report.json (eligible universe: 1548)
[02:38:13] [INFO]   
[02:38:13] [INFO]   > faculty-jobs@1.0.0 sync:policy-exclusions
[02:38:13] [INFO]   > node scripts/sync-policy-exclusions-web.js
[02:38:13] [INFO]   
[02:38:13] [INFO]   Synced generated\policy-excluded-colleges.json -> web-vue\public\policy-excluded-colleges.json
[02:38:13] [INFO]   Synced generated\policy-excluded-colleges.json -> public\policy-excluded-colleges.json
[02:38:13] [INFO]   Synced generated\policy-excluded-colleges.json -> docs\policy-excluded-colleges.json
[02:38:13] [INFO]   
[02:38:13] [INFO]   > faculty-jobs@1.0.0 sync:web-data
[02:38:13] [INFO]   > node scripts/sync-web-data-files.js
[02:38:13] [INFO]   
[02:38:13] [INFO]   Synced public/jobs.json -> web-vue/public/jobs.json
[02:38:13] [INFO]   Synced public/college-coords.json -> web-vue/public/college-coords.json
[02:38:13] [INFO]   Built web chunk manifest: web-vue/public/data/jobs-manifest.json
[02:38:13] [INFO]   
[02:38:13] [INFO]   > web-vue@0.0.0 build
[02:38:13] [INFO]   > vite build
[02:38:13] [INFO]   
[02:38:13] [INFO]   [36mvite v8.0.0-beta.15 [32mbuilding client environment for production...[36m[39m
[02:38:13] [INFO]   [2K
[02:38:13] [INFO]   transforming...✓ 31 modules transformed.
[02:38:13] [INFO]   rendering chunks...
[02:38:13] [INFO]   computing gzip size...
[02:38:13] [INFO]   dist/index.html                   1.22 kB │ gzip:   0.65 kB
[02:38:13] [INFO]   dist/assets/index-CLmLc0im.css   33.18 kB │ gzip:  10.54 kB
[02:38:13] [INFO]   dist/assets/index-DkmU6IAH.js   319.77 kB │ gzip: 100.54 kB
[02:38:13] [INFO]   
[02:38:13] [INFO]   [32m✓ built in 413ms[39m
[02:38:13] [INFO]   Copied web-vue/dist → public/ and docs/
[02:38:13] [INFO]   Sitemap written — lastmod: 2026-06-11, 3 URLs
[02:38:13] [INFO]     docs/sitemap.xml  public/sitemap.xml
[02:38:13] [INFO]     docs/robots.txt   public/robots.txt
[02:38:13] [INFO]   inject-og-meta: patched 2 files — 6494 jobs, 440 colleges, 56 sources
[02:38:13] [OK] Build succeeded.
[02:38:13] [INFO] 
[02:38:13] [INFO] --------------------------------------------------
[02:38:13] [INFO]   Step 6/8 - Commit and push
[02:38:13] [INFO] --------------------------------------------------
[02:38:13] [INFO] Running: C:\Program Files\Git\cmd\git.exe add docs/ public/ data/institutions-master.json generated/coverage-report.json generated/policy-excluded-colleges.json web-vue/public/policy-excluded-colleges.json
[02:38:14] [INFO]   [stderr] warning: in the working copy of 'data/institutions-master.json', LF will be replaced by CRLF the next time Git touches it
[02:38:14] [INFO]   [stderr] warning: in the working copy of 'docs/assets/index-CLmLc0im.css', LF will be replaced by CRLF the next time Git touches it
[02:38:14] [INFO]   [stderr] warning: in the working copy of 'docs/data/chunks/ak.json', LF will be replaced by CRLF the next time Git touches it
[02:38:14] [INFO]   [stderr] warning: in the working copy of 'docs/data/chunks/al.json', LF will be replaced by CRLF the next time Git touches it
[02:38:14] [INFO]   [stderr] warning: in the working copy of 'docs/data/chunks/ar.json', LF will be replaced by CRLF the next time Git touches it
[02:38:14] [INFO]   [stderr] warning: in the working copy of 'docs/data/chunks/az.json', LF will be replaced by CRLF the next time Git touches it
[02:38:14] [INFO]   [stderr] warning: in the working copy of 'docs/data/chunks/ca-private.json', LF will be replaced by CRLF the next time Git touches it
[02:38:14] [INFO]   [stderr] warning: in the working copy of 'docs/data/chunks/claremont-colleges.json', LF will be replaced by CRLF the next time Git touches it
[02:38:14] [INFO]   [stderr] warning: in the working copy of 'docs/data/chunks/claremont.json', LF will be replaced by CRLF the next time Git touches it
[02:38:14] [INFO]   [stderr] warning: in the working copy of 'docs/data/chunks/co.json', LF will be replaced by CRLF the next time Git touches it
[02:38:14] [INFO]   [stderr] warning: in the working copy of 'docs/data/chunks/csu.json', LF will be replaced by CRLF the next time Git touches it
[02:38:14] [INFO]   [stderr] warning: in the working copy of 'docs/data/chunks/ct-state.json', LF will be replaced by CRLF the next time Git touches it
[02:38:14] [INFO]   [stderr] warning: in the working copy of 'docs/data/chunks/ct.json', LF will be replaced by CRLF the next time Git touches it
[02:38:14] [INFO]   [stderr] warning: in the working copy of 'docs/data/chunks/de.json', LF will be replaced by CRLF the next time Git touches it
[02:38:14] [INFO]   [stderr] warning: in the working copy of 'docs/data/chunks/fl.json', LF will be replaced by CRLF the next time Git touches it
[02:38:14] [INFO]   [stderr] warning: in the working copy of 'docs/data/chunks/ga.json', LF will be replaced by CRLF the next time Git touches it
[02:38:14] [INFO]   [stderr] warning: in the working copy of 'docs/data/chunks/hi.json', LF will be replaced by CRLF the next time Git touches it
[02:38:14] [INFO]   [stderr] warning: in the working copy of 'docs/data/chunks/ia.json', LF will be replaced by CRLF the next time Git touches it
[02:38:14] [INFO]   [stderr] warning: in the working copy of 'docs/data/chunks/id.json', LF will be replaced by CRLF the next time Git touches it
[02:38:14] [INFO]   [stderr] warning: in the working copy of 'docs/data/chunks/il.json', LF will be replaced by CRLF the next time Git touches it
[02:38:14] [INFO]   [stderr] warning: in the working copy of 'docs/data/chunks/in.json', LF will be replaced by CRLF the next time Git touches it
[02:38:14] [INFO]   [stderr] warning: in the working copy of 'docs/data/chunks/ks.json', LF will be replaced by CRLF the next time Git touches it
[02:38:14] [INFO]   [stderr] warning: in the working copy of 'docs/data/chunks/ky.json', LF will be replaced by CRLF the next time Git touches it
[02:38:14] [INFO]   [stderr] warning: in the working copy of 'docs/data/chunks/la.json', LF will be replaced by CRLF the next time Git touches it
[02:38:14] [INFO]   [stderr] warning: in the working copy of 'docs/data/chunks/ma.json', LF will be replaced by CRLF the next time Git touches it
[02:38:14] [INFO]   [stderr] warning: in the working copy of 'docs/data/chunks/md.json', LF will be replaced by CRLF the next time Git touches it
[02:38:14] [INFO]   [stderr] warning: in the working copy of 'docs/data/chunks/me.json', LF will be replaced by CRLF the next time Git touches it
[02:38:14] [INFO]   [stderr] warning: in the working copy of 'docs/data/chunks/mi.json', LF will be replaced by CRLF the next time Git touches it
[02:38:14] [INFO]   [stderr] warning: in the working copy of 'docs/data/chunks/mn.json', LF will be replaced by CRLF the next time Git touches it
[02:38:14] [INFO]   [stderr] warning: in the working copy of 'docs/data/chunks/mo.json', LF will be replaced by CRLF the next time Git touches it
[02:38:14] [INFO]   [stderr] warning: in the working copy of 'docs/data/chunks/ms.json', LF will be replaced by CRLF the next time Git touches it
[02:38:14] [INFO]   [stderr] warning: in the working copy of 'docs/data/chunks/mt.json', LF will be replaced by CRLF the next time Git touches it
[02:38:14] [INFO]   [stderr] warning: in the working copy of 'docs/data/chunks/nc.json', LF will be replaced by CRLF the next time Git touches it
[02:38:14] [INFO]   [stderr] warning: in the working copy of 'docs/data/chunks/nd.json', LF will be replaced by CRLF the next time Git touches it
[02:38:14] [INFO]   [stderr] warning: in the working copy of 'docs/data/chunks/ne.json', LF will be replaced by CRLF the next time Git touches it
[02:38:14] [INFO]   [stderr] warning: in the working copy of 'docs/data/chunks/nh.json', LF will be replaced by CRLF the next time Git touches it
[02:38:14] [INFO]   [stderr] warning: in the working copy of 'docs/data/chunks/nj.json', LF will be replaced by CRLF the next time Git touches it
[02:38:14] [INFO]   [stderr] warning: in the working copy of 'docs/data/chunks/nm.json', LF will be replaced by CRLF the next time Git touches it
[02:38:14] [INFO]   [stderr] warning: in the working copy of 'docs/data/chunks/nv.json', LF will be replaced by CRLF the next time Git touches it
[02:38:14] [INFO]   [stderr] warning: in the working copy of 'docs/data/chunks/ny.json', LF will be replaced by CRLF the next time Git touches it
[02:38:14] [INFO]   [stderr] warning: in the working copy of 'docs/data/chunks/oh.json', LF will be replaced by CRLF the next time Git touches it
[02:38:14] [INFO]   [stderr] warning: in the working copy of 'docs/data/chunks/ok.json', LF will be replaced by CRLF the next time Git touches it
[02:38:14] [INFO]   [stderr] warning: in the working copy of 'docs/data/chunks/or.json', LF will be replaced by CRLF the next time Git touches it
[02:38:14] [INFO]   [stderr] warning: in the working copy of 'docs/data/chunks/pa.json', LF will be replaced by CRLF the next time Git touches it
[02:38:14] [INFO]   [stderr] warning: in the working copy of 'docs/data/chunks/ri.json', LF will be replaced by CRLF the next time Git touches it
[02:38:14] [INFO]   [stderr] warning: in the working copy of 'docs/data/chunks/sc.json', LF will be replaced by CRLF the next time Git touches it
[02:38:14] [INFO]   [stderr] warning: in the working copy of 'docs/data/chunks/sd.json', LF will be replaced by CRLF the next time Git touches it
[02:38:14] [INFO]   [stderr] warning: in the working copy of 'docs/data/chunks/tn.json', LF will be replaced by CRLF the next time Git touches it
[02:38:14] [INFO]   [stderr] warning: in the working copy of 'docs/data/chunks/tx.json', LF will be replaced by CRLF the next time Git touches it
[02:38:14] [INFO]   [stderr] warning: in the working copy of 'docs/data/chunks/uc.json', LF will be replaced by CRLF the next time Git touches it
[02:38:14] [INFO]   [stderr] warning: in the working copy of 'docs/data/chunks/umass.json', LF will be replaced by CRLF the next time Git touches it
[02:38:14] [INFO]   [stderr] warning: in the working copy of 'docs/data/chunks/ut.json', LF will be replaced by CRLF the next time Git touches it
[02:38:14] [INFO]   [stderr] warning: in the working copy of 'docs/data/chunks/va.json', LF will be replaced by CRLF the next time Git touches it
[02:38:14] [INFO]   [stderr] warning: in the working copy of 'docs/data/chunks/vt.json', LF will be replaced by CRLF the next time Git touches it
[02:38:14] [INFO]   [stderr] warning: in the working copy of 'docs/data/chunks/wa.json', LF will be replaced by CRLF the next time Git touches it
[02:38:14] [INFO]   [stderr] warning: in the working copy of 'docs/data/chunks/wi.json', LF will be replaced by CRLF the next time Git touches it
[02:38:14] [INFO]   [stderr] warning: in the working copy of 'docs/data/chunks/wv.json', LF will be replaced by CRLF the next time Git touches it
[02:38:14] [INFO]   [stderr] warning: in the working copy of 'docs/data/chunks/wy.json', LF will be replaced by CRLF the next time Git touches it
[02:38:14] [INFO]   [stderr] warning: in the working copy of 'docs/data/jobs-manifest.json', LF will be replaced by CRLF the next time Git touches it
[02:38:14] [INFO]   [stderr] warning: in the working copy of 'docs/data/site-stats.json', LF will be replaced by CRLF the next time Git touches it
[02:38:14] [INFO]   [stderr] warning: in the working copy of 'docs/jobs.json', LF will be replaced by CRLF the next time Git touches it
[02:38:14] [INFO]   [stderr] warning: in the working copy of 'docs/policy-excluded-colleges.json', LF will be replaced by CRLF the next time Git touches it
[02:38:14] [INFO]   [stderr] warning: in the working copy of 'docs/robots.txt', LF will be replaced by CRLF the next time Git touches it
[02:38:14] [INFO]   [stderr] warning: in the working copy of 'docs/sitemap.xml', LF will be replaced by CRLF the next time Git touches it
[02:38:14] [INFO]   [stderr] warning: in the working copy of 'generated/coverage-report.json', LF will be replaced by CRLF the next time Git touches it
[02:38:14] [INFO]   [stderr] warning: in the working copy of 'generated/policy-excluded-colleges.json', LF will be replaced by CRLF the next time Git touches it
[02:38:14] [INFO]   [stderr] warning: in the working copy of 'public/assets/index-CLmLc0im.css', LF will be replaced by CRLF the next time Git touches it
[02:38:14] [INFO]   [stderr] warning: in the working copy of 'public/data/chunks/ak.json', LF will be replaced by CRLF the next time Git touches it
[02:38:14] [INFO]   [stderr] warning: in the working copy of 'public/data/chunks/al.json', LF will be replaced by CRLF the next time Git touches it
[02:38:14] [INFO]   [stderr] warning: in the working copy of 'public/data/chunks/ar.json', LF will be replaced by CRLF the next time Git touches it
[02:38:14] [INFO]   [stderr] warning: in the working copy of 'public/data/chunks/az.json', LF will be replaced by CRLF the next time Git touches it
[02:38:14] [INFO]   [stderr] warning: in the working copy of 'public/data/chunks/ca-private.json', LF will be replaced by CRLF the next time Git touches it
[02:38:14] [INFO]   [stderr] warning: in the working copy of 'public/data/chunks/claremont-colleges.json', LF will be replaced by CRLF the next time Git touches it
[02:38:14] [INFO]   [stderr] warning: in the working copy of 'public/data/chunks/claremont.json', LF will be replaced by CRLF the next time Git touches it
[02:38:14] [INFO]   [stderr] warning: in the working copy of 'public/data/chunks/co.json', LF will be replaced by CRLF the next time Git touches it
[02:38:14] [INFO]   [stderr] warning: in the working copy of 'public/data/chunks/csu.json', LF will be replaced by CRLF the next time Git touches it
[02:38:14] [INFO]   [stderr] warning: in the working copy of 'public/data/chunks/ct-state.json', LF will be replaced by CRLF the next time Git touches it
[02:38:14] [INFO]   [stderr] warning: in the working copy of 'public/data/chunks/ct.json', LF will be replaced by CRLF the next time Git touches it
[02:38:14] [INFO]   [stderr] warning: in the working copy of 'public/data/chunks/de.json', LF will be replaced by CRLF the next time Git touches it
[02:38:14] [INFO]   [stderr] warning: in the working copy of 'public/data/chunks/fl.json', LF will be replaced by CRLF the next time Git touches it
[02:38:14] [INFO]   [stderr] warning: in the working copy of 'public/data/chunks/ga.json', LF will be replaced by CRLF the next time Git touches it
[02:38:14] [INFO]   [stderr] warning: in the working copy of 'public/data/chunks/hi.json', LF will be replaced by CRLF the next time Git touches it
[02:38:14] [INFO]   [stderr] warning: in the working copy of 'public/data/chunks/ia.json', LF will be replaced by CRLF the next time Git touches it
[02:38:14] [INFO]   [stderr] warning: in the working copy of 'public/data/chunks/id.json', LF will be replaced by CRLF the next time Git touches it
[02:38:14] [INFO]   [stderr] warning: in the working copy of 'public/data/chunks/il.json', LF will be replaced by CRLF the next time Git touches it
[02:38:14] [INFO]   [stderr] warning: in the working copy of 'public/data/chunks/in.json', LF will be replaced by CRLF the next time Git touches it
[02:38:14] [INFO]   [stderr] warning: in the working copy of 'public/data/chunks/ks.json', LF will be replaced by CRLF the next time Git touches it
[02:38:14] [INFO]   [stderr] warning: in the working copy of 'public/data/chunks/ky.json', LF will be replaced by CRLF the next time Git touches it
[02:38:14] [INFO]   [stderr] warning: in the working copy of 'public/data/chunks/la.json', LF will be replaced by CRLF the next time Git touches it
[02:38:14] [INFO]   [stderr] warning: in the working copy of 'public/data/chunks/ma.json', LF will be replaced by CRLF the next time Git touches it
[02:38:14] [INFO]   [stderr] warning: in the working copy of 'public/data/chunks/md.json', LF will be replaced by CRLF the next time Git touches it
[02:38:14] [INFO]   [stderr] warning: in the working copy of 'public/data/chunks/me.json', LF will be replaced by CRLF the next time Git touches it
[02:38:14] [INFO]   [stderr] warning: in the working copy of 'public/data/chunks/mi.json', LF will be replaced by CRLF the next time Git touches it
[02:38:14] [INFO]   [stderr] warning: in the working copy of 'public/data/chunks/mn.json', LF will be replaced by CRLF the next time Git touches it
[02:38:14] [INFO]   [stderr] warning: in the working copy of 'public/data/chunks/mo.json', LF will be replaced by CRLF the next time Git touches it
[02:38:14] [INFO]   [stderr] warning: in the working copy of 'public/data/chunks/ms.json', LF will be replaced by CRLF the next time Git touches it
[02:38:14] [INFO]   [stderr] warning: in the working copy of 'public/data/chunks/mt.json', LF will be replaced by CRLF the next time Git touches it
[02:38:14] [INFO]   [stderr] warning: in the working copy of 'public/data/chunks/nc.json', LF will be replaced by CRLF the next time Git touches it
[02:38:14] [INFO]   [stderr] warning: in the working copy of 'public/data/chunks/nd.json', LF will be replaced by CRLF the next time Git touches it
[02:38:14] [INFO]   [stderr] warning: in the working copy of 'public/data/chunks/ne.json', LF will be replaced by CRLF the next time Git touches it
[02:38:14] [INFO]   [stderr] warning: in the working copy of 'public/data/chunks/nh.json', LF will be replaced by CRLF the next time Git touches it
[02:38:14] [INFO]   [stderr] warning: in the working copy of 'public/data/chunks/nj.json', LF will be replaced by CRLF the next time Git touches it
[02:38:14] [INFO]   [stderr] warning: in the working copy of 'public/data/chunks/nm.json', LF will be replaced by CRLF the next time Git touches it
[02:38:14] [INFO]   [stderr] warning: in the working copy of 'public/data/chunks/nv.json', LF will be replaced by CRLF the next time Git touches it
[02:38:14] [INFO]   [stderr] warning: in the working copy of 'public/data/chunks/ny.json', LF will be replaced by CRLF the next time Git touches it
[02:38:14] [INFO]   [stderr] warning: in the working copy of 'public/data/chunks/oh.json', LF will be replaced by CRLF the next time Git touches it
[02:38:14] [INFO]   [stderr] warning: in the working copy of 'public/data/chunks/ok.json', LF will be replaced by CRLF the next time Git touches it
[02:38:14] [INFO]   [stderr] warning: in the working copy of 'public/data/chunks/or.json', LF will be replaced by CRLF the next time Git touches it
[02:38:14] [INFO]   [stderr] warning: in the working copy of 'public/data/chunks/pa.json', LF will be replaced by CRLF the next time Git touches it
[02:38:14] [INFO]   [stderr] warning: in the working copy of 'public/data/chunks/ri.json', LF will be replaced by CRLF the next time Git touches it
[02:38:14] [INFO]   [stderr] warning: in the working copy of 'public/data/chunks/sc.json', LF will be replaced by CRLF the next time Git touches it
[02:38:14] [INFO]   [stderr] warning: in the working copy of 'public/data/chunks/sd.json', LF will be replaced by CRLF the next time Git touches it
[02:38:14] [INFO]   [stderr] warning: in the working copy of 'public/data/chunks/tn.json', LF will be replaced by CRLF the next time Git touches it
[02:38:14] [INFO]   [stderr] warning: in the working copy of 'public/data/chunks/tx.json', LF will be replaced by CRLF the next time Git touches it
[02:38:14] [INFO]   [stderr] warning: in the working copy of 'public/data/chunks/uc.json', LF will be replaced by CRLF the next time Git touches it
[02:38:14] [INFO]   [stderr] warning: in the working copy of 'public/data/chunks/umass.json', LF will be replaced by CRLF the next time Git touches it
[02:38:14] [INFO]   [stderr] warning: in the working copy of 'public/data/chunks/ut.json', LF will be replaced by CRLF the next time Git touches it
[02:38:14] [INFO]   [stderr] warning: in the working copy of 'public/data/chunks/va.json', LF will be replaced by CRLF the next time Git touches it
[02:38:14] [INFO]   [stderr] warning: in the working copy of 'public/data/chunks/vt.json', LF will be replaced by CRLF the next time Git touches it
[02:38:14] [INFO]   [stderr] warning: in the working copy of 'public/data/chunks/wa.json', LF will be replaced by CRLF the next time Git touches it
[02:38:14] [INFO]   [stderr] warning: in the working copy of 'public/data/chunks/wi.json', LF will be replaced by CRLF the next time Git touches it
[02:38:14] [INFO]   [stderr] warning: in the working copy of 'public/data/chunks/wv.json', LF will be replaced by CRLF the next time Git touches it
[02:38:14] [INFO]   [stderr] warning: in the working copy of 'public/data/chunks/wy.json', LF will be replaced by CRLF the next time Git touches it
[02:38:14] [INFO]   [stderr] warning: in the working copy of 'public/data/jobs-manifest.json', LF will be replaced by CRLF the next time Git touches it
[02:38:14] [INFO]   [stderr] warning: in the working copy of 'public/data/site-stats.json', LF will be replaced by CRLF the next time Git touches it
[02:38:14] [INFO]   [stderr] warning: in the working copy of 'public/jobs.json', LF will be replaced by CRLF the next time Git touches it
[02:38:14] [INFO]   [stderr] warning: in the working copy of 'public/policy-excluded-colleges.json', LF will be replaced by CRLF the next time Git touches it
[02:38:14] [INFO]   [stderr] warning: in the working copy of 'public/robots.txt', LF will be replaced by CRLF the next time Git touches it
[02:38:14] [INFO]   [stderr] warning: in the working copy of 'public/sitemap.xml', LF will be replaced by CRLF the next time Git touches it
[02:38:14] [INFO]   [stderr] warning: in the working copy of 'web-vue/public/policy-excluded-colleges.json', LF will be replaced by CRLF the next time Git touches it
[02:38:14] [OK] git add succeeded.
[02:38:14] [INFO] Running: C:\Program Files\Git\cmd\git.exe commit -F C:\Users\StevenAzeka\AppData\Local\Temp\tmpB401.tmp
[02:38:15] [INFO]   [main 95bae7e] Daily scrape update 2026-06-11
[02:38:15] [INFO]    128 files changed, 48077 insertions(+), 54419 deletions(-)
[02:38:15] [INFO]    create mode 100644 docs/assets/index-DkmU6IAH.js
[02:38:15] [INFO]    create mode 100644 public/assets/index-DkmU6IAH.js
[02:38:15] [OK] git commit succeeded.
[02:38:15] [INFO] Running: C:\Program Files\Git\cmd\git.exe push
[02:38:20] [INFO]   [stderr] To https://github.com/sazeka/Faculty-Jobs.git
[02:38:20] [INFO]   [stderr]    291acde..95bae7e  main -> main
[02:38:20] [OK] git push succeeded.
[02:38:20] [INFO] 
[02:38:20] [INFO] --------------------------------------------------
[02:38:20] [INFO]   Step 7/8 - Validate job URLs
[02:38:20] [INFO] --------------------------------------------------
[02:38:20] [INFO] Running: C:\Program Files\nodejs\npm.cmd run verify:job-urls
[02:38:46] [INFO]   
[02:38:46] [INFO]   > faculty-jobs@1.0.0 verify:job-urls
[02:38:46] [INFO]   > node scripts/verify-job-urls.js
[02:38:46] [INFO]   
[02:38:46] [INFO]   
[02:38:46] [INFO]   Faculty Atlas - Job URL Validator
[02:38:46] [INFO]     Sample: 8/source | Concurrency: 6 | Recheck: every 7d | Timeout: 12000ms
[02:38:46] [INFO]   
[02:38:46] [INFO]   Loaded 6,494 jobs.
[02:38:46] [INFO]     281 URLs selected to check this run (6213 not sampled or already fresh in cache)
[02:38:46] [INFO]   
[02:38:46] [INFO]   
[02:38:46] [INFO]     Checked 10/281...
[02:38:46] [INFO]     Checked 20/281...
[02:38:46] [INFO]     Checked 30/281...
[02:38:46] [INFO]     Checked 40/281...
[02:38:46] [INFO]     Checked 50/281...
[02:38:46] [INFO]     Checked 60/281...
[02:38:46] [INFO]     Checked 70/281...
[02:38:46] [INFO]     Checked 80/281...
[02:38:46] [INFO]     Checked 90/281...
[02:38:46] [INFO]     Checked 100/281...
[02:38:46] [INFO]     Checked 110/281...
[02:38:46] [INFO]     Checked 120/281...
[02:38:46] [INFO]     Checked 130/281...
[02:38:46] [INFO]     Checked 140/281...
[02:38:46] [INFO]     Checked 150/281...
[02:38:46] [INFO]     Checked 160/281...
[02:38:46] [INFO]     Checked 170/281...
[02:38:46] [INFO]     Checked 180/281...
[02:38:46] [INFO]     Checked 190/281...
[02:38:46] [INFO]     Checked 200/281...
[02:38:46] [INFO]     Checked 210/281...
[02:38:46] [INFO]     Checked 220/281...
[02:38:46] [INFO]     Checked 230/281...
[02:38:46] [INFO]     Checked 240/281...
[02:38:46] [INFO]     Checked 250/281...
[02:38:46] [INFO]     Checked 260/281...
[02:38:46] [INFO]     Checked 270/281...
[02:38:46] [INFO]     Checked 280/281...
[02:38:46] [INFO]     Checked 281/281...
[02:38:46] [INFO]   
[02:38:46] [INFO]   -- Results (this run) --
[02:38:46] [INFO]     OK        : 280
[02:38:46] [INFO]     Dead      : 0  (404/410)
[02:38:46] [INFO]     Redirected: 0  (redirected to homepage)
[02:38:46] [INFO]     Blocked   : 1  (403/405 - assumed live)
[02:38:46] [INFO]     Timeout   : 0
[02:38:46] [INFO]     Other     : 0
[02:38:46] [INFO]   
[02:38:46] [INFO]   -- Overall (from cache) --
[02:38:46] [INFO]     URLs in cache  : 8,008 / 6,494 (123.3% coverage)
[02:38:46] [INFO]     Confirmed dead : 0
[02:38:46] [INFO]   
[02:38:46] [INFO]     Report  : generated\job-url-report.json
[02:38:46] [INFO]     Dead    : generated\job-url-dead.json
[02:38:46] [INFO]     Cache   : generated\job-url-cache.json
[02:38:46] [INFO]   
[02:38:46] [OK] Verify job URLs succeeded.
[02:38:46] [INFO] 
[02:38:46] [INFO] --------------------------------------------------
[02:38:46] [INFO]   Step 8/8 - Monitor live site
[02:38:46] [INFO] --------------------------------------------------
[02:38:46] [INFO] Waiting 30s for GitHub Pages to propagate...
[02:39:16] [INFO] Running: C:\Program Files\nodejs\npm.cmd run monitor:live
[02:39:18] [INFO]   
[02:39:18] [INFO]   > faculty-jobs@1.0.0 monitor:live
[02:39:18] [INFO]   > node scripts/monitor-live-site.js
[02:39:18] [INFO]   
[02:39:18] [INFO]   
[02:39:18] [INFO]   🔍 Faculty Atlas — Live Site Health Check
[02:39:18] [INFO]      Target: https://sazeka.github.io/Faculty-Jobs
[02:39:18] [INFO]      Freshness limit: warn >7d, fail >14d
[02:39:18] [INFO]      Min job count: 500
[02:39:18] [INFO]   
[02:39:18] [INFO]   ── Availability ─────────────────────────────
[02:39:18] [INFO]     ✅ [PASS] Site root reachable: HTTP 200
[02:39:18] [INFO]   
[02:39:18] [INFO]   ── Assets ───────────────────────────────────
[02:39:18] [INFO]     ❌ [FAIL] JS bundle loads: HTTP 404
[02:39:18] [INFO]     ❌ [FAIL] CSS bundle loads: HTTP 404
[02:39:18] [INFO]   
[02:39:18] [INFO]   ── Data ─────────────────────────────────────
[02:39:18] [INFO]     ✅ [PASS] Manifest loads: 56 chunks declared
[02:39:18] [INFO]     ✅ [PASS] Job count meets minimum: 6,494 jobs (min: 500)
[02:39:18] [INFO]     ✅ [PASS] Data freshness: 0.0 days old (scraped 6/11/2026)
[02:39:18] [INFO]   
[02:39:18] [INFO]   ── Chunk spot-check ─────────────────────────
[02:39:18] [INFO]     ✅ [PASS] Chunk mi: 215 jobs
[02:39:18] [INFO]     ✅ [PASS] Chunk tn: 69 jobs
[02:39:18] [INFO]     ✅ [PASS] Chunk la: 41 jobs
[02:39:18] [INFO]   
[02:39:18] [INFO]   ── Map data ─────────────────────────────────
[02:39:18] [INFO]     ✅ [PASS] College coordinates: 531 entries
[02:39:18] [INFO]   
[02:39:18] [INFO]   ─────────────────────────────────────────────
[02:39:18] [INFO]   ❌ Overall: FAIL  (8 passed, 0 warned, 2 failed) — 0.8s
[02:39:18] [INFO]      Report written to generated/live-site-health.json
[02:39:18] [INFO]   
[02:39:18] [ERROR] Monitor FAILED (exit code 1)
[02:39:18] [INFO] 
[02:39:18] [INFO] ================================================
[02:39:18] [INFO]   [SUCCESS] Daily update completed.
[02:39:18] [INFO]   Log: C:\Users\StevenAzeka\OneDrive\Documents\GitHub\Faculty-Jobs\generated\automation-logs\daily-update-2026-06-11_02-00-01.log
[02:39:18] [INFO] ================================================
[02:39:18] [INFO] 
