[02:00:02] [INFO] ================================================
[02:00:02] [INFO]   Faculty Atlas - Daily Update
[02:00:02] [INFO]   Saturday, June 20 2026 02:00:02
[02:00:02] [INFO]   Project: C:\Users\StevenAzeka\OneDrive\Documents\GitHub\Faculty-Jobs
[02:00:02] [INFO] ================================================
[02:00:02] [INFO] 
[02:00:02] [INFO] --------------------------------------------------
[02:00:02] [INFO]   Step 1/5 - Scrape jobs
[02:00:02] [INFO] --------------------------------------------------
[02:00:02] [INFO] Running: C:\Program Files\nodejs\npm.cmd run scrape:json
[02:11:59] [INFO]   
[02:11:59] [INFO]   > faculty-jobs@1.0.0 scrape:json
[02:11:59] [INFO]   > node scripts/scrape-to-json.js
[02:11:59] [INFO]   
[02:11:59] [INFO]   🧾 Loaded policy exclusions: 12 institutions
[02:11:59] [INFO]   🏷️  Loaded private for-profit exclusions: 0 institutions
[02:11:59] [INFO]   ↪️  Arizona Christian University override URL applied
[02:11:59] [INFO]   Wesleyan University CT listings scraped: 4 (API)
[02:11:59] [INFO]   Trinity College CT listings scraped: 5
[02:11:59] [INFO]   University of Hartford CT listings scraped: 16
[02:11:59] [INFO]   Estrella Mountain Community College AZ listings scraped: 0
[02:11:59] [INFO]   Community Christian College AZ listings scraped: 0
[02:11:59] [INFO]   Fairfield University CT listings scraped: 3 (API)
[02:11:59] [INFO]   Arizona Western College AZ listings scraped: 0
[02:11:59] [INFO]   Prescott College AZ listings scraped: 0
[02:11:59] [INFO]   Arizona Board of Regents AZ listings scraped: 0
[02:11:59] [INFO]   Arizona State University Campus Immersion AZ listings scraped: 0
[02:11:59] [INFO]   Arizona State University Digital Immersion AZ listings scraped: 0
[02:11:59] [INFO]   ↪️  Cochise County Community College District: generic page hands off to schooljobs
[02:11:59] [INFO]   Northern Arizona University AZ listings scraped: 7
[02:11:59] [INFO]   UMass Dartmouth listing scraped: 2
[02:11:59] [INFO]   Western Maricopa Education Center AZ listings scraped: 0
[02:11:59] [INFO]   ASU facultypositions listings scraped: 20
[02:11:59] [INFO]   Eastern Arizona College AZ listings scraped: 0
[02:11:59] [INFO]   Ottawa University-Surprise AZ listings scraped: 0
[02:11:59] [INFO]   Connecticut College CT listings scraped: 16
[02:11:59] [INFO]   Yale University CT listings scraped: 0
[02:11:59] [INFO]   Embry-Riddle Aeronautical University-Prescott AZ listings scraped: 0
[02:11:59] [INFO]   Central Arizona College AZ listings scraped: 1
[02:11:59] [INFO]   ↪️  Coconino Community College: generic page hands off to schooljobs
[02:11:59] [INFO]   Cochise County Community College District AZ listings scraped: 0
[02:11:59] [INFO]   Cochise County Community College District AZ listings scraped: 0
[02:11:59] [INFO]   University of Connecticut CT listings scraped: 14
[02:11:59] [INFO]   Quinnipiac University CT listings scraped: 6
[02:11:59] [INFO]   UMass Boston listing scraped: 27
[02:11:59] [INFO]   Albertus Magnus College CT listings scraped: 0
[02:11:59] [INFO]   Dine College AZ listings scraped: 0
[02:11:59] [INFO]   University of Arizona AZ listings scraped: 8
[02:11:59] [INFO]   Charter Oak State College CT listings scraped: 0
[02:11:59] [INFO]   Coconino Community College AZ listings scraped: 0
[02:11:59] [INFO]   Coconino Community College AZ listings scraped: 0
[02:11:59] [INFO]   Arizona Christian University AZ listings scraped: 0
[02:11:59] [INFO]   Central Connecticut State University CT listings scraped: 0
[02:11:59] [INFO]   University of Bridgeport CT listings scraped: 3
[02:11:59] [INFO]   Connecticut State Community College CT listings scraped: 0
[02:11:59] [INFO]   UMass Amherst page 1: 4 jobs
[02:11:59] [INFO]   UMass Amherst total scraped: 4
[02:11:59] [INFO]   Eastern Connecticut State University CT listings scraped: 0
[02:11:59] [INFO]   Tufts University MA listings scraped: 4 (Jibe API)
[02:11:59] [INFO]   Massachusetts Institute of Technology MA listings scraped: 0 (PeopleClick)
[02:11:59] [INFO]   UC Santa Barbara UC listings scraped: 60
[02:11:59] [INFO]   UC Berkeley UC listings scraped: 148
[02:11:59] [INFO]   UC Riverside UC listings scraped: 90
[02:11:59] [INFO]   UC Santa Cruz UC listings scraped: 96
[02:11:59] [INFO]   UCLA UC listings scraped: 239
[02:11:59] [INFO]   Mount Holyoke College MA: API failed, falling back to browser
[02:11:59] [INFO]   UC Davis UC listings scraped: 229
[02:11:59] [INFO]   UC Merced UC listings scraped: 144
[02:11:59] [INFO]   UC San Diego UC listings scraped: 171
[02:11:59] [INFO]   UC San Francisco UC listings scraped: 376
[02:11:59] [INFO]   UC Irvine UC listings scraped: 311
[02:11:59] [INFO]   Amherst College MA listings scraped: 2 (API)
[02:11:59] [INFO]   Brandeis University MA listings scraped: 0 (API)
[02:11:59] [INFO]   Acupuncture and Integrative Medicine College-Berkeley CA Private listings scraped: 0
[02:11:59] [INFO]   ↪️  Alder Graduate School of Education override URL applied
[02:11:59] [INFO]   Boston University MA listings scraped: 0
[02:11:59] [INFO]   Academy for Jewish Religion California CA Private listings scraped: 0
[02:11:59] [INFO]   Boston College MA listings scraped: 0
[02:11:59] [INFO]   Wellesley College MA listings scraped: 5 (API)
[02:11:59] [INFO]   Northeastern University MA listings scraped: 6 (API)
[02:11:59] [INFO]   Smith College MA listings scraped: 0 (Smith Interfolio page)
[02:11:59] [INFO]   Alder Graduate School of Education CA Private listings scraped: 1
[02:11:59] [INFO]   University of Southern California CA Private listings scraped: 11 (USC listing)
[02:11:59] [INFO]   California Institute of Technology CA Private Taleo listings scraped: 0
[02:11:59] [INFO]   Allan Hancock College CA Private listings scraped: 0
[02:11:59] [INFO]   Babson College MA listings scraped: 0
[02:11:59] [INFO]   Williams College MA listings scraped: 0
[02:11:59] [INFO]   College of the Holy Cross MA listings scraped: 0 (Jobvite)
[02:11:59] [INFO]   Bentley University MA listings scraped: 3 (API)
[02:11:59] [INFO]   American Jewish University CA Private listings scraped: 0
[02:11:59] [INFO]   American Academy of Dramatic Arts-Los Angeles CA Private listings scraped: 0
[02:11:59] [INFO]   Springfield College-Regional, Online, and Continuing Education MA listings scraped: 0
[02:11:59] [INFO]   ↪️  Signature Healthcare Brockton Hospital School of Nursing: generic page hands off to csod
[02:11:59] [INFO]   ↪️  American River College: generic page hands off to schooljobs
[02:11:59] [INFO]   Antioch University-Los Angeles CA Private listings scraped: 0
[02:11:59] [INFO]   American River College CA Private listings scraped: 0
[02:11:59] [INFO]   American River College CA Private listings scraped: 0
[02:11:59] [INFO]   Antioch University-Santa Barbara CA Private listings scraped: 0
[02:11:59] [INFO]   American International College MA listings scraped: 0
[02:11:59] [INFO]   CSU listing scraped: 112
[02:11:59] [INFO]   CT Faculty/Teaching results scraped: 24
[02:11:59] [INFO]   Montclair State University NJ listings scraped: 5 (API)
[02:11:59] [INFO]   Kean University NJ listings scraped: 5 (API)
[02:11:59] [INFO]   ↪️  Antelope Valley Community College District: generic page hands off to schooljobs
[02:11:59] [INFO]   William Paterson University NJ listings scraped: 6 (API)
[02:11:59] [INFO]   Coalinga College CA Private listings scraped: 0
[02:11:59] [INFO]   Stevens Institute of Technology NJ listings scraped: 11 (API)
[02:11:59] [INFO]   The College of New Jersey NJ listings scraped: 0
[02:11:59] [INFO]   Signature Healthcare Brockton Hospital School of Nursing MA listings scraped: 0
[02:11:59] [INFO]   Signature Healthcare Brockton Hospital School of Nursing MA listings scraped: 0
[02:11:59] [INFO]   Lemoore College CA Private listings scraped: 0
[02:11:59] [INFO]   Mount Holyoke College MA listings scraped: 0
[02:11:59] [INFO]   New Jersey City University NJ listings scraped: 0
[02:11:59] [INFO]   Fairleigh Dickinson University NJ listings scraped: 31
[02:11:59] [INFO]   Ramapo College of New Jersey NJ listings scraped: 0
[02:11:59] [INFO]   Antelope Valley Community College District CA Private listings scraped: 0
[02:11:59] [INFO]   Antelope Valley Community College District CA Private listings scraped: 0
[02:11:59] [INFO]   Rider University NJ listings scraped: 1
[02:11:59] [INFO]   Princeton University NJ listings scraped: 1
[02:11:59] [INFO]   Bard College at Simon's Rock MA listings scraped: 0
[02:11:59] [INFO]   Loma Linda University CA Private listings scraped: 0
[02:11:59] [INFO]   Assumption University MA listings scraped: 0
[02:11:59] [INFO]   Los Angeles County College of Nursing and Allied Health CA Private listings scraped: 0
[02:11:59] [INFO]   Middlebury Institute of International Studies at Monterey CA Private listings scraped: 0
[02:11:59] [INFO]   Bay Path University MA listings scraped: 0
[02:11:59] [INFO]   Saint Peter's University NJ listings scraped: 8
[02:11:59] [INFO]   Moorpark College CA Private listings scraped: 0
[02:11:59] [INFO]   Benjamin Franklin Cummings Institute of Technology MA listings scraped: 0
[02:11:59] [INFO]   Monmouth University NJ listings scraped: 6
[02:11:59] [INFO]   Santiago Canyon College CA Private listings scraped: 0
[02:11:59] [INFO]   The Chicago School at Anaheim CA Private listings scraped: 0
[02:11:59] [INFO]   Sanford Burnham Prebys Medical Discovery Institute CA Private listings scraped: 2
[02:11:59] [INFO]   The Chicago School at Los Angeles CA Private listings scraped: 0
[02:11:59] [INFO]   Berklee College of Music MA listings scraped: 0
[02:11:59] [INFO]   Berkshire Community College MA listings scraped: 0
[02:11:59] [INFO]   Capital Health School of Nursing NJ listings scraped: 0
[02:11:59] [INFO]   Capital Health School of Radiologic Technology NJ listings scraped: 0
[02:11:59] [INFO]   The Chicago School at San Diego CA Private listings scraped: 0
[02:11:59] [INFO]   Trinity Law School CA Private listings scraped: 0
[02:11:59] [INFO]   New Jersey Institute of Technology NJ listings scraped: 4
[02:11:59] [INFO]   Azusa Pacific University CA Private listings scraped: 3
[02:11:59] [INFO]   ↪️  Boston Architectural College: generic page hands off to paycom
[02:11:59] [INFO]   Boston Baptist College MA listings scraped: 0
[02:11:59] [INFO]   Art Center College of Design CA Private listings scraped: 0
[02:11:59] [INFO]   Bakersfield College CA Private listings scraped: 0
[02:11:59] [INFO]   Hackensack Meridian School of Medicine NJ listings scraped: 0
[02:11:59] [INFO]   Holy Name Medical Center-Sister Claire Tynan School of Nursing NJ listings scraped: 0
[02:11:59] [INFO]   ↪️  Barstow Community College: generic page hands off to schooljobs
[02:11:59] [INFO]   Berkeley City College CA Private listings scraped: 0
[02:11:59] [INFO]   Rutgers, The State University of New Jersey NJ listings scraped: 280
[02:11:59] [INFO]   Berkeley School of Theology CA Private listings scraped: 0
[02:11:59] [INFO]   Bridgewater State University MA listings scraped: 0
[02:11:59] [INFO]   Bethesda University CA Private listings scraped: 0
[02:11:59] [INFO]   Boston Architectural College MA listings scraped: 3
[02:11:59] [INFO]   Atlantic Cape Community College NJ listings scraped: 0
[02:11:59] [INFO]   Beth Medrash Govoha NJ listings scraped: 0
[02:11:59] [INFO]   Bergen Community College NJ listings scraped: 0
[02:11:59] [INFO]   ↪️  Biola University: generic page hands off to csod
[02:11:59] [INFO]   Boston Graduate School of Psychoanalysis Inc MA listings scraped: 0
[02:11:59] [INFO]   Butte College CA Private listings scraped: 0
[02:11:59] [INFO]   Bristol Community College MA listings scraped: 0
[02:11:59] [INFO]   Barstow Community College CA Private listings scraped: 0
[02:11:59] [INFO]   Barstow Community College CA Private listings scraped: 0
[02:11:59] [INFO]   Cabrillo College CA Private listings scraped: 0
[02:11:59] [INFO]   Rowan University NJ listings scraped: 19
[02:11:59] [INFO]   Bunker Hill Community College MA listings scraped: 2
[02:11:59] [INFO]   Bloomfield College of Montclair State University NJ listings scraped: 0
[02:11:59] [INFO]   Cambridge College MA listings scraped: 0
[02:11:59] [INFO]   Caldwell University NJ listings scraped: 1
[02:11:59] [INFO]   California Institute of Advanced Management CA Private listings scraped: 1
[02:11:59] [INFO]   California College of the Arts CA Private listings scraped: 1
[02:11:59] [INFO]   ↪️  Brookdale Community College: generic page hands off to icims
[02:11:59] [INFO]   California Baptist University CA Private listings scraped: 0
[02:11:59] [INFO]   Clark University MA listings scraped: 0
[02:11:59] [INFO]   Camden County College NJ listings scraped: 0
[02:11:59] [INFO]   Centenary University NJ listings scraped: 0
[02:11:59] [INFO]   Cape Cod Community College MA listings scraped: 0
[02:11:59] [INFO]   California Institute of Integral Studies CA Private listings scraped: 0
[02:11:59] [INFO]   Brookdale Community College NJ listings scraped: 0
[02:11:59] [INFO]   Brookdale Community College NJ listings scraped: 0
[02:11:59] [INFO]   College of Our Lady of the Elms MA listings scraped: 1
[02:11:59] [INFO]   ↪️  Dean College override URL applied
[02:11:59] [INFO]   County College of Morris NJ listings scraped: 1
[02:11:59] [INFO]   Drew University NJ listings scraped: 2
[02:11:59] [INFO]   California Jazz Conservatory CA Private listings scraped: 0
[02:11:59] [INFO]   Conway School of Landscape Design MA listings scraped: 0
[02:11:59] [INFO]   California Institute of the Arts CA Private listings scraped: 0
[02:11:59] [INFO]   Fairleigh Dickinson University-Florham Campus NJ listings scraped: 1
[02:11:59] [INFO]   Curry College MA listings scraped: 0
[02:11:59] [INFO]   Dean College MA listings scraped: 1
[02:11:59] [INFO]   Fairleigh Dickinson University-Metropolitan Campus NJ listings scraped: 0
[02:11:59] [INFO]   California Lutheran University CA Private listings scraped: 0
[02:11:59] [INFO]   California State Polytechnic University-Humboldt CA Private listings scraped: 2
[02:11:59] [INFO]   Biola University CA Private listings scraped: 9
[02:11:59] [INFO]   California Polytechnic State University-San Luis Obispo CA Private listings scraped: 0
[02:11:59] [INFO]   Felician University NJ listings scraped: 0
[02:11:59] [INFO]   Emerson College MA listings scraped: 1
[02:11:59] [INFO]   Elizabeth City State University NC listings scraped: 6
[02:11:59] [INFO]   Fayetteville State University NC listings scraped: 8
[02:11:59] [INFO]   Appalachian State University NC listings scraped: 19
[02:11:59] [INFO]   ↪️  Endicott College: generic page hands off to workday
[02:11:59] [INFO]   Endicott College MA listings scraped: 3 (API)
[02:11:59] [INFO]   California State Polytechnic University-Pomona CA Private listings scraped: 0
[02:11:59] [INFO]   California State University-Bakersfield CA Private listings scraped: 0
[02:11:59] [INFO]   Emmanuel College MA listings scraped: 0
[02:11:59] [INFO]   California State University-Chancellors Office CA Private listings scraped: 0
[02:11:59] [INFO]   ↪️  Essex County College: generic page hands off to peopleadmin
[02:11:59] [INFO]   North Carolina A&T State University NC listings scraped: 19
[02:11:59] [INFO]   ↪️  Fisher College: generic page hands off to paycom
[02:11:59] [INFO]   Essex County College NJ listings scraped: 0
[02:11:59] [INFO]   Essex County College NJ listings scraped: 0
[02:11:59] [INFO]   UNC Asheville NC listings scraped: 1
[02:11:59] [INFO]   California State University-Channel Islands CA Private listings scraped: 1
[02:11:59] [INFO]   Fitchburg State University MA listings scraped: 0
[02:11:59] [INFO]   Framingham State University MA listings scraped: 1
[02:11:59] [INFO]   California State University Maritime Academy CA Private listings scraped: 0
[02:11:59] [INFO]   William & Mary VA listings scraped: 0
[02:11:59] [INFO]   California State University-Chico CA Private listings scraped: 1
[02:11:59] [INFO]   Franklin W Olin College of Engineering MA listings scraped: 0
[02:11:59] [INFO]   George Mason University VA listings scraped: 0
[02:11:59] [INFO]   University of Virginia VA listings scraped: 0 (Workday search API)
[02:11:59] [INFO]   ↪️  California State University-East Bay: generic page hands off to pageup
[02:11:59] [INFO]   California State University-Dominguez Hills CA Private listings scraped: 0
[02:11:59] [INFO]   Old Dominion University VA listings scraped: 17
[02:11:59] [INFO]   James Madison University VA listings scraped: 0
[02:11:59] [INFO]   California State University-Fresno CA Private listings scraped: 0
[02:11:59] [INFO]   Fisher College MA listings scraped: 3
[02:11:59] [INFO]   NC State University NC listings scraped: 3 (HTTP fallback)
[02:11:59] [INFO]   ↪️  California State University-Long Beach: generic page hands off to pageup
[02:11:59] [INFO]   California State University-Fullerton CA Private listings scraped: 0
[02:11:59] [INFO]   California State University-Los Angeles CA Private listings scraped: 0
[02:11:59] [INFO]   Washington and Lee University VA listings scraped: 0
[02:11:59] [INFO]   University of Richmond VA listings scraped: 5 (API)
[02:11:59] [INFO]   California State University-Long Beach CA Private listings scraped: 0
[02:11:59] [INFO]   California State University-Long Beach CA Private listings scraped: 0
[02:11:59] [INFO]   UNC Charlotte NC listings scraped: 6
[02:11:59] [INFO]   California State University-Monterey Bay CA Private listings scraped: 0
[02:11:59] [INFO]   California State University-Northridge CA Private listings scraped: 0
[02:11:59] [INFO]   Centra College VA listings scraped: 0
[02:11:59] [INFO]   UNC Pembroke NC listings scraped: 23
[02:11:59] [INFO]   Virginia Commonwealth University VA listings scraped: 0
[02:11:59] [INFO]   California State University-East Bay CA Private listings scraped: 32
[02:11:59] [INFO]   California State University-Sacramento CA Private listings scraped: 1
[02:11:59] [INFO]   California State University-San Bernardino CA Private listings scraped: 0
[02:11:59] [INFO]   UNC School of the Arts NC listings scraped: 1
[02:11:59] [INFO]   California State University-San Marcos CA Private listings scraped: 0
[02:11:59] [INFO]   Virginia Tech VA listings scraped: 64 (keyword search)
[02:11:59] [INFO]   California State University-Stanislaus CA Private listings scraped: 0
[02:11:59] [INFO]   Riverside College of Health Careers VA listings scraped: 0
[02:11:59] [INFO]   UNC Wilmington NC listings scraped: 0
[02:11:59] [INFO]   Appalachian College of Pharmacy VA listings scraped: 2
[02:11:59] [INFO]   Agora University VA listings scraped: 0
[02:11:59] [INFO]   Hollins University VA listings scraped: 1
[02:11:59] [INFO]   East Carolina University NC listings scraped: 52
[02:11:59] [INFO]   Appalachian School of Law VA listings scraped: 1
[02:11:59] [INFO]   Canada College CA Private listings scraped: 0
[02:11:59] [INFO]   California University of Science and Medicine CA Private listings scraped: 0
[02:11:59] [INFO]   North Carolina Central University NC listings scraped: 19
[02:11:59] [INFO]   California Western School of Law CA Private listings scraped: 0
[02:11:59] [INFO]   Winston-Salem State University NC listings scraped: 1
[02:11:59] [INFO]   Averett University VA listings scraped: 1
[02:12:00] [INFO]   Casa Loma College-Los Angeles CA Private listings scraped: 0
[02:12:00] [INFO]   Ascent College VA listings scraped: 0
[02:12:00] [INFO]   Bluefield University VA listings scraped: 0
[02:12:00] [INFO]   Bon Secours Memorial College of Nursing VA listings scraped: 1
[02:12:00] [INFO]   Blue Ridge Community College VA listings scraped: 0
[02:12:00] [INFO]   Wake Forest University NC listings scraped: 2
[02:12:00] [INFO]   Cerritos College CA Private listings scraped: 0
[02:12:00] [INFO]   Cerro Coso Community College CA Private listings scraped: 0
[02:12:00] [INFO]   Davidson College NC listings scraped: 0 (Workday search API)
[02:12:00] [INFO]   CBD College CA Private listings scraped: 0
[02:12:00] [INFO]   Bon Secours St Mary's Hospital School of Medical Imaging VA listings scraped: 0
[02:12:00] [INFO]   ↪️  Chabot College: generic page hands off to peopleadmin
[02:12:00] [INFO]   Western Carolina University NC listings scraped: 17
[02:12:00] [INFO]   Chaffey College CA Private listings scraped: 0
[02:12:00] [INFO]   Bryant & Stratton College-Virginia Beach VA listings scraped: 0
[02:12:00] [INFO]   Chabot College CA Private listings scraped: 4
[02:12:00] [INFO]   Charles R Drew University of Medicine and Science CA Private listings scraped: 0
[02:12:00] [INFO]   Brightpoint Community College VA listings scraped: 0
[02:12:00] [INFO]   UNC Greensboro NC listings scraped: 29
[02:12:00] [INFO]   Central Virginia Community College VA listings scraped: 43
[02:12:00] [INFO]   Chapman University CA Private listings scraped: 1
[02:12:00] [INFO]   Elon University NC listings scraped: 0
[02:12:00] [INFO]   ↪️  Bridgewater College: generic page hands off to paycom
[02:12:00] [INFO]   Christopher Newport University VA listings scraped: 0
[02:12:00] [INFO]   Citrus College CA Private listings scraped: 0
[02:12:00] [INFO]   Harvard University MA listings scraped: 197
[02:12:00] [INFO]   Danville Community College VA listings scraped: 0
[02:12:00] [INFO]   Johnson & Wales University-Charlotte NC listings scraped: 0
[02:12:00] [INFO]   City College of San Francisco CA Private listings scraped: 0
[02:12:00] [INFO]   Eastern Mennonite University VA listings scraped: 0
[02:12:00] [INFO]   Coastal Carolina University SC listings scraped: 10
[02:12:00] [INFO]   College of Charleston SC listings scraped: 7
[02:12:00] [INFO]   Divine Mercy University VA listings scraped: 0
[02:12:00] [INFO]   Duke University NC listings scraped: 26 (keyword search)
[02:12:00] [INFO]   ↪️  Alamance Community College: generic page hands off to schooljobs
[02:12:00] [INFO]   Clemson University SC listings scraped: 0
[02:12:00] [INFO]   Winthrop University SC listings scraped: 1
[02:12:00] [INFO]   Furman University SC: API failed, falling back to browser
[02:12:00] [INFO]   Claremont School of Theology CA Private listings scraped: 0
[02:12:00] [INFO]   Eastern Shore Community College VA listings scraped: 0
[02:12:00] [INFO]   Asheville-Buncombe Technical Community College NC listings scraped: 0
[02:12:00] [INFO]   Bridgewater College VA listings scraped: 10
[02:12:00] [INFO]   Wofford College SC listings scraped: 1 (API)
[02:12:00] [INFO]   Clovis Community College CA Private listings scraped: 0
[02:12:00] [INFO]   ↪️  Eastern Virginia Medical School: generic page hands off to icims
[02:12:00] [INFO]   Edward Via College of Osteopathic Medicine VA listings scraped: 0
[02:12:00] [INFO]   The Citadel SC listings scraped: 0
[02:12:00] [INFO]   ↪️  Barton College: generic page hands off to paycom
[02:12:00] [INFO]   ↪️  Emory & Henry University: generic page hands off to paycom
[02:12:00] [INFO]   ↪️  Coast Community College District Office: generic page hands off to schooljobs
[02:12:00] [INFO]   Beaufort County Community College NC listings scraped: 2
[02:12:00] [INFO]   Church Divinity School of the Pacific CA Private listings scraped: 3
[02:12:00] [INFO]   University of South Carolina SC listings scraped: 90
[02:12:00] [INFO]   Eastern Virginia Medical School VA listings scraped: 0
[02:12:00] [INFO]   Eastern Virginia Medical School VA listings scraped: 0
[02:12:00] [INFO]   Ferrum College VA listings scraped: 0
[02:12:00] [INFO]   Alamance Community College NC listings scraped: 1
[02:12:00] [INFO]   Presbyterian College SC listings scraped: 0
[02:12:00] [INFO]   University of South Carolina-Lancaster SC listings scraped: 0
[02:12:00] [INFO]   University of South Carolina-Salkehatchie SC listings scraped: 0
[02:12:00] [INFO]   Coastline Community College CA Private listings scraped: 0
[02:12:00] [INFO]   University of South Carolina-Sumter SC listings scraped: 0
[02:12:00] [INFO]   University of South Carolina-Union SC listings scraped: 0
[02:12:00] [INFO]   College of Alameda CA Private listings scraped: 0
[02:12:00] [INFO]   Barton College NC listings scraped: 6
[02:12:00] [INFO]   Emory & Henry University VA listings scraped: 7
[02:12:00] [INFO]   Bennett College NC listings scraped: 0
[02:12:00] [INFO]   Belmont Abbey College NC listings scraped: 0
[02:12:00] [INFO]   Aiken Technical College SC listings scraped: 0
[02:12:00] [INFO]   College of Marin CA Private listings scraped: 0
[02:12:00] [INFO]   Allen University SC listings scraped: 0
[02:12:00] [INFO]   American College of the Building Arts SC listings scraped: 0
[02:12:00] [INFO]   Delaware Technical Community College DE listings scraped: 3
[02:12:00] [INFO]   Bladen Community College NC listings scraped: 1
[02:12:00] [INFO]   College of San Mateo CA Private listings scraped: 0
[02:12:00] [INFO]   Delaware State University DE listings scraped: 1
[02:12:00] [INFO]   Brunswick Community College NC listings scraped: 0
[02:12:00] [INFO]   Anderson University SC listings scraped: 2
[02:12:00] [INFO]   Bob Jones University SC listings scraped: 0
[02:12:00] [INFO]   Brevard College NC listings scraped: 0
[02:12:00] [INFO]   Cabarrus College of Health Sciences NC listings scraped: 1
[02:12:00] [INFO]   Wilmington University DE Taleo listings scraped: 0
[02:12:00] [INFO]   College of the Desert CA Private listings scraped: 0
[02:12:00] [INFO]   College of the Canyons CA Private listings scraped: 0
[02:12:00] [INFO]   ↪️  Caldwell Community College and Technical Institute: generic page hands off to schooljobs
[02:12:00] [INFO]   University of Maryland, Baltimore County MD listings scraped: 11
[02:12:00] [INFO]   University of Maryland, College Park MD listings scraped: 59 (API)
[02:12:00] [INFO]   Charleston Southern University SC listings scraped: 1
[02:12:00] [INFO]   Caldwell Community College and Technical Institute NC listings scraped: 0
[02:12:00] [INFO]   Caldwell Community College and Technical Institute NC listings scraped: 0
[02:12:00] [INFO]   ↪️  Campbell University: generic page hands off to taleo
[02:12:00] [INFO]   Central Carolina Technical College SC listings scraped: 0
[02:12:00] [INFO]   Cape Fear Community College NC listings scraped: 0
[02:12:00] [INFO]   College of the Redwoods CA Private listings scraped: 0
[02:12:00] [INFO]   ↪️  College of the Sequoias: generic page hands off to schooljobs
[02:12:00] [INFO]   Johns Hopkins University MD listings scraped: 1
[02:12:00] [INFO]   Citadel Military College of South Carolina SC listings scraped: 0
[02:12:00] [INFO]   University of Maryland, Baltimore MD Taleo listings scraped: 9
[02:12:00] [INFO]   Morgan State University MD listings scraped: 62
[02:12:00] [INFO]   College of the Sequoias CA Private listings scraped: 0
[02:12:00] [INFO]   College of the Sequoias CA Private listings scraped: 0
[02:12:00] [INFO]   Carolina Christian College NC listings scraped: 0
[02:12:00] [INFO]   Claflin University SC listings scraped: 0
[02:12:00] [INFO]   Goucher College MD listings scraped: 0
[02:12:00] [INFO]   College of the Siskiyous CA Private listings scraped: 1
[02:12:00] [INFO]   Towson University MD Taleo listings scraped: 0
[02:12:00] [INFO]   Clinton College SC listings scraped: 2
[02:12:00] [INFO]   Carolina College of Biblical Studies NC listings scraped: 0
[02:12:00] [INFO]   St. Mary's College of Maryland MD listings scraped: 0
[02:12:00] [INFO]   Garrett College MD listings scraped: 0
[02:12:00] [INFO]   Carolina University NC listings scraped: 0
[02:12:00] [INFO]   Campbell University NC Taleo listings scraped: 0
[02:12:00] [INFO]   Campbell University NC listings scraped: 0
[02:12:00] [INFO]   Coast Community College District Office CA Private listings scraped: 0
[02:12:00] [INFO]   Coast Community College District Office CA Private listings scraped: 0
[02:12:00] [INFO]   Anne Arundel Community College MD listings scraped: 0
[02:12:00] [INFO]   ↪️  Allegany College of Maryland: generic page hands off to schooljobs
[02:12:00] [INFO]   Compton College CA Private listings scraped: 0
[02:12:00] [INFO]   Concordia University-Irvine CA Private listings scraped: 0
[02:12:00] [INFO]   Furman University SC listings scraped: 0
[02:12:00] [INFO]   Claremont Lincoln University CA Private listings scraped: 0
[02:12:00] [INFO]   Columbia International University SC listings scraped: 0
[02:12:00] [INFO]   Baltimore City Community College MD listings scraped: 0
[02:12:00] [INFO]   Coker University SC listings scraped: 0
[02:12:00] [INFO]   Bais HaMedrash and Mesivta of Baltimore MD listings scraped: 0
[02:12:00] [INFO]   Benedict College SC listings scraped: 0
[02:12:00] [INFO]   Catawba College NC listings scraped: 0
[02:12:00] [INFO]   ↪️  Carteret Community College: generic page hands off to schooljobs
[02:12:00] [INFO]   ↪️  Bowie State University: generic page hands off to workday
[02:12:00] [INFO]   Contra Costa College CA Private listings scraped: 0
[02:12:00] [INFO]   Allegany College of Maryland MD listings scraped: 0
[02:12:00] [INFO]   Allegany College of Maryland MD listings scraped: 0
[02:12:00] [INFO]   Contra Costa Community College District Office CA Private listings scraped: 0
[02:12:00] [INFO]   ↪️  Copper Mountain Community College: generic page hands off to schooljobs
[02:12:00] [INFO]   Bowie State University MD listings scraped: 6 (API)
[02:12:00] [INFO]   Converse University SC listings scraped: 0
[02:12:00] [INFO]   Catawba Valley Community College NC listings scraped: 1
[02:12:00] [INFO]   Capitol Technology University MD listings scraped: 0
[02:12:00] [INFO]   Central Carolina Community College NC listings scraped: 0
[02:12:00] [INFO]   Florence-Darlington Technical College SC listings scraped: 0
[02:12:00] [INFO]   Carteret Community College NC listings scraped: 0
[02:12:00] [INFO]   Carteret Community College NC listings scraped: 0
[02:12:00] [INFO]   Carroll Community College MD listings scraped: 0
[02:12:00] [INFO]   Erskine College SC listings scraped: 1
[02:12:00] [INFO]   ↪️  Central Piedmont Community College: generic page hands off to schooljobs
[02:12:00] [INFO]   ↪️  Cosumnes River College: generic page hands off to schooljobs
[02:12:00] [INFO]   Cecil College MD listings scraped: 0
[02:12:00] [INFO]   ↪️  Denmark Technical College: generic page hands off to schooljobs
[02:12:00] [INFO]   Francis Marion University SC listings scraped: 1
[02:12:00] [INFO]   Crafton Hills College CA Private listings scraped: 0
[02:12:00] [INFO]   ↪️  College of Southern Maryland: generic page hands off to schooljobs
[02:12:00] [INFO]   Charlotte Christian College and Theological Seminary NC listings scraped: 0
[02:12:00] [INFO]   Cuesta College CA Private listings scraped: 0
[02:12:00] [INFO]   ↪️  Community College of Baltimore County: generic page hands off to schooljobs
[02:12:00] [INFO]   Copper Mountain Community College CA Private listings scraped: 0
[02:12:00] [INFO]   Copper Mountain Community College CA Private listings scraped: 0
[02:12:00] [INFO]   Chowan University NC listings scraped: 0
[02:12:00] [INFO]   Central Piedmont Community College NC listings scraped: 0
[02:12:00] [INFO]   Central Piedmont Community College NC listings scraped: 0
[02:12:00] [INFO]   Cosumnes River College CA Private listings scraped: 0
[02:12:00] [INFO]   Cosumnes River College CA Private listings scraped: 0
[02:12:00] [INFO]   College of Southern Maryland MD listings scraped: 0
[02:12:00] [INFO]   College of Southern Maryland MD listings scraped: 0
[02:12:00] [INFO]   Cuyamaca College CA Private listings scraped: 0
[02:12:00] [INFO]   Community College of Baltimore County MD listings scraped: 9
[02:12:00] [INFO]   Chesapeake College MD listings scraped: 0
[02:12:00] [INFO]   Denmark Technical College SC listings scraped: 2
[02:12:00] [INFO]   ↪️  Coastal Carolina Community College: generic page hands off to schooljobs
[02:12:00] [INFO]   Cypress College CA Private listings scraped: 0
[02:12:00] [INFO]   Cleveland Community College NC listings scraped: 0
[02:12:00] [INFO]   DHARMA REALM BUDDHIST UNIVERSITY CA Private listings scraped: 0
[02:12:00] [INFO]   College of the Albemarle NC listings scraped: 0
[02:12:00] [INFO]   Frederick Community College MD listings scraped: 0
[02:12:00] [INFO]   Rhode Island College RI listings scraped: 3
[02:12:00] [INFO]   De Anza College CA Private listings scraped: 0
[02:12:00] [INFO]   ↪️  Frostburg State University: generic page hands off to workday
[02:12:00] [INFO]   ↪️  Coppin State University: generic page hands off to workday
[02:12:00] [INFO]   ↪️  Brown University: generic page hands off to workday
[02:12:00] [INFO]   Coppin State University MD listings scraped: 2 (API)
[02:12:00] [INFO]   Frostburg State University MD listings scraped: 5 (API)
[02:12:00] [INFO]   Diablo Valley College CA Private listings scraped: 0
[02:12:00] [INFO]   Bryant University RI listings scraped: 0
[02:12:00] [INFO]   ↪️  Craven Community College: generic page hands off to schooljobs
[02:12:00] [INFO]   Coastal Carolina Community College NC listings scraped: 1
[02:12:00] [INFO]   Daybreak University CA Private listings scraped: 0
[02:12:00] [INFO]   ↪️  Davidson-Davie Community College: generic page hands off to schooljobs
[02:12:00] [INFO]   Providence College RI listings scraped: 2
[02:12:00] [INFO]   Commonwealth University PA listings scraped: 4
[02:12:00] [INFO]   Kutztown University PA listings scraped: 0
[02:12:00] [INFO]   Cheyney University PA listings scraped: 0
[02:12:00] [INFO]   Dominican University of California CA Private listings scraped: 0
[02:12:00] [INFO]   Rhode Island School of Design RI listings scraped: 3
[02:12:00] [INFO]   Dominican School of Philosophy & Theology CA Private listings scraped: 0
[02:12:00] [INFO]   Brown University RI listings scraped: 0 (API)
[02:12:00] [INFO]   Brown University RI listings scraped: 0
[02:12:00] [INFO]   Craven Community College NC listings scraped: 0
[02:12:00] [INFO]   Craven Community College NC listings scraped: 0
[02:12:00] [INFO]   Davidson-Davie Community College NC listings scraped: 2
[02:12:00] [INFO]   Shippensburg University PA listings scraped: 3
[02:12:00] [INFO]   Salve Regina University RI listings scraped: 2
[02:12:00] [INFO]   ↪️  Durham Technical Community College: generic page hands off to schooljobs
[02:12:00] [INFO]   Millersville University PA listings scraped: 4
[02:12:00] [INFO]   Johnson & Wales University-Providence RI listings scraped: 0
[02:12:00] [INFO]   East Los Angeles College CA Private listings scraped: 0
[02:12:00] [INFO]   PennWest PA listings scraped: 6
[02:12:00] [INFO]   Slippery Rock University PA listings scraped: 2
[02:12:00] [INFO]   EDvance College CA Private listings scraped: 0
[02:12:00] [INFO]   Dongguk University Los Angeles CA Private listings scraped: 0
[02:12:00] [INFO]   College Unbound RI listings scraped: 1
[02:12:00] [INFO]   ↪️  Edgecombe Community College: generic page hands off to schooljobs
[02:12:00] [INFO]   The Pennsylvania State University PA listings scraped: 35 (API)
[02:12:00] [INFO]   West Chester University PA listings scraped: 0
[02:12:00] [INFO]   Downey Adult School CA Private listings scraped: 0
[02:12:00] [INFO]   Community College of Rhode Island RI listings scraped: 0
[02:12:00] [INFO]   Carnegie Mellon University PA listings scraped: 3 (API)
[02:12:00] [INFO]   El Camino Community College District CA Private listings scraped: 0
[02:12:00] [INFO]   ↪️  Fayetteville Technical Community College: generic page hands off to peopleadmin
[02:12:00] [INFO]   Edgecombe Community College NC listings scraped: 0
[02:12:00] [INFO]   Edgecombe Community College NC listings scraped: 0
[02:12:00] [INFO]   ↪️  Evergreen Valley College: generic page hands off to peopleadmin
[02:12:00] [INFO]   Epic Bible College & Graduate School CA Private listings scraped: 0
[02:12:00] [INFO]   Durham Technical Community College NC listings scraped: 0
[02:12:00] [INFO]   Durham Technical Community College NC listings scraped: 0
[02:12:00] [INFO]   East Stroudsburg University PA listings scraped: 0
[02:12:00] [INFO]   University of Pennsylvania PA listings scraped: 7 (Workday search API)
[02:12:00] [INFO]   Bucknell University PA listings scraped: 3 (API)
[02:12:00] [INFO]   Fayetteville Technical Community College NC listings scraped: 0
[02:12:00] [INFO]   Fayetteville Technical Community College NC listings scraped: 0
[02:12:00] [INFO]   Evergreen Valley College CA Private listings scraped: 0
[02:12:00] [INFO]   Evergreen Valley College CA Private listings scraped: 0
[02:12:00] [INFO]   Feather River Community College District CA Private listings scraped: 0
[02:12:00] [INFO]   Gettysburg College PA listings scraped: 16
[02:12:00] [INFO]   University of Rhode Island RI listings scraped: 26
[02:12:00] [INFO]   Dickinson College PA listings scraped: 1 (API)
[02:12:00] [INFO]   Lafayette College PA listings scraped: 0 (Lafayette faculty page)
[02:12:00] [INFO]   Forsyth Technical Community College NC listings scraped: 0
[02:12:00] [INFO]   Franklin & Marshall College PA listings scraped: 1 (Interfolio links page)
[02:12:00] [INFO]   Drexel University PA listings scraped: 9
[02:12:00] [INFO]   Fielding Graduate University CA Private listings scraped: 1
[02:12:00] [INFO]   Foothill College CA Private listings scraped: 1
[02:12:00] [INFO]   Swarthmore College PA listings scraped: 1
[02:12:00] [INFO]   Central Michigan University MI listings scraped: 12
[02:12:00] [INFO]   ↪️  Folsom Lake College: generic page hands off to schooljobs
[02:12:00] [INFO]   Oakland University MI listings scraped: 21
[02:12:00] [INFO]   ↪️  Foothill-De Anza Community College District: generic page hands off to taleo
[02:12:00] [INFO]   Eastern Michigan University MI listings scraped: 1
[02:12:00] [INFO]   Franciscan School of Theology CA Private listings scraped: 0
[02:12:00] [INFO]   Fresno City College CA Private listings scraped: 0
[02:12:00] [INFO]   UNC-Chapel Hill NC listings scraped: 212
[02:12:00] [INFO]   Folsom Lake College CA Private listings scraped: 0
[02:12:00] [INFO]   Folsom Lake College CA Private listings scraped: 0
[02:12:00] [INFO]   Fresno Pacific University CA Private listings scraped: 0
[02:12:00] [INFO]   Governors State University IL listings scraped: 0
[02:12:00] [INFO]   Chicago State University IL listings scraped: 21
[02:12:00] [INFO]   Knox College IL listings scraped: 1
[02:12:00] [INFO]   Fuller Theological Seminary CA Private listings scraped: 0
[02:12:00] [INFO]   Northern Illinois University IL listings scraped: 19
[02:12:00] [INFO]   Southern Illinois University Carbondale IL listings scraped: 4
[02:12:00] [INFO]   University of Illinois Springfield IL listings scraped: 0
[02:12:00] [INFO]   Kalamazoo College MI listings scraped: 0
[02:12:00] [INFO]   University of Illinois Chicago IL listings scraped: 2
[02:12:00] [INFO]   Michigan State University MI listings scraped: 463
[02:12:00] [INFO]   Western Illinois University IL listings scraped: 0
[02:12:00] [INFO]   Villanova University PA listings scraped: 357
[02:12:00] [INFO]   Southern Illinois University Edwardsville IL listings scraped: 0
[02:12:00] [INFO]   Western Michigan University MI listings scraped: 19
[02:12:00] [INFO]   University of Illinois Urbana-Champaign IL listings scraped: 11
[02:12:00] [INFO]   Cornell University NY listings scraped: 5 (API)
[02:12:00] [INFO]   Claremont McKenna College Claremont listings scraped: 6
[02:12:00] [INFO]   Stony Brook University (SUNY) NY listings scraped: 80
[02:12:00] [INFO]   Waiting for CUNY jobs to load...
[02:12:00] [INFO]   Fordham University NY listings scraped: 28
[02:12:00] [INFO]   Keck Graduate Institute Claremont listings scraped: 9
[02:12:00] [INFO]   Claremont Colleges listings scraped: 86
[02:12:00] [INFO]   Southern Oregon University OR listings scraped: 0 (API)
[02:12:00] [INFO]   Adrian College MI listings scraped: 0
[02:12:00] [INFO]   Foothill-De Anza Community College District CA Private listings scraped: 0
[02:12:00] [INFO]   New York University NY listings scraped: 0
[02:12:00] [INFO]   Whitman College WA listings scraped: 3 (Interfolio links page)
[02:12:00] [INFO]   Washington State University WA listings scraped: 4 (API)
[02:12:00] [INFO]   University at Buffalo (SUNY) NY listings scraped: 44
[02:12:00] [INFO]   CUNY initial job count: 10
[02:12:00] [INFO]   St. John's directory sub-pages found: 9
[02:12:00] [INFO]   Eastern Washington University WA listings scraped: 22
[02:12:00] [INFO]   Wayne State University MI listings scraped: 9
[02:12:00] [INFO]   Eastern Oregon University OR listings scraped: 25
[02:12:00] [INFO]   Pacific University OR listings scraped: 0
[02:12:00] [INFO]   George Fox University OR listings scraped: 0
[02:12:00] [INFO]   Pacific Lutheran University WA listings scraped: 5 (HTTP fallback)
[02:12:00] [INFO]   Columbia Gorge Community College OR listings scraped: 0
[02:12:00] [INFO]   Evergreen State College WA listings scraped: 3
[02:12:00] [INFO]   Reed College OR listings scraped: 0
[02:12:00] [INFO]   Syracuse University NY listings scraped: 35
[02:12:00] [INFO]   ↪️  University of Portland: generic page hands off to peopleadmin
[02:12:00] [INFO]   Pacific Northwest College of Art OR listings scraped: 0
[02:12:00] [INFO]   Willamette University OR listings scraped: 0
[02:12:00] [INFO]   Lewis & Clark College OR listings scraped: 0
[02:12:00] [INFO]   Pace University NY listings scraped: 7 (SaaS HR API)
[02:12:00] [INFO]   Saint Martin's University WA listings scraped: 0
[02:12:00] [INFO]   Oregon Institute of Technology OR listings scraped: 15
[02:12:00] [INFO]   Bellingham Technical College WA listings scraped: 0
[02:12:00] [INFO]   Columbia University NY listings scraped: 584
[02:12:00] [INFO]   ↪️  University of Puget Sound: generic page hands off to icims
[02:12:00] [INFO]   Clackamas Community College OR listings scraped: 0
[02:12:00] [INFO]   ↪️  Whitworth University: generic page hands off to schooljobs
[02:12:00] [INFO]   Chemeketa Community College OR listings scraped: 0
[02:12:00] [INFO]   Clover Park Technical College WA listings scraped: 0
[02:12:00] [INFO]   ↪️  Whitworth University-Adult Degree Programs: generic page hands off to schooljobs
[02:12:00] [INFO]   ↪️  Bastyr University: generic page hands off to paycom
[02:12:00] [INFO]   ↪️  Albion College: generic page hands off to interfolio
[02:12:00] [INFO]   Binghamton University (SUNY) NY listings scraped: 0
[02:12:00] [INFO]   Clark College WA listings scraped: 1
[02:12:00] [INFO]   ↪️  Seattle Pacific University: generic page hands off to workday
[02:12:00] [INFO]   Binghamton University (SUNY) NY listings scraped: 0
[02:12:00] [INFO]   University at Albany (SUNY) NY listings scraped: 0
[02:12:00] [INFO]   University at Albany (SUNY) NY listings scraped: 0
[02:12:00] [INFO]   Seattle Pacific University WA listings scraped: 4 (API)
[02:12:00] [INFO]   Corban University OR listings scraped: 0
[02:12:00] [INFO]   Clatsop Community College OR listings scraped: 0
[02:12:00] [INFO]   Cornish College of the Arts WA listings scraped: 0
[02:12:00] [INFO]   Cascadia College WA listings scraped: 0
[02:12:00] [INFO]   Centralia College WA listings scraped: 0
[02:12:00] [INFO]   ↪️  Seattle University: generic page hands off to csod
[02:12:00] [INFO]   Antioch University-Seattle WA listings scraped: 0
[02:12:00] [INFO]   Mount Angel Seminary OR listings scraped: 0
[02:12:00] [INFO]   Edmonds College WA listings scraped: 0
[02:12:00] [INFO]   Blue Mountain Community College OR listings scraped: 0
[02:12:00] [INFO]   ↪️  Bates Technical College: generic page hands off to schooljobs
[02:12:00] [INFO]   University of Portland OR listings scraped: 0
[02:12:00] [INFO]   University of Portland OR listings scraped: 0
[02:12:00] [INFO]   University of Washington WA listings scraped: 310
[02:12:00] [INFO]   Columbia Basin College WA listings scraped: 0
[02:12:00] [INFO]   Gonzaga University WA listings scraped: 0
[02:12:00] [INFO]   Faith International University WA listings scraped: 0
[02:12:00] [INFO]   Central Oregon Community College OR listings scraped: 0
[02:12:00] [INFO]   SUNY System main page listings scraped: 605
[02:12:00] [INFO]   SUNY total listings scraped: 729
[02:12:00] [INFO]   University of Puget Sound WA listings scraped: 0
[02:12:00] [INFO]   University of Puget Sound WA listings scraped: 0
[02:12:00] [INFO]   Hofstra University NY listings scraped: 42
[02:12:00] [INFO]   Bushnell University OR listings scraped: 0
[02:12:00] [INFO]   Whitworth University WA listings scraped: 0
[02:12:00] [INFO]   Whitworth University WA listings scraped: 0
[02:12:00] [INFO]   Long Island University NY listings scraped: 37
[02:12:00] [INFO]   Rochester Institute of Technology NY listings scraped: 4 (API)
[02:12:00] [INFO]   Everett Community College WA listings scraped: 0
[02:12:00] [INFO]   Whitworth University-Adult Degree Programs WA listings scraped: 0
[02:12:00] [INFO]   Whitworth University-Adult Degree Programs WA listings scraped: 0
[02:12:00] [INFO]   Bates Technical College WA listings scraped: 0
[02:12:00] [INFO]   Bates Technical College WA listings scraped: 0
[02:12:00] [INFO]   Alma College MI listings scraped: 0
[02:12:00] [INFO]   City University of Seattle WA listings scraped: 0
[02:12:00] [INFO]   Bellevue College WA listings scraped: 0
[02:12:00] [INFO]   Adelphi University NY Taleo listings scraped: 3
[02:12:00] [INFO]   The New School NY listings scraped: 0 (API)
[02:12:00] [INFO]   Bastyr University WA listings scraped: 1
[02:12:00] [INFO]   University of Rochester NY listings scraped: 348
[02:12:00] [INFO]   CUNY jobs extracted from listing: 76
[02:12:00] [INFO]   CUNY jobs after filtering: 52
[02:12:00] [INFO]   Seattle University WA listings scraped: 0
[02:12:00] [INFO]   Seattle University WA listings scraped: 0
[02:12:00] [INFO]   Fetching CUNY job descriptions (JS-rendered pages)...
[02:12:00] [INFO]     Fetching CUNY descriptions batch 1/13...
[02:12:00] [INFO]   Pratt Institute NY listings scraped: 1
[02:12:00] [INFO]   Alpena Community College MI listings scraped: 0
[02:12:00] [INFO]   Oregon State University OR listings scraped: 260
[02:12:00] [INFO]   Albion College MI listings scraped: 3
[02:12:00] [INFO]     Fetching CUNY descriptions batch 2/13...
[02:12:00] [INFO]   Andrews University MI listings scraped: 1
[02:12:00] [INFO]     Fetching CUNY descriptions batch 3/13...
[02:12:00] [INFO]   Iona University NY listings scraped: 6
[02:12:00] [INFO]   Manhattan University NY listings scraped: 8
[02:12:00] [INFO]   Yeshiva University NY listings scraped: 18
[02:12:00] [INFO]     Fetching CUNY descriptions batch 4/13...
[02:12:00] [INFO]   Baker College MI listings scraped: 0
[02:12:00] [INFO]   Aquinas College MI listings scraped: 0
[02:12:00] [INFO]   Associated Beth Rivkah Schools NY listings scraped: 0
[02:12:00] [INFO]     Fetching CUNY descriptions batch 5/13...
[02:12:00] [INFO]   Belanger School of Nursing NY listings scraped: 0
[02:12:00] [INFO]   Elmezzi Graduate School of Molecular Medicine NY listings scraped: 0
[02:12:00] [INFO]   ↪️  Bay de Noc Community College: generic page hands off to peopleadmin
[02:12:00] [INFO]     Fetching CUNY descriptions batch 6/13...
[02:12:00] [INFO]   Bay de Noc Community College MI listings scraped: 0
[02:12:00] [INFO]   Bay de Noc Community College MI listings scraped: 0
[02:12:00] [INFO]   Bay Mills Community College MI listings scraped: 0
[02:12:00] [INFO]   CVPH Medical Center School of Radiologic Technology NY listings scraped: 0
[02:12:00] [INFO]   Samaritan Hospital School of Nursing NY listings scraped: 0
[02:12:00] [INFO]     Fetching CUNY descriptions batch 7/13...
[02:12:00] [INFO]   St. Peter's Hospital College of Nursing NY listings scraped: 0
[02:12:00] [INFO]   Calvin Theological Seminary MI listings scraped: 1
[02:12:00] [INFO]   Mesivta Torah Vodaath Rabbinical Seminary NY listings scraped: 0
[02:12:00] [INFO]   Calvin University MI listings scraped: 0
[02:12:00] [INFO]     Fetching CUNY descriptions batch 8/13...
[02:12:00] [INFO]   St. John's University NY SilkRoad listings scraped: 2
[02:12:00] [INFO]   Memorial Hospital School of Radiation Therapy Technology NY listings scraped: 1
[02:12:00] [INFO]   Montefiore School of Nursing NY listings scraped: 0
[02:12:00] [INFO]   Cleary University MI listings scraped: 1
[02:12:00] [INFO]     Fetching CUNY descriptions batch 9/13...
[02:12:00] [INFO]   School of Professional Horticulture, New York Botanical Garden NY listings scraped: 0
[02:12:00] [INFO]   Pomeroy College of Nursing at Crouse Hospital NY listings scraped: 0
[02:12:00] [INFO]   College for Creative Studies MI listings scraped: 0
[02:12:00] [INFO]     Fetching CUNY descriptions batch 10/13...
[02:12:00] [INFO]   The Ailey School NY listings scraped: 1
[02:12:00] [INFO]   Albany College of Pharmacy and Health Sciences NY listings scraped: 0
[02:12:00] [INFO]   Academy for Jewish Religion NY listings scraped: 0
[02:12:00] [INFO]   Cornerstone University MI listings scraped: 0
[02:12:00] [INFO]   Concordia University Ann Arbor MI listings scraped: 0
[02:12:00] [INFO]     Fetching CUNY descriptions batch 11/13...
[02:12:00] [INFO]   Albany Medical College NY listings scraped: 0
[02:12:00] [INFO]   Albert Einstein College of Medicine NY listings scraped: 0
[02:12:00] [INFO]   Albany Law School NY listings scraped: 0
[02:12:00] [INFO]     Fetching CUNY descriptions batch 12/13...
[02:12:00] [INFO]   Alfred University NY listings scraped: 0
[02:12:00] [INFO]   Davenport University MI listings scraped: 1
[02:12:00] [INFO]   Cranbrook Academy of Art MI listings scraped: 0
[02:12:00] [INFO]   American Musical and Dramatic Academy NY listings scraped: 0
[02:12:00] [INFO]     Fetching CUNY descriptions batch 13/13...
[02:12:00] [INFO]   American Academy of Dramatic Arts-New York NY listings scraped: 0
[02:12:00] [INFO]   Bard College NY listings scraped: 1
[02:12:00] [INFO]   Ecumenical Theological Seminary MI listings scraped: 0
[02:12:00] [INFO]   CUNY jobs with descriptions: 52/52
[02:12:00] [INFO]   Delta College MI listings scraped: 0
[02:12:00] [INFO]   Be'er Yaakov Talmudic Seminary NY listings scraped: 0
[02:12:00] [INFO]   Beth Hamedrash Shaarei Yosher Institute NY listings scraped: 0
[02:12:00] [INFO]   Ferris State University MI listings scraped: 1
[02:12:00] [INFO]   Bank Street College of Education NY listings scraped: 0
[02:12:00] [INFO]   Binghamton University NY listings scraped: 0
[02:12:00] [INFO]   Portland State University OR listings scraped: 19
[02:12:00] [INFO]   Boricua College NY listings scraped: 0
[02:12:00] [INFO]   Brooklyn Law School NY listings scraped: 0
[02:12:00] [INFO]   Bryant & Stratton College-Albany NY listings scraped: 0
[02:12:00] [INFO]   Bates College ME listings scraped: 1
[02:12:00] [INFO]   Colby College ME listings scraped: 0
[02:12:00] [INFO]   Bryant & Stratton College-Buffalo NY listings scraped: 0
[02:12:00] [INFO]   Bryant & Stratton College-Greece NY listings scraped: 0
[02:12:00] [INFO]   Bryant & Stratton College-Online NY listings scraped: 0
[02:12:00] [INFO]   University of Maine System ME listings scraped (REST): 22
[02:12:00] [INFO]   Bryant & Stratton College-Syracuse North NY listings scraped: 0
[02:12:00] [INFO]   Central Maine Community College ME listings scraped: 0
[02:12:00] [INFO]   Bowdoin College ME listings scraped: 0
[02:12:00] [INFO]   Maine Media College ME listings scraped: 0
[02:12:00] [INFO]   Cayuga County Community College NY listings scraped: 0
[02:12:00] [INFO]   Canisius University NY listings scraped: 2
[02:12:00] [INFO]   College of the Atlantic ME listings scraped: 0
[02:12:00] [INFO]   Eastern Maine Community College ME listings scraped: 0
[02:12:00] [INFO]   University of New Hampshire System NH: API failed, falling back to browser
[02:12:00] [INFO]   Central Yeshiva Tomchei Tmimim Lubavitz NY listings scraped: 0
[02:12:00] [INFO]   Clarkson University NY listings scraped: 1
[02:12:00] [INFO]   Clinton Community College NY listings scraped: 0
[02:12:00] [INFO]   Saint Anselm College NH listings scraped: 0
[02:12:00] [INFO]   Colgate University NY listings scraped: 0
[02:12:00] [INFO]   College of Staten Island CUNY NY listings scraped: 2
[02:12:00] [INFO]   Columbia University in the City of New York NY listings scraped: 3
[02:12:00] [INFO]   Columbia-Greene Community College NY listings scraped: 0
[02:12:00] [INFO]   Culinary Institute of America NY listings scraped: 0
[02:12:00] [INFO]   CUNY Bernard M Baruch College NY listings scraped: 0
[02:12:00] [INFO]   Dartmouth College NH listings scraped: 143
[02:12:00] [INFO]   CUNY Borough of Manhattan Community College NY listings scraped: 0
[02:12:00] [INFO]   CUNY Bronx Community College NY listings scraped: 0
[02:12:00] [INFO]   Colgate Rochester Crozer Divinity School NY listings scraped: 0
[02:12:00] [INFO]   Barnard College NY listings scraped: 2
[02:12:00] [INFO]   CUNY Brooklyn College NY listings scraped: 0
[02:12:00] [INFO]   CUNY City College NY listings scraped: 0
[02:12:00] [INFO]   CUNY Graduate School and University Center NY listings scraped: 0
[02:12:00] [INFO]   CUNY Hostos Community College NY listings scraped: 0
[02:12:00] [INFO]   CUNY John Jay College of Criminal Justice NY listings scraped: 1
[02:12:00] [INFO]   CUNY Hunter College NY listings scraped: 0
[02:12:00] [INFO]   CUNY Kingsborough Community College NY listings scraped: 0
[02:12:00] [INFO]   University of New Hampshire System NH listings scraped: 0
[02:12:00] [INFO]   CUNY Medgar Evers College NY listings scraped: 0
[02:12:00] [INFO]   CUNY New York City College of Technology NY listings scraped: 0
[02:12:00] [INFO]   CUNY LaGuardia Community College NY listings scraped: 0
[02:12:00] [INFO]   CUNY Lehman College NY listings scraped: 0
[02:12:00] [INFO]   Bennington College VT listings scraped: 0
[02:12:00] [INFO]   University of Vermont VT listings scraped: 43
[02:12:00] [INFO]   Champlain College VT listings scraped: 0
[02:12:00] [INFO]   CUNY Queensborough Community College NY listings scraped: 0
[02:12:00] [INFO]   CUNY School of Law NY listings scraped: 2
[02:12:00] [INFO]   CUNY Queens College NY listings scraped: 1
[02:12:00] [INFO]   CUNY Stella and Charles Guttman Community College NY listings scraped: 0
[02:12:00] [INFO]   Community College of Vermont VT listings scraped: 0
[02:12:00] [INFO]   CUNY York College NY listings scraped: 0
[02:12:00] [INFO]   CUNY System Office NY listings scraped: 1
[02:12:00] [INFO]   D'Youville University NY listings scraped: 0
[02:12:00] [INFO]   University of Michigan MI listings scraped: 220
[02:12:00] [INFO]   Daemen University NY listings scraped: 0
[02:12:00] [INFO]   Dominican University New York NY listings scraped: 0
[02:12:00] [INFO]   Elim Bible Institute and College NY listings scraped: 0
[02:12:00] [INFO]   Dutchess Community College NY listings scraped: 0
[02:12:00] [INFO]   Elmira College NY listings scraped: 0
[02:12:00] [INFO]   ↪️  Big Bend Community College: generic page hands off to schooljobs
[02:12:00] [INFO]   Empire State University NY listings scraped: 0
[02:12:00] [INFO]   ↪️  Erie Community College: generic page hands off to workday
[02:12:00] [INFO]   Erie Community College NY: Could not parse Workday URL, falling back to browser
[02:12:00] [INFO]   Elyon College NY listings scraped: 0
[02:12:00] [INFO]   Farmingdale State College NY listings scraped: 0
[02:12:00] [INFO]   Excelsior University NY listings scraped: 0
[02:12:00] [INFO]   Fashion Institute of Technology NY listings scraped: 2
[02:12:00] [INFO]   Big Bend Community College WA listings scraped: 9
[02:12:00] [INFO]   Carleton College MN: API failed, falling back to browser
[02:12:00] [INFO]   Minnesota State System MN: API failed, falling back to browser
[02:12:00] [INFO]   Macalester College MN listings scraped: 1
[02:12:00] [INFO]   Finger Lakes Health College of Nursing & Health Sciences NY listings scraped: 0
[02:12:00] [INFO]   Hazelden Betty Ford Graduate School MN listings scraped: 0
[02:12:00] [INFO]   Adler Graduate School MN listings scraped: 0
[02:12:00] [INFO]   Alexandria Technical & Community College MN listings scraped: 0
[02:12:00] [INFO]   Saint Michael's College VT listings scraped (DOM): 3
[02:12:00] [INFO]   North Dakota State University ND listings scraped: 5
[02:12:00] [INFO]   Anoka Technical College MN listings scraped: 0
[02:12:00] [INFO]   University of Mary ND listings scraped: 0
[02:12:00] [INFO]   University of North Dakota ND listings scraped: 2
[02:12:00] [INFO]   Bismarck State College ND listings scraped: 1
[02:12:00] [INFO]   University of Jamestown ND listings scraped: 0
[02:12:00] [INFO]   Erie Community College NY listings scraped: 0
[02:12:00] [INFO]   Erie Community College NY listings scraped: 0
[02:12:00] [INFO]   Augustana University SD listings scraped: 0 (Workday search API)
[02:12:00] [INFO]   Anoka-Ramsey Community College MN listings scraped: 0
[02:12:00] [INFO]   Carleton College MN listings scraped: 0
[02:12:00] [INFO]   University of Minnesota MN listings scraped: 0
[02:12:00] [INFO]   Dickinson State University ND listings scraped: 0
[02:12:00] [INFO]   Black Hills State University SD listings scraped: 0
[02:12:00] [INFO]   Cankdeska Cikana Community College ND listings scraped: 0
[02:12:00] [INFO]   University of Sioux Falls SD listings scraped: 0
[02:12:00] [INFO]   Dakota Wesleyan University SD listings scraped: 0
[02:12:00] [INFO]   Dakota College at Bottineau ND listings scraped: 0
[02:12:00] [INFO]   Augsburg University MN listings scraped: 0
[02:12:00] [INFO]   Bethany Global University MN listings scraped: 0
[02:12:00] [INFO]   Bemidji State University MN listings scraped: 0
[02:12:00] [INFO]   University of Nebraska Medical Center NE listings scraped: 0
[02:12:00] [INFO]   University of Nebraska Omaha NE listings scraped: 13
[02:12:00] [INFO]   Minnesota State System MN listings scraped: 0
[02:12:00] [INFO]   Creighton University NE listings scraped: 1
[02:12:00] [INFO]   Bethany Lutheran College MN listings scraped: 0
[02:12:00] [INFO]   Iowa State University IA: API failed, falling back to browser
[02:12:00] [INFO]   University of Northern Iowa IA: API failed, falling back to browser
[02:12:00] [INFO]   Doane University NE listings scraped: 0
[02:12:00] [INFO]   Nebraska Wesleyan University NE listings scraped: 0
[02:12:00] [INFO]   Bryan College of Health Sciences NE listings scraped: 0
[02:12:00] [INFO]   South Dakota Board of Regents SD listings scraped: 40
[02:12:00] [INFO]   Bethlehem College & Seminary MN listings scraped: 0
[02:12:00] [INFO]   College of Saint Benedict MN listings scraped: 0
[02:12:00] [INFO]   Drake University IA listings scraped: 5
[02:12:00] [INFO]   Concordia College at Moorhead MN listings scraped: 0
[02:12:00] [INFO]   CHI Health School of Radiologic Technology NE listings scraped: 0
[02:12:00] [INFO]   Grinnell College IA listings scraped: 5
[02:12:00] [INFO]   University of Iowa IA listings scraped: 5
[02:12:00] [INFO]   Central Community College NE listings scraped: 0
[02:12:00] [INFO]   ↪️  Casper College: generic page hands off to schooljobs
[02:12:00] [INFO]   Concordia University-Saint Paul MN listings scraped: 0
[02:12:00] [INFO]   Crown College MN listings scraped: 0
[02:12:00] [INFO]   Wyoming Catholic College WY listings scraped: 0
[02:12:00] [INFO]   University of Wyoming WY listings scraped (REST): 25
[02:12:00] [INFO]   Mercy-St Luke's School of Radiologic Technology IA listings scraped: 0
[02:12:00] [INFO]   Central Wyoming College WY listings scraped: 1
[02:12:00] [INFO]   University of Nebraska-Lincoln NE listings scraped: 170
[02:12:00] [INFO]   Bellevue University NE listings scraped: 0
[02:12:00] [INFO]   Chadron State College NE listings scraped: 1
[02:12:00] [INFO]   Clarkson College NE listings scraped: 0
[02:12:00] [INFO]   College of Saint Mary NE listings scraped: 0
[02:12:00] [INFO]   Luther College IA listings scraped: 0
[02:12:00] [INFO]   Fond du Lac Tribal and Community College MN listings scraped: 1
[02:12:00] [INFO]   UnityPoint Health-Des Moines School of Radiologic Technology IA listings scraped: 0
[02:12:00] [INFO]   Concordia University-Nebraska NE listings scraped: 0
[02:12:00] [INFO]   UW-Milwaukee WI: API failed, falling back to browser
[02:12:00] [INFO]   UW-Madison WI: API failed, falling back to browser
[02:12:00] [INFO]   UW System Comprehensives WI: API failed, falling back to browser
[02:12:00] [INFO]   Casper College WY listings scraped: 2
[02:12:00] [INFO]   Eastern Wyoming College WY listings scraped: 0
[02:12:00] [INFO]   Allen College IA listings scraped: 0
[02:12:00] [INFO]   University of Montana MT listings scraped: 7
[02:12:00] [INFO]   ↪️  Dunwoody College of Technology: generic page hands off to workday
[02:12:00] [INFO]   Dunwoody College of Technology MN: API failed, falling back to browser
[02:12:00] [INFO]   Briar Cliff University IA listings scraped: 0
[02:12:00] [INFO]   Carroll College MT listings scraped: 0
[02:12:00] [INFO]   Dakota County Technical College MN listings scraped: 4
[02:12:00] [INFO]   Aaniiih Nakoda College MT listings scraped: 6
[02:12:00] [INFO]   Marquette University WI listings scraped: 83
[02:12:00] [INFO]   Rocky Mountain College MT listings scraped: 0
[02:12:00] [INFO]   Central Lakes College-Brainerd MN listings scraped: 0
[02:12:00] [INFO]   Buena Vista University IA listings scraped: 0
[02:12:00] [INFO]   Montana State University MT listings scraped: 100
[02:12:00] [INFO]   Central College IA listings scraped: 0
[02:12:00] [INFO]   ↪️  Lawrence University: generic page hands off to peopleadmin
[02:12:00] [INFO]   Iowa State University IA listings scraped: 0
[02:12:00] [INFO]   University of Northern Iowa IA listings scraped: 0
[02:12:00] [INFO]   Blackfeet Community College MT listings scraped: 0
[02:12:00] [INFO]   Clarke University IA listings scraped: 0
[02:12:00] [INFO]   Chief Dull Knife College MT listings scraped: 0
[02:12:00] [INFO]   Lawrence University WI listings scraped: 0
[02:12:00] [INFO]   Lawrence University WI listings scraped: 0
[02:12:00] [INFO]   Dawson Community College MT listings scraped: 0
[02:12:00] [INFO]   Coe College IA listings scraped: 0
[02:12:00] [INFO]   Des Moines Area Community College IA listings scraped: 0
[02:12:00] [INFO]   Fort Peck Community College MT listings scraped: 0
[02:12:00] [INFO]   Cornell College IA listings scraped: 0
[02:12:00] [INFO]   Des Moines University-Osteopathic Medical Center IA listings scraped: 0
[02:12:00] [INFO]   Dordt University IA listings scraped: 0
[02:12:00] [INFO]   St. Norbert College WI listings scraped: 0
[02:12:00] [INFO]   Eastern Iowa Community College District IA listings scraped: 0
[02:12:00] [INFO]   Divine Word College IA listings scraped: 0
[02:12:00] [INFO]   Ellsworth Community College IA listings scraped: 0
[02:12:00] [INFO]   Flathead Valley Community College MT listings scraped: 1
[02:12:00] [INFO]   Emmaus Bible College IA listings scraped: 0
[02:12:00] [INFO]   Alverno College WI listings scraped: 0
[02:12:00] [INFO]   Faith Baptist Bible College and Theological Seminary IA listings scraped: 0
[02:12:00] [INFO]   Ohio State University OH: API failed, falling back to browser
[02:12:00] [INFO]   University of Toledo OH: API failed, falling back to browser
[02:12:00] [INFO]   Bellin College WI listings scraped: 2
[02:12:00] [INFO]   ↪️  Kent State University: generic page hands off to pageup
[02:12:00] [INFO]   UW-Madison WI listings scraped: 0
[02:12:00] [INFO]   UW-Milwaukee WI listings scraped: 0
[02:12:00] [INFO]   UW System Comprehensives WI listings scraped: 0
[02:12:00] [INFO]   CU Denver CO Taleo listings scraped: 0
[02:12:00] [INFO]   CU Anschutz CO Taleo listings scraped: 0
[02:12:00] [INFO]   UCCS CO Taleo listings scraped: 0
[02:12:00] [INFO]   Kent State University OH listings scraped: 0
[02:12:00] [INFO]   Kent State University OH listings scraped: 0
[02:12:00] [INFO]   Colorado School of Mines CO: API failed, falling back to browser
[02:12:00] [INFO]   Ohio University OH listings scraped: 40
[02:12:00] [INFO]   CU Boulder CO listings scraped: 0
[02:12:00] [INFO]   Colorado State University CO listings scraped: 4 (API)
[02:12:00] [INFO]   Dunwoody College of Technology MN listings scraped: 0
[02:12:00] [INFO]   Dunwoody College of Technology MN listings scraped: 0
[02:12:00] [INFO]   ↪️  Blackhawk Technical College: generic page hands off to icims
[02:12:00] [INFO]   Bryant & Stratton College-Wauwatosa WI listings scraped: 0
[02:12:00] [INFO]   Carthage College WI listings scraped: 0
[02:12:00] [INFO]   Colorado College CO listings scraped: 1
[02:12:00] [INFO]   Wright State University OH listings scraped: 0
[02:12:00] [INFO]   Colorado School of Mines CO listings scraped: 0
[02:12:00] [INFO]   ↪️  Adams State University: generic page hands off to workday
[02:12:00] [INFO]   Adams State University CO: API failed, falling back to browser
[02:12:00] [INFO]   St. John's College (Santa Fe) NM listings scraped: 0
[02:12:00] [INFO]   Blackhawk Technical College WI listings scraped: 0
[02:12:00] [INFO]   Blackhawk Technical College WI listings scraped: 0
[02:12:00] [INFO]   Cleveland State University OH listings scraped: 56
[02:12:00] [INFO]   ↪️  Chippewa Valley Technical College: generic page hands off to icims
[02:12:00] [INFO]   ↪️  Central New Mexico Community College: generic page hands off to workday
[02:12:00] [INFO]   Central New Mexico Community College NM: API failed, falling back to browser
[02:12:00] [INFO]   ↪️  New Mexico State University: generic page hands off to pageup
[02:12:00] [INFO]   Carroll University WI listings scraped: 0
[02:12:00] [INFO]   Aims Community College CO listings scraped: 0
[02:12:00] [INFO]   College of Menominee Nation WI listings scraped: 0
[02:12:00] [INFO]   New Mexico State University NM listings scraped: 0
[02:12:00] [INFO]   New Mexico State University NM listings scraped: 0
[02:12:00] [INFO]   University of Cincinnati OH listings scraped: 0
[02:12:00] [INFO]   Arapahoe Community College CO listings scraped: 1
[02:12:00] [INFO]   Case Western Reserve University OH listings scraped: 0
[02:12:00] [INFO]   Concordia University-Wisconsin WI listings scraped: 0
[02:12:00] [INFO]   Chippewa Valley Technical College WI listings scraped: 0
[02:12:00] [INFO]   Chippewa Valley Technical College WI listings scraped: 0
[02:12:00] [INFO]   Edgewood College WI listings scraped: 1
[02:12:00] [INFO]   University of Dayton OH listings scraped: 1
[02:12:00] [INFO]   Fox Valley Technical College WI listings scraped: 0
[02:12:00] [INFO]   Nevada State University NV: API failed, falling back to browser
[02:12:00] [INFO]   University of Nevada, Las Vegas NV: API error, falling back to browser - Unexpected token '<', "<!DOCTYPE "... is not valid JSON
[02:12:00] [INFO]   University of Nevada, Reno NV: API error, falling back to browser - Unexpected token '<', "<!DOCTYPE "... is not valid JSON
[02:12:00] [INFO]   Colorado Christian University CO listings scraped: 2
[02:12:00] [INFO]   University of Denver CO listings scraped: 3
[02:12:00] [INFO]   Eastern New Mexico University Ruidoso Branch Community College NM listings scraped: 0
[02:12:00] [INFO]   Eastern New Mexico University-Main Campus NM listings scraped: 1
[02:12:00] [INFO]   Oberlin College OH listings scraped: 58
[02:12:00] [INFO]   Casa Loma College - Aurora CO listings scraped: 0
[02:12:00] [INFO]   Colorado Mesa University CO listings scraped: 0
[02:12:00] [INFO]   College of Southern Nevada NV listings scraped: 0
[02:12:00] [INFO]   Kenyon College OH listings scraped: 0
[02:12:00] [INFO]   Denison University OH listings scraped: 0
[02:12:00] [INFO]   Eastern New Mexico University-Roswell Campus NM listings scraped: 1
[02:12:00] [INFO]   Colorado Northwestern Community College CO listings scraped: 0
[02:12:00] [INFO]   University of Toledo OH listings scraped: 0
[02:12:00] [INFO]   Ohio State University OH listings scraped: 0
[02:12:00] [INFO]   Colorado Mountain College CO listings scraped: 0
[02:12:00] [INFO]   Cleveland Clinic Health System-School of Diagnostic Imaging OH listings scraped: 0
[02:12:00] [INFO]   Colorado State University Pueblo CO listings scraped: 0
[02:12:00] [INFO]   Colorado State University Global CO listings scraped: 0
[02:12:00] [INFO]   Kent State University at Geauga OH listings scraped: 0
[02:12:00] [INFO]   Kent State University at Ashtabula OH listings scraped: 0
[02:12:00] [INFO]   Kent State University at Salem OH listings scraped: 0
[02:12:00] [INFO]   Kent State University at East Liverpool OH listings scraped: 0
[02:12:00] [INFO]   Kent State University at Stark OH listings scraped: 0
[02:12:00] [INFO]   Kent State University at Trumbull OH listings scraped: 0
[02:12:00] [INFO]   Colorado State University-System Office CO listings scraped: 1
[02:12:00] [INFO]   Kent State University at Tuscarawas OH listings scraped: 0
[02:12:00] [INFO]   Community College of Aurora CO listings scraped: 0
[02:12:00] [INFO]   Miami University-Hamilton OH listings scraped: 2
[02:12:00] [INFO]   Ohio University-Chillicothe Campus OH listings scraped: 0
[02:12:00] [INFO]   Miami University-Middletown OH listings scraped: 2
[02:12:00] [INFO]   Ohio University-Eastern Campus OH listings scraped: 0
[02:12:00] [INFO]   ↪️  Community College of Denver: generic page hands off to schooljobs
[02:12:00] [INFO]   Denver Seminary CO listings scraped: 1
[02:12:00] [INFO]   Ohio University-Lancaster Campus OH listings scraped: 0
[02:12:00] [INFO]   Adams State University CO listings scraped: 0
[02:12:00] [INFO]   Adams State University CO listings scraped: 0
[02:12:01] [INFO]   Ohio University-Zanesville Campus OH listings scraped: 0
[02:12:01] [INFO]   Ohio University-Southern Campus OH listings scraped: 0
[02:12:01] [INFO]   Central New Mexico Community College NM listings scraped: 0
[02:12:01] [INFO]   Central New Mexico Community College NM listings scraped: 0
[02:12:01] [INFO]   ↪️  Fort Lewis College: generic page hands off to workday
[02:12:01] [INFO]   Fort Lewis College CO: API error, falling back to browser - Unexpected token '<', "<!DOCTYPE "... is not valid JSON
[02:12:01] [INFO]   Community College of Denver CO listings scraped: 0
[02:12:01] [INFO]   Community College of Denver CO listings scraped: 0
[02:12:01] [INFO]   Firelands Regional Medical Center School of Nursing OH listings scraped: 0
[02:12:01] [INFO]   Remington College-Cleveland Campus OH listings scraped: 0
[02:12:01] [INFO]   Rabbinical College Telshe OH listings scraped: 0
[02:12:01] [INFO]   Front Range Community College CO listings scraped: 0
[02:12:01] [INFO]   Toledo Public Schools Adult and Continuing Education OH listings scraped: 0
[02:12:01] [INFO]   Nevada State University NV listings scraped: 0
[02:12:01] [INFO]   University of Nevada, Las Vegas NV listings scraped: 0
[02:12:01] [INFO]   University of Nevada, Reno NV listings scraped: 0
[02:12:01] [INFO]   Air Force Institute of Technology-Graduate School of Engineering & Management OH listings scraped: 0
[02:12:01] [INFO]   Antioch College OH listings scraped: 1
[02:12:01] [INFO]   Weber State University UT listings scraped: 11
[02:12:01] [INFO]   Antioch University OH listings scraped: 0
[02:12:01] [INFO]   Allegheny Wesleyan College OH listings scraped: 0
[02:12:01] [INFO]   Antioch University-System Administration OH listings scraped: 0
[02:12:01] [INFO]   Utah Tech University UT listings scraped: 2
[02:12:01] [INFO]   Utah Valley University UT listings scraped: 1
[02:12:01] [INFO]   Southern Utah University UT listings scraped: 2
[02:12:01] [INFO]   Art Academy of Cincinnati OH listings scraped: 0
[02:12:01] [INFO]   Ashland University OH listings scraped: 0
[02:12:01] [INFO]   Athenaeum of Ohio OH listings scraped: 0
[02:12:01] [INFO]   Utah State University UT listings scraped: 0
[02:12:01] [INFO]   Aultman College of Nursing and Health Sciences OH listings scraped: 0
[02:12:01] [INFO]   Brigham Young University UT listings scraped: 1
[02:12:01] [INFO]   Baldwin Wallace University OH listings scraped: 0
[02:12:01] [INFO]   Bowling Green State University-Firelands OH listings scraped: 1
[02:12:01] [INFO]   Bluffton University OH listings scraped: 2
[02:12:01] [INFO]   Ensign College UT listings scraped: 0
[02:12:01] [INFO]   Westminster University (Utah) UT listings scraped: 2
[02:12:01] [INFO]   Belmont College OH listings scraped: 0
[02:12:01] [INFO]   ↪️  Bowling Green State University-Main Campus: generic page hands off to schooljobs
[02:12:01] [INFO]   Bryant & Stratton College-Parma OH listings scraped: 0
[02:12:01] [INFO]   Bowling Green State University-Main Campus OH listings scraped: 0
[02:12:01] [INFO]   Bowling Green State University-Main Campus OH listings scraped: 0
[02:12:01] [INFO]   Capital University OH listings scraped: 0
[02:12:01] [INFO]   Cedarville University OH listings scraped: 0
[02:12:01] [INFO]   Central Ohio Technical College OH listings scraped: 0
[02:12:01] [INFO]   Central State University OH listings scraped: 0
[02:12:01] [INFO]   Cincinnati College of Mortuary Science OH listings scraped: 0
[02:12:01] [INFO]   Cincinnati State Technical and Community College OH listings scraped: 0
[02:12:01] [INFO]   Clark State College OH listings scraped: 0
[02:12:01] [INFO]   Fort Lewis College CO listings scraped: 0
[02:12:01] [INFO]   Fort Lewis College CO listings scraped: 0
[02:12:01] [INFO]   Cleveland Institute of Music OH listings scraped: 0
[02:12:01] [INFO]   Cleveland Institute of Art OH listings scraped: 0
[02:12:01] [INFO]   University of Idaho ID listings scraped: 27
[02:12:01] [INFO]   Collins Career Technical Center OH listings scraped: 0
[02:12:01] [INFO]   Columbus College of Art & Design OH listings scraped: 0
[02:12:01] [INFO]   Lewis-Clark State College ID listings scraped: 3
[02:12:01] [INFO]   The College of Idaho ID listings scraped: 0
[02:12:01] [INFO]   Columbus State Community College OH listings scraped: 0
[02:12:01] [INFO]   ↪️  Cuyahoga Community College District: generic page hands off to csod
[02:12:01] [INFO]   Boise Bible College ID listings scraped: 0
[02:12:01] [INFO]   Defiance College OH listings scraped: 1
[02:12:01] [INFO]   Brigham Young University-Idaho ID listings scraped: 0
[02:12:01] [INFO]   Eastern Gateway Community College OH listings scraped: 0
[02:12:01] [INFO]   Edison State Community College OH listings scraped: 0
[02:12:01] [INFO]   ↪️  College of Eastern Idaho: generic page hands off to schooljobs
[02:12:01] [INFO]   College of Eastern Idaho ID listings scraped: 2
[02:12:01] [INFO]   College of Southern Idaho ID listings scraped: 0
[02:12:01] [INFO]   Franciscan University of Steubenville OH listings scraped: 0
[02:12:01] [INFO]   University of Utah UT listings scraped: 371
[02:12:01] [INFO]   Franklin University OH listings scraped: 0
[02:12:01] [INFO]   Idaho State University ID listings scraped: 12
[02:12:01] [INFO]   College of Western Idaho ID listings scraped: 0
[02:12:01] [INFO]   Ball State University IN listings scraped: 0
[02:12:01] [INFO]   Indiana State University IN listings scraped: 7
[02:12:01] [INFO]   Butler University IN: API failed, falling back to browser
[02:12:01] [INFO]   University of Southern Indiana IN listings scraped: 0
[02:12:01] [INFO]   DePauw University IN: API error, falling back to browser - Unexpected token '<', "<!DOCTYPE "... is not valid JSON
[02:12:01] [INFO]   Cuyahoga Community College District OH listings scraped: 0
[02:12:01] [INFO]   Cuyahoga Community College District OH listings scraped: 0
[02:12:01] [INFO]   Purdue University IN listings scraped: 0
[02:12:01] [INFO]   Indiana University IN listings scraped: 109
[02:12:01] [INFO]   Wabash College IN listings scraped: 0
[02:12:01] [INFO]   University of Charleston WV listings scraped: 0
[02:12:01] [INFO]   West Virginia State University WV listings scraped: 1
[02:12:01] [INFO]   Marshall University WV listings scraped: 107
[02:12:01] [INFO]   Marian University-Ancilla IN listings scraped: 0
[02:12:01] [INFO]   West Virginia Wesleyan College WV listings scraped: 0
[02:12:01] [INFO]   West Virginia University WV Taleo listings scraped: 13
[02:12:01] [INFO]   Mercer County Technical Education Center WV listings scraped: 0
[02:12:01] [INFO]   Trine University-Regional/Non-Traditional Campuses IN listings scraped: 10
[02:12:01] [INFO]   Appalachian Bible College WV listings scraped: 0
[02:12:01] [INFO]   Northwest Nazarene University ID listings scraped: 0
[02:12:01] [INFO]   West Virginia University Hospital Departments of Rad Tech and Nutrition WV listings scraped: 0
[02:12:01] [INFO]   Georgia State University GA listings scraped: 25
[02:12:01] [INFO]   Bethany College (WV) WV listings scraped: 0
[02:12:01] [INFO]   Anabaptist Mennonite Biblical Seminary IN listings scraped: 0
[02:12:01] [INFO]   Bluefield State University WV listings scraped: 1
[02:12:01] [INFO]   Earlham College IN listings scraped: 0
[02:12:01] [INFO]   Spelman College GA listings scraped: 3
[02:12:01] [INFO]   University of North Georgia GA listings scraped: 0
[02:12:01] [INFO]   Bethany College WV listings scraped: 0
[02:12:01] [INFO]   BridgeValley Community & Technical College WV listings scraped: 0
[02:12:01] [INFO]   Bethany Theological Seminary IN listings scraped: 0
[02:12:01] [INFO]   Abraham Baldwin Agricultural College GA listings scraped: 0
[02:12:01] [INFO]   Agnes Scott College GA listings scraped: 0
[02:12:01] [INFO]   Concord University WV listings scraped: 1
[02:12:01] [INFO]   Catholic International University WV listings scraped: 0
[02:12:01] [INFO]   University of Georgia GA listings scraped: 106
[02:12:01] [INFO]   Calumet College of Saint Joseph IN listings scraped: 0
[02:12:01] [INFO]   Blue Ridge Community and Technical College WV listings scraped: 0
[02:12:01] [INFO]   Albany State University GA listings scraped: 0
[02:12:01] [INFO]   Davis & Elkins College WV listings scraped: 0
[02:12:01] [INFO]   Fairmont State University WV listings scraped: 0
[02:12:01] [INFO]   DePauw University IN listings scraped: 0
[02:12:01] [INFO]   Albany Technical College GA listings scraped: 0
[02:12:01] [INFO]   Fred W Eberle Technical Center WV listings scraped: 0
[02:12:01] [INFO]   Andrew College GA listings scraped: 0
[02:12:01] [INFO]   Eastern West Virginia Community and Technical College WV listings scraped: 0
[02:12:01] [INFO]   Athens Technical College GA listings scraped: 1
[02:12:01] [INFO]   Franklin College IN listings scraped: 1
[02:12:01] [INFO]   Atlanta Metropolitan State College GA listings scraped: 0
[02:12:01] [INFO]   Auburn University AL listings scraped: 0
[02:12:01] [INFO]   ↪️  University of Alabama: generic page hands off to pageup
[02:12:01] [INFO]   University of South Alabama AL listings scraped: 16
[02:12:01] [INFO]   Concordia Theological Seminary IN listings scraped: 0
[02:12:01] [INFO]   Augusta Technical College GA listings scraped: 0
[02:12:01] [INFO]   Atlanta's John Marshall Law School GA listings scraped: 3
[02:12:01] [INFO]   University of Alabama AL listings scraped: 0
[02:12:01] [INFO]   University of Alabama AL listings scraped: 0
[02:12:01] [INFO]   Butler University IN listings scraped: 0
[02:12:01] [INFO]   ↪️  Atlanta Technical College: generic page hands off to taleo
[02:12:01] [INFO]   Spring Hill College AL listings scraped: 0
[02:12:01] [INFO]   ↪️  Alabama College of Osteopathic Medicine override URL applied
[02:12:01] [INFO]   Remington College-Mobile Campus AL listings scraped: 0
[02:12:01] [INFO]   Berry College GA listings scraped: 1
[02:12:01] [INFO]   Augusta University GA listings scraped: 1
[02:12:01] [INFO]   Alabama A & M University AL listings scraped: 0
[02:12:01] [INFO]   Alabama College of Osteopathic Medicine AL listings scraped: 2
[02:12:01] [INFO]   Alabama State University AL listings scraped: 0
[02:12:01] [INFO]   ↪️  Auburn University at Montgomery override URL applied
[02:12:01] [INFO]   University of New Mexico NM listings scraped: 63
[02:12:01] [INFO]   Brenau University GA listings scraped: 0
[02:12:01] [INFO]   Atlanta Technical College GA Taleo listings scraped: 1
[02:12:01] [INFO]   Amridge University AL listings scraped: 0
[02:12:01] [INFO]   University of Mississippi MS listings scraped: 12 (API)
[02:12:01] [INFO]   Athens State University AL listings scraped: 0
[02:12:01] [INFO]   Brewton-Parker College GA listings scraped: 0
[02:12:01] [INFO]   ↪️  Auburn University at Montgomery: scraped 51 listings via scrapeJibeApi
[02:12:01] [INFO]   Delta State University MS listings scraped: 40
[02:12:01] [INFO]   Chattahoochee Technical College GA listings scraped: 0
[02:12:01] [INFO]   Beulah Heights University GA listings scraped: 0
[02:12:01] [INFO]   Millsaps College MS listings scraped: 1
[02:12:01] [INFO]   Mississippi University for Women MS listings scraped: 44
[02:12:01] [INFO]   Alcorn State University MS listings scraped: 1
[02:12:01] [INFO]   Clark Atlanta University GA listings scraped: 0
[02:12:01] [INFO]   Bevill State Community College AL listings scraped: 1
[02:12:01] [INFO]   Central Georgia Technical College GA listings scraped: 0
[02:12:01] [INFO]   Bishop State Community College AL listings scraped: 0
[02:12:01] [INFO]   Clayton State University GA listings scraped: 0
[02:12:01] [INFO]   Central Alabama Community College AL listings scraped: 0
[02:12:01] [INFO]   ↪️  Columbia Theological Seminary override URL applied
[02:12:01] [INFO]   Belhaven University MS listings scraped: 0
[02:12:01] [INFO]   University of Alabama at Birmingham AL listings scraped: 367
[02:12:01] [INFO]   Blue Mountain Christian University MS listings scraped: 0
[02:12:01] [INFO]   ↪️  Faulkner University override URL applied
[02:12:01] [INFO]   Coastal Pines Technical College GA listings scraped: 0
[02:12:01] [INFO]   Coahoma Community College MS listings scraped: 0
[02:12:01] [INFO]   Board of Trustees-Mississippi State Institutions of Higher Learning MS listings scraped: 0
[02:12:01] [INFO]   Coastal Alabama Community College AL listings scraped: 1
[02:12:01] [INFO]   Chattahoochee Valley Community College AL listings scraped: 0
[02:12:01] [INFO]   Faulkner University AL listings scraped: 2
[02:12:01] [INFO]   Columbia Theological Seminary GA listings scraped: 0
[02:12:01] [INFO]   Enterprise State Community College AL listings scraped: 0
[02:12:01] [INFO]   Louisiana State University LA: API failed, falling back to browser
[02:12:01] [INFO]   College of Coastal Georgia GA listings scraped: 0
[02:12:01] [INFO]   Columbus State University GA listings scraped: 0
[02:12:01] [INFO]   East Mississippi Community College MS listings scraped: 0
[02:12:01] [INFO]   Copiah-Lincoln Community College MS listings scraped: 0
[02:12:01] [INFO]   East Central Community College MS listings scraped: 0
[02:12:01] [INFO]   University of Arkansas AR: API failed, falling back to browser
[02:12:01] [INFO]   Baton Rouge General Medical Center School of Nursing & School of Radiologic Technology LA listings scraped: 0
[02:12:01] [INFO]   Louisiana Tech University LA listings scraped: 4
[02:12:01] [INFO]   College of Athens GA listings scraped: 0
[02:12:01] [INFO]   Dillard University LA listings scraped: 0
[02:12:01] [INFO]   Covenant College GA listings scraped: 0
[02:12:01] [INFO]   Cossatot Community College of the University of Arkansas AR listings scraped: 0
[02:12:01] [INFO]   University of Central Arkansas AR listings scraped: 41
[02:12:01] [INFO]   Dalton State College GA listings scraped: 0
[02:12:01] [INFO]   Columbus Technical College GA listings scraped: 0
[02:12:01] [INFO]   Remington College-Lafayette Campus LA listings scraped: 0
[02:12:01] [INFO]   East Georgia State College GA listings scraped: 0
[02:12:01] [INFO]   Remington College-Baton Rouge Campus LA listings scraped: 0
[02:12:01] [INFO]   ↪️  University of Arkansas at Little Rock: generic page hands off to workday
[02:12:01] [INFO]   Remington College-Shreveport Campus LA listings scraped: 0
[02:12:01] [INFO]   Arkansas Baptist College AR listings scraped: 0
[02:12:01] [INFO]   University of Arkansas Hope-Texarkana AR listings scraped: 0
[02:12:01] [INFO]   University of Arkansas at Little Rock AR: API error, falling back to browser - Unexpected token '<', "<!DOCTYPE "... is not valid JSON
[02:12:01] [INFO]   Emory University GA listings scraped: 0
[02:12:01] [INFO]   ↪️  Emory University-Oxford College: generic page hands off to icims
[02:12:01] [INFO]   The Chicago School at Xavier University of Louisiana LA listings scraped: 0
[02:12:01] [INFO]   Fort Valley State University GA listings scraped: 0
[02:12:01] [INFO]   Baton Rouge Community College LA listings scraped: 1
[02:12:01] [INFO]   Arkansas Northeastern College AR listings scraped: 0
[02:12:01] [INFO]   Arkansas Colleges of Health Education AR listings scraped: 0
[02:12:01] [INFO]   Emory University-Oxford College GA listings scraped: 0
[02:12:01] [INFO]   Emory University-Oxford College GA listings scraped: 0
[02:12:01] [INFO]   Bossier Parish Community College LA listings scraped: 0
[02:12:01] [INFO]   Bridges Christian College LA listings scraped: 0
[02:12:01] [INFO]   ↪️  Arkansas State University: generic page hands off to taleo
[02:12:01] [INFO]   Baker University KS listings scraped: 1
[02:12:01] [INFO]   Central Louisiana Technical Community College LA listings scraped: 0
[02:12:01] [INFO]   ↪️  Southwestern College (KS): generic page hands off to paycom
[02:12:01] [INFO]   University of Kansas KS listings scraped: 13
[02:12:01] [INFO]   Kansas State University KS listings scraped: 10
[02:12:01] [INFO]   Centenary College of Louisiana LA listings scraped: 0
[02:12:01] [INFO]   Arkansas State University Mid-South AR listings scraped: 0
[02:12:01] [INFO]   Delgado Community College LA listings scraped: 0
[02:12:01] [INFO]   Barclay College KS listings scraped: 0
[02:12:01] [INFO]   Allen County Community College KS listings scraped: 0
[02:12:01] [INFO]   Arkansas State University AR Taleo listings scraped: 0
[02:12:01] [INFO]   Arkansas State University AR listings scraped: 0
[02:12:01] [INFO]   Barton County Community College KS listings scraped: 0
[02:12:01] [INFO]   Louisiana State University LA listings scraped: 0
[02:12:01] [INFO]   Fletcher Technical Community College LA listings scraped: 0
[02:12:01] [INFO]   Benedictine College KS listings scraped: 4
[02:12:01] [INFO]   Arkansas State University System AR listings scraped: 0
[02:12:01] [INFO]   University of Arkansas AR listings scraped: 0
[02:12:01] [INFO]   Bethel College-North Newton KS listings scraped: 0
[02:12:01] [INFO]   ↪️  Arkansas State University Three Rivers: generic page hands off to taleo
[02:12:01] [INFO]   Butler Community College KS listings scraped: 5
[02:12:01] [INFO]   Franciscan Missionaries of Our Lady University LA listings scraped: 0
[02:12:01] [INFO]   Digital Media Institute LA listings scraped: 0
[02:12:01] [INFO]   Arkansas State University-Beebe AR listings scraped: 1
[02:12:01] [INFO]   Central Christian College of Kansas KS listings scraped: 0
[02:12:01] [INFO]   ↪️  Arkansas State University-Mountain Home: generic page hands off to taleo
[02:12:01] [INFO]   Cleveland University-Kansas City KS listings scraped: 1
[02:12:01] [INFO]   Cloud County Community College KS listings scraped: 0
[02:12:01] [INFO]   Autry Technology Center OK listings scraped: 0
[02:12:01] [INFO]   ↪️  Oklahoma State University: generic page hands off to pageup
[02:12:01] [INFO]   Cameron University OK listings scraped: 7
[02:12:01] [INFO]   Canadian Valley Technology Center OK listings scraped: 1
[02:12:01] [INFO]   Arkansas State University Three Rivers AR Taleo listings scraped: 0
[02:12:01] [INFO]   Arkansas State University Three Rivers AR listings scraped: 0
[02:12:01] [INFO]   Colby Community College KS listings scraped: 0
[02:12:01] [INFO]   University of Arkansas at Little Rock AR listings scraped: 0
[02:12:01] [INFO]   University of Arkansas at Little Rock AR listings scraped: 0
[02:12:01] [INFO]   Coffeyville Community College KS listings scraped: 0
[02:12:01] [INFO]   Oklahoma State University OK listings scraped: 0
[02:12:01] [INFO]   Oklahoma State University OK listings scraped: 0
[02:12:01] [INFO]   Cowley County Community College KS listings scraped: 0
[02:12:01] [INFO]   Arkansas State University-Mountain Home AR Taleo listings scraped: 0
[02:12:01] [INFO]   Arkansas State University-Mountain Home AR listings scraped: 0
[02:12:01] [INFO]   Arkansas Tech University AR listings scraped: 0
[02:12:01] [INFO]   College of the Muscogee Nation OK listings scraped: 0
[02:12:01] [INFO]   Donnelly College KS listings scraped: 0
[02:12:01] [INFO]   Baptist Health College Little Rock AR listings scraped: 0
[02:12:01] [INFO]   Dodge City Community College KS listings scraped: 0
[02:12:01] [INFO]   Arkansas State University-Newport AR listings scraped: 0
[02:12:01] [INFO]   ↪️  Community Care College: generic page hands off to paycom
[02:12:01] [INFO]   ↪️  Crowley's Ridge College override URL applied
[02:12:01] [INFO]   Connors State College OK listings scraped: 0
[02:12:01] [INFO]   Emporia State University KS listings scraped: 0
[02:12:01] [INFO]   Central Baptist College AR listings scraped: 0
[02:12:01] [INFO]   Carl Albert State College OK listings scraped: 0
[02:12:01] [INFO]   Champion Christian College AR listings scraped: 0
[02:12:01] [INFO]   ↪️  Ecclesia College override URL applied
[02:12:01] [INFO]   East Central University OK listings scraped: 0
[02:12:01] [INFO]   Southwestern College (KS) KS listings scraped: 0
[02:12:01] [INFO]   Southwestern College (KS) KS listings scraped: 0
[02:12:01] [INFO]   Fort Hays State University KS listings scraped: 1
[02:12:01] [INFO]   Black River Technical College AR listings scraped: 0
[02:12:01] [INFO]   Flint Hills Technical College KS listings scraped: 0
[02:12:01] [INFO]   East Arkansas Community College AR listings scraped: 3
[02:12:01] [INFO]   Fort Hays State University-Northwest Kansas Technical College KS listings scraped: 1
[02:12:01] [INFO]   Crowley's Ridge College AR listings scraped: 0
[02:12:01] [INFO]   Fort Hays Tech North Central KS listings scraped: 0
[02:12:01] [INFO]   Family of Faith Christian University OK listings scraped: 0
[02:12:01] [INFO]   Eastern Oklahoma State College OK listings scraped: 0
[02:12:01] [INFO]   Ecclesia College AR listings scraped: 0
[02:12:01] [INFO]   Friends University KS listings scraped: 0
[02:12:01] [INFO]   Community Care College OK listings scraped: 9
[02:12:01] [INFO]   Washington University in St. Louis MO: API failed, falling back to browser
[02:12:01] [INFO]   Northern Kentucky University KY listings scraped: 0
[02:12:01] [INFO]   Murray State University KY listings scraped: 24
[02:12:01] [INFO]   Missouri State University MO listings scraped: 9
[02:12:01] [INFO]   Fort Scott Community College KS listings scraped: 0
[02:12:01] [INFO]   ↪️  Remington College-Memphis Campus override URL applied
[02:12:01] [INFO]   Morehead State University KY listings scraped: 33
[02:12:01] [INFO]   ↪️  Remington College-Nashville Campus override URL applied
[02:12:01] [INFO]   ↪️  American Baptist College override URL applied
[02:12:01] [INFO]   Missouri University of Science and Technology MO listings scraped: 1
[02:12:01] [INFO]   Gateway Community and Technical College KY listings scraped: 0
[02:12:01] [INFO]   Alice Lloyd College KY listings scraped: 0
[02:12:01] [INFO]   ↪️  Urshan Graduate School of Theology: generic page hands off to paycom
[02:12:01] [INFO]   Drury University-College of Continuing Professional Studies MO listings scraped: 1
[02:12:01] [INFO]   Middle Tennessee State University TN listings scraped: 26
[02:12:01] [INFO]   ↪️  Austin Peay State University override URL applied
[02:12:01] [INFO]   ↪️  Asbury Theological Seminary: generic page hands off to paycom
[02:12:01] [INFO]   ↪️  American Baptist College: scraped 1 listings via scrapeAdpApi
[02:12:01] [INFO]   ↪️  Remington College-Nashville Campus: scraped 5 listings via scrapeAdpApi
[02:12:01] [INFO]   ↪️  Baptist Health Sciences University override URL applied
[02:12:01] [INFO]   ↪️  Belmont University override URL applied
[02:12:01] [INFO]   Hopkinsville Community College KY listings scraped: 0
[02:12:01] [INFO]   Remington College-Memphis Campus TN listings scraped: 0
[02:12:01] [INFO]   ↪️  Bethel University override URL applied
[02:12:01] [INFO]   Asbury University KY listings scraped: 0
[02:12:01] [INFO]   Ashland Community and Technical College KY listings scraped: 0
[02:12:01] [INFO]   Aquinas Institute of Theology MO listings scraped: 0
[02:12:01] [INFO]   Bethel University TN listings scraped: 6
[02:12:01] [INFO]   ↪️  Bryan College-Dayton override URL applied
[02:12:01] [INFO]   Bellarmine University KY listings scraped: 0
[02:12:01] [INFO]   A T Still University of Health Sciences MO listings scraped: 0
[02:12:01] [INFO]   Baptist Health Sciences University TN listings scraped: 1
[02:12:01] [INFO]   Berea College KY listings scraped: 0
[02:12:01] [INFO]   ↪️  Austin Peay State University: scraped 4 listings via scrapeOracleCloudApi
[02:12:01] [INFO]   ↪️  Chattanooga State Community College override URL applied
[02:12:01] [INFO]   Big Sandy Community and Technical College KY listings scraped: 0
[02:12:01] [INFO]   Urshan Graduate School of Theology MO listings scraped: 2
[02:12:01] [INFO]   Asbury Theological Seminary KY listings scraped: 9
[02:12:01] [INFO]   Bryan College-Dayton TN listings scraped: 0
[02:12:01] [INFO]   Barnes-Jewish College Goldfarb School of Nursing MO listings scraped: 0
[02:12:01] [INFO]   Avila University MO listings scraped: 1
[02:12:01] [INFO]   ↪️  Christian Brothers University override URL applied
[02:12:01] [INFO]   Bluegrass Community and Technical College KY listings scraped: 0
[02:12:01] [INFO]   Brescia University KY listings scraped: 2
[02:12:01] [INFO]   Chattanooga State Community College TN listings scraped: 4
[02:12:01] [INFO]   Carson-Newman University TN listings scraped: 0
[02:12:01] [INFO]   ↪️  Columbia State Community College override URL applied
[02:12:01] [INFO]   Christian Brothers University TN listings scraped: 2
[02:12:01] [INFO]   ↪️  Cumberland University override URL applied
[02:12:01] [INFO]   ↪️  Campbellsville University: generic page hands off to workday
[02:12:01] [INFO]   ↪️  Belmont University: scraped 19 listings via scrapeCsodApi
[02:12:01] [INFO]   Campbellsville University KY: API error, falling back to browser - Unexpected token '<', "<!DOCTYPE "... is not valid JSON
[02:12:01] [INFO]   Calvary University MO listings scraped: 0
[02:12:01] [INFO]   Eastern Kentucky University KY listings scraped: 0
[02:12:01] [INFO]   Centre College KY listings scraped: 0
[02:12:01] [INFO]   Central Christian College of the Bible MO listings scraped: 0
[02:12:01] [INFO]   ↪️  Cleveland State Community College: generic page hands off to pageup
[02:12:01] [INFO]   Clear Creek Baptist Bible College KY listings scraped: 0
[02:12:01] [INFO]   Columbia State Community College TN listings scraped: 1
[02:12:01] [INFO]   ↪️  East Tennessee State University override URL applied
[02:12:01] [INFO]   Cleveland State Community College TN listings scraped: 0
[02:12:01] [INFO]   Cleveland State Community College TN listings scraped: 0
[02:12:01] [INFO]   ↪️  Dyersburg State Community College: generic page hands off to pageup
[02:12:01] [INFO]   Elizabethtown Community and Technical College KY listings scraped: 0
[02:12:01] [INFO]   Central Methodist University-College of Graduate and Extended Studies MO listings scraped: 0
[02:12:01] [INFO]   Central Methodist University-College of Liberal Arts and Sciences MO listings scraped: 0
[02:12:01] [INFO]   Dyersburg State Community College TN listings scraped: 0
[02:12:01] [INFO]   Dyersburg State Community College TN listings scraped: 0
[02:12:01] [INFO]   Washington University in St. Louis MO listings scraped: 0
[02:12:01] [INFO]   ↪️  Freed-Hardeman University override URL applied
[02:12:01] [INFO]   Frontier Nursing University KY listings scraped: 0
[02:12:01] [INFO]   ↪️  East Tennessee State University: scraped 47 listings via scrapeOracleCloudApi
[02:12:01] [INFO]   ↪️  Fisk University: generic page hands off to paycom
[02:12:01] [INFO]   College of the Ozarks MO listings scraped: 0
[02:12:01] [INFO]   Bolivar Technical College MO listings scraped: 0
[02:12:01] [INFO]   Freed-Hardeman University TN listings scraped: 5
[02:12:01] [INFO]   Conception Seminary College MO listings scraped: 0
[02:12:01] [INFO]   City Vision University MO listings scraped: 0
[02:12:01] [INFO]   ↪️  Cumberland University: scraped 7 listings via scrapePaycomApi
[02:12:01] [INFO]   Concordia Seminary MO listings scraped: 0
[02:12:01] [INFO]   Cottey College MO listings scraped: 0
[02:12:01] [INFO]   Covenant Theological Seminary MO listings scraped: 0
[02:12:01] [INFO]   Crowder College MO listings scraped: 0
[02:12:01] [INFO]   Cox College MO listings scraped: 0
[02:12:01] [INFO]   Culver-Stockton College MO listings scraped: 0
[02:12:01] [INFO]   Drury University MO listings scraped: 1
[02:12:01] [INFO]   East Central College MO listings scraped: 0
[02:12:01] [INFO]   Eden Theological Seminary MO listings scraped: 0
[02:12:01] [INFO]   Evangel University MO listings scraped: 0
[02:12:01] [INFO]   Evangel University-College of Online Learning MO listings scraped: 0
[02:12:01] [INFO]   Evangel University-James River Assembly of God Church MO listings scraped: 0
[02:12:01] [INFO]   Campbellsville University KY listings scraped: 0
[02:12:01] [INFO]   Campbellsville University KY listings scraped: 0
[02:12:01] [INFO]   Fontbonne University MO listings scraped: 0
[02:12:01] [INFO]   ↪️  Alaska Pacific University override URL applied
[02:12:01] [INFO]   Alaska Pacific University AK listings scraped: 1
[02:12:01] [INFO]   Alaska Bible College AK listings scraped: 0
[02:12:01] [INFO]   University of Alaska System AK listings scraped: 18
[02:12:01] [INFO]   Chaminade University of Honolulu HI listings scraped: 1
[02:12:01] [INFO]   University of Hawaii System HI listings scraped: 10
[02:12:01] [INFO]   Brigham Young University-Hawaii HI listings scraped: 0
[02:12:01] [INFO]   Texas Tech University TX: API failed, falling back to browser
[02:12:01] [INFO]   University of Texas at Austin TX: API error, falling back to browser - Unexpected token '<', "<!DOCTYPE "... is not valid JSON
[02:12:01] [INFO]   Alaska Christian College AK listings scraped: 0
[02:12:01] [INFO]   Florida Atlantic University FL: API error, falling back to browser - Unexpected token '<', "<!DOCTYPE "... is not valid JSON
[02:12:01] [INFO]   Fisk University TN listings scraped: 0
[02:12:01] [INFO]   Fisk University TN listings scraped: 0
[02:12:01] [INFO]   Texas A&M University TX listings scraped: 70
[02:12:01] [INFO]   University of South Florida FL listings scraped (REST): 24
[02:12:01] [INFO]   University of North Florida FL: API error, falling back to browser - Unexpected token '<', "<!DOCTYPE "... is not valid JSON
[02:12:01] [INFO]   University of Texas at Arlington TX listings scraped: 88
[02:12:01] [INFO]   University of Texas at Dallas TX listings scraped: 94
[02:12:01] [INFO]   Florida State University FL listings scraped: 4
[02:12:01] [INFO]   University of Miami FL: API error, falling back to browser - Unexpected token '<', "<!DOCTYPE "... is not valid JSON
[02:12:01] [INFO]   University of North Texas TX listings scraped: 0
[02:12:01] [INFO]   Rice University TX listings scraped: 0
[02:12:01] [INFO]   Florida International University FL listings scraped: 0
[02:12:01] [INFO]   Baylor University TX listings scraped: 17
[02:12:01] [INFO]   Texas Christian University TX: API failed, falling back to browser
[02:12:01] [INFO]   Nova Southeastern University FL listings scraped: 0
[02:12:01] [INFO]   Rollins College FL listings scraped: 0
[02:12:01] [INFO]   Eckerd College FL listings scraped: 0
[02:12:01] [INFO]   Stetson University FL listings scraped: 0
[02:12:01] [INFO]   New College of Florida FL listings scraped: 0
[02:12:01] [INFO]   University of Texas at Austin TX listings scraped: 0
[02:12:01] [INFO]   Trinity University TX: API error, falling back to browser - Unexpected token '<', "<!DOCTYPE "... is not valid JSON
[02:12:01] [INFO]   Texas Tech University TX listings scraped: 0
[02:12:01] [INFO]   Florida Atlantic University FL listings scraped: 0
[02:12:01] [INFO]   Florida Southern College FL listings scraped: 12
[02:12:01] [INFO]   Jacksonville University FL listings scraped: 0
[02:12:01] [INFO]   University of North Florida FL listings scraped: 0
[02:12:01] [INFO]   H W Brewster Technical College FL listings scraped: 0
[02:12:01] [INFO]   Erwin Technical College FL listings scraped: 0
[02:12:01] [INFO]   University of Miami FL listings scraped: 0
[02:12:01] [INFO]   Abilene Christian University-Undergraduate Online TX listings scraped: 0
[02:12:01] [INFO]   Orange Technical College-East Campus FL listings scraped: 0
[02:12:01] [INFO]   Orange Technical College-West Campus FL listings scraped: 0
[02:12:01] [INFO]   Riveroak Technical College FL listings scraped: 0
[02:12:01] [INFO]   Texas Christian University TX listings scraped: 0
[02:12:01] [INFO]   Suncoast Technical College FL listings scraped: 0
[02:12:01] [INFO]   Academy for Nursing and Health Occupations FL listings scraped: 0
[02:12:01] [INFO]   Academy for Five Element Acupuncture FL listings scraped: 0
[02:12:01] [INFO]   Alamo Community College District Central Office TX listings scraped: 0
[02:12:01] [INFO]   Dallas College TX listings scraped: 0
[02:12:01] [INFO]   Albizu University-Miami FL listings scraped: 0
[02:12:01] [INFO]   AdventHealth University FL listings scraped: 0
[02:12:01] [INFO]   Ana G. Mendez University FL listings scraped: 0
[02:12:01] [INFO]   Northeast Lakeview College TX listings scraped: 0
[02:12:01] [INFO]   Laredo College TX listings scraped: 0
[02:12:01] [INFO]   Atlantic Technical College FL listings scraped: 0
[02:12:01] [INFO]   Ave Maria University FL listings scraped: 0
[02:12:01] [INFO]   Atlantic Institute of Oriental Medicine FL listings scraped: 0
[02:12:01] [INFO]   Ave Maria School of Law FL listings scraped: 1
[02:12:01] [INFO]   Northwest Vista College TX listings scraped: 0
[02:12:01] [INFO]   Palo Alto College TX listings scraped: 0
[02:12:01] [INFO]   Trinity University TX listings scraped: 0
[02:12:01] [INFO]   Baptist University of Florida FL listings scraped: 0
[02:12:01] [INFO]   Bethune-Cookman University FL listings scraped: 0
[02:12:01] [INFO]   Beacon College FL listings scraped: 0
[02:12:01] [INFO]   Barry University FL listings scraped: 4
[02:12:01] [INFO]   Remington College-Fort Worth Campus TX listings scraped: 0
[02:12:01] [INFO]   Remington College-Dallas Campus TX listings scraped: 0
[02:12:01] [INFO]   Southern Methodist University TX Taleo listings scraped: 0
[02:12:01] [INFO]   Remington College-Houston Southeast Campus TX listings scraped: 0
[02:12:01] [INFO]   Broward College FL listings scraped: 0
[02:12:01] [INFO]   Daytona State College FL listings scraped: 0
[02:12:01] [INFO]   Chipola College FL listings scraped: 0
[02:12:01] [INFO]   San Antonio College TX listings scraped: 0
[02:12:01] [INFO]   Remington College-Online Dallas TX listings scraped: 0
[02:12:01] [INFO]   Remington College-North Houston Campus TX listings scraped: 0
[02:12:01] [INFO]   Southwest College for the Deaf TX listings scraped: 0
[02:12:01] [INFO]   Doral College FL listings scraped: 0
[02:12:01] [INFO]   Eastern Florida State College FL listings scraped: 0
[02:12:01] [INFO]   Edward Waters University FL listings scraped: 0
[02:12:01] [INFO]   St Philip's College TX listings scraped: 0
[02:12:01] [INFO]   The Chicago School-College of Nursing TX listings scraped: 0
[02:12:01] [INFO]   The Chicago School at Dallas TX listings scraped: 0
[02:12:01] [INFO]   Embry-Riddle Aeronautical University-Daytona Beach FL listings scraped: 0
[02:12:01] [INFO]   Embry-Riddle Aeronautical University-Worldwide FL listings scraped: 0
[02:12:01] [INFO]   Abilene Christian University TX listings scraped: 0
[02:12:01] [INFO]   Alvin Community College TX listings scraped: 1
[02:12:01] [INFO]   Everglades University FL listings scraped: 0
[02:12:01] [INFO]   Amarillo College TX listings scraped: 0
[02:12:01] [INFO]   Covenant School of Nursing and Allied Health TX listings scraped: 0
[02:12:01] [INFO]   Flagler College FL listings scraped: 0
[02:12:01] [INFO]   Amberton University TX listings scraped: 0
[02:12:01] [INFO]   Flagler Technical College FL listings scraped: 0
[02:12:01] [INFO]   Angelina College TX listings scraped: 0
[02:12:01] [INFO]   Angelo State University TX listings scraped: 0
[02:12:01] [INFO]   Florida Agricultural and Mechanical University FL listings scraped: 0
[02:12:01] [INFO]   Arlington Baptist University TX listings scraped: 0
[02:12:01] [INFO]   Florida College FL listings scraped: 0
[02:12:01] [INFO]   Florida Gateway College FL listings scraped: 0
[02:12:01] [INFO]   Austin College TX listings scraped: 0
[02:12:01] [INFO]   Austin Community College District TX listings scraped: 0
[02:12:01] [INFO]   Florida Gulf Coast University FL listings scraped: 1
[02:12:01] [INFO]   College of Central Florida FL listings scraped: 0
[02:12:01] [INFO]   ↪️  Austin Presbyterian Theological Seminary: generic page hands off to paycom
[02:12:01] [INFO]   Bakke Graduate University TX listings scraped: 0
[02:12:01] [INFO]   ↪️  Florida Institute of Technology: generic page hands off to workday
[02:12:01] [INFO]   ↪️  Florida Institute of Technology-Online: generic page hands off to workday
[02:12:01] [INFO]   Florida Institute of Technology FL: API error, falling back to browser - Unexpected token '<', "<!DOCTYPE "... is not valid JSON
[02:12:01] [INFO]   Florida Institute of Technology-Online FL: API error, falling back to browser - Unexpected token '<', "<!DOCTYPE "... is not valid JSON
[02:12:01] [INFO]   Florida Memorial University FL listings scraped: 0
[02:12:01] [INFO]   Florida Polytechnic University FL listings scraped: 0
[02:12:01] [INFO]   Baylor College of Medicine TX listings scraped: 1
[02:12:01] [INFO]   Baptist University of the Americas TX listings scraped: 0
[02:12:01] [INFO]   Austin Presbyterian Theological Seminary TX listings scraped: 2
[02:12:01] [INFO]   Florida SouthWestern State College FL listings scraped: 0
[02:12:01] [INFO]   Florida State College at Jacksonville FL listings scraped: 0
[02:12:01] [INFO]   Brazosport College TX listings scraped: 0
[02:12:01] [INFO]   Baptist Missionary Association Theological Seminary TX listings scraped: 0
[02:12:01] [INFO]   ↪️  Blinn College District: generic page hands off to csod
[02:12:01] [INFO]   Brite Divinity School TX listings scraped: 3
[02:12:01] [INFO]   ↪️  Central Texas College: generic page hands off to schooljobs
[02:12:01] [INFO]   Cisco College TX listings scraped: 0
[02:12:01] [INFO]   Fort Myers Technical College FL listings scraped: 0
[02:12:01] [INFO]   Central Texas College TX listings scraped: 0
[02:12:01] [INFO]   Central Texas College TX listings scraped: 0
[02:12:01] [INFO]   Clarendon College TX listings scraped: 0
[02:12:01] [INFO]   Christ Mission College TX listings scraped: 0
[02:12:01] [INFO]   College of the Mainland TX listings scraped: 0
[02:12:01] [INFO]   College of Biblical Studies-Houston TX listings scraped: 0
[02:12:01] [INFO]   Coastal Bend College TX listings scraped: 0
[02:12:01] [INFO]   Collin County Community College District TX listings scraped: 1
[02:12:01] [INFO]   Concordia University Texas TX listings scraped: 0
[02:12:01] [INFO]   Commonwealth Institute of Funeral Service TX listings scraped: 0
[02:12:01] [INFO]   Florida Institute of Technology-Online FL listings scraped: 0
[02:12:01] [INFO]   Florida Institute of Technology FL listings scraped: 0
[02:12:01] [INFO]   Florida Institute of Technology-Online FL listings scraped: 0
[02:12:01] [INFO]   Florida Institute of Technology FL listings scraped: 0
[02:12:01] [INFO]   Criswell College TX listings scraped: 0
[02:12:01] [INFO]   Blinn College District TX listings scraped: 12
[02:12:01] [INFO]   Dallas Baptist University TX listings scraped: 0
[02:12:01] [INFO]   Dallas Christian College TX listings scraped: 0
[02:12:01] [INFO]   Del Mar College TX listings scraped: 0
[02:12:01] [INFO]   Dallas Institute of Funeral Service TX listings scraped: 0
[02:12:01] [INFO]   Dallas Theological Seminary TX listings scraped: 0
[02:12:01] [INFO]   East Texas A&M University TX listings scraped: 1
[02:12:01] [INFO]   East Texas Baptist University TX listings scraped: 0
[02:12:01] [INFO]   El Paso Community College TX listings scraped: 0
[02:12:01] [INFO]   Episcopal Theological Seminary of the Southwest TX listings scraped: 0
[02:12:01] [INFO]   Frank Phillips College TX listings scraped: 1
[02:12:01] [INFO]   🔍 Global faculty filter: 10573 → 5858 (removed 4715 non-faculty jobs)
[02:12:01] [INFO]   🧾 Policy exclusions: 5858 → 5833 (removed 25 jobs)
[02:12:01] [INFO]   📡 Calling local summarizer for 5833 jobs
[02:12:01] [INFO]   📦 Using 0 cached summaries, 5833 jobs need AI processing
[02:12:01] [INFO]   📡 Checking 1 summarizer endpoint(s)...
[02:12:01] [INFO]   📡 Summarizer endpoints: 0 active, 1 unreachable
[02:12:01] [INFO]   🔗 Canonicalized job URLs: 719 updated, 0 invalid removed
[02:12:01] [INFO]   ✂️  Normalized 1037 job titles
[02:12:01] [INFO]   🧬 Assigned canonical IDs for 5807 jobs
[02:12:01] [INFO]   🧹 Quality gates dropped 9 listings
[02:12:01] [INFO]   📄 Wrote C:\Users\StevenAzeka\OneDrive\Documents\GitHub\Faculty-Jobs\generated\post-quality-report.json
[02:12:01] [INFO]   ⚰️  Filtered 20 confirmed-dead URL(s) from scrape
[02:12:01] [INFO]   🧬 Preserved enrichment: filled 27895 field(s) across 5685 job(s) (6135 matched previous snapshot)
[02:12:01] [INFO]   ✅ Wrote C:\Users\StevenAzeka\OneDrive\Documents\GitHub\Faculty-Jobs\docs\jobs.json (6202 jobs)
[02:12:01] [INFO]   ✅ Wrote C:\Users\StevenAzeka\OneDrive\Documents\GitHub\Faculty-Jobs\public\jobs.json (6202 jobs)
[02:12:01] [INFO]   ✅ Wrote C:\Users\StevenAzeka\OneDrive\Documents\GitHub\Faculty-Jobs\web-vue\public\jobs.json (6202 jobs)
[02:12:01] [INFO]   [stderr] ❌ Chandler-Gilbert Community College AZ scrape failed: page.goto: net::ERR_NAME_NOT_RESOLVED at https://www.cgc.maricopa.edu/
[02:12:01] [INFO]   [stderr] Call log:
[02:12:01] [INFO]   [stderr] [2m  - navigating to "https://www.cgc.maricopa.edu/", waiting until "domcontentloaded"[22m
[02:12:01] [INFO]   [stderr] 
[02:12:01] [INFO]   [stderr] ❌ UMass Lowell UMass scrape failed: page.goto: net::ERR_CONNECTION_RESET at https://explorejobs.uml.edu/lowell/en-us/filter/?job-mail-subscribe-privacy=agree&search-keyword=&work-type=faculty%20full%20time
[02:12:01] [INFO]   [stderr] Call log:
[02:12:01] [INFO]   [stderr] [2m  - navigating to "https://explorejobs.uml.edu/lowell/en-us/filter/?job-mail-subscribe-privacy=agree&search-keyword=&work-type=faculty%20full%20time", waiting until "domcontentloaded"[22m
[02:12:01] [INFO]   [stderr] 
[02:12:01] [INFO]   [stderr] ❌ Stanford University CA Private scrape failed: page.goto: net::ERR_CONNECTION_RESET at https://facultypositions.stanford.edu/en-us/listing/
[02:12:01] [INFO]   [stderr] Call log:
[02:12:01] [INFO]   [stderr] [2m  - navigating to "https://facultypositions.stanford.edu/en-us/listing/", waiting until "domcontentloaded"[22m
[02:12:01] [INFO]   [stderr] 
[02:12:01] [INFO]   [stderr] ❌ Academy of Chinese Culture and Health Sciences CA Private scrape failed: page.goto: net::ERR_NAME_NOT_RESOLVED at https://www.acchs.edu/faculty/jobs
[02:12:01] [INFO]   [stderr] Call log:
[02:12:01] [INFO]   [stderr] [2m  - navigating to "https://www.acchs.edu/faculty/jobs", waiting until "domcontentloaded"[22m
[02:12:01] [INFO]   [stderr] 
[02:12:01] [INFO]   [stderr] ❌ Stockton University NJ scrape failed: page.goto: net::ERR_CONNECTION_RESET at https://employment.stockton.edu/jobs/search?page=1&employment_type_uids%5B%5D=fbab94e63ae2bac64f314b271869e32d&query=
[02:12:01] [INFO]   [stderr] Call log:
[02:12:01] [INFO]   [stderr] [2m  - navigating to "https://employment.stockton.edu/jobs/search?page=1&employment_type_uids%5B%5D=fbab94e63ae2bac64f314b271869e32d&query=", waiting until "domcontentloaded"[22m
[02:12:01] [INFO]   [stderr] 
[02:12:01] [INFO]   [stderr] ❌ America Evangelical University CA Private scrape failed: page.goto: net::ERR_CONNECTION_TIMED_OUT at https://www.aeu.edu/
[02:12:01] [INFO]   [stderr] Call log:
[02:12:01] [INFO]   [stderr] [2m  - navigating to "https://www.aeu.edu/", waiting until "domcontentloaded"[22m
[02:12:01] [INFO]   [stderr] 
[02:12:01] [INFO]   [stderr] ❌ Anna Maria College MA scrape failed: page.goto: net::ERR_CONNECTION_TIMED_OUT at https://www.annamaria.edu/
[02:12:01] [INFO]   [stderr] Call log:
[02:12:01] [INFO]   [stderr] [2m  - navigating to "https://www.annamaria.edu/", waiting until "domcontentloaded"[22m
[02:12:01] [INFO]   [stderr] 
[02:12:01] [INFO]   [stderr] ❌ Bais Medrash Toras Chesed NJ scrape failed: page.goto: net::ERR_SSL_VERSION_OR_CIPHER_MISMATCH at https://www.bmtc.edu/
[02:12:01] [INFO]   [stderr] Call log:
[02:12:01] [INFO]   [stderr] [2m  - navigating to "https://www.bmtc.edu/", waiting until "domcontentloaded"[22m
[02:12:01] [INFO]   [stderr] 
[02:12:01] [INFO]   [stderr] ❌ Seton Hall University NJ scrape failed: page.goto: net::ERR_CONNECTION_RESET at https://jobs.shu.edu/cw/en-us/listing/?page=9&page-items=20
[02:12:01] [INFO]   [stderr] Call log:
[02:12:01] [INFO]   [stderr] [2m  - navigating to "https://jobs.shu.edu/cw/en-us/listing/?page=9&page-items=20", waiting until "domcontentloaded"[22m
[02:12:01] [INFO]   [stderr] 
[02:12:01] [INFO]   [stderr] ❌ Eastern Nazarene College MA scrape failed: page.goto: net::ERR_CERT_DATE_INVALID at https://www.enc.edu/
[02:12:01] [INFO]   [stderr] Call log:
[02:12:01] [INFO]   [stderr] [2m  - navigating to "https://www.enc.edu/", waiting until "domcontentloaded"[22m
[02:12:01] [INFO]   [stderr] 
[02:12:01] [INFO]   [stderr] ❌ Carolinas College of Health Sciences NC scrape failed: page.goto: net::ERR_CERT_COMMON_NAME_INVALID at https://www.carolinascollege.edu/
[02:12:01] [INFO]   [stderr] Call log:
[02:12:01] [INFO]   [stderr] [2m  - navigating to "https://www.carolinascollege.edu/", waiting until "domcontentloaded"[22m
[02:12:01] [INFO]   [stderr] 
[02:12:01] [INFO]   [stderr] ❌ Michigan Technological University MI scrape failed: page.goto: net::ERR_CONNECTION_RESET at https://www.employment.mtu.edu/cw/en-us/filter/?search-keyword=&work-type=faculty
[02:12:01] [INFO]   [stderr] Call log:
[02:12:01] [INFO]   [stderr] [2m  - navigating to "https://www.employment.mtu.edu/cw/en-us/filter/?search-keyword=&work-type=faculty", waiting until "domcontentloaded"[22m
[02:12:01] [INFO]   [stderr] 
[02:12:01] [INFO]   [stderr] ❌ Foothill-De Anza Community College District CA Private Taleo scrape failed: page.goto: net::ERR_CONNECTION_TIMED_OUT at https://ch.tbe.taleo.net/CH17/ats/careers/jobSearch.jsp?org=FHDA&cws=1
[02:12:01] [INFO]   [stderr] Call log:
[02:12:01] [INFO]   [stderr] [2m  - navigating to "https://ch.tbe.taleo.net/CH17/ats/careers/jobSearch.jsp?org=FHDA&cws=1", waiting until "networkidle"[22m
[02:12:01] [INFO]   [stderr] 
[02:12:01] [INFO]   [stderr] ❌ Linfield University OR scrape failed: page.goto: net::ERR_NAME_NOT_RESOLVED at https://careers.linfield.edu/
[02:12:01] [INFO]   [stderr] Call log:
[02:12:01] [INFO]   [stderr] [2m  - navigating to "https://careers.linfield.edu/", waiting until "domcontentloaded"[22m
[02:12:01] [INFO]   [stderr] 
[02:12:01] [INFO]   [stderr] ❌ University of Oregon OR scrape failed: page.goto: net::ERR_CONNECTION_RESET at https://careers.uoregon.edu/en-us/filter/?job-mail-subscribe-privacy=agree&search-keyword=&work-type=faculty%20-%20tenure%20track
[02:12:01] [INFO]   [stderr] Call log:
[02:12:01] [INFO]   [stderr] [2m  - navigating to "https://careers.uoregon.edu/en-us/filter/?job-mail-subscribe-privacy=agree&search-keyword=&work-type=faculty%20-%20tenure%20track", waiting until "domcontentloaded"[22m
[02:12:01] [INFO]   [stderr] 
[02:12:01] [INFO]   [stderr] ❌ Finger Lakes Community College NY scrape failed: page.goto: net::ERR_CONNECTION_RESET at https://www.flcc.edu/
[02:12:01] [INFO]   [stderr] Call log:
[02:12:01] [INFO]   [stderr] [2m  - navigating to "https://www.flcc.edu/", waiting until "domcontentloaded"[22m
[02:12:01] [INFO]   [stderr] 
[02:12:01] [INFO]   [stderr] ❌ Beloit College WI scrape failed: page.goto: net::ERR_NAME_NOT_RESOLVED at https://employment.beloit.edu/en-us/listing/
[02:12:01] [INFO]   [stderr] Call log:
[02:12:01] [INFO]   [stderr] [2m  - navigating to "https://employment.beloit.edu/en-us/listing/", waiting until "domcontentloaded"[22m
[02:12:01] [INFO]   [stderr] 
[02:12:01] [INFO]   [stderr] ❌ Colorado State University-Fort Collins CO scrape failed: page.goto: net::ERR_CONNECTION_RESET at https://colostate.edu/
[02:12:01] [INFO]   [stderr] Call log:
[02:12:01] [INFO]   [stderr] [2m  - navigating to "https://colostate.edu/", waiting until "domcontentloaded"[22m
[02:12:01] [INFO]   [stderr] 
[02:12:01] [INFO]   [stderr] ❌ Boise State University ID scrape failed: page.goto: net::ERR_CONNECTION_RESET at https://jobs.boisestate.edu/en-us/filter/?job-mail-subscribe-privacy=agree&search-keyword=&work-type=faculty
[02:12:01] [INFO]   [stderr] Call log:
[02:12:01] [INFO]   [stderr] [2m  - navigating to "https://jobs.boisestate.edu/en-us/filter/?job-mail-subscribe-privacy=agree&search-keyword=&work-type=faculty", waiting until "domcontentloaded"[22m
[02:12:01] [INFO]   [stderr] 
[02:12:01] [INFO]   [stderr] ❌ University of Notre Dame IN scrape failed: page.goto: net::ERR_SSL_UNRECOGNIZED_NAME_ALERT at https://jobs.nd.edu/
[02:12:01] [INFO]   [stderr] Call log:
[02:12:01] [INFO]   [stderr] [2m  - navigating to "https://jobs.nd.edu/", waiting until "domcontentloaded"[22m
[02:12:01] [INFO]   [stderr] 
[02:12:01] [INFO]   [stderr] ❌ Carver Career Center WV scrape failed: page.goto: net::ERR_CERT_COMMON_NAME_INVALID at https://www.carvercareercenter.edu/
[02:12:01] [INFO]   [stderr] Call log:
[02:12:01] [INFO]   [stderr] [2m  - navigating to "https://www.carvercareercenter.edu/", waiting until "domcontentloaded"[22m
[02:12:01] [INFO]   [stderr] 
[02:12:01] [INFO]   [stderr] ❌ Kennesaw State University GA scrape failed: page.goto: net::ERR_CONNECTION_TIMED_OUT at https://kennesaw.peopleadmin.com/postings/search?utf8=%E2%9C%93&query=&query_v0_posted_at_date=&query_position_type_id%5B%5D=3&commit=Search
[02:12:01] [INFO]   [stderr] Call log:
[02:12:01] [INFO]   [stderr] [2m  - navigating to "https://kennesaw.peopleadmin.com/postings/search?utf8=%E2%9C%93&query=&query_v0_posted_at_date=&query_position_type_id%5B%5D=3&commit=Search", waiting until "domcontentloaded"[22m
[02:12:01] [INFO]   [stderr] 
[02:12:01] [INFO]   [stderr] ❌ Emmanuel University GA scrape failed: page.goto: net::ERR_SSL_VERSION_OR_CIPHER_MISMATCH at https://www.ec.edu/
[02:12:01] [INFO]   [stderr] Call log:
[02:12:01] [INFO]   [stderr] [2m  - navigating to "https://www.ec.edu/", waiting until "domcontentloaded"[22m
[02:12:01] [INFO]   [stderr] 
[02:12:01] [INFO]   [stderr] ❌ Academy of Interactive Entertainment LA scrape failed: page.goto: net::ERR_CONNECTION_REFUSED at https://lafayette.aie.edu/
[02:12:01] [INFO]   [stderr] Call log:
[02:12:01] [INFO]   [stderr] [2m  - navigating to "https://lafayette.aie.edu/", waiting until "domcontentloaded"[22m
[02:12:01] [INFO]   [stderr] 
[02:12:01] [INFO]   [stderr] ❌ Bacone College OK scrape failed: page.goto: net::ERR_NAME_NOT_RESOLVED at https://www.bacone.edu/
[02:12:01] [INFO]   [stderr] Call log:
[02:12:01] [INFO]   [stderr] [2m  - navigating to "https://www.bacone.edu/", waiting until "domcontentloaded"[22m
[02:12:01] [INFO]   [stderr] 
[02:12:01] [INFO]   [stderr] ❌ University of Houston TX scrape failed: page.goto: net::ERR_CONNECTION_RESET at https://careers.uh.edu/jobs/search?page=1
[02:12:01] [INFO]   [stderr] Call log:
[02:12:01] [INFO]   [stderr] [2m  - navigating to "https://careers.uh.edu/jobs/search?page=1", waiting until "domcontentloaded"[22m
[02:12:01] [INFO]   [stderr] 
[02:12:01] [INFO]   [stderr] ❌ University of Central Florida FL scrape failed: page.goto: net::ERR_CONNECTION_RESET at https://jobs.ucf.edu/
[02:12:01] [INFO]   [stderr] Call log:
[02:12:01] [INFO]   [stderr] [2m  - navigating to "https://jobs.ucf.edu/", waiting until "domcontentloaded"[22m
[02:12:01] [INFO]   [stderr] 
[02:12:01] [INFO]   [stderr] ❌ University of Florida FL scrape failed: page.goto: net::ERR_CONNECTION_RESET at https://explore.jobs.ufl.edu/en-us/listing/
[02:12:01] [INFO]   [stderr] Call log:
[02:12:01] [INFO]   [stderr] [2m  - navigating to "https://explore.jobs.ufl.edu/en-us/listing/", waiting until "domcontentloaded"[22m
[02:12:01] [INFO]   [stderr] 
[02:12:01] [INFO]   [stderr] ❌ Polytechnic University of Puerto Rico-Miami FL scrape failed: page.goto: net::ERR_CERT_DATE_INVALID at https://www.pupr.edu/miami/
[02:12:01] [INFO]   [stderr] Call log:
[02:12:01] [INFO]   [stderr] [2m  - navigating to "https://www.pupr.edu/miami/", waiting until "domcontentloaded"[22m
[02:12:01] [INFO]   [stderr] 
[02:12:01] [INFO]   [stderr] ❌ Polytechnic University of Puerto Rico-Orlando FL scrape failed: page.goto: net::ERR_CERT_DATE_INVALID at https://www.pupr.edu/orlando
[02:12:01] [INFO]   [stderr] Call log:
[02:12:01] [INFO]   [stderr] [2m  - navigating to "https://www.pupr.edu/orlando", waiting until "domcontentloaded"[22m
[02:12:01] [INFO]   [stderr] 
[02:12:01] [INFO]   [stderr] ❌ Southwestern University TX scrape failed: page.goto: net::ERR_CONNECTION_RESET at https://www.southwestern.edu/human-resources/career-opportunities/
[02:12:01] [INFO]   [stderr] Call log:
[02:12:01] [INFO]   [stderr] [2m  - navigating to "https://www.southwestern.edu/human-resources/career-opportunities/", waiting until "domcontentloaded"[22m
[02:12:01] [INFO]   [stderr] 
[02:12:01] [INFO]   [stderr] ❌ Dragon Rises College of Oriental Medicine FL scrape failed: page.goto: net::ERR_CERT_AUTHORITY_INVALID at https://www.dragonrises.edu/
[02:12:01] [INFO]   [stderr] Call log:
[02:12:01] [INFO]   [stderr] [2m  - navigating to "https://www.dragonrises.edu/", waiting until "domcontentloaded"[22m
[02:12:01] [INFO]   [stderr] 
[02:12:01] [INFO]   [stderr] ❌ Christian Theological Seminary IN scrape failed: page.goto: Timeout 60000ms exceeded.
[02:12:01] [INFO]   [stderr] Call log:
[02:12:01] [INFO]   [stderr] [2m  - navigating to "https://www.cts.edu/", waiting until "domcontentloaded"[22m
[02:12:01] [INFO]   [stderr] 
[02:12:01] [INFO]   [stderr]    ⚠️  Unreachable: http://127.0.0.1:9000/summarize
[02:12:01] [INFO]   [stderr] ❌ No summarizer endpoints reachable — skipping AI enrichment
[02:12:01] [INFO]   [stderr] 🩹 Healed 3 cratered source(s), restored 450 jobs from previous snapshot:
[02:12:01] [INFO]   [stderr]    - NV: 0 → restored to 61 (baseline 61)
[02:12:01] [INFO]   [stderr]    - LA: 5 → restored to 40 (baseline 40)
[02:12:01] [INFO]   [stderr]    - FL: 21 → restored to 349 (baseline 349)
[02:12:01] [INFO]   [stderr]    Report written to C:\Users\StevenAzeka\OneDrive\Documents\GitHub\Faculty-Jobs\generated\source-heal-report.json
[02:12:01] [OK] Scrape succeeded.
[02:12:01] [INFO] 
[02:12:01] [INFO] --------------------------------------------------
[02:12:01] [INFO]   Step 2/8 - Track job presence (stamp firstSeen, purge expired)
[02:12:01] [INFO] --------------------------------------------------
[02:12:01] [INFO] Running: C:\Program Files\nodejs\npm.cmd run agent:job-presence
[02:12:02] [INFO]   
[02:12:02] [INFO]   > faculty-jobs@1.0.0 agent:job-presence
[02:12:02] [INFO]   > node scripts/agent-job-presence.js
[02:12:02] [INFO]   
[02:12:02] [INFO]   
[02:12:02] [INFO]   Faculty Atlas - Job Presence Agent
[02:12:02] [INFO]     Config        : expiry-days=7
[02:12:02] [INFO]   
[02:12:02] [INFO]     Jobs seen today  : 6,202
[02:12:02] [INFO]     Jobs tracked     : 7,049
[02:12:02] [INFO]     Jobs to purge    : 0
[02:12:03] [INFO]     New today        : 39
[02:12:03] [INFO]     New this week    : 458
[02:12:03] [INFO]   
[02:12:03] [INFO]     docs/jobs.json updated.
[02:12:03] [INFO]   
[02:12:03] [INFO]     public/jobs.json updated.
[02:12:03] [INFO]     generated/job-presence.json saved.
[02:12:03] [INFO]     generated/job-presence-report.json saved.
[02:12:03] [INFO]     data/site-stats.json saved (docs + public + web-vue).
[02:12:03] [OK] Job presence succeeded.
[02:12:03] [INFO] 
[02:12:03] [INFO] --------------------------------------------------
[02:12:03] [INFO]   Step 3/8 - Enrich new jobs (discipline/positionType/tenureTrack via local Ollama)
[02:12:03] [INFO] --------------------------------------------------
[02:12:03] [INFO] Running: C:\Program Files\nodejs\npm.cmd run agent:enrich -- --max 1500 --batch-size 6
[02:19:09] [INFO]   
[02:19:09] [INFO]   > faculty-jobs@1.0.0 agent:enrich
[02:19:09] [INFO]   > node scripts/agent-job-enrichment.js --max 1500 --batch-size 6
[02:19:09] [INFO]   
[02:19:09] [INFO]   
[02:19:09] [INFO]   Faculty Atlas - Job Enrichment Agent
[02:19:09] [INFO]     Backend: Ollama (qwen2.5:7b @ localhost:11434)
[02:19:09] [INFO]   
[02:19:09] [INFO]     Total jobs       : 6,202
[02:19:09] [INFO]     Already enriched : 5,608
[02:19:09] [INFO]     To process now   : 594 (max 1500)
[02:19:09] [INFO]     Batch size       : 6
[02:19:09] [INFO]     Concurrency      : 1
[02:19:09] [INFO]     Batch 1/99 (6 jobs)... done (+6)
[02:19:09] [INFO]     Batch 2/99 (6 jobs)... mismatch, splitting into 3+3
[02:19:09] [INFO]     Batch 2/99 (6 jobs) ↳... mismatch, splitting into 2+1
[02:19:09] [INFO]     Batch 2/99 (6 jobs) ↳ ↳... done (+2)
[02:19:09] [INFO]     Batch 2/99 (6 jobs) ↳ ↳... done (+1)
[02:19:09] [INFO]     Batch 2/99 (6 jobs) ↳... mismatch, splitting into 2+1
[02:19:09] [INFO]     Batch 2/99 (6 jobs) ↳ ↳... done (+2)
[02:19:09] [INFO]     Batch 2/99 (6 jobs) ↳ ↳... done (+1)
[02:19:09] [INFO]     Batch 3/99 (6 jobs)... mismatch, splitting into 3+3
[02:19:09] [INFO]     Batch 3/99 (6 jobs) ↳... mismatch, splitting into 2+1
[02:19:09] [INFO]     Batch 3/99 (6 jobs) ↳ ↳... mismatch, splitting into 1+1
[02:19:09] [INFO]     Batch 3/99 (6 jobs) ↳ ↳ ↳... done (+1)
[02:19:09] [INFO]     Batch 3/99 (6 jobs) ↳ ↳ ↳... done (+1)
[02:19:09] [INFO]     Batch 3/99 (6 jobs) ↳ ↳... done (+1)
[02:19:09] [INFO]     Batch 3/99 (6 jobs) ↳... mismatch, splitting into 2+1
[02:19:09] [INFO]     Batch 3/99 (6 jobs) ↳ ↳... mismatch, splitting into 1+1
[02:19:09] [INFO]     Batch 3/99 (6 jobs) ↳ ↳ ↳... done (+1)
[02:19:09] [INFO]     Batch 3/99 (6 jobs) ↳ ↳ ↳... done (+1)
[02:19:09] [INFO]     Batch 3/99 (6 jobs) ↳ ↳... done (+1)
[02:19:09] [INFO]     Batch 4/99 (6 jobs)... done (+6)
[02:19:09] [INFO]     Batch 5/99 (6 jobs)... done (+6)
[02:19:09] [INFO]     Batch 6/99 (6 jobs)... done (+6)
[02:19:09] [INFO]     Batch 7/99 (6 jobs)... done (+6)
[02:19:09] [INFO]     Batch 8/99 (6 jobs)... done (+6)
[02:19:09] [INFO]     Batch 9/99 (6 jobs)... done (+6)
[02:19:09] [INFO]     Batch 10/99 (6 jobs)... done (+6)
[02:19:09] [INFO]     Batch 11/99 (6 jobs)... done (+6)
[02:19:09] [INFO]     Batch 12/99 (6 jobs)... mismatch, splitting into 3+3
[02:19:09] [INFO]     Batch 12/99 (6 jobs) ↳... mismatch, splitting into 2+1
[02:19:09] [INFO]     Batch 12/99 (6 jobs) ↳ ↳... mismatch, splitting into 1+1
[02:19:09] [INFO]     Batch 12/99 (6 jobs) ↳ ↳ ↳... done (+1)
[02:19:09] [INFO]     Batch 12/99 (6 jobs) ↳ ↳ ↳... done (+1)
[02:19:09] [INFO]     Batch 12/99 (6 jobs) ↳ ↳... done (+1)
[02:19:09] [INFO]     Batch 12/99 (6 jobs) ↳... done (+3)
[02:19:09] [INFO]     Batch 13/99 (6 jobs)... done (+6)
[02:19:09] [INFO]     Batch 14/99 (6 jobs)... done (+3)
[02:19:09] [INFO]     Batch 15/99 (6 jobs)... mismatch, splitting into 3+3
[02:19:09] [INFO]     Batch 15/99 (6 jobs) ↳... done (+3)
[02:19:09] [INFO]     Batch 15/99 (6 jobs) ↳... done (+3)
[02:19:09] [INFO]     Batch 16/99 (6 jobs)... done (+6)
[02:19:09] [INFO]     Batch 17/99 (6 jobs)... done (+6)
[02:19:09] [INFO]     Batch 18/99 (6 jobs)... done (+6)
[02:19:09] [INFO]     Batch 19/99 (6 jobs)... mismatch, splitting into 3+3
[02:19:09] [INFO]     Batch 19/99 (6 jobs) ↳... mismatch, splitting into 2+1
[02:19:09] [INFO]     Batch 19/99 (6 jobs) ↳ ↳... mismatch, splitting into 1+1
[02:19:09] [INFO]     Batch 19/99 (6 jobs) ↳ ↳ ↳... done (+1)
[02:19:09] [INFO]     Batch 19/99 (6 jobs) ↳ ↳ ↳... done (+1)
[02:19:09] [INFO]     Batch 19/99 (6 jobs) ↳ ↳... done (+1)
[02:19:09] [INFO]     Batch 19/99 (6 jobs) ↳... done (+3)
[02:19:09] [INFO]     Batch 20/99 (6 jobs)... done (+6)
[02:19:09] [INFO]     Batch 21/99 (6 jobs)... done (+6)
[02:19:09] [INFO]     Batch 22/99 (6 jobs)... mismatch, splitting into 3+3
[02:19:09] [INFO]     Batch 22/99 (6 jobs) ↳... done (+3)
[02:19:09] [INFO]     Batch 22/99 (6 jobs) ↳... mismatch, splitting into 2+1
[02:19:09] [INFO]     Batch 22/99 (6 jobs) ↳ ↳... done (+2)
[02:19:09] [INFO]     Batch 22/99 (6 jobs) ↳ ↳... done (+1)
[02:19:09] [INFO]     Batch 23/99 (6 jobs)... done (+6)
[02:19:09] [INFO]     Batch 24/99 (6 jobs)... done (+6)
[02:19:09] [INFO]     Batch 25/99 (6 jobs)... done (+6)
[02:19:09] [INFO]     Batch 26/99 (6 jobs)... done (+6)
[02:19:09] [INFO]     Batch 27/99 (6 jobs)... mismatch, splitting into 3+3
[02:19:09] [INFO]     Batch 27/99 (6 jobs) ↳... mismatch, splitting into 2+1
[02:19:09] [INFO]     Batch 27/99 (6 jobs) ↳ ↳... done (+2)
[02:19:09] [INFO]     Batch 27/99 (6 jobs) ↳ ↳... done (+1)
[02:19:09] [INFO]     Batch 27/99 (6 jobs) ↳... done (+3)
[02:19:09] [INFO]     Batch 28/99 (6 jobs)... mismatch, splitting into 3+3
[02:19:09] [INFO]     Batch 28/99 (6 jobs) ↳... mismatch, splitting into 2+1
[02:19:09] [INFO]     Batch 28/99 (6 jobs) ↳ ↳... mismatch, splitting into 1+1
[02:19:09] [INFO]     Batch 28/99 (6 jobs) ↳ ↳ ↳... ERROR: expected 1 result, got 0
[02:19:09] [INFO]     Batch 28/99 (6 jobs) ↳ ↳ ↳... done (+1)
[02:19:09] [INFO]     Batch 28/99 (6 jobs) ↳ ↳... ERROR: expected 1 result, got 0
[02:19:09] [INFO]     Batch 28/99 (6 jobs) ↳... mismatch, splitting into 2+1
[02:19:09] [INFO]     Batch 28/99 (6 jobs) ↳ ↳... mismatch, splitting into 1+1
[02:19:09] [INFO]     Batch 28/99 (6 jobs) ↳ ↳ ↳... done (+1)
[02:19:09] [INFO]     Batch 28/99 (6 jobs) ↳ ↳ ↳... done (+1)
[02:19:09] [INFO]     Batch 28/99 (6 jobs) ↳ ↳... done (+1)
[02:19:09] [INFO]     Batch 29/99 (6 jobs)... done (+6)
[02:19:09] [INFO]     Batch 30/99 (6 jobs)... done (+6)
[02:19:09] [INFO]     Batch 31/99 (6 jobs)... done (+6)
[02:19:09] [INFO]     Batch 32/99 (6 jobs)... done (+6)
[02:19:09] [INFO]     Batch 33/99 (6 jobs)... done (+6)
[02:19:09] [INFO]     Batch 34/99 (6 jobs)... done (+6)
[02:19:09] [INFO]     Batch 35/99 (6 jobs)... mismatch, splitting into 3+3
[02:19:09] [INFO]     Batch 35/99 (6 jobs) ↳... mismatch, splitting into 2+1
[02:19:09] [INFO]     Batch 35/99 (6 jobs) ↳ ↳... mismatch, splitting into 1+1
[02:19:09] [INFO]     Batch 35/99 (6 jobs) ↳ ↳ ↳... done (+1)
[02:19:09] [INFO]     Batch 35/99 (6 jobs) ↳ ↳ ↳... done (+1)
[02:19:09] [INFO]     Batch 35/99 (6 jobs) ↳ ↳... ERROR: expected 1 result, got 0
[02:19:09] [INFO]     Batch 35/99 (6 jobs) ↳... done (+3)
[02:19:09] [INFO]     Batch 36/99 (6 jobs)... done (+6)
[02:19:09] [INFO]     Batch 37/99 (6 jobs)... done (+6)
[02:19:09] [INFO]     Batch 38/99 (6 jobs)... done (+6)
[02:19:09] [INFO]     Batch 39/99 (6 jobs)... done (+6)
[02:19:09] [INFO]     Batch 40/99 (6 jobs)... done (+6)
[02:19:09] [INFO]     Batch 41/99 (6 jobs)... done (+6)
[02:19:09] [INFO]     Batch 42/99 (6 jobs)... done (+6)
[02:19:09] [INFO]     Batch 43/99 (6 jobs)... done (+6)
[02:19:09] [INFO]     Batch 44/99 (6 jobs)... done (+6)
[02:19:09] [INFO]     Batch 45/99 (6 jobs)... done (+6)
[02:19:09] [INFO]     Batch 46/99 (6 jobs)... done (+6)
[02:19:09] [INFO]     Batch 47/99 (6 jobs)... done (+6)
[02:19:09] [INFO]     Batch 48/99 (6 jobs)... done (+6)
[02:19:09] [INFO]     Batch 49/99 (6 jobs)... done (+6)
[02:19:09] [INFO]     Batch 50/99 (6 jobs)... done (+6)
[02:19:09] [INFO]     Batch 51/99 (6 jobs)... done (+6)
[02:19:09] [INFO]     Batch 52/99 (6 jobs)... done (+6)
[02:19:09] [INFO]     Batch 53/99 (6 jobs)... done (+6)
[02:19:09] [INFO]     Batch 54/99 (6 jobs)... done (+6)
[02:19:09] [INFO]     Batch 55/99 (6 jobs)... done (+6)
[02:19:09] [INFO]     Batch 56/99 (6 jobs)... done (+6)
[02:19:09] [INFO]     Batch 57/99 (6 jobs)... done (+6)
[02:19:09] [INFO]     Batch 58/99 (6 jobs)... done (+6)
[02:19:09] [INFO]     Batch 59/99 (6 jobs)... mismatch, splitting into 3+3
[02:19:09] [INFO]     Batch 59/99 (6 jobs) ↳... mismatch, splitting into 2+1
[02:19:09] [INFO]     Batch 59/99 (6 jobs) ↳ ↳... done (+2)
[02:19:09] [INFO]     Batch 59/99 (6 jobs) ↳ ↳... done (+1)
[02:19:09] [INFO]     Batch 59/99 (6 jobs) ↳... done (+3)
[02:19:09] [INFO]     Batch 60/99 (6 jobs)... done (+6)
[02:19:09] [INFO]     Batch 61/99 (6 jobs)... done (+6)
[02:19:09] [INFO]     Batch 62/99 (6 jobs)... done (+6)
[02:19:09] [INFO]     Batch 63/99 (6 jobs)... done (+6)
[02:19:09] [INFO]     Batch 64/99 (6 jobs)... done (+6)
[02:19:09] [INFO]     Batch 65/99 (6 jobs)... done (+6)
[02:19:09] [INFO]     Batch 66/99 (6 jobs)... done (+6)
[02:19:09] [INFO]     Batch 67/99 (6 jobs)... done (+6)
[02:19:09] [INFO]     Batch 68/99 (6 jobs)... done (+6)
[02:19:09] [INFO]     Batch 69/99 (6 jobs)... done (+6)
[02:19:09] [INFO]     Batch 70/99 (6 jobs)... done (+6)
[02:19:09] [INFO]     Batch 71/99 (6 jobs)... done (+6)
[02:19:09] [INFO]     Batch 72/99 (6 jobs)... done (+6)
[02:19:09] [INFO]     Batch 73/99 (6 jobs)... mismatch, splitting into 3+3
[02:19:09] [INFO]     Batch 73/99 (6 jobs) ↳... mismatch, splitting into 2+1
[02:19:09] [INFO]     Batch 73/99 (6 jobs) ↳ ↳... mismatch, splitting into 1+1
[02:19:09] [INFO]     Batch 73/99 (6 jobs) ↳ ↳ ↳... done (+1)
[02:19:09] [INFO]     Batch 73/99 (6 jobs) ↳ ↳ ↳... done (+1)
[02:19:09] [INFO]     Batch 73/99 (6 jobs) ↳ ↳... done (+1)
[02:19:09] [INFO]     Batch 73/99 (6 jobs) ↳... done (+3)
[02:19:09] [INFO]     Batch 74/99 (6 jobs)... done (+6)
[02:19:09] [INFO]     Batch 75/99 (6 jobs)... mismatch, splitting into 3+3
[02:19:09] [INFO]     Batch 75/99 (6 jobs) ↳... mismatch, splitting into 2+1
[02:19:09] [INFO]     Batch 75/99 (6 jobs) ↳ ↳... done (+2)
[02:19:09] [INFO]     Batch 75/99 (6 jobs) ↳ ↳... done (+1)
[02:19:09] [INFO]     Batch 75/99 (6 jobs) ↳... done (+3)
[02:19:09] [INFO]     Batch 76/99 (6 jobs)... done (+6)
[02:19:09] [INFO]     Batch 77/99 (6 jobs)... done (+6)
[02:19:09] [INFO]     Batch 78/99 (6 jobs)... mismatch, splitting into 3+3
[02:19:09] [INFO]     Batch 78/99 (6 jobs) ↳... done (+3)
[02:19:09] [INFO]     Batch 78/99 (6 jobs) ↳... mismatch, splitting into 2+1
[02:19:09] [INFO]     Batch 78/99 (6 jobs) ↳ ↳... mismatch, splitting into 1+1
[02:19:09] [INFO]     Batch 78/99 (6 jobs) ↳ ↳ ↳... done (+1)
[02:19:09] [INFO]     Batch 78/99 (6 jobs) ↳ ↳ ↳... done (+1)
[02:19:09] [INFO]     Batch 78/99 (6 jobs) ↳ ↳... done (+1)
[02:19:09] [INFO]     Batch 79/99 (6 jobs)... mismatch, splitting into 3+3
[02:19:09] [INFO]     Batch 79/99 (6 jobs) ↳... mismatch, splitting into 2+1
[02:19:09] [INFO]     Batch 79/99 (6 jobs) ↳ ↳... mismatch, splitting into 1+1
[02:19:09] [INFO]     Batch 79/99 (6 jobs) ↳ ↳ ↳... done (+1)
[02:19:09] [INFO]     Batch 79/99 (6 jobs) ↳ ↳ ↳... done (+1)
[02:19:09] [INFO]     Batch 79/99 (6 jobs) ↳ ↳... done (+1)
[02:19:09] [INFO]     Batch 79/99 (6 jobs) ↳... done (+3)
[02:19:09] [INFO]     Batch 80/99 (6 jobs)... done (+6)
[02:19:09] [INFO]     Batch 81/99 (6 jobs)... done (+6)
[02:19:09] [INFO]     Batch 82/99 (6 jobs)... done (+6)
[02:19:09] [INFO]     Batch 83/99 (6 jobs)... done (+6)
[02:19:09] [INFO]     Batch 84/99 (6 jobs)... done (+6)
[02:19:09] [INFO]     Batch 85/99 (6 jobs)... done (+6)
[02:19:09] [INFO]     Batch 86/99 (6 jobs)... mismatch, splitting into 3+3
[02:19:09] [INFO]     Batch 86/99 (6 jobs) ↳... done (+3)
[02:19:09] [INFO]     Batch 86/99 (6 jobs) ↳... mismatch, splitting into 2+1
[02:19:09] [INFO]     Batch 86/99 (6 jobs) ↳ ↳... mismatch, splitting into 1+1
[02:19:09] [INFO]     Batch 86/99 (6 jobs) ↳ ↳ ↳... done (+1)
[02:19:09] [INFO]     Batch 86/99 (6 jobs) ↳ ↳ ↳... done (+1)
[02:19:09] [INFO]     Batch 86/99 (6 jobs) ↳ ↳... done (+1)
[02:19:09] [INFO]     Batch 87/99 (6 jobs)... done (+6)
[02:19:09] [INFO]     Batch 88/99 (6 jobs)... done (+6)
[02:19:09] [INFO]     Batch 89/99 (6 jobs)... done (+6)
[02:19:09] [INFO]     Batch 90/99 (6 jobs)... done (+6)
[02:19:09] [INFO]     Batch 91/99 (6 jobs)... mismatch, splitting into 3+3
[02:19:10] [INFO]     Batch 91/99 (6 jobs) ↳... done (+3)
[02:19:10] [INFO]     Batch 91/99 (6 jobs) ↳... mismatch, splitting into 2+1
[02:19:10] [INFO]     Batch 91/99 (6 jobs) ↳ ↳... mismatch, splitting into 1+1
[02:19:10] [INFO]     Batch 91/99 (6 jobs) ↳ ↳ ↳... done (+1)
[02:19:10] [INFO]     Batch 91/99 (6 jobs) ↳ ↳ ↳... ERROR: Unexpected non-whitespace character after JSON at position 4 (line 3 column 1)
[02:19:10] [INFO]     Batch 91/99 (6 jobs) ↳ ↳... done (+1)
[02:19:10] [INFO]     Batch 92/99 (6 jobs)... done (+6)
[02:19:10] [INFO]     Batch 93/99 (6 jobs)... done (+6)
[02:19:10] [INFO]     Batch 94/99 (6 jobs)... done (+6)
[02:19:10] [INFO]     Batch 95/99 (6 jobs)... done (+6)
[02:19:10] [INFO]     Batch 96/99 (6 jobs)... done (+6)
[02:19:10] [INFO]     Batch 97/99 (6 jobs)... done (+6)
[02:19:10] [INFO]     Batch 98/99 (6 jobs)... done (+6)
[02:19:10] [INFO]     Batch 99/99 (6 jobs)... done (+6)
[02:19:10] [INFO]   
[02:19:10] [INFO]     Enriched this run : 587
[02:19:10] [INFO]     Total enriched    : 6,195 / 6,202
[02:19:10] [INFO]     Jobs left for next run : 4
[02:19:10] [INFO]     Report saved      : generated/enrichment-report.json
[02:19:10] [INFO]   
[02:19:10] [OK] Enrich succeeded.
[02:19:10] [INFO] 
[02:19:10] [INFO] --------------------------------------------------
[02:19:10] [INFO]   Step 4/8 - Backfill descriptions + posting dates (datePosted)
[02:19:10] [INFO] --------------------------------------------------
[02:19:10] [INFO] Running: C:\Program Files\nodejs\npm.cmd run agent:descriptions -- --max 2000 --concurrency 8
[02:30:12] [INFO]   
[02:30:12] [INFO]   > faculty-jobs@1.0.0 agent:descriptions
[02:30:12] [INFO]   > node scripts/agent-job-descriptions.js --max 2000 --concurrency 8
[02:30:12] [INFO]   
[02:30:12] [INFO]   
[02:30:12] [INFO]     Total jobs        : 6,202
[02:30:12] [INFO]     With description  : 889
[02:30:12] [INFO]     Missing (unfetched): 5,303
[02:30:12] [INFO]     To process now    : 2,000 (max 2000)
[02:30:12] [INFO]     Concurrency       : 8
[02:30:12] [INFO]     ...attempted 25/2000 (filled 24)
[02:30:12] [INFO]     ...attempted 50/2000 (filled 49)
[02:30:12] [INFO]     ...attempted 75/2000 (filled 72)
[02:30:12] [INFO]     ...attempted 100/2000 (filled 97)
[02:30:12] [INFO]     ...attempted 125/2000 (filled 121)
[02:30:12] [INFO]     ...attempted 150/2000 (filled 142)
[02:30:12] [INFO]     ...attempted 175/2000 (filled 167)
[02:30:12] [INFO]     ...attempted 200/2000 (filled 191)
[02:30:12] [INFO]     ...attempted 225/2000 (filled 214)
[02:30:12] [INFO]     ...attempted 250/2000 (filled 237)
[02:30:12] [INFO]     ...attempted 275/2000 (filled 259)
[02:30:12] [INFO]     ...attempted 300/2000 (filled 281)
[02:30:12] [INFO]     ...attempted 325/2000 (filled 305)
[02:30:12] [INFO]     ...attempted 350/2000 (filled 327)
[02:30:12] [INFO]     ...attempted 375/2000 (filled 348)
[02:30:12] [INFO]     ...attempted 400/2000 (filled 363)
[02:30:12] [INFO]     ...attempted 425/2000 (filled 380)
[02:30:12] [INFO]     ...attempted 450/2000 (filled 401)
[02:30:12] [INFO]     ...attempted 475/2000 (filled 425)
[02:30:12] [INFO]     ...attempted 500/2000 (filled 445)
[02:30:12] [INFO]     ...attempted 525/2000 (filled 463)
[02:30:12] [INFO]     ...attempted 550/2000 (filled 485)
[02:30:12] [INFO]     ...attempted 575/2000 (filled 507)
[02:30:12] [INFO]     ...attempted 600/2000 (filled 530)
[02:30:12] [INFO]     ...attempted 625/2000 (filled 552)
[02:30:12] [INFO]     ...attempted 650/2000 (filled 576)
[02:30:12] [INFO]     ...attempted 675/2000 (filled 600)
[02:30:12] [INFO]     ...attempted 700/2000 (filled 623)
[02:30:12] [INFO]     ...attempted 725/2000 (filled 645)
[02:30:12] [INFO]     ...attempted 750/2000 (filled 666)
[02:30:12] [INFO]     ...attempted 775/2000 (filled 686)
[02:30:12] [INFO]     ...attempted 800/2000 (filled 708)
[02:30:12] [INFO]     ...attempted 825/2000 (filled 732)
[02:30:12] [INFO]     ...attempted 850/2000 (filled 755)
[02:30:12] [INFO]     ...attempted 875/2000 (filled 780)
[02:30:12] [INFO]     ...attempted 900/2000 (filled 804)
[02:30:12] [INFO]     ...attempted 925/2000 (filled 824)
[02:30:12] [INFO]     ...attempted 950/2000 (filled 844)
[02:30:12] [INFO]     ...attempted 975/2000 (filled 865)
[02:30:12] [INFO]     ...attempted 1000/2000 (filled 887)
[02:30:12] [INFO]     ...attempted 1025/2000 (filled 911)
[02:30:12] [INFO]     ...attempted 1050/2000 (filled 934)
[02:30:12] [INFO]     ...attempted 1075/2000 (filled 959)
[02:30:12] [INFO]     ...attempted 1100/2000 (filled 983)
[02:30:12] [INFO]     ...attempted 1125/2000 (filled 1008)
[02:30:12] [INFO]     ...attempted 1150/2000 (filled 1033)
[02:30:12] [INFO]     ...attempted 1175/2000 (filled 1044)
[02:30:12] [INFO]     ...attempted 1200/2000 (filled 1069)
[02:30:12] [INFO]     ...attempted 1225/2000 (filled 1094)
[02:30:12] [INFO]     ...attempted 1250/2000 (filled 1119)
[02:30:12] [INFO]     ...attempted 1275/2000 (filled 1144)
[02:30:12] [INFO]     ...attempted 1300/2000 (filled 1168)
[02:30:12] [INFO]     ...attempted 1325/2000 (filled 1190)
[02:30:12] [INFO]     ...attempted 1350/2000 (filled 1214)
[02:30:12] [INFO]     ...attempted 1375/2000 (filled 1238)
[02:30:12] [INFO]     ...attempted 1400/2000 (filled 1263)
[02:30:12] [INFO]     ...attempted 1425/2000 (filled 1288)
[02:30:12] [INFO]     ...attempted 1450/2000 (filled 1313)
[02:30:12] [INFO]     ...attempted 1475/2000 (filled 1337)
[02:30:12] [INFO]     ...attempted 1500/2000 (filled 1361)
[02:30:12] [INFO]     ...attempted 1525/2000 (filled 1386)
[02:30:12] [INFO]     ...attempted 1550/2000 (filled 1407)
[02:30:12] [INFO]     ...attempted 1575/2000 (filled 1432)
[02:30:12] [INFO]     ...attempted 1600/2000 (filled 1456)
[02:30:12] [INFO]     ...attempted 1625/2000 (filled 1479)
[02:30:12] [INFO]     ...attempted 1650/2000 (filled 1502)
[02:30:12] [INFO]     ...attempted 1675/2000 (filled 1523)
[02:30:12] [INFO]     ...attempted 1700/2000 (filled 1546)
[02:30:12] [INFO]     ...attempted 1725/2000 (filled 1570)
[02:30:12] [INFO]     ...attempted 1750/2000 (filled 1595)
[02:30:12] [INFO]     ...attempted 1775/2000 (filled 1619)
[02:30:12] [INFO]     ...attempted 1800/2000 (filled 1644)
[02:30:12] [INFO]     ...attempted 1825/2000 (filled 1667)
[02:30:12] [INFO]     ...attempted 1850/2000 (filled 1692)
[02:30:12] [INFO]     ...attempted 1875/2000 (filled 1717)
[02:30:12] [INFO]     ...attempted 1900/2000 (filled 1742)
[02:30:12] [INFO]     ...attempted 1925/2000 (filled 1767)
[02:30:12] [INFO]     ...attempted 1950/2000 (filled 1790)
[02:30:12] [INFO]     ...attempted 1975/2000 (filled 1814)
[02:30:12] [INFO]     ...attempted 2000/2000 (filled 1839)
[02:30:12] [INFO]   
[02:30:12] [INFO]     Attempted this run : 2000
[02:30:12] [INFO]     Filled this run    : 1839 (92%)
[02:30:12] [INFO]     datePosted found   : 22 (1%)  [5 via labeled Open Date]
[02:30:12] [INFO]     deadlines found    : 4 (0%)  [+327 rolling/until-filled]
[02:30:12] [INFO]     start dates found  : 6 (0%)
[02:30:12] [INFO]     Total w/ description: 2,728 / 6,202
[02:30:12] [INFO]     Remaining unfetched: 3,303
[02:30:12] [INFO]     Report saved       : generated/job-descriptions-report.json
[02:30:12] [INFO]   
[02:30:12] [OK] Descriptions succeeded.
[02:30:12] [INFO] 
[02:30:12] [INFO] --------------------------------------------------
[02:30:12] [INFO]   Step 5/8 - Build frontend
[02:30:12] [INFO] --------------------------------------------------
[02:30:12] [INFO] Running: C:\Program Files\nodejs\npm.cmd run build:frontend
[02:30:24] [INFO]   
[02:30:24] [INFO]   > faculty-jobs@1.0.0 build:frontend
[02:30:24] [INFO]   > npm run build:coverage && npm run sync:policy-exclusions && npm run sync:web-data && cd web-vue && npm run build && cd .. && node scripts/copy-dist.js && node scripts/generate-job-pages.js && node scripts/generate-sitemap.js && node scripts/inject-og-meta.js
[02:30:24] [INFO]   
[02:30:24] [INFO]   
[02:30:24] [INFO]   > faculty-jobs@1.0.0 build:coverage
[02:30:24] [INFO]   > npm run build:institutions && npm run build:policy-exclusions && npm run sync:policy-exclusions && npm run build:coverage-report
[02:30:24] [INFO]   
[02:30:24] [INFO]   
[02:30:24] [INFO]   > faculty-jobs@1.0.0 build:institutions
[02:30:24] [INFO]   > node scripts/build-institutions-master.js
[02:30:24] [INFO]   
[02:30:24] [INFO]   Enriched 1295/1543 institutions from IPEDS (hd2024.csv)
[02:30:24] [INFO]   Wrote data\institutions-master.json (1543 institutions)
[02:30:24] [INFO]   
[02:30:24] [INFO]   > faculty-jobs@1.0.0 build:policy-exclusions
[02:30:24] [INFO]   > node scripts/generate-policy-exclusions.js
[02:30:24] [INFO]   
[02:30:24] [INFO]   Wrote generated\policy-excluded-colleges.json (12 excluded institutions)
[02:30:24] [INFO]   
[02:30:24] [INFO]   > faculty-jobs@1.0.0 sync:policy-exclusions
[02:30:24] [INFO]   > node scripts/sync-policy-exclusions-web.js
[02:30:24] [INFO]   
[02:30:24] [INFO]   Synced generated\policy-excluded-colleges.json -> web-vue\public\policy-excluded-colleges.json
[02:30:24] [INFO]   Synced generated\policy-excluded-colleges.json -> public\policy-excluded-colleges.json
[02:30:24] [INFO]   Synced generated\policy-excluded-colleges.json -> docs\policy-excluded-colleges.json
[02:30:24] [INFO]   
[02:30:24] [INFO]   > faculty-jobs@1.0.0 build:coverage-report
[02:30:24] [INFO]   > node scripts/generate-coverage-report.js
[02:30:24] [INFO]   
[02:30:24] [INFO]   Wrote generated\coverage-report.json (eligible universe: 1543)
[02:30:24] [INFO]   
[02:30:24] [INFO]   > faculty-jobs@1.0.0 sync:policy-exclusions
[02:30:24] [INFO]   > node scripts/sync-policy-exclusions-web.js
[02:30:24] [INFO]   
[02:30:24] [INFO]   Synced generated\policy-excluded-colleges.json -> web-vue\public\policy-excluded-colleges.json
[02:30:24] [INFO]   Synced generated\policy-excluded-colleges.json -> public\policy-excluded-colleges.json
[02:30:24] [INFO]   Synced generated\policy-excluded-colleges.json -> docs\policy-excluded-colleges.json
[02:30:24] [INFO]   
[02:30:24] [INFO]   > faculty-jobs@1.0.0 sync:web-data
[02:30:24] [INFO]   > node scripts/sync-web-data-files.js
[02:30:24] [INFO]   
[02:30:24] [INFO]   Synced public/jobs.json -> web-vue/public/jobs.json
[02:30:24] [INFO]   Synced public/college-coords.json -> web-vue/public/college-coords.json
[02:30:24] [INFO]   Built web chunk manifest: web-vue/public/data/jobs-manifest.json
[02:30:24] [INFO]   
[02:30:24] [INFO]   > web-vue@0.0.0 build
[02:30:24] [INFO]   > vite build
[02:30:24] [INFO]   
[02:30:24] [INFO]   [36mvite v8.0.0-beta.15 [32mbuilding client environment for production...[36m[39m
[02:30:24] [INFO]   [2K
[02:30:24] [INFO]   transforming...✓ 32 modules transformed.
[02:30:24] [INFO]   rendering chunks...
[02:30:24] [INFO]   computing gzip size...
[02:30:24] [INFO]   dist/index.html                   2.67 kB │ gzip:   0.97 kB
[02:30:24] [INFO]   dist/assets/index-B1Fe9rZq.css   33.18 kB │ gzip:  10.54 kB
[02:30:24] [INFO]   dist/assets/index-75zeCueU.js   322.50 kB │ gzip: 101.40 kB
[02:30:24] [INFO]   
[02:30:24] [INFO]   [32m✓ built in 367ms[39m
[02:30:24] [INFO]   Copied web-vue/dist → public/ and docs/
[02:30:24] [INFO]   generate-job-pages: 2703 pages (of 6202 jobs; 3499 skipped as thin/no-url)
[02:30:24] [INFO]   Sitemap written — lastmod: 2026-06-20, 3 static + 2703 job URLs
[02:30:24] [INFO]     docs/sitemap.xml  public/sitemap.xml
[02:30:24] [INFO]     docs/robots.txt   public/robots.txt
[02:30:24] [INFO]   inject-og-meta: patched 2 files — 6202 jobs, 411 colleges, 56 sources
[02:30:24] [OK] Build succeeded.
[02:30:24] [INFO] 
[02:30:24] [INFO] --------------------------------------------------
[02:30:24] [INFO]   Step 6/8 - Commit and push
[02:30:24] [INFO] --------------------------------------------------
[02:30:24] [INFO] Running: C:\Program Files\Git\cmd\git.exe add -A docs/ public/ generated/ web-vue/public/ data/institutions-master.json
