[02:00:01] [INFO] ================================================
[02:00:01] [INFO]   Faculty Atlas - Daily Update
[02:00:01] [INFO]   Thursday, June 18 2026 02:00:01
[02:00:01] [INFO]   Project: C:\Users\StevenAzeka\OneDrive\Documents\GitHub\Faculty-Jobs
[02:00:01] [INFO] ================================================
[02:00:01] [INFO] 
[02:00:01] [INFO] --------------------------------------------------
[02:00:01] [INFO]   Step 1/5 - Scrape jobs
[02:00:01] [INFO] --------------------------------------------------
[02:00:01] [INFO] Running: C:\Program Files\nodejs\npm.cmd run scrape:json
[02:12:14] [INFO]   
[02:12:14] [INFO]   > faculty-jobs@1.0.0 scrape:json
[02:12:14] [INFO]   > node scripts/scrape-to-json.js
[02:12:14] [INFO]   
[02:12:14] [INFO]   🧾 Loaded policy exclusions: 12 institutions
[02:12:14] [INFO]   🏷️  Loaded private for-profit exclusions: 0 institutions
[02:12:14] [INFO]   ↪️  Arizona Christian University override URL applied
[02:12:14] [INFO]   Wesleyan University CT listings scraped: 4 (API)
[02:12:14] [INFO]   University of Hartford CT listings scraped: 16
[02:12:14] [INFO]   Trinity College CT listings scraped: 5
[02:12:14] [INFO]   Arizona Western College AZ listings scraped: 0
[02:12:14] [INFO]   Community Christian College AZ listings scraped: 0
[02:12:14] [INFO]   Estrella Mountain Community College AZ listings scraped: 0
[02:12:14] [INFO]   Prescott College AZ listings scraped: 0
[02:12:14] [INFO]   Arizona Board of Regents AZ listings scraped: 0
[02:12:14] [INFO]   Eastern Arizona College AZ listings scraped: 0
[02:12:14] [INFO]   Arizona State University Campus Immersion AZ listings scraped: 0
[02:12:14] [INFO]   Arizona State University Digital Immersion AZ listings scraped: 0
[02:12:14] [INFO]   ↪️  Cochise County Community College District: generic page hands off to schooljobs
[02:12:14] [INFO]   UMass Lowell listing scraped: 4
[02:12:14] [INFO]   Fairfield University CT listings scraped: 3 (API)
[02:12:14] [INFO]   Embry-Riddle Aeronautical University-Prescott AZ listings scraped: 0
[02:12:14] [INFO]   Central Arizona College AZ listings scraped: 1
[02:12:14] [INFO]   ASU facultypositions listings scraped: 24
[02:12:14] [INFO]   Northern Arizona University AZ listings scraped: 7
[02:12:14] [INFO]   Western Maricopa Education Center AZ listings scraped: 0
[02:12:14] [INFO]   UMass Dartmouth listing scraped: 2
[02:12:14] [INFO]   ↪️  Coconino Community College: generic page hands off to schooljobs
[02:12:14] [INFO]   University of Connecticut CT listings scraped: 12
[02:12:14] [INFO]   Connecticut College CT listings scraped: 16
[02:12:14] [INFO]   Dine College AZ listings scraped: 0
[02:12:14] [INFO]   Quinnipiac University CT listings scraped: 6
[02:12:14] [INFO]   Arizona Christian University AZ listings scraped: 0
[02:12:14] [INFO]   Yale University CT listings scraped: 0
[02:12:14] [INFO]   Cochise County Community College District AZ listings scraped: 0
[02:12:14] [INFO]   Cochise County Community College District AZ listings scraped: 0
[02:12:14] [INFO]   UMass Boston listing scraped: 27
[02:12:14] [INFO]   Albertus Magnus College CT listings scraped: 0
[02:12:14] [INFO]   Charter Oak State College CT listings scraped: 0
[02:12:14] [INFO]   Ottawa University-Surprise AZ listings scraped: 0
[02:12:14] [INFO]   University of Arizona AZ listings scraped: 8
[02:12:14] [INFO]   Coconino Community College AZ listings scraped: 0
[02:12:14] [INFO]   Coconino Community College AZ listings scraped: 0
[02:12:14] [INFO]   Central Connecticut State University CT listings scraped: 0
[02:12:14] [INFO]   Brandeis University MA listings scraped: 0 (API)
[02:12:14] [INFO]   UMass Amherst page 1: 4 jobs
[02:12:14] [INFO]   UMass Amherst total scraped: 4
[02:12:14] [INFO]   Eastern Connecticut State University CT listings scraped: 0
[02:12:14] [INFO]   University of Bridgeport CT listings scraped: 3
[02:12:14] [INFO]   Connecticut State Community College CT listings scraped: 0
[02:12:14] [INFO]   Amherst College MA listings scraped: 2 (API)
[02:12:14] [INFO]   Mount Holyoke College MA: API failed, falling back to browser
[02:12:14] [INFO]   Tufts University MA listings scraped: 4 (Jibe API)
[02:12:14] [INFO]   Massachusetts Institute of Technology MA listings scraped: 0 (PeopleClick)
[02:12:14] [INFO]   UC Berkeley UC listings scraped: 148
[02:12:14] [INFO]   UC San Diego UC listings scraped: 171
[02:12:14] [INFO]   UC Santa Barbara UC listings scraped: 60
[02:12:14] [INFO]   UC Riverside UC listings scraped: 90
[02:12:14] [INFO]   UC Santa Cruz UC listings scraped: 95
[02:12:14] [INFO]   UC Merced UC listings scraped: 144
[02:12:14] [INFO]   UC Davis UC listings scraped: 224
[02:12:14] [INFO]   UC Irvine UC listings scraped: 312
[02:12:14] [INFO]   UC San Francisco UC listings scraped: 376
[02:12:14] [INFO]   Boston College MA listings scraped: 0
[02:12:14] [INFO]   Boston University MA listings scraped: 0
[02:12:14] [INFO]   Wellesley College MA listings scraped: 4 (API)
[02:12:14] [INFO]   Northeastern University MA listings scraped: 5 (API)
[02:12:14] [INFO]   Smith College MA listings scraped: 0 (Smith Interfolio page)
[02:12:14] [INFO]   Babson College MA listings scraped: 0
[02:12:14] [INFO]   Williams College MA listings scraped: 0
[02:12:14] [INFO]   Bentley University MA listings scraped: 3 (API)
[02:12:14] [INFO]   College of the Holy Cross MA listings scraped: 0 (Jobvite)
[02:12:14] [INFO]   ↪️  Signature Healthcare Brockton Hospital School of Nursing: generic page hands off to csod
[02:12:14] [INFO]   Springfield College-Regional, Online, and Continuing Education MA listings scraped: 0
[02:12:14] [INFO]   CSU listing scraped: 115
[02:12:14] [INFO]   CT Faculty/Teaching results scraped: 24
[02:12:14] [INFO]   Signature Healthcare Brockton Hospital School of Nursing MA listings scraped: 0
[02:12:14] [INFO]   Signature Healthcare Brockton Hospital School of Nursing MA listings scraped: 0
[02:12:14] [INFO]   Stanford University CA Private listings scraped: 16
[02:12:14] [INFO]   American International College MA listings scraped: 0
[02:12:14] [INFO]   Mount Holyoke College MA listings scraped: 0
[02:12:14] [INFO]   UCLA UC listings scraped: 242
[02:12:14] [INFO]   Academy for Jewish Religion California CA Private listings scraped: 0
[02:12:14] [INFO]   Montclair State University NJ listings scraped: 5 (API)
[02:12:14] [INFO]   William Paterson University NJ listings scraped: 6 (API)
[02:12:14] [INFO]   Kean University NJ listings scraped: 5 (API)
[02:12:14] [INFO]   University of Southern California CA Private listings scraped: 12 (USC listing)
[02:12:14] [INFO]   ↪️  Alder Graduate School of Education override URL applied
[02:12:14] [INFO]   Stevens Institute of Technology NJ listings scraped: 11 (API)
[02:12:14] [INFO]   Stockton University NJ listings scraped: 0
[02:12:14] [INFO]   Bard College at Simon's Rock MA listings scraped: 0
[02:12:14] [INFO]   The College of New Jersey NJ listings scraped: 0
[02:12:14] [INFO]   California Institute of Technology CA Private Taleo listings scraped: 0
[02:12:14] [INFO]   Assumption University MA listings scraped: 0
[02:12:14] [INFO]   Fairleigh Dickinson University NJ listings scraped: 31
[02:12:14] [INFO]   Anna Maria College MA listings scraped: 1
[02:12:14] [INFO]   New Jersey City University NJ listings scraped: 0
[02:12:14] [INFO]   Acupuncture and Integrative Medicine College-Berkeley CA Private listings scraped: 0
[02:12:14] [INFO]   Alder Graduate School of Education CA Private listings scraped: 1
[02:12:14] [INFO]   Academy of Chinese Culture and Health Sciences CA Private listings scraped: 0
[02:12:14] [INFO]   Bay Path University MA listings scraped: 0
[02:12:14] [INFO]   Ramapo College of New Jersey NJ listings scraped: 0
[02:12:14] [INFO]   Princeton University NJ listings scraped: 1
[02:12:14] [INFO]   Rider University NJ listings scraped: 1
[02:12:14] [INFO]   Allan Hancock College CA Private listings scraped: 0
[02:12:14] [INFO]   Benjamin Franklin Cummings Institute of Technology MA listings scraped: 0
[02:12:14] [INFO]   Berklee College of Music MA listings scraped: 0
[02:12:14] [INFO]   Berkshire Community College MA listings scraped: 0
[02:12:14] [INFO]   American Jewish University CA Private listings scraped: 0
[02:12:14] [INFO]   New Jersey Institute of Technology NJ listings scraped: 4
[02:12:14] [INFO]   American Academy of Dramatic Arts-Los Angeles CA Private listings scraped: 0
[02:12:14] [INFO]   Saint Peter's University NJ listings scraped: 8
[02:12:14] [INFO]   Boston Baptist College MA listings scraped: 0
[02:12:14] [INFO]   ↪️  Boston Architectural College: generic page hands off to paycom
[02:12:14] [INFO]   Monmouth University NJ listings scraped: 6
[02:12:14] [INFO]   ↪️  American River College: generic page hands off to schooljobs
[02:12:14] [INFO]   Boston Graduate School of Psychoanalysis Inc MA listings scraped: 0
[02:12:14] [INFO]   Capital Health School of Nursing NJ listings scraped: 0
[02:12:14] [INFO]   Capital Health School of Radiologic Technology NJ listings scraped: 0
[02:12:14] [INFO]   Antioch University-Los Angeles CA Private listings scraped: 0
[02:12:14] [INFO]   Bristol Community College MA listings scraped: 0
[02:12:14] [INFO]   ↪️  Antelope Valley Community College District: generic page hands off to schooljobs
[02:12:14] [INFO]   Boston Architectural College MA listings scraped: 3
[02:12:14] [INFO]   Antioch University-Santa Barbara CA Private listings scraped: 0
[02:12:14] [INFO]   Hackensack Meridian School of Medicine NJ listings scraped: 0
[02:12:14] [INFO]   American River College CA Private listings scraped: 0
[02:12:14] [INFO]   American River College CA Private listings scraped: 0
[02:12:14] [INFO]   Seton Hall University NJ listings scraped: 19
[02:12:14] [INFO]   Holy Name Medical Center-Sister Claire Tynan School of Nursing NJ listings scraped: 0
[02:12:14] [INFO]   Rutgers, The State University of New Jersey NJ listings scraped: 283
[02:12:14] [INFO]   Cambridge College MA listings scraped: 0
[02:12:14] [INFO]   Bunker Hill Community College MA listings scraped: 2
[02:12:14] [INFO]   Atlantic Cape Community College NJ listings scraped: 0
[02:12:14] [INFO]   Antelope Valley Community College District CA Private listings scraped: 0
[02:12:14] [INFO]   Antelope Valley Community College District CA Private listings scraped: 0
[02:12:14] [INFO]   Beth Medrash Govoha NJ listings scraped: 0
[02:12:14] [INFO]   Bergen Community College NJ listings scraped: 0
[02:12:14] [INFO]   Clark University MA listings scraped: 0
[02:12:14] [INFO]   Rowan University NJ listings scraped: 19
[02:12:14] [INFO]   Bloomfield College of Montclair State University NJ listings scraped: 0
[02:12:14] [INFO]   Caldwell University NJ listings scraped: 1
[02:12:14] [INFO]   Lemoore College CA Private listings scraped: 0
[02:12:14] [INFO]   Coalinga College CA Private listings scraped: 0
[02:12:14] [INFO]   Cape Cod Community College MA listings scraped: 0
[02:12:14] [INFO]   Camden County College NJ listings scraped: 0
[02:12:14] [INFO]   Los Angeles County College of Nursing and Allied Health CA Private listings scraped: 0
[02:12:14] [INFO]   Loma Linda University CA Private listings scraped: 0
[02:12:14] [INFO]   College of Our Lady of the Elms MA listings scraped: 1
[02:12:14] [INFO]   Elizabeth City State University NC listings scraped: 6
[02:12:14] [INFO]   Fayetteville State University NC listings scraped: 7
[02:12:14] [INFO]   ↪️  Brookdale Community College: generic page hands off to icims
[02:12:14] [INFO]   Appalachian State University NC listings scraped: 19
[02:12:14] [INFO]   Centenary University NJ listings scraped: 0
[02:12:14] [INFO]   Middlebury Institute of International Studies at Monterey CA Private listings scraped: 0
[02:12:14] [INFO]   Drew University NJ listings scraped: 2
[02:12:14] [INFO]   Santiago Canyon College CA Private listings scraped: 0
[02:12:14] [INFO]   Moorpark College CA Private listings scraped: 0
[02:12:14] [INFO]   County College of Morris NJ listings scraped: 1
[02:12:14] [INFO]   Conway School of Landscape Design MA listings scraped: 0
[02:12:14] [INFO]   ↪️  Dean College override URL applied
[02:12:14] [INFO]   Sanford Burnham Prebys Medical Discovery Institute CA Private listings scraped: 2
[02:12:14] [INFO]   Curry College MA listings scraped: 0
[02:12:14] [INFO]   Brookdale Community College NJ listings scraped: 0
[02:12:14] [INFO]   Brookdale Community College NJ listings scraped: 0
[02:12:14] [INFO]   The Chicago School at Anaheim CA Private listings scraped: 0
[02:12:14] [INFO]   North Carolina A&T State University NC listings scraped: 19
[02:12:14] [INFO]   Fairleigh Dickinson University-Metropolitan Campus NJ listings scraped: 0
[02:12:14] [INFO]   The Chicago School at San Diego CA Private listings scraped: 0
[02:12:14] [INFO]   Fairleigh Dickinson University-Florham Campus NJ listings scraped: 1
[02:12:14] [INFO]   Dean College MA listings scraped: 1
[02:12:14] [INFO]   The Chicago School at Los Angeles CA Private listings scraped: 0
[02:12:14] [INFO]   Trinity Law School CA Private listings scraped: 0
[02:12:14] [INFO]   UNC Asheville NC listings scraped: 1
[02:12:14] [INFO]   Emerson College MA listings scraped: 1
[02:12:14] [INFO]   Azusa Pacific University CA Private listings scraped: 3
[02:12:14] [INFO]   Art Center College of Design CA Private listings scraped: 0
[02:12:14] [INFO]   Felician University NJ listings scraped: 0
[02:12:14] [INFO]   Bakersfield College CA Private listings scraped: 0
[02:12:14] [INFO]   Emmanuel College MA listings scraped: 0
[02:12:14] [INFO]   ↪️  Barstow Community College: generic page hands off to schooljobs
[02:12:14] [INFO]   ↪️  Essex County College: generic page hands off to peopleadmin
[02:12:14] [INFO]   NC State University NC listings scraped: 3 (HTTP fallback)
[02:12:14] [INFO]   Bethesda University CA Private listings scraped: 0
[02:12:14] [INFO]   Berkeley City College CA Private listings scraped: 0
[02:12:14] [INFO]   Essex County College NJ listings scraped: 0
[02:12:14] [INFO]   Essex County College NJ listings scraped: 0
[02:12:14] [INFO]   Berkeley School of Theology CA Private listings scraped: 0
[02:12:14] [INFO]   ↪️  Fisher College: generic page hands off to paycom
[02:12:14] [INFO]   ↪️  Endicott College: generic page hands off to workday
[02:12:14] [INFO]   Barstow Community College CA Private listings scraped: 0
[02:12:14] [INFO]   Barstow Community College CA Private listings scraped: 0
[02:12:14] [INFO]   William & Mary VA listings scraped: 0
[02:12:14] [INFO]   Endicott College MA listings scraped: 3 (API)
[02:12:14] [INFO]   ↪️  Biola University: generic page hands off to csod
[02:12:14] [INFO]   UNC Charlotte NC listings scraped: 6
[02:12:14] [INFO]   George Mason University VA listings scraped: 0
[02:12:14] [INFO]   Butte College CA Private listings scraped: 0
[02:12:14] [INFO]   Cabrillo College CA Private listings scraped: 0
[02:12:14] [INFO]   UNC Pembroke NC listings scraped: 22
[02:12:14] [INFO]   Old Dominion University VA listings scraped: 18
[02:12:14] [INFO]   University of Virginia VA listings scraped: 0 (Workday search API)
[02:12:14] [INFO]   Bridgewater State University MA listings scraped: 0
[02:12:14] [INFO]   Fitchburg State University MA listings scraped: 0
[02:12:14] [INFO]   UNC School of the Arts NC listings scraped: 1
[02:12:14] [INFO]   California College of the Arts CA Private listings scraped: 1
[02:12:14] [INFO]   University of Richmond VA listings scraped: 5 (API)
[02:12:14] [INFO]   James Madison University VA listings scraped: 0
[02:12:14] [INFO]   California Institute of Advanced Management CA Private listings scraped: 1
[02:12:14] [INFO]   California Baptist University CA Private listings scraped: 0
[02:12:14] [INFO]   Fisher College MA listings scraped: 5
[02:12:14] [INFO]   UNC Wilmington NC listings scraped: 0
[02:12:14] [INFO]   Franklin W Olin College of Engineering MA listings scraped: 0
[02:12:14] [INFO]   Framingham State University MA listings scraped: 1
[02:12:14] [INFO]   Hollins University VA listings scraped: 1
[02:12:14] [INFO]   California Institute of Integral Studies CA Private listings scraped: 0
[02:12:14] [INFO]   Washington and Lee University VA listings scraped: 0
[02:12:14] [INFO]   California Jazz Conservatory CA Private listings scraped: 0
[02:12:14] [INFO]   East Carolina University NC listings scraped: 51
[02:12:14] [INFO]   Virginia Commonwealth University VA listings scraped: 0
[02:12:14] [INFO]   Centra College VA listings scraped: 0
[02:12:14] [INFO]   North Carolina Central University NC listings scraped: 19
[02:12:14] [INFO]   California Institute of the Arts CA Private listings scraped: 0
[02:12:14] [INFO]   Winston-Salem State University NC listings scraped: 1
[02:12:14] [INFO]   California Lutheran University CA Private listings scraped: 0
[02:12:14] [INFO]   Riverside College of Health Careers VA listings scraped: 0
[02:12:14] [INFO]   Appalachian College of Pharmacy VA listings scraped: 2
[02:12:14] [INFO]   Virginia Tech VA listings scraped: 65 (keyword search)
[02:12:14] [INFO]   California Polytechnic State University-San Luis Obispo CA Private listings scraped: 0
[02:12:14] [INFO]   Wake Forest University NC listings scraped: 2
[02:12:14] [INFO]   California State Polytechnic University-Humboldt CA Private listings scraped: 2
[02:12:14] [INFO]   Agora University VA listings scraped: 0
[02:12:14] [INFO]   Davidson College NC listings scraped: 0 (Workday search API)
[02:12:14] [INFO]   Western Carolina University NC listings scraped: 19
[02:12:14] [INFO]   Averett University VA listings scraped: 1
[02:12:14] [INFO]   California State Polytechnic University-Pomona CA Private listings scraped: 0
[02:12:14] [INFO]   Appalachian School of Law VA listings scraped: 1
[02:12:14] [INFO]   Biola University CA Private listings scraped: 9
[02:12:14] [INFO]   California State University-Bakersfield CA Private listings scraped: 0
[02:12:14] [INFO]   Ascent College VA listings scraped: 0
[02:12:14] [INFO]   Elon University NC listings scraped: 0
[02:12:14] [INFO]   UNC Greensboro NC listings scraped: 31
[02:12:14] [INFO]   Bon Secours Memorial College of Nursing VA listings scraped: 1
[02:12:14] [INFO]   California State University-Chancellors Office CA Private listings scraped: 0
[02:12:14] [INFO]   Blue Ridge Community College VA listings scraped: 0
[02:12:14] [INFO]   Bluefield University VA listings scraped: 0
[02:12:14] [INFO]   California State University-Chico CA Private listings scraped: 1
[02:12:14] [INFO]   California State University-Channel Islands CA Private listings scraped: 1
[02:12:14] [INFO]   Bon Secours St Mary's Hospital School of Medical Imaging VA listings scraped: 0
[02:12:14] [INFO]   Johnson & Wales University-Charlotte NC listings scraped: 0
[02:12:14] [INFO]   ↪️  Alamance Community College: generic page hands off to schooljobs
[02:12:14] [INFO]   California State University Maritime Academy CA Private listings scraped: 0
[02:12:14] [INFO]   Duke University NC listings scraped: 26 (keyword search)
[02:12:14] [INFO]   Central Virginia Community College VA listings scraped: 42
[02:12:14] [INFO]   California State University-Fresno CA Private listings scraped: 0
[02:12:14] [INFO]   ↪️  Bridgewater College: generic page hands off to paycom
[02:12:14] [INFO]   Asheville-Buncombe Technical Community College NC listings scraped: 0
[02:12:14] [INFO]   Brightpoint Community College VA listings scraped: 0
[02:12:14] [INFO]   Bryant & Stratton College-Virginia Beach VA listings scraped: 0
[02:12:14] [INFO]   ↪️  California State University-East Bay: generic page hands off to pageup
[02:12:14] [INFO]   California State University-Dominguez Hills CA Private listings scraped: 0
[02:12:14] [INFO]   ↪️  Barton College: generic page hands off to paycom
[02:12:14] [INFO]   Alamance Community College NC listings scraped: 1
[02:12:14] [INFO]   Christopher Newport University VA listings scraped: 0
[02:12:14] [INFO]   Harvard University MA listings scraped: 196
[02:12:14] [INFO]   ↪️  California State University-Long Beach: generic page hands off to pageup
[02:12:14] [INFO]   California State University-Fullerton CA Private listings scraped: 0
[02:12:14] [INFO]   Danville Community College VA listings scraped: 0
[02:12:14] [INFO]   Beaufort County Community College NC listings scraped: 2
[02:12:14] [INFO]   Divine Mercy University VA listings scraped: 0
[02:12:14] [INFO]   Coastal Carolina University SC listings scraped: 10
[02:12:14] [INFO]   College of Charleston SC listings scraped: 9
[02:12:14] [INFO]   Eastern Mennonite University VA listings scraped: 0
[02:12:14] [INFO]   California State University-Los Angeles CA Private listings scraped: 0
[02:12:14] [INFO]   California State University-Long Beach CA Private listings scraped: 0
[02:12:14] [INFO]   California State University-Long Beach CA Private listings scraped: 0
[02:12:14] [INFO]   Bridgewater College VA listings scraped: 10
[02:12:14] [INFO]   Clemson University SC listings scraped: 0
[02:12:14] [INFO]   Furman University SC: API failed, falling back to browser
[02:12:14] [INFO]   Barton College NC listings scraped: 6
[02:12:14] [INFO]   Winthrop University SC listings scraped: 1
[02:12:14] [INFO]   California State University-Monterey Bay CA Private listings scraped: 0
[02:12:14] [INFO]   Wofford College SC listings scraped: 1 (API)
[02:12:14] [INFO]   The Citadel SC listings scraped: 0
[02:12:14] [INFO]   Bennett College NC listings scraped: 0
[02:12:14] [INFO]   Edward Via College of Osteopathic Medicine VA listings scraped: 0
[02:12:14] [INFO]   California State University-Northridge CA Private listings scraped: 0
[02:12:14] [INFO]   ↪️  Emory & Henry University: generic page hands off to paycom
[02:12:14] [INFO]   Belmont Abbey College NC listings scraped: 0
[02:12:14] [INFO]   ↪️  Eastern Virginia Medical School: generic page hands off to icims
[02:12:14] [INFO]   California State University-Sacramento CA Private listings scraped: 1
[02:12:14] [INFO]   Bladen Community College NC listings scraped: 1
[02:12:14] [INFO]   University of South Carolina SC listings scraped: 92
[02:12:14] [INFO]   California State University-East Bay CA Private listings scraped: 38
[02:12:14] [INFO]   California State University-San Bernardino CA Private listings scraped: 0
[02:12:14] [INFO]   University of South Carolina-Lancaster SC listings scraped: 0
[02:12:14] [INFO]   Eastern Virginia Medical School VA listings scraped: 0
[02:12:14] [INFO]   Eastern Virginia Medical School VA listings scraped: 0
[02:12:14] [INFO]   Ferrum College VA listings scraped: 0
[02:12:14] [INFO]   Brevard College NC listings scraped: 0
[02:12:14] [INFO]   Presbyterian College SC listings scraped: 0
[02:12:14] [INFO]   University of South Carolina-Salkehatchie SC listings scraped: 0
[02:12:14] [INFO]   California State University-Stanislaus CA Private listings scraped: 0
[02:12:14] [INFO]   California State University-San Marcos CA Private listings scraped: 0
[02:12:14] [INFO]   Cabarrus College of Health Sciences NC listings scraped: 1
[02:12:14] [INFO]   Brunswick Community College NC listings scraped: 0
[02:12:14] [INFO]   University of South Carolina-Sumter SC listings scraped: 0
[02:12:14] [INFO]   University of South Carolina-Union SC listings scraped: 0
[02:12:14] [INFO]   Emory & Henry University VA listings scraped: 7
[02:12:14] [INFO]   California Western School of Law CA Private listings scraped: 0
[02:12:14] [INFO]   ↪️  Caldwell Community College and Technical Institute: generic page hands off to schooljobs
[02:12:14] [INFO]   Aiken Technical College SC listings scraped: 0
[02:12:14] [INFO]   California University of Science and Medicine CA Private listings scraped: 0
[02:12:14] [INFO]   ↪️  Campbell University: generic page hands off to taleo
[02:12:14] [INFO]   Allen University SC listings scraped: 0
[02:12:14] [INFO]   Canada College CA Private listings scraped: 0
[02:12:14] [INFO]   Cape Fear Community College NC listings scraped: 0
[02:12:14] [INFO]   Caldwell Community College and Technical Institute NC listings scraped: 0
[02:12:14] [INFO]   Caldwell Community College and Technical Institute NC listings scraped: 0
[02:12:14] [INFO]   American College of the Building Arts SC listings scraped: 0
[02:12:14] [INFO]   Casa Loma College-Los Angeles CA Private listings scraped: 0
[02:12:14] [INFO]   Anderson University SC listings scraped: 1
[02:12:14] [INFO]   Cerritos College CA Private listings scraped: 0
[02:12:14] [INFO]   Carolina Christian College NC listings scraped: 0
[02:12:14] [INFO]   CBD College CA Private listings scraped: 0
[02:12:14] [INFO]   Cerro Coso Community College CA Private listings scraped: 0
[02:12:14] [INFO]   Bob Jones University SC listings scraped: 0
[02:12:14] [INFO]   Carolina College of Biblical Studies NC listings scraped: 0
[02:12:14] [INFO]   Campbell University NC Taleo listings scraped: 0
[02:12:14] [INFO]   Campbell University NC listings scraped: 0
[02:12:14] [INFO]   ↪️  Chabot College: generic page hands off to peopleadmin
[02:12:14] [INFO]   Chaffey College CA Private listings scraped: 0
[02:12:14] [INFO]   Carolina University NC listings scraped: 0
[02:12:14] [INFO]   Charleston Southern University SC listings scraped: 1
[02:12:14] [INFO]   Charles R Drew University of Medicine and Science CA Private listings scraped: 0
[02:12:14] [INFO]   Chapman University CA Private listings scraped: 1
[02:12:14] [INFO]   Central Carolina Technical College SC listings scraped: 0
[02:12:14] [INFO]   Chabot College CA Private listings scraped: 3
[02:12:14] [INFO]   Catawba College NC listings scraped: 0
[02:12:14] [INFO]   ↪️  Carteret Community College: generic page hands off to schooljobs
[02:12:14] [INFO]   Furman University SC listings scraped: 0
[02:12:14] [INFO]   Citrus College CA Private listings scraped: 0
[02:12:14] [INFO]   Church Divinity School of the Pacific CA Private listings scraped: 3
[02:12:14] [INFO]   Citadel Military College of South Carolina SC listings scraped: 0
[02:12:14] [INFO]   Catawba Valley Community College NC listings scraped: 2
[02:12:14] [INFO]   City College of San Francisco CA Private listings scraped: 0
[02:12:14] [INFO]   Benedict College SC listings scraped: 0
[02:12:14] [INFO]   Central Carolina Community College NC listings scraped: 0
[02:12:14] [INFO]   Clinton College SC listings scraped: 2
[02:12:14] [INFO]   Claflin University SC listings scraped: 0
[02:12:14] [INFO]   ↪️  Central Piedmont Community College: generic page hands off to schooljobs
[02:12:14] [INFO]   Claremont Lincoln University CA Private listings scraped: 0
[02:12:14] [INFO]   Carteret Community College NC listings scraped: 1
[02:12:14] [INFO]   ↪️  Coast Community College District Office: generic page hands off to schooljobs
[02:12:14] [INFO]   Claremont School of Theology CA Private listings scraped: 0
[02:12:14] [INFO]   Clovis Community College CA Private listings scraped: 0
[02:12:14] [INFO]   Coker University SC listings scraped: 0
[02:12:14] [INFO]   Charlotte Christian College and Theological Seminary NC listings scraped: 0
[02:12:14] [INFO]   Columbia International University SC listings scraped: 0
[02:12:14] [INFO]   Central Piedmont Community College NC listings scraped: 1
[02:12:14] [INFO]   Chowan University NC listings scraped: 0
[02:12:14] [INFO]   Converse University SC listings scraped: 0
[02:12:14] [INFO]   Coastline Community College CA Private listings scraped: 0
[02:12:15] [INFO]   College of Marin CA Private listings scraped: 0
[02:12:15] [INFO]   College of Alameda CA Private listings scraped: 0
[02:12:15] [INFO]   Florence-Darlington Technical College SC listings scraped: 0
[02:12:15] [INFO]   Erskine College SC listings scraped: 1
[02:12:15] [INFO]   ↪️  Denmark Technical College: generic page hands off to schooljobs
[02:12:15] [INFO]   ↪️  Coastal Carolina Community College: generic page hands off to schooljobs
[02:12:15] [INFO]   Francis Marion University SC listings scraped: 1
[02:12:15] [INFO]   Cleveland Community College NC listings scraped: 0
[02:12:15] [INFO]   College of the Albemarle NC listings scraped: 0
[02:12:15] [INFO]   College of the Desert CA Private listings scraped: 0
[02:12:15] [INFO]   College of San Mateo CA Private listings scraped: 0
[02:12:15] [INFO]   Denmark Technical College SC listings scraped: 2
[02:12:15] [INFO]   Coastal Carolina Community College NC listings scraped: 1
[02:12:15] [INFO]   ↪️  Davidson-Davie Community College: generic page hands off to schooljobs
[02:12:15] [INFO]   College of the Canyons CA Private listings scraped: 0
[02:12:15] [INFO]   ↪️  Craven Community College: generic page hands off to schooljobs
[02:12:15] [INFO]   College of the Redwoods CA Private listings scraped: 0
[02:12:15] [INFO]   College of the Sequoias CA Private listings scraped: 1
[02:12:15] [INFO]   Delaware Technical Community College DE listings scraped: 3
[02:12:15] [INFO]   Davidson-Davie Community College NC listings scraped: 2
[02:12:15] [INFO]   Craven Community College NC listings scraped: 0
[02:12:15] [INFO]   Craven Community College NC listings scraped: 0
[02:12:15] [INFO]   ↪️  Durham Technical Community College: generic page hands off to schooljobs
[02:12:15] [INFO]   Delaware State University DE listings scraped: 1
[02:12:15] [INFO]   College of the Siskiyous CA Private listings scraped: 1
[02:12:15] [INFO]   Compton College CA Private listings scraped: 0
[02:12:15] [INFO]   Edgecombe Community College NC listings scraped: 1
[02:12:15] [INFO]   Concordia University-Irvine CA Private listings scraped: 0
[02:12:15] [INFO]   Wilmington University DE Taleo listings scraped: 0
[02:12:15] [INFO]   Durham Technical Community College NC listings scraped: 0
[02:12:15] [INFO]   Durham Technical Community College NC listings scraped: 0
[02:12:15] [INFO]   Contra Costa College CA Private listings scraped: 0
[02:12:15] [INFO]   Contra Costa Community College District Office CA Private listings scraped: 0
[02:12:15] [INFO]   ↪️  Fayetteville Technical Community College: generic page hands off to peopleadmin
[02:12:15] [INFO]   University of Maryland, Baltimore County MD listings scraped: 12
[02:12:15] [INFO]   University of Maryland, College Park MD listings scraped: 62 (API)
[02:12:15] [INFO]   ↪️  Copper Mountain Community College: generic page hands off to schooljobs
[02:12:15] [INFO]   Johns Hopkins University MD listings scraped: 1
[02:12:15] [INFO]   Fayetteville Technical Community College NC listings scraped: 0
[02:12:15] [INFO]   Fayetteville Technical Community College NC listings scraped: 0
[02:12:15] [INFO]   Forsyth Technical Community College NC listings scraped: 0
[02:12:15] [INFO]   Coast Community College District Office CA Private listings scraped: 0
[02:12:15] [INFO]   Coast Community College District Office CA Private listings scraped: 0
[02:12:15] [INFO]   Crafton Hills College CA Private listings scraped: 0
[02:12:15] [INFO]   Morgan State University MD listings scraped: 61
[02:12:15] [INFO]   ↪️  Cosumnes River College: generic page hands off to schooljobs
[02:12:15] [INFO]   University of Maryland, Baltimore MD Taleo listings scraped: 9
[02:12:15] [INFO]   Copper Mountain Community College CA Private listings scraped: 0
[02:12:15] [INFO]   Copper Mountain Community College CA Private listings scraped: 0
[02:12:15] [INFO]   St. Mary's College of Maryland MD listings scraped: 0
[02:12:15] [INFO]   Goucher College MD listings scraped: 0
[02:12:15] [INFO]   Cuyamaca College CA Private listings scraped: 0
[02:12:15] [INFO]   Towson University MD Taleo listings scraped: 0
[02:12:15] [INFO]   Garrett College MD listings scraped: 0
[02:12:15] [INFO]   Cuesta College CA Private listings scraped: 0
[02:12:15] [INFO]   Rhode Island College RI listings scraped: 3
[02:12:15] [INFO]   Cosumnes River College CA Private listings scraped: 0
[02:12:15] [INFO]   Cosumnes River College CA Private listings scraped: 0
[02:12:15] [INFO]   Cypress College CA Private listings scraped: 0
[02:12:15] [INFO]   ↪️  Brown University: generic page hands off to workday
[02:12:15] [INFO]   ↪️  Allegany College of Maryland: generic page hands off to schooljobs
[02:12:15] [INFO]   Bryant University RI listings scraped: 0
[02:12:15] [INFO]   De Anza College CA Private listings scraped: 0
[02:12:15] [INFO]   Brown University RI listings scraped: 0 (API)
[02:12:15] [INFO]   Brown University RI listings scraped: 0
[02:12:15] [INFO]   Providence College RI listings scraped: 2
[02:12:15] [INFO]   Rhode Island School of Design RI listings scraped: 3
[02:12:15] [INFO]   DHARMA REALM BUDDHIST UNIVERSITY CA Private listings scraped: 0
[02:12:15] [INFO]   Allegany College of Maryland MD listings scraped: 0
[02:12:15] [INFO]   Allegany College of Maryland MD listings scraped: 0
[02:12:15] [INFO]   Bais HaMedrash and Mesivta of Baltimore MD listings scraped: 0
[02:12:15] [INFO]   Diablo Valley College CA Private listings scraped: 0
[02:12:15] [INFO]   Baltimore City Community College MD listings scraped: 0
[02:12:15] [INFO]   Salve Regina University RI listings scraped: 2
[02:12:15] [INFO]   Johnson & Wales University-Providence RI listings scraped: 0
[02:12:15] [INFO]   College Unbound RI listings scraped: 1
[02:12:15] [INFO]   ↪️  Bowie State University: generic page hands off to workday
[02:12:15] [INFO]   Dominican University of California CA Private listings scraped: 0
[02:12:15] [INFO]   Bowie State University MD listings scraped: 7 (API)
[02:12:15] [INFO]   Capitol Technology University MD listings scraped: 0
[02:12:15] [INFO]   Dominican School of Philosophy & Theology CA Private listings scraped: 0
[02:12:15] [INFO]   Community College of Rhode Island RI listings scraped: 0
[02:12:15] [INFO]   Daybreak University CA Private listings scraped: 0
[02:12:15] [INFO]   Carroll Community College MD listings scraped: 0
[02:12:15] [INFO]   Anne Arundel Community College MD listings scraped: 0
[02:12:15] [INFO]   Dongguk University Los Angeles CA Private listings scraped: 0
[02:12:15] [INFO]   Cecil College MD listings scraped: 0
[02:12:15] [INFO]   Chesapeake College MD listings scraped: 0
[02:12:15] [INFO]   East Los Angeles College CA Private listings scraped: 0
[02:12:15] [INFO]   ↪️  College of Southern Maryland: generic page hands off to schooljobs
[02:12:15] [INFO]   EDvance College CA Private listings scraped: 0
[02:12:15] [INFO]   University of Rhode Island RI listings scraped: 27
[02:12:15] [INFO]   ↪️  Community College of Baltimore County: generic page hands off to schooljobs
[02:12:15] [INFO]   Downey Adult School CA Private listings scraped: 0
[02:12:15] [INFO]   El Camino Community College District CA Private listings scraped: 0
[02:12:15] [INFO]   Frederick Community College MD listings scraped: 0
[02:12:15] [INFO]   Commonwealth University PA listings scraped: 4
[02:12:15] [INFO]   Cheyney University PA listings scraped: 0
[02:12:15] [INFO]   Epic Bible College & Graduate School CA Private listings scraped: 0
[02:12:15] [INFO]   Kutztown University PA listings scraped: 0
[02:12:15] [INFO]   ↪️  Evergreen Valley College: generic page hands off to peopleadmin
[02:12:15] [INFO]   Community College of Baltimore County MD listings scraped: 9
[02:12:15] [INFO]   College of Southern Maryland MD listings scraped: 3
[02:12:15] [INFO]   Shippensburg University PA listings scraped: 3
[02:12:15] [INFO]   Evergreen Valley College CA Private listings scraped: 0
[02:12:15] [INFO]   Evergreen Valley College CA Private listings scraped: 0
[02:12:15] [INFO]   Feather River Community College District CA Private listings scraped: 0
[02:12:15] [INFO]   PennWest PA listings scraped: 7
[02:12:15] [INFO]   ↪️  Coppin State University: generic page hands off to workday
[02:12:15] [INFO]   Coppin State University MD listings scraped: 2 (API)
[02:12:15] [INFO]   Millersville University PA listings scraped: 4
[02:12:15] [INFO]   Fielding Graduate University CA Private listings scraped: 1
[02:12:15] [INFO]   ↪️  Frostburg State University: generic page hands off to workday
[02:12:15] [INFO]   UNC-Chapel Hill NC listings scraped: 206
[02:12:15] [INFO]   Slippery Rock University PA listings scraped: 2
[02:12:15] [INFO]   Frostburg State University MD listings scraped: 5 (API)
[02:12:15] [INFO]   The Pennsylvania State University PA listings scraped: 35 (API)
[02:12:15] [INFO]   ↪️  Folsom Lake College: generic page hands off to schooljobs
[02:12:15] [INFO]   Carnegie Mellon University PA listings scraped: 1 (API)
[02:12:15] [INFO]   West Chester University PA listings scraped: 0
[02:12:15] [INFO]   Foothill College CA Private listings scraped: 1
[02:12:15] [INFO]   ↪️  Foothill-De Anza Community College District: generic page hands off to taleo
[02:12:15] [INFO]   Central Michigan University MI listings scraped: 10
[02:12:15] [INFO]   Franciscan School of Theology CA Private listings scraped: 0
[02:12:15] [INFO]   University of Pennsylvania PA listings scraped: 7 (Workday search API)
[02:12:15] [INFO]   Eastern Michigan University MI listings scraped: 1
[02:12:15] [INFO]   Oakland University MI listings scraped: 25
[02:12:15] [INFO]   Bucknell University PA listings scraped: 3 (API)
[02:12:15] [INFO]   Chicago State University IL listings scraped: 21
[02:12:15] [INFO]   Governors State University IL listings scraped: 0
[02:12:15] [INFO]   East Stroudsburg University PA listings scraped: 0
[02:12:15] [INFO]   Fresno City College CA Private listings scraped: 0
[02:12:15] [INFO]   Folsom Lake College CA Private listings scraped: 0
[02:12:15] [INFO]   Folsom Lake College CA Private listings scraped: 0
[02:12:15] [INFO]   Fresno Pacific University CA Private listings scraped: 0
[02:12:15] [INFO]   Gettysburg College PA listings scraped: 16
[02:12:15] [INFO]   Drexel University PA listings scraped: 10
[02:12:15] [INFO]   Dickinson College PA listings scraped: 1 (API)
[02:12:15] [INFO]   Franklin & Marshall College PA listings scraped: 1 (Interfolio links page)
[02:12:15] [INFO]   Lafayette College PA listings scraped: 0 (Lafayette faculty page)
[02:12:15] [INFO]   Swarthmore College PA listings scraped: 1
[02:12:15] [INFO]   Knox College IL listings scraped: 1
[02:12:15] [INFO]   Northern Illinois University IL listings scraped: 19
[02:12:15] [INFO]   University of Illinois Chicago IL listings scraped: 2
[02:12:15] [INFO]   Kalamazoo College MI listings scraped: 0
[02:12:15] [INFO]   University of Illinois Springfield IL listings scraped: 0
[02:12:15] [INFO]   University of Illinois Urbana-Champaign IL listings scraped: 11
[02:12:15] [INFO]   Southern Illinois University Edwardsville IL listings scraped: 0
[02:12:15] [INFO]   Western Michigan University MI listings scraped: 22
[02:12:15] [INFO]   Southern Illinois University Carbondale IL listings scraped: 3
[02:12:15] [INFO]   Western Illinois University IL listings scraped: 0
[02:12:15] [INFO]   Fuller Theological Seminary CA Private listings scraped: 0
[02:12:15] [INFO]   Claremont McKenna College Claremont listings scraped: 6
[02:12:15] [INFO]   Adrian College MI listings scraped: 0
[02:12:15] [INFO]   Keck Graduate Institute Claremont listings scraped: 9
[02:12:15] [INFO]   Claremont Colleges listings scraped: 86
[02:12:15] [INFO]   Cornell University NY listings scraped: 5 (API)
[02:12:15] [INFO]   Waiting for CUNY jobs to load...
[02:12:15] [INFO]   Michigan State University MI listings scraped: 463
[02:12:15] [INFO]   Stony Brook University (SUNY) NY listings scraped: 83
[02:12:15] [INFO]   Fordham University NY listings scraped: 28
[02:12:15] [INFO]   ↪️  Albion College: generic page hands off to interfolio
[02:12:15] [INFO]   New York University NY listings scraped: 0
[02:12:15] [INFO]   University at Buffalo (SUNY) NY listings scraped: 44
[02:12:15] [INFO]   CUNY initial job count: 10
[02:12:15] [INFO]   Foothill-De Anza Community College District CA Private listings scraped: 0
[02:12:15] [INFO]   Southern Oregon University OR listings scraped: 0 (API)
[02:12:15] [INFO]   St. John's directory sub-pages found: 9
[02:12:15] [INFO]   Syracuse University NY listings scraped: 35
[02:12:15] [INFO]   Pace University NY listings scraped: 7 (SaaS HR API)
[02:12:15] [INFO]   Reed College OR listings scraped: 0
[02:12:15] [INFO]   Eastern Oregon University OR listings scraped: 23
[02:12:15] [INFO]   SUNY System main page listings scraped: 605
[02:12:15] [INFO]   Oregon Institute of Technology OR listings scraped: 16
[02:12:15] [INFO]   Hofstra University NY listings scraped: 42
[02:12:15] [INFO]   Columbia Gorge Community College OR listings scraped: 0
[02:12:15] [INFO]   George Fox University OR listings scraped: 0
[02:12:15] [INFO]   Villanova University PA listings scraped: 357
[02:12:15] [INFO]   Pacific University OR listings scraped: 0
[02:12:15] [INFO]   Whitman College WA listings scraped: 3 (Interfolio links page)
[02:12:15] [INFO]   Washington State University WA listings scraped: 4 (API)
[02:12:15] [INFO]   Columbia University NY listings scraped: 577
[02:12:15] [INFO]   Chemeketa Community College OR listings scraped: 0
[02:12:15] [INFO]   Pacific Northwest College of Art OR listings scraped: 0
[02:12:15] [INFO]   Lewis & Clark College OR listings scraped: 0
[02:12:15] [INFO]   Rochester Institute of Technology NY listings scraped: 4 (API)
[02:12:15] [INFO]   Binghamton University (SUNY) NY listings scraped: 1
[02:12:15] [INFO]   Binghamton University (SUNY) NY listings scraped: 1
[02:12:15] [INFO]   ↪️  University of Portland: generic page hands off to peopleadmin
[02:12:15] [INFO]   University at Albany (SUNY) NY listings scraped: 1
[02:12:15] [INFO]   University at Albany (SUNY) NY listings scraped: 1
[02:12:15] [INFO]   Clackamas Community College OR listings scraped: 0
[02:12:15] [INFO]   Willamette University OR listings scraped: 0
[02:12:15] [INFO]   SUNY total listings scraped: 736
[02:12:15] [INFO]   Corban University OR listings scraped: 0
[02:12:15] [INFO]   Blue Mountain Community College OR listings scraped: 0
[02:12:15] [INFO]   Wayne State University MI listings scraped: 31
[02:12:15] [INFO]   Clatsop Community College OR listings scraped: 0
[02:12:15] [INFO]   Mount Angel Seminary OR listings scraped: 0
[02:12:15] [INFO]   Albion College MI listings scraped: 3
[02:12:15] [INFO]   Evergreen State College WA listings scraped: 3
[02:12:15] [INFO]   Pacific Lutheran University WA listings scraped: 5 (HTTP fallback)
[02:12:15] [INFO]   Bushnell University OR listings scraped: 0
[02:12:15] [INFO]   University of Portland OR listings scraped: 0
[02:12:15] [INFO]   University of Portland OR listings scraped: 0
[02:12:15] [INFO]   University of Rochester NY listings scraped: 349
[02:12:15] [INFO]   Eastern Washington University WA listings scraped: 23
[02:12:15] [INFO]   Gonzaga University WA listings scraped: 0
[02:12:15] [INFO]   Long Island University NY listings scraped: 37
[02:12:15] [INFO]   Central Oregon Community College OR listings scraped: 0
[02:12:15] [INFO]   Adelphi University NY Taleo listings scraped: 3
[02:12:15] [INFO]   The New School NY listings scraped: 0 (API)
[02:12:15] [INFO]   Clover Park Technical College WA listings scraped: 0
[02:12:15] [INFO]   ↪️  Bastyr University: generic page hands off to paycom
[02:12:15] [INFO]   ↪️  Big Bend Community College: generic page hands off to schooljobs
[02:12:15] [INFO]   ↪️  Bates Technical College: generic page hands off to schooljobs
[02:12:15] [INFO]   Cornish College of the Arts WA listings scraped: 0
[02:12:15] [INFO]   Saint Martin's University WA listings scraped: 0
[02:12:15] [INFO]   Bellingham Technical College WA listings scraped: 0
[02:12:15] [INFO]   Clark College WA listings scraped: 1
[02:12:15] [INFO]   Antioch University-Seattle WA listings scraped: 0
[02:12:15] [INFO]   Cascadia College WA listings scraped: 0
[02:12:15] [INFO]   ↪️  Whitworth University: generic page hands off to schooljobs
[02:12:15] [INFO]   ↪️  Whitworth University-Adult Degree Programs: generic page hands off to schooljobs
[02:12:15] [INFO]   ↪️  University of Puget Sound: generic page hands off to icims
[02:12:15] [INFO]   Columbia Basin College WA listings scraped: 0
[02:12:15] [INFO]   University of Washington WA listings scraped: 311
[02:12:15] [INFO]   Centralia College WA listings scraped: 0
[02:12:15] [INFO]   Edmonds College WA listings scraped: 0
[02:12:15] [INFO]   ↪️  Seattle Pacific University: generic page hands off to workday
[02:12:15] [INFO]   ↪️  Seattle University: generic page hands off to csod
[02:12:15] [INFO]   Seattle Pacific University WA listings scraped: 4 (API)
[02:12:15] [INFO]   Faith International University WA listings scraped: 0
[02:12:15] [INFO]   Pratt Institute NY listings scraped: 1
[02:12:15] [INFO]   City University of Seattle WA listings scraped: 0
[02:12:15] [INFO]   Everett Community College WA listings scraped: 0
[02:12:15] [INFO]   Bates Technical College WA listings scraped: 0
[02:12:15] [INFO]   Bates Technical College WA listings scraped: 0
[02:12:15] [INFO]   Big Bend Community College WA listings scraped: 0
[02:12:15] [INFO]   Whitworth University WA listings scraped: 0
[02:12:15] [INFO]   Big Bend Community College WA listings scraped: 0
[02:12:15] [INFO]   Whitworth University-Adult Degree Programs WA listings scraped: 0
[02:12:15] [INFO]   Whitworth University-Adult Degree Programs WA listings scraped: 0
[02:12:15] [INFO]   Whitworth University WA listings scraped: 0
[02:12:15] [INFO]   Alma College MI listings scraped: 0
[02:12:15] [INFO]   University of Puget Sound WA listings scraped: 0
[02:12:15] [INFO]   University of Puget Sound WA listings scraped: 0
[02:12:15] [INFO]   Bellevue College WA listings scraped: 0
[02:12:15] [INFO]   Alpena Community College MI listings scraped: 0
[02:12:15] [INFO]   CUNY jobs extracted from listing: 72
[02:12:15] [INFO]   CUNY jobs after filtering: 48
[02:12:15] [INFO]   Fetching CUNY job descriptions (JS-rendered pages)...
[02:12:15] [INFO]     Fetching CUNY descriptions batch 1/12...
[02:12:15] [INFO]   Andrews University MI listings scraped: 1
[02:12:15] [INFO]   Oregon State University OR listings scraped: 264
[02:12:15] [INFO]   Bastyr University WA listings scraped: 1
[02:12:15] [INFO]   Iona University NY listings scraped: 6
[02:12:15] [INFO]     Fetching CUNY descriptions batch 2/12...
[02:12:15] [INFO]   Seattle University WA listings scraped: 0
[02:12:15] [INFO]   Seattle University WA listings scraped: 0
[02:12:15] [INFO]   Yeshiva University NY listings scraped: 20
[02:12:15] [INFO]   Manhattan University NY listings scraped: 0
[02:12:15] [INFO]   Associated Beth Rivkah Schools NY listings scraped: 0
[02:12:15] [INFO]   Baker College MI listings scraped: 0
[02:12:15] [INFO]     Fetching CUNY descriptions batch 3/12...
[02:12:15] [INFO]   Aquinas College MI listings scraped: 0
[02:12:15] [INFO]   Bowdoin College ME listings scraped: 0
[02:12:15] [INFO]   Colby College ME listings scraped: 0
[02:12:15] [INFO]   Bates College ME listings scraped: 1
[02:12:15] [INFO]   Elmezzi Graduate School of Molecular Medicine NY listings scraped: 0
[02:12:15] [INFO]   Belanger School of Nursing NY listings scraped: 0
[02:12:15] [INFO]   ↪️  Bay de Noc Community College: generic page hands off to peopleadmin
[02:12:15] [INFO]     Fetching CUNY descriptions batch 4/12...
[02:12:15] [INFO]   Samaritan Hospital School of Nursing NY listings scraped: 0
[02:12:15] [INFO]   Bay de Noc Community College MI listings scraped: 0
[02:12:15] [INFO]   Bay de Noc Community College MI listings scraped: 0
[02:12:15] [INFO]   Bay Mills Community College MI listings scraped: 0
[02:12:15] [INFO]     Fetching CUNY descriptions batch 5/12...
[02:12:15] [INFO]   College of the Atlantic ME listings scraped: 0
[02:12:15] [INFO]   CVPH Medical Center School of Radiologic Technology NY listings scraped: 0
[02:12:15] [INFO]   St. Peter's Hospital College of Nursing NY listings scraped: 0
[02:12:15] [INFO]   Maine Media College ME listings scraped: 0
[02:12:15] [INFO]   Central Maine Community College ME listings scraped: 0
[02:12:15] [INFO]   Calvin Theological Seminary MI listings scraped: 1
[02:12:15] [INFO]     Fetching CUNY descriptions batch 6/12...
[02:12:15] [INFO]   Memorial Hospital School of Radiation Therapy Technology NY listings scraped: 1
[02:12:15] [INFO]   Mesivta Torah Vodaath Rabbinical Seminary NY listings scraped: 0
[02:12:15] [INFO]   Calvin University MI listings scraped: 0
[02:12:15] [INFO]   Montefiore School of Nursing NY listings scraped: 0
[02:12:15] [INFO]   Eastern Maine Community College ME listings scraped: 0
[02:12:15] [INFO]   St. John's University NY SilkRoad listings scraped: 2
[02:12:15] [INFO]   Cleary University MI listings scraped: 1
[02:12:15] [INFO]     Fetching CUNY descriptions batch 7/12...
[02:12:15] [INFO]   School of Professional Horticulture, New York Botanical Garden NY listings scraped: 0
[02:12:15] [INFO]   Pomeroy College of Nursing at Crouse Hospital NY listings scraped: 0
[02:12:15] [INFO]     Fetching CUNY descriptions batch 8/12...
[02:12:15] [INFO]   The Ailey School NY listings scraped: 1
[02:12:15] [INFO]   College for Creative Studies MI listings scraped: 0
[02:12:15] [INFO]     Fetching CUNY descriptions batch 9/12...
[02:12:15] [INFO]   Academy for Jewish Religion NY listings scraped: 0
[02:12:15] [INFO]   Albany College of Pharmacy and Health Sciences NY listings scraped: 0
[02:12:15] [INFO]   Concordia University Ann Arbor MI listings scraped: 0
[02:12:15] [INFO]   Albany Medical College NY listings scraped: 0
[02:12:15] [INFO]   Albert Einstein College of Medicine NY listings scraped: 0
[02:12:15] [INFO]     Fetching CUNY descriptions batch 10/12...
[02:12:15] [INFO]   Albany Law School NY listings scraped: 0
[02:12:15] [INFO]   Cornerstone University MI listings scraped: 0
[02:12:15] [INFO]   Alfred University NY listings scraped: 0
[02:12:15] [INFO]     Fetching CUNY descriptions batch 11/12...
[02:12:15] [INFO]   Cranbrook Academy of Art MI listings scraped: 0
[02:12:15] [INFO]   American Academy of Dramatic Arts-New York NY listings scraped: 0
[02:12:15] [INFO]   American Musical and Dramatic Academy NY listings scraped: 0
[02:12:15] [INFO]   Davenport University MI listings scraped: 1
[02:12:15] [INFO]   Bard College NY listings scraped: 1
[02:12:15] [INFO]     Fetching CUNY descriptions batch 12/12...
[02:12:15] [INFO]   Delta College MI listings scraped: 0
[02:12:15] [INFO]   Barnard College NY listings scraped: 2
[02:12:15] [INFO]   Be'er Yaakov Talmudic Seminary NY listings scraped: 0
[02:12:15] [INFO]   Ecumenical Theological Seminary MI listings scraped: 0
[02:12:15] [INFO]   CUNY jobs with descriptions: 48/48
[02:12:15] [INFO]   Beth Hamedrash Shaarei Yosher Institute NY listings scraped: 0
[02:12:15] [INFO]   Bank Street College of Education NY listings scraped: 0
[02:12:15] [INFO]   Binghamton University NY listings scraped: 0
[02:12:15] [INFO]   Boricua College NY listings scraped: 0
[02:12:15] [INFO]   University of Maine System ME listings scraped (DOM): 0
[02:12:15] [INFO]   University of New Hampshire System NH listings scraped: 6 (API)
[02:12:15] [INFO]   Ferris State University MI listings scraped: 1
[02:12:15] [INFO]   Brooklyn Law School NY listings scraped: 0
[02:12:15] [INFO]   Bryant & Stratton College-Buffalo NY listings scraped: 0
[02:12:15] [INFO]   Bryant & Stratton College-Albany NY listings scraped: 0
[02:12:15] [INFO]   Bryant & Stratton College-Greece NY listings scraped: 0
[02:12:15] [INFO]   Bryant & Stratton College-Online NY listings scraped: 0
[02:12:15] [INFO]   Bryant & Stratton College-Syracuse North NY listings scraped: 0
[02:12:15] [INFO]   Canisius University NY listings scraped: 2
[02:12:15] [INFO]   Portland State University OR listings scraped: 22
[02:12:15] [INFO]   Saint Anselm College NH listings scraped: 0
[02:12:15] [INFO]   Cayuga County Community College NY listings scraped: 0
[02:12:15] [INFO]   Central Yeshiva Tomchei Tmimim Lubavitz NY listings scraped: 0
[02:12:15] [INFO]   Clarkson University NY listings scraped: 1
[02:12:15] [INFO]   Bennington College VT listings scraped: 0
[02:12:15] [INFO]   Clinton Community College NY listings scraped: 0
[02:12:15] [INFO]   Champlain College VT listings scraped: 0
[02:12:15] [INFO]   University of Vermont VT listings scraped: 43
[02:12:15] [INFO]   College of Staten Island CUNY NY listings scraped: 2
[02:12:15] [INFO]   Dartmouth College NH listings scraped: 136
[02:12:15] [INFO]   Colgate Rochester Crozer Divinity School NY listings scraped: 0
[02:12:15] [INFO]   Minnesota State System MN: API failed, falling back to browser
[02:12:15] [INFO]   Carleton College MN listings scraped: 3 (API)
[02:12:15] [INFO]   Colgate University NY listings scraped: 0
[02:12:15] [INFO]   Columbia University in the City of New York NY listings scraped: 0
[02:12:15] [INFO]   Community College of Vermont VT listings scraped: 0
[02:12:15] [INFO]   Columbia-Greene Community College NY listings scraped: 0
[02:12:15] [INFO]   Macalester College MN listings scraped: 1
[02:12:15] [INFO]   Hazelden Betty Ford Graduate School MN listings scraped: 0
[02:12:15] [INFO]   Culinary Institute of America NY listings scraped: 0
[02:12:15] [INFO]   CUNY Bernard M Baruch College NY listings scraped: 0
[02:12:15] [INFO]   CUNY Borough of Manhattan Community College NY listings scraped: 0
[02:12:15] [INFO]   Adler Graduate School MN listings scraped: 0
[02:12:15] [INFO]   CUNY Bronx Community College NY listings scraped: 0
[02:12:15] [INFO]   CUNY City College NY listings scraped: 0
[02:12:15] [INFO]   Alexandria Technical & Community College MN listings scraped: 0
[02:12:15] [INFO]   CUNY Brooklyn College NY listings scraped: 0
[02:12:15] [INFO]   CUNY Graduate School and University Center NY listings scraped: 0
[02:12:15] [INFO]   Anoka Technical College MN listings scraped: 0
[02:12:15] [INFO]   Anoka-Ramsey Community College MN listings scraped: 0
[02:12:15] [INFO]   CUNY Hunter College NY listings scraped: 0
[02:12:15] [INFO]   CUNY John Jay College of Criminal Justice NY listings scraped: 1
[02:12:15] [INFO]   CUNY Kingsborough Community College NY listings scraped: 0
[02:12:15] [INFO]   CUNY LaGuardia Community College NY listings scraped: 0
[02:12:15] [INFO]   Augsburg University MN listings scraped: 0
[02:12:15] [INFO]   Bemidji State University MN listings scraped: 0
[02:12:15] [INFO]   CUNY Lehman College NY listings scraped: 0
[02:12:15] [INFO]   CUNY New York City College of Technology NY listings scraped: 0
[02:12:15] [INFO]   CUNY Medgar Evers College NY listings scraped: 0
[02:12:15] [INFO]   Bethany Global University MN listings scraped: 0
[02:12:15] [INFO]   Bethany Lutheran College MN listings scraped: 0
[02:12:15] [INFO]   CUNY Queensborough Community College NY listings scraped: 0
[02:12:15] [INFO]   CUNY Queens College NY listings scraped: 1
[02:12:15] [INFO]   CUNY Stella and Charles Guttman Community College NY listings scraped: 0
[02:12:15] [INFO]   CUNY School of Law NY listings scraped: 2
[02:12:15] [INFO]   Minnesota State System MN listings scraped: 0
[02:12:15] [INFO]   Bethlehem College & Seminary MN listings scraped: 0
[02:12:15] [INFO]   CUNY System Office NY listings scraped: 1
[02:12:15] [INFO]   CUNY York College NY listings scraped: 0
[02:12:15] [INFO]   University of Minnesota MN listings scraped: 0
[02:12:15] [INFO]   D'Youville University NY listings scraped: 0
[02:12:15] [INFO]   Daemen University NY listings scraped: 0
[02:12:15] [INFO]   Dominican University New York NY listings scraped: 0
[02:12:15] [INFO]   Concordia College at Moorhead MN listings scraped: 0
[02:12:15] [INFO]   College of Saint Benedict MN listings scraped: 0
[02:12:15] [INFO]   Central Lakes College-Brainerd MN listings scraped: 0
[02:12:15] [INFO]   Elim Bible Institute and College NY listings scraped: 0
[02:12:15] [INFO]   Dutchess Community College NY listings scraped: 0
[02:12:15] [INFO]   Saint Michael's College VT listings scraped (DOM): 3
[02:12:15] [INFO]   North Dakota State University ND listings scraped: 6
[02:12:15] [INFO]   Concordia University-Saint Paul MN listings scraped: 0
[02:12:15] [INFO]   Elmira College NY listings scraped: 0
[02:12:15] [INFO]   Crown College MN listings scraped: 0
[02:12:15] [INFO]   Elyon College NY listings scraped: 0
[02:12:15] [INFO]   Empire State University NY listings scraped: 0
[02:12:15] [INFO]   Dakota County Technical College MN listings scraped: 4
[02:12:15] [INFO]   University of Mary ND listings scraped: 0
[02:12:15] [INFO]   University of Jamestown ND listings scraped: 0
[02:12:15] [INFO]   ↪️  Erie Community College: generic page hands off to workday
[02:12:15] [INFO]   Erie Community College NY: Could not parse Workday URL, falling back to browser
[02:12:15] [INFO]   Bismarck State College ND listings scraped: 1
[02:12:15] [INFO]   University of North Dakota ND listings scraped: 3
[02:12:15] [INFO]   ↪️  Dunwoody College of Technology: generic page hands off to workday
[02:12:15] [INFO]   Dunwoody College of Technology MN: API failed, falling back to browser
[02:12:15] [INFO]   Excelsior University NY listings scraped: 0
[02:12:15] [INFO]   Farmingdale State College NY listings scraped: 0
[02:12:15] [INFO]   Fashion Institute of Technology NY listings scraped: 2
[02:12:15] [INFO]   Fond du Lac Tribal and Community College MN listings scraped: 1
[02:12:15] [INFO]   Cankdeska Cikana Community College ND listings scraped: 0
[02:12:15] [INFO]   Dickinson State University ND listings scraped: 0
[02:12:15] [INFO]   Dakota College at Bottineau ND listings scraped: 0
[02:12:15] [INFO]   Augustana University SD listings scraped: 0 (Workday search API)
[02:12:15] [INFO]   Finger Lakes Community College NY listings scraped: 0
[02:12:15] [INFO]   Finger Lakes Health College of Nursing & Health Sciences NY listings scraped: 0
[02:12:15] [INFO]   Black Hills State University SD listings scraped: 0
[02:12:15] [INFO]   University of Sioux Falls SD listings scraped: 0
[02:12:15] [INFO]   University of Michigan MI listings scraped: 221
[02:12:15] [INFO]   Dakota Wesleyan University SD listings scraped: 0
[02:12:15] [INFO]   South Dakota Board of Regents SD listings scraped: 40
[02:12:15] [INFO]   University of Nebraska Omaha NE listings scraped: 13
[02:12:15] [INFO]   University of Nebraska Medical Center NE listings scraped: 0
[02:12:15] [INFO]   Creighton University NE listings scraped: 1
[02:12:15] [INFO]   Doane University NE listings scraped: 0
[02:12:15] [INFO]   Nebraska Wesleyan University NE listings scraped: 0
[02:12:15] [INFO]   Bryan College of Health Sciences NE listings scraped: 0
[02:12:15] [INFO]   Erie Community College NY listings scraped: 0
[02:12:15] [INFO]   Erie Community College NY listings scraped: 0
[02:12:15] [INFO]   CHI Health School of Radiologic Technology NE listings scraped: 0
[02:12:15] [INFO]   University of Northern Iowa IA listings scraped: 1 (API)
[02:12:15] [INFO]   Bellevue University NE listings scraped: 0
[02:12:15] [INFO]   Iowa State University IA listings scraped: 6 (API)
[02:12:15] [INFO]   Central Community College NE listings scraped: 0
[02:12:15] [INFO]   Grinnell College IA listings scraped: 5
[02:12:15] [INFO]   Dunwoody College of Technology MN listings scraped: 0
[02:12:15] [INFO]   Dunwoody College of Technology MN listings scraped: 0
[02:12:15] [INFO]   University of Iowa IA listings scraped: 6
[02:12:15] [INFO]   Chadron State College NE listings scraped: 1
[02:12:15] [INFO]   Mercy-St Luke's School of Radiologic Technology IA listings scraped: 0
[02:12:15] [INFO]   University of Nebraska-Lincoln NE listings scraped: 168
[02:12:15] [INFO]   Clarkson College NE listings scraped: 0
[02:12:15] [INFO]   College of Saint Mary NE listings scraped: 0
[02:12:15] [INFO]   Drake University IA listings scraped: 5
[02:12:15] [INFO]   UnityPoint Health-Des Moines School of Radiologic Technology IA listings scraped: 0
[02:12:15] [INFO]   Central Wyoming College WY listings scraped: 1
[02:12:15] [INFO]   Wyoming Catholic College WY listings scraped: 0
[02:12:15] [INFO]   Allen College IA listings scraped: 0
[02:12:15] [INFO]   ↪️  Casper College: generic page hands off to schooljobs
[02:12:15] [INFO]   Luther College IA listings scraped: 0
[02:12:15] [INFO]   Concordia University-Nebraska NE listings scraped: 0
[02:12:15] [INFO]   Briar Cliff University IA listings scraped: 0
[02:12:15] [INFO]   University of Wyoming WY listings scraped (REST): 25
[02:12:15] [INFO]   UW-Milwaukee WI listings scraped: 4 (API)
[02:12:15] [INFO]   UW System Comprehensives WI listings scraped: 2 (API)
[02:12:15] [INFO]   UW-Madison WI listings scraped: 8 (API)
[02:12:15] [INFO]   Casper College WY listings scraped: 2
[02:12:15] [INFO]   Clarke University IA listings scraped: 0
[02:12:15] [INFO]   Buena Vista University IA listings scraped: 0
[02:12:15] [INFO]   University of Montana MT listings scraped: 7
[02:12:15] [INFO]   ↪️  Lawrence University: generic page hands off to peopleadmin
[02:12:15] [INFO]   Coe College IA listings scraped: 0
[02:12:15] [INFO]   Central College IA listings scraped: 0
[02:12:15] [INFO]   Eastern Wyoming College WY listings scraped: 0
[02:12:15] [INFO]   Alverno College WI listings scraped: 0
[02:12:15] [INFO]   Marquette University WI listings scraped: 82
[02:12:15] [INFO]   Cornell College IA listings scraped: 0
[02:12:15] [INFO]   St. Norbert College WI listings scraped: 0
[02:12:15] [INFO]   Carroll College MT listings scraped: 0
[02:12:15] [INFO]   Lawrence University WI listings scraped: 0
[02:12:15] [INFO]   Lawrence University WI listings scraped: 0
[02:12:15] [INFO]   Aaniiih Nakoda College MT listings scraped: 6
[02:12:15] [INFO]   Des Moines University-Osteopathic Medical Center IA listings scraped: 0
[02:12:15] [INFO]   Rocky Mountain College MT listings scraped: 0
[02:12:15] [INFO]   Bellin College WI listings scraped: 2
[02:12:15] [INFO]   Divine Word College IA listings scraped: 0
[02:12:15] [INFO]   ↪️  Blackhawk Technical College: generic page hands off to icims
[02:12:15] [INFO]   Bryant & Stratton College-Wauwatosa WI listings scraped: 0
[02:12:15] [INFO]   Dordt University IA listings scraped: 0
[02:12:15] [INFO]   Montana State University MT listings scraped: 100
[02:12:15] [INFO]   Eastern Iowa Community College District IA listings scraped: 0
[02:12:15] [INFO]   CU Denver CO Taleo listings scraped: 4
[02:12:15] [INFO]   UCCS CO Taleo listings scraped: 4
[02:12:15] [INFO]   CU Anschutz CO Taleo listings scraped: 4
[02:12:15] [INFO]   Carthage College WI listings scraped: 0
[02:12:15] [INFO]   CU Boulder CO listings scraped: 0
[02:12:15] [INFO]   Blackhawk Technical College WI listings scraped: 0
[02:12:15] [INFO]   Blackhawk Technical College WI listings scraped: 0
[02:12:15] [INFO]   Colorado State University CO listings scraped: 5 (API)
[02:12:15] [INFO]   Ellsworth Community College IA listings scraped: 0
[02:12:15] [INFO]   Colorado School of Mines CO listings scraped: 9 (API)
[02:12:15] [INFO]   Blackfeet Community College MT listings scraped: 0
[02:12:15] [INFO]   ↪️  Chippewa Valley Technical College: generic page hands off to icims
[02:12:15] [INFO]   Emmaus Bible College IA listings scraped: 0
[02:12:15] [INFO]   Chief Dull Knife College MT listings scraped: 0
[02:12:15] [INFO]   University of Denver CO listings scraped: 0
[02:12:15] [INFO]   Carroll University WI listings scraped: 0
[02:12:15] [INFO]   Faith Baptist Bible College and Theological Seminary IA listings scraped: 0
[02:12:15] [INFO]   Colorado College CO listings scraped: 0
[02:12:15] [INFO]   Dawson Community College MT listings scraped: 0
[02:12:15] [INFO]   ↪️  Adams State University: generic page hands off to workday
[02:12:15] [INFO]   Fort Peck Community College MT listings scraped: 0
[02:12:15] [INFO]   Concordia University-Wisconsin WI listings scraped: 0
[02:12:15] [INFO]   Aims Community College CO listings scraped: 0
[02:12:15] [INFO]   Chippewa Valley Technical College WI listings scraped: 0
[02:12:15] [INFO]   Chippewa Valley Technical College WI listings scraped: 0
[02:12:15] [INFO]   Adams State University CO listings scraped: 5 (API)
[02:12:15] [INFO]   Arapahoe Community College CO listings scraped: 1
[02:12:15] [INFO]   Edgewood College WI listings scraped: 4
[02:12:15] [INFO]   College of Menominee Nation WI listings scraped: 0
[02:12:15] [INFO]   Fox Valley Technical College WI listings scraped: 0
[02:12:15] [INFO]   Colorado Christian University CO listings scraped: 2
[02:12:15] [INFO]   Colorado Mesa University CO listings scraped: 0
[02:12:15] [INFO]   University of Toledo OH: API failed, falling back to browser
[02:12:15] [INFO]   Ohio State University OH listings scraped: 37 (API)
[02:12:15] [INFO]   Casa Loma College - Aurora CO listings scraped: 0
[02:12:15] [INFO]   Kent State University OH listings scraped: 0
[02:12:15] [INFO]   Flathead Valley Community College MT listings scraped: 1
[02:12:15] [INFO]   Colorado Mountain College CO listings scraped: 0
[02:12:15] [INFO]   Colorado Northwestern Community College CO listings scraped: 0
[02:12:15] [INFO]   Ohio University OH listings scraped: 40
[02:12:15] [INFO]   St. John's College (Santa Fe) NM listings scraped: 0
[02:12:15] [INFO]   Colorado State University Pueblo CO listings scraped: 0
[02:12:15] [INFO]   Wright State University OH listings scraped: 0
[02:12:15] [INFO]   Cleveland State University OH listings scraped: 56
[02:12:15] [INFO]   Colorado State University Global CO listings scraped: 0
[02:12:15] [INFO]   New Mexico State University NM listings scraped: 0
[02:12:15] [INFO]   ↪️  Central New Mexico Community College: generic page hands off to workday
[02:12:15] [INFO]   Central New Mexico Community College NM listings scraped: 1 (API)
[02:12:15] [INFO]   Community College of Aurora CO listings scraped: 0
[02:12:15] [INFO]   University of Dayton OH listings scraped: 1
[02:12:15] [INFO]   Case Western Reserve University OH listings scraped: 0
[02:12:15] [INFO]   ↪️  Community College of Denver: generic page hands off to schooljobs
[02:12:15] [INFO]   University of Cincinnati OH listings scraped: 0
[02:12:15] [INFO]   Colorado State University-System Office CO listings scraped: 1
[02:12:15] [INFO]   Denver Seminary CO listings scraped: 1
[02:12:15] [INFO]   Eastern New Mexico University-Main Campus NM listings scraped: 1
[02:12:15] [INFO]   Eastern New Mexico University-Roswell Campus NM listings scraped: 1
[02:12:15] [INFO]   Eastern New Mexico University Ruidoso Branch Community College NM listings scraped: 0
[02:12:15] [INFO]   Denison University OH listings scraped: 0
[02:12:15] [INFO]   ↪️  Fort Lewis College: generic page hands off to workday
[02:12:15] [INFO]   Kenyon College OH listings scraped: 0
[02:12:15] [INFO]   Front Range Community College CO listings scraped: 0
[02:12:15] [INFO]   Fort Lewis College CO listings scraped: 0 (API)
[02:12:15] [INFO]   Fort Lewis College CO listings scraped: 0
[02:12:15] [INFO]   Oberlin College OH listings scraped: 58
[02:12:15] [INFO]   Community College of Denver CO listings scraped: 0
[02:12:15] [INFO]   Community College of Denver CO listings scraped: 0
[02:12:15] [INFO]   Nevada State University NV listings scraped: 4 (API)
[02:12:15] [INFO]   University of Nevada, Las Vegas NV listings scraped: 56 (API)
[02:12:15] [INFO]   University of Nevada, Reno NV listings scraped: 16 (API)
[02:12:15] [INFO]   Cleveland Clinic Health System-School of Diagnostic Imaging OH listings scraped: 0
[02:12:15] [INFO]   Kent State University at Ashtabula OH listings scraped: 0
[02:12:15] [INFO]   Kent State University at East Liverpool OH listings scraped: 0
[02:12:15] [INFO]   College of Southern Nevada NV listings scraped: 0
[02:12:15] [INFO]   Kent State University at Geauga OH listings scraped: 0
[02:12:15] [INFO]   Kent State University at Stark OH listings scraped: 0
[02:12:15] [INFO]   Kent State University at Salem OH listings scraped: 0
[02:12:15] [INFO]   Weber State University UT listings scraped: 8
[02:12:15] [INFO]   Kent State University at Trumbull OH listings scraped: 0
[02:12:15] [INFO]   Kent State University at Tuscarawas OH listings scraped: 0
[02:12:15] [INFO]   Utah Tech University UT listings scraped: 2
[02:12:15] [INFO]   Miami University-Hamilton OH listings scraped: 2
[02:12:15] [INFO]   Southern Utah University UT listings scraped: 2
[02:12:15] [INFO]   Utah Valley University UT listings scraped: 1
[02:12:15] [INFO]   Miami University-Middletown OH listings scraped: 2
[02:12:15] [INFO]   Ohio University-Chillicothe Campus OH listings scraped: 0
[02:12:15] [INFO]   Utah State University UT listings scraped: 0
[02:12:15] [INFO]   Ohio University-Eastern Campus OH listings scraped: 0
[02:12:15] [INFO]   Brigham Young University UT listings scraped: 1
[02:12:15] [INFO]   Ohio University-Lancaster Campus OH listings scraped: 0
[02:12:15] [INFO]   University of Toledo OH listings scraped: 0
[02:12:15] [INFO]   Ohio University-Southern Campus OH listings scraped: 0
[02:12:15] [INFO]   Ohio University-Zanesville Campus OH listings scraped: 0
[02:12:15] [INFO]   Ensign College UT listings scraped: 0
[02:12:15] [INFO]   Westminster University (Utah) UT listings scraped: 2
[02:12:15] [INFO]   Firelands Regional Medical Center School of Nursing OH listings scraped: 0
[02:12:15] [INFO]   Remington College-Cleveland Campus OH listings scraped: 0
[02:12:15] [INFO]   Rabbinical College Telshe OH listings scraped: 0
[02:12:15] [INFO]   Toledo Public Schools Adult and Continuing Education OH listings scraped: 0
[02:12:15] [INFO]   Air Force Institute of Technology-Graduate School of Engineering & Management OH listings scraped: 0
[02:12:15] [INFO]   Allegheny Wesleyan College OH listings scraped: 0
[02:12:15] [INFO]   Antioch University OH listings scraped: 0
[02:12:15] [INFO]   Antioch College OH listings scraped: 1
[02:12:15] [INFO]   Antioch University-System Administration OH listings scraped: 0
[02:12:15] [INFO]   Ashland University OH listings scraped: 0
[02:12:15] [INFO]   Athenaeum of Ohio OH listings scraped: 0
[02:12:15] [INFO]   Art Academy of Cincinnati OH listings scraped: 0
[02:12:15] [INFO]   Aultman College of Nursing and Health Sciences OH listings scraped: 0
[02:12:15] [INFO]   Baldwin Wallace University OH listings scraped: 0
[02:12:15] [INFO]   Bluffton University OH listings scraped: 2
[02:12:15] [INFO]   Bowling Green State University-Firelands OH listings scraped: 1
[02:12:15] [INFO]   ↪️  Bowling Green State University-Main Campus: generic page hands off to schooljobs
[02:12:15] [INFO]   Belmont College OH listings scraped: 0
[02:12:15] [INFO]   Bryant & Stratton College-Parma OH listings scraped: 0
[02:12:15] [INFO]   Bowling Green State University-Main Campus OH listings scraped: 0
[02:12:15] [INFO]   Bowling Green State University-Main Campus OH listings scraped: 0
[02:12:15] [INFO]   Capital University OH listings scraped: 0
[02:12:15] [INFO]   Cedarville University OH listings scraped: 0
[02:12:15] [INFO]   Des Moines Area Community College IA listings scraped: 0
[02:12:15] [INFO]   Central Ohio Technical College OH listings scraped: 0
[02:12:15] [INFO]   University of Utah UT listings scraped: 365
[02:12:15] [INFO]   Cincinnati College of Mortuary Science OH listings scraped: 0
[02:12:15] [INFO]   University of Idaho ID listings scraped: 27
[02:12:15] [INFO]   Indiana State University IN listings scraped: 7
[02:12:15] [INFO]   Central State University OH listings scraped: 0
[02:12:15] [INFO]   Lewis-Clark State College ID listings scraped: 2
[02:12:15] [INFO]   Ball State University IN listings scraped: 0
[02:12:15] [INFO]   Clark State College OH listings scraped: 0
[02:12:15] [INFO]   Butler University IN: API failed, falling back to browser
[02:12:15] [INFO]   University of Southern Indiana IN listings scraped: 0
[02:12:15] [INFO]   DePauw University IN listings scraped: 0 (API)
[02:12:15] [INFO]   Cincinnati State Technical and Community College OH listings scraped: 0
[02:12:15] [INFO]   The College of Idaho ID listings scraped: 0
[02:12:15] [INFO]   Boise Bible College ID listings scraped: 0
[02:12:15] [INFO]   Cleveland Institute of Art OH listings scraped: 0
[02:12:15] [INFO]   Purdue University IN listings scraped: 0
[02:12:15] [INFO]   Cleveland Institute of Music OH listings scraped: 0
[02:12:15] [INFO]   Collins Career Technical Center OH listings scraped: 0
[02:12:15] [INFO]   Wabash College IN listings scraped: 0
[02:12:15] [INFO]   Indiana University IN listings scraped: 113
[02:12:15] [INFO]   ↪️  College of Eastern Idaho: generic page hands off to schooljobs
[02:12:15] [INFO]   Brigham Young University-Idaho ID listings scraped: 0
[02:12:15] [INFO]   Columbus College of Art & Design OH listings scraped: 0
[02:12:15] [INFO]   ↪️  Cuyahoga Community College District: generic page hands off to csod
[02:12:15] [INFO]   Columbus State Community College OH listings scraped: 0
[02:12:15] [INFO]   Marian University-Ancilla IN listings scraped: 0
[02:12:15] [INFO]   Defiance College OH listings scraped: 1
[02:12:15] [INFO]   Trine University-Regional/Non-Traditional Campuses IN listings scraped: 10
[02:12:15] [INFO]   College of Eastern Idaho ID listings scraped: 2
[02:12:15] [INFO]   Northwest Nazarene University ID listings scraped: 0
[02:12:15] [INFO]   Idaho State University ID listings scraped: 12
[02:12:15] [INFO]   College of Southern Idaho ID listings scraped: 0
[02:12:15] [INFO]   Edison State Community College OH listings scraped: 0
[02:12:15] [INFO]   Eastern Gateway Community College OH listings scraped: 0
[02:12:15] [INFO]   Anabaptist Mennonite Biblical Seminary IN listings scraped: 0
[02:12:15] [INFO]   College of Western Idaho ID listings scraped: 0
[02:12:15] [INFO]   Bethany Theological Seminary IN listings scraped: 0
[02:12:15] [INFO]   Earlham College IN listings scraped: 0
[02:12:15] [INFO]   Calumet College of Saint Joseph IN listings scraped: 0
[02:12:15] [INFO]   University of Charleston WV listings scraped: 0
[02:12:15] [INFO]   Franklin University OH listings scraped: 0
[02:12:15] [INFO]   Franciscan University of Steubenville OH listings scraped: 0
[02:12:15] [INFO]   West Virginia State University WV listings scraped: 1
[02:12:15] [INFO]   Marshall University WV listings scraped: 100
[02:12:15] [INFO]   Christian Theological Seminary IN listings scraped: 0
[02:12:15] [INFO]   Franklin College IN listings scraped: 1
[02:12:15] [INFO]   West Virginia Wesleyan College WV listings scraped: 0
[02:12:15] [INFO]   Cuyahoga Community College District OH listings scraped: 0
[02:12:15] [INFO]   Cuyahoga Community College District OH listings scraped: 0
[02:12:15] [INFO]   West Virginia University WV Taleo listings scraped: 14
[02:12:15] [INFO]   Mercer County Technical Education Center WV listings scraped: 0
[02:12:15] [INFO]   Georgia State University GA listings scraped: 25
[02:12:15] [INFO]   Bethany College (WV) WV listings scraped: 0
[02:12:15] [INFO]   Butler University IN listings scraped: 0
[02:12:15] [INFO]   Appalachian Bible College WV listings scraped: 0
[02:12:15] [INFO]   Spelman College GA listings scraped: 3
[02:12:15] [INFO]   University of North Georgia GA listings scraped: 0
[02:12:15] [INFO]   Concordia Theological Seminary IN listings scraped: 0
[02:12:15] [INFO]   Bluefield State University WV listings scraped: 1
[02:12:15] [INFO]   Abraham Baldwin Agricultural College GA listings scraped: 0
[02:12:15] [INFO]   Bethany College WV listings scraped: 0
[02:12:15] [INFO]   University of Georgia GA listings scraped: 107
[02:12:15] [INFO]   Agnes Scott College GA listings scraped: 0
[02:12:15] [INFO]   University of Alabama AL listings scraped: 0
[02:12:15] [INFO]   University of South Alabama AL listings scraped: 19
[02:12:15] [INFO]   BridgeValley Community & Technical College WV listings scraped: 0
[02:12:15] [INFO]   Auburn University AL listings scraped: 0
[02:12:15] [INFO]   Albany State University GA listings scraped: 0
[02:12:15] [INFO]   Blue Ridge Community and Technical College WV listings scraped: 0
[02:12:15] [INFO]   West Virginia University Hospital Departments of Rad Tech and Nutrition WV listings scraped: 0
[02:12:15] [INFO]   Andrew College GA listings scraped: 0
[02:12:15] [INFO]   Concord University WV listings scraped: 1
[02:12:15] [INFO]   Catholic International University WV listings scraped: 0
[02:12:15] [INFO]   Alabama A & M University AL listings scraped: 0
[02:12:15] [INFO]   Albany Technical College GA listings scraped: 0
[02:12:15] [INFO]   ↪️  Alabama College of Osteopathic Medicine override URL applied
[02:12:15] [INFO]   Remington College-Mobile Campus AL listings scraped: 0
[02:12:15] [INFO]   Athens Technical College GA listings scraped: 1
[02:12:15] [INFO]   Spring Hill College AL listings scraped: 0
[02:12:15] [INFO]   Atlanta Metropolitan State College GA listings scraped: 0
[02:12:15] [INFO]   Fairmont State University WV listings scraped: 0
[02:12:15] [INFO]   Alabama College of Osteopathic Medicine AL listings scraped: 0
[02:12:15] [INFO]   Davis & Elkins College WV listings scraped: 0
[02:12:15] [INFO]   Alabama State University AL listings scraped: 0
[02:12:15] [INFO]   ↪️  Auburn University at Montgomery override URL applied
[02:12:15] [INFO]   Eastern West Virginia Community and Technical College WV listings scraped: 0
[02:12:15] [INFO]   Fred W Eberle Technical Center WV listings scraped: 0
[02:12:15] [INFO]   University of Mississippi MS listings scraped: 12 (API)
[02:12:15] [INFO]   Atlanta's John Marshall Law School GA listings scraped: 3
[02:12:15] [INFO]   Amridge University AL listings scraped: 0
[02:12:15] [INFO]   Augusta Technical College GA listings scraped: 0
[02:12:15] [INFO]   Athens State University AL listings scraped: 0
[02:12:15] [INFO]   ↪️  Atlanta Technical College: generic page hands off to taleo
[02:12:15] [INFO]   Delta State University MS listings scraped: 40
[02:12:15] [INFO]   ↪️  Auburn University at Montgomery: scraped 53 listings via scrapeJibeApi
[02:12:15] [INFO]   Millsaps College MS listings scraped: 1
[02:12:15] [INFO]   Alcorn State University MS listings scraped: 1
[02:12:15] [INFO]   Mississippi University for Women MS listings scraped: 45
[02:12:15] [INFO]   Berry College GA listings scraped: 1
[02:12:16] [INFO]   Augusta University GA listings scraped: 2
[02:12:16] [INFO]   Bevill State Community College AL listings scraped: 1
[02:12:16] [INFO]   Belhaven University MS listings scraped: 0
[02:12:16] [INFO]   Blue Mountain Christian University MS listings scraped: 0
[02:12:16] [INFO]   Central Alabama Community College AL listings scraped: 0
[02:12:16] [INFO]   Bishop State Community College AL listings scraped: 0
[02:12:16] [INFO]   Coahoma Community College MS listings scraped: 0
[02:12:16] [INFO]   University of Alabama at Birmingham AL listings scraped: 365
[02:12:16] [INFO]   Board of Trustees-Mississippi State Institutions of Higher Learning MS listings scraped: 0
[02:12:16] [INFO]   Brewton-Parker College GA listings scraped: 0
[02:12:16] [INFO]   ↪️  Faulkner University override URL applied
[02:12:16] [INFO]   Chattahoochee Valley Community College AL listings scraped: 0
[02:12:16] [INFO]   Brenau University GA listings scraped: 0
[02:12:16] [INFO]   Coastal Alabama Community College AL listings scraped: 1
[02:12:16] [INFO]   Copiah-Lincoln Community College MS listings scraped: 0
[02:12:16] [INFO]   East Central Community College MS listings scraped: 0
[02:12:16] [INFO]   Enterprise State Community College AL listings scraped: 0
[02:12:16] [INFO]   East Mississippi Community College MS listings scraped: 0
[02:12:16] [INFO]   Atlanta Technical College GA Taleo listings scraped: 1
[02:12:16] [INFO]   Faulkner University AL listings scraped: 2
[02:12:16] [INFO]   Beulah Heights University GA listings scraped: 0
[02:12:16] [INFO]   Louisiana State University LA listings scraped: 34 (API)
[02:12:16] [INFO]   University of Arkansas AR listings scraped: 18 (API)
[02:12:16] [INFO]   Chattahoochee Technical College GA listings scraped: 0
[02:12:16] [INFO]   Louisiana Tech University LA listings scraped: 4
[02:12:16] [INFO]   Central Georgia Technical College GA listings scraped: 0
[02:12:16] [INFO]   Clark Atlanta University GA listings scraped: 0
[02:12:16] [INFO]   Baton Rouge General Medical Center School of Nursing & School of Radiologic Technology LA listings scraped: 0
[02:12:16] [INFO]   Cossatot Community College of the University of Arkansas AR listings scraped: 0
[02:12:16] [INFO]   University of New Mexico NM listings scraped: 64
[02:12:16] [INFO]   University of Central Arkansas AR listings scraped: 41
[02:12:16] [INFO]   Dillard University LA listings scraped: 0
[02:12:16] [INFO]   Clayton State University GA listings scraped: 0
[02:12:16] [INFO]   ↪️  Columbia Theological Seminary override URL applied
[02:12:16] [INFO]   University of Arkansas Hope-Texarkana AR listings scraped: 0
[02:12:16] [INFO]   ↪️  University of Arkansas at Little Rock: generic page hands off to workday
[02:12:16] [INFO]   Coastal Pines Technical College GA listings scraped: 0
[02:12:16] [INFO]   Remington College-Baton Rouge Campus LA listings scraped: 0
[02:12:16] [INFO]   Remington College-Lafayette Campus LA listings scraped: 0
[02:12:16] [INFO]   Arkansas Baptist College AR listings scraped: 0
[02:12:16] [INFO]   Remington College-Shreveport Campus LA listings scraped: 0
[02:12:16] [INFO]   Baker University KS listings scraped: 1
[02:12:16] [INFO]   University of Arkansas at Little Rock AR listings scraped: 0 (API)
[02:12:16] [INFO]   University of Arkansas at Little Rock AR listings scraped: 0
[02:12:16] [INFO]   Kansas State University KS listings scraped: 0
[02:12:16] [INFO]   Arkansas Colleges of Health Education AR listings scraped: 0
[02:12:16] [INFO]   Arkansas Northeastern College AR listings scraped: 0
[02:12:16] [INFO]   Columbia Theological Seminary GA listings scraped: 0
[02:12:16] [INFO]   ↪️  Southwestern College (KS): generic page hands off to paycom
[02:12:16] [INFO]   The Chicago School at Xavier University of Louisiana LA listings scraped: 0
[02:12:16] [INFO]   Columbus State University GA listings scraped: 0
[02:12:16] [INFO]   Baton Rouge Community College LA listings scraped: 1
[02:12:16] [INFO]   Allen County Community College KS listings scraped: 0
[02:12:16] [INFO]   University of Kansas KS listings scraped: 12
[02:12:16] [INFO]   ↪️  Arkansas State University: generic page hands off to taleo
[02:12:16] [INFO]   ↪️  Arkansas State University Three Rivers: generic page hands off to taleo
[02:12:16] [INFO]   Arkansas State University System AR listings scraped: 0
[02:12:16] [INFO]   Bossier Parish Community College LA listings scraped: 0
[02:12:16] [INFO]   Bridges Christian College LA listings scraped: 0
[02:12:16] [INFO]   Central Louisiana Technical Community College LA listings scraped: 0
[02:12:16] [INFO]   Benedictine College KS listings scraped: 4
[02:12:16] [INFO]   Barton County Community College KS listings scraped: 0
[02:12:16] [INFO]   Covenant College GA listings scraped: 0
[02:12:16] [INFO]   Arkansas State University Mid-South AR listings scraped: 0
[02:12:16] [INFO]   Centenary College of Louisiana LA listings scraped: 0
[02:12:16] [INFO]   Arkansas State University-Beebe AR listings scraped: 1
[02:12:16] [INFO]   College of Athens GA listings scraped: 0
[02:12:16] [INFO]   Arkansas State University AR Taleo listings scraped: 0
[02:12:16] [INFO]   Arkansas State University Three Rivers AR Taleo listings scraped: 0
[02:12:16] [INFO]   Arkansas State University Three Rivers AR listings scraped: 0
[02:12:16] [INFO]   Arkansas State University AR listings scraped: 0
[02:12:16] [INFO]   Butler Community College KS listings scraped: 4
[02:12:16] [INFO]   Bethel College-North Newton KS listings scraped: 0
[02:12:16] [INFO]   Fletcher Technical Community College LA listings scraped: 0
[02:12:16] [INFO]   ↪️  Arkansas State University-Mountain Home: generic page hands off to taleo
[02:12:16] [INFO]   Columbus Technical College GA listings scraped: 0
[02:12:16] [INFO]   Digital Media Institute LA listings scraped: 0
[02:12:16] [INFO]   Dalton State College GA listings scraped: 0
[02:12:16] [INFO]   Franciscan Missionaries of Our Lady University LA listings scraped: 0
[02:12:16] [INFO]   Arkansas Tech University AR listings scraped: 0
[02:12:16] [INFO]   Central Christian College of Kansas KS listings scraped: 0
[02:12:16] [INFO]   Baptist Health College Little Rock AR listings scraped: 0
[02:12:16] [INFO]   College of Coastal Georgia GA listings scraped: 0
[02:12:16] [INFO]   Cleveland University-Kansas City KS listings scraped: 1
[02:12:16] [INFO]   East Georgia State College GA listings scraped: 0
[02:12:16] [INFO]   Emory University GA listings scraped: 0
[02:12:16] [INFO]   Arkansas State University-Mountain Home AR Taleo listings scraped: 0
[02:12:16] [INFO]   Arkansas State University-Mountain Home AR listings scraped: 0
[02:12:16] [INFO]   Cloud County Community College KS listings scraped: 0
[02:12:16] [INFO]   Barclay College KS listings scraped: 0
[02:12:16] [INFO]   Black River Technical College AR listings scraped: 0
[02:12:16] [INFO]   ↪️  Emory University-Oxford College: generic page hands off to icims
[02:12:16] [INFO]   ↪️  Crowley's Ridge College override URL applied
[02:12:16] [INFO]   Coffeyville Community College KS listings scraped: 0
[02:12:16] [INFO]   Arkansas State University-Newport AR listings scraped: 0
[02:12:16] [INFO]   Central Baptist College AR listings scraped: 0
[02:12:16] [INFO]   ↪️  Ecclesia College override URL applied
[02:12:16] [INFO]   Champion Christian College AR listings scraped: 0
[02:12:16] [INFO]   Colby Community College KS listings scraped: 0
[02:12:16] [INFO]   Cowley County Community College KS listings scraped: 0
[02:12:16] [INFO]   Emory University-Oxford College GA listings scraped: 0
[02:12:16] [INFO]   Emory University-Oxford College GA listings scraped: 0
[02:12:16] [INFO]   East Arkansas Community College AR listings scraped: 3
[02:12:16] [INFO]   Delgado Community College LA listings scraped: 0
[02:12:16] [INFO]   Dodge City Community College KS listings scraped: 0
[02:12:16] [INFO]   Fort Valley State University GA listings scraped: 0
[02:12:16] [INFO]   Ecclesia College AR listings scraped: 0
[02:12:16] [INFO]   Emporia State University KS listings scraped: 0
[02:12:16] [INFO]   ↪️  Oklahoma State University: generic page hands off to pageup
[02:12:16] [INFO]   Cameron University OK listings scraped: 7
[02:12:16] [INFO]   Canadian Valley Technology Center OK listings scraped: 1
[02:12:16] [INFO]   Washington University in St. Louis MO listings scraped: 1 (API)
[02:12:16] [INFO]   Missouri State University MO listings scraped: 9
[02:12:16] [INFO]   Donnelly College KS listings scraped: 0
[02:12:16] [INFO]   Autry Technology Center OK listings scraped: 0
[02:12:16] [INFO]   Oklahoma State University OK listings scraped: 0
[02:12:16] [INFO]   Oklahoma State University OK listings scraped: 0
[02:12:16] [INFO]   Flint Hills Technical College KS listings scraped: 0
[02:12:16] [INFO]   Missouri University of Science and Technology MO listings scraped: 1
[02:12:16] [INFO]   Drury University-College of Continuing Professional Studies MO listings scraped: 1
[02:12:16] [INFO]   Fort Hays State University KS listings scraped: 1
[02:12:16] [INFO]   ↪️  Urshan Graduate School of Theology: generic page hands off to paycom
[02:12:16] [INFO]   Fort Hays State University-Northwest Kansas Technical College KS listings scraped: 1
[02:12:16] [INFO]   A T Still University of Health Sciences MO listings scraped: 0
[02:12:16] [INFO]   College of the Muscogee Nation OK listings scraped: 0
[02:12:16] [INFO]   Fort Hays Tech North Central KS listings scraped: 0
[02:12:16] [INFO]   Aquinas Institute of Theology MO listings scraped: 0
[02:12:16] [INFO]   Southwestern College (KS) KS listings scraped: 0
[02:12:16] [INFO]   Southwestern College (KS) KS listings scraped: 0
[02:12:16] [INFO]   Avila University MO listings scraped: 1
[02:12:16] [INFO]   ↪️  Community Care College: generic page hands off to paycom
[02:12:16] [INFO]   Crowley's Ridge College AR listings scraped: 0
[02:12:16] [INFO]   Connors State College OK listings scraped: 0
[02:12:16] [INFO]   Friends University KS listings scraped: 0
[02:12:16] [INFO]   Carl Albert State College OK listings scraped: 0
[02:12:16] [INFO]   Barnes-Jewish College Goldfarb School of Nursing MO listings scraped: 0
[02:12:16] [INFO]   East Central University OK listings scraped: 0
[02:12:16] [INFO]   Northern Kentucky University KY listings scraped: 0
[02:12:16] [INFO]   Murray State University KY listings scraped: 23
[02:12:16] [INFO]   Urshan Graduate School of Theology MO listings scraped: 2
[02:12:16] [INFO]   Calvary University MO listings scraped: 0
[02:12:16] [INFO]   Morehead State University KY listings scraped: 33
[02:12:16] [INFO]   Gateway Community and Technical College KY listings scraped: 0
[02:12:16] [INFO]   Fort Scott Community College KS listings scraped: 0
[02:12:16] [INFO]   ↪️  Middle Tennessee State University override URL applied
[02:12:16] [INFO]   ↪️  Remington College-Nashville Campus override URL applied
[02:12:16] [INFO]   ↪️  Remington College-Memphis Campus override URL applied
[02:12:16] [INFO]   ↪️  American Baptist College override URL applied
[02:12:16] [INFO]   Alice Lloyd College KY listings scraped: 0
[02:12:16] [INFO]   Family of Faith Christian University OK listings scraped: 0
[02:12:16] [INFO]   Central Christian College of the Bible MO listings scraped: 0
[02:12:16] [INFO]   Eastern Oklahoma State College OK listings scraped: 0
[02:12:16] [INFO]   Hopkinsville Community College KY listings scraped: 0
[02:12:16] [INFO]   Community Care College OK listings scraped: 9
[02:12:16] [INFO]   Central Methodist University-College of Graduate and Extended Studies MO listings scraped: 0
[02:12:16] [INFO]   Central Methodist University-College of Liberal Arts and Sciences MO listings scraped: 0
[02:12:16] [INFO]   ↪️  Alaska Pacific University override URL applied
[02:12:16] [INFO]   ↪️  Asbury Theological Seminary: generic page hands off to paycom
[02:12:16] [INFO]   Asbury University KY listings scraped: 0
[02:12:16] [INFO]   Middle Tennessee State University TN listings scraped: 28
[02:12:16] [INFO]   Ashland Community and Technical College KY listings scraped: 0
[02:12:16] [INFO]   ↪️  Austin Peay State University override URL applied
[02:12:16] [INFO]   ↪️  American Baptist College: scraped 1 listings via scrapeAdpApi
[02:12:16] [INFO]   ↪️  Remington College-Nashville Campus: scraped 5 listings via scrapeAdpApi
[02:12:16] [INFO]   ↪️  Baptist Health Sciences University override URL applied
[02:12:16] [INFO]   ↪️  Belmont University override URL applied
[02:12:16] [INFO]   Remington College-Memphis Campus TN listings scraped: 0
[02:12:16] [INFO]   ↪️  Bethel University override URL applied
[02:12:16] [INFO]   Alaska Bible College AK listings scraped: 0
[02:12:16] [INFO]   Bellarmine University KY listings scraped: 0
[02:12:16] [INFO]   City Vision University MO listings scraped: 0
[02:12:16] [INFO]   Alaska Pacific University AK listings scraped: 1
[02:12:16] [INFO]   College of the Ozarks MO listings scraped: 0
[02:12:16] [INFO]   University of Alaska System AK listings scraped: 19
[02:12:16] [INFO]   Conception Seminary College MO listings scraped: 0
[02:12:16] [INFO]   Big Sandy Community and Technical College KY listings scraped: 0
[02:12:16] [INFO]   Bolivar Technical College MO listings scraped: 0
[02:12:16] [INFO]   Berea College KY listings scraped: 0
[02:12:16] [INFO]   Alaska Christian College AK listings scraped: 0
[02:12:16] [INFO]   Baptist Health Sciences University TN listings scraped: 0
[02:12:16] [INFO]   ↪️  Bryan College-Dayton override URL applied
[02:12:16] [INFO]   Bethel University TN listings scraped: 6
[02:12:16] [INFO]   Bluegrass Community and Technical College KY listings scraped: 0
[02:12:16] [INFO]   Asbury Theological Seminary KY listings scraped: 9
[02:12:16] [INFO]   ↪️  Austin Peay State University: scraped 5 listings via scrapeOracleCloudApi
[02:12:16] [INFO]   ↪️  Chattanooga State Community College override URL applied
[02:12:16] [INFO]   Brescia University KY listings scraped: 2
[02:12:16] [INFO]   Concordia Seminary MO listings scraped: 0
[02:12:16] [INFO]   Chaminade University of Honolulu HI listings scraped: 1
[02:12:16] [INFO]   Bryan College-Dayton TN listings scraped: 0
[02:12:16] [INFO]   ↪️  Christian Brothers University override URL applied
[02:12:16] [INFO]   Covenant Theological Seminary MO listings scraped: 0
[02:12:16] [INFO]   ↪️  Campbellsville University: generic page hands off to workday
[02:12:16] [INFO]   Cottey College MO listings scraped: 0
[02:12:16] [INFO]   University of Hawaii System HI listings scraped: 10
[02:12:16] [INFO]   Brigham Young University-Hawaii HI listings scraped: 0
[02:12:16] [INFO]   Texas Tech University TX: API failed, falling back to browser
[02:12:16] [INFO]   Campbellsville University KY listings scraped: 8 (API)
[02:12:16] [INFO]   Chattanooga State Community College TN listings scraped: 0
[02:12:16] [INFO]   Centre College KY listings scraped: 0
[02:12:16] [INFO]   Carson-Newman University TN listings scraped: 0
[02:12:16] [INFO]   ↪️  Cleveland State Community College override URL applied
[02:12:16] [INFO]   ↪️  Columbia State Community College override URL applied
[02:12:16] [INFO]   University of Texas at Austin TX listings scraped: 2 (API)
[02:12:16] [INFO]   Eastern Kentucky University KY listings scraped: 0
[02:12:16] [INFO]   Texas A&M University TX listings scraped: 70
[02:12:16] [INFO]   Christian Brothers University TN listings scraped: 2
[02:12:16] [INFO]   ↪️  Cumberland University override URL applied
[02:12:16] [INFO]   Clear Creek Baptist Bible College KY listings scraped: 0
[02:12:16] [INFO]   Crowder College MO listings scraped: 0
[02:12:16] [INFO]   ↪️  Belmont University: scraped 19 listings via scrapeCsodApi
[02:12:16] [INFO]   ↪️  Dyersburg State Community College override URL applied
[02:12:16] [INFO]   Drury University MO listings scraped: 1
[02:12:16] [INFO]   Cox College MO listings scraped: 0
[02:12:16] [INFO]   Columbia State Community College TN listings scraped: 1
[02:12:16] [INFO]   Culver-Stockton College MO listings scraped: 0
[02:12:16] [INFO]   ↪️  Cleveland State Community College: generic page hands off to pageup
[02:12:16] [INFO]   Elizabethtown Community and Technical College KY listings scraped: 0
[02:12:16] [INFO]   ↪️  East Tennessee State University override URL applied
[02:12:16] [INFO]   Frontier Nursing University KY listings scraped: 0
[02:12:16] [INFO]   East Central College MO listings scraped: 0
[02:12:16] [INFO]   ↪️  Dyersburg State Community College: generic page hands off to pageup
[02:12:16] [INFO]   Cleveland State Community College TN listings scraped: 0
[02:12:16] [INFO]   Cleveland State Community College TN listings scraped: 0
[02:12:16] [INFO]   Eden Theological Seminary MO listings scraped: 0
[02:12:16] [INFO]   Evangel University MO listings scraped: 0
[02:12:16] [INFO]   Dyersburg State Community College TN listings scraped: 0
[02:12:16] [INFO]   Dyersburg State Community College TN listings scraped: 0
[02:12:16] [INFO]   ↪️  Freed-Hardeman University override URL applied
[02:12:16] [INFO]   Evangel University-College of Online Learning MO listings scraped: 0
[02:12:16] [INFO]   University of Texas at Arlington TX listings scraped: 83
[02:12:16] [INFO]   University of Central Florida FL listings scraped: 0
[02:12:16] [INFO]   University of Texas at Dallas TX listings scraped: 96
[02:12:16] [INFO]   Evangel University-James River Assembly of God Church MO listings scraped: 0
[02:12:16] [INFO]   ↪️  East Tennessee State University: scraped 48 listings via scrapeOracleCloudApi
[02:12:16] [INFO]   University of South Florida FL listings scraped (REST): 24
[02:12:16] [INFO]   University of North Texas TX listings scraped: 0
[02:12:16] [INFO]   ↪️  Fisk University: generic page hands off to paycom
[02:12:16] [INFO]   Freed-Hardeman University TN listings scraped: 5
[02:12:16] [INFO]   Florida Atlantic University FL listings scraped: 7 (API)
[02:12:16] [INFO]   Florida State University FL listings scraped: 2
[02:12:16] [INFO]   University of North Florida FL: API failed, falling back to browser
[02:12:16] [INFO]   ↪️  Cumberland University: scraped 7 listings via scrapePaycomApi
[02:12:16] [INFO]   Rice University TX listings scraped: 0
[02:12:16] [INFO]   Baylor University TX listings scraped: 17
[02:12:16] [INFO]   University of Miami FL listings scraped: 37 (API)
[02:12:16] [INFO]   Texas Christian University TX: API failed, falling back to browser
[02:12:16] [INFO]   Fontbonne University MO listings scraped: 0
[02:12:16] [INFO]   Nova Southeastern University FL listings scraped: 0
[02:12:16] [INFO]   Rollins College FL listings scraped: 0
[02:12:16] [INFO]   Eckerd College FL listings scraped: 0
[02:12:16] [INFO]   Florida International University FL listings scraped: 0
[02:12:16] [INFO]   Southern Methodist University TX Taleo listings scraped: 0
[02:12:16] [INFO]   Trinity University TX listings scraped: 5 (API)
[02:12:16] [INFO]   Stetson University FL listings scraped: 0
[02:12:16] [INFO]   New College of Florida FL listings scraped: 0
[02:12:16] [INFO]   ↪️  Southwestern University: generic page hands off to schooljobs
[02:12:16] [INFO]   Texas Tech University TX listings scraped: 0
[02:12:16] [INFO]   Jacksonville University FL listings scraped: 0
[02:12:16] [INFO]   Southwestern University TX listings scraped: 3
[02:12:16] [INFO]   Florida Southern College FL listings scraped: 12
[02:12:16] [INFO]   Alamo Community College District Central Office TX listings scraped: 0
[02:12:16] [INFO]   Abilene Christian University-Undergraduate Online TX listings scraped: 0
[02:12:16] [INFO]   Fisk University TN listings scraped: 0
[02:12:16] [INFO]   Fisk University TN listings scraped: 0
[02:12:16] [INFO]   Dallas College TX listings scraped: 0
[02:12:16] [INFO]   Laredo College TX listings scraped: 0
[02:12:16] [INFO]   University of North Florida FL listings scraped: 0
[02:12:16] [INFO]   University of Houston TX listings scraped: 448
[02:12:16] [INFO]   Northeast Lakeview College TX listings scraped: 0
[02:12:16] [INFO]   Texas Christian University TX listings scraped: 0
[02:12:16] [INFO]   Northwest Vista College TX listings scraped: 0
[02:12:16] [INFO]   Erwin Technical College FL listings scraped: 0
[02:12:16] [INFO]   Palo Alto College TX listings scraped: 0
[02:12:16] [INFO]   Polytechnic University of Puerto Rico-Miami FL listings scraped: 0
[02:12:16] [INFO]   Remington College-Fort Worth Campus TX listings scraped: 0
[02:12:16] [INFO]   Remington College-Dallas Campus TX listings scraped: 0
[02:12:16] [INFO]   H W Brewster Technical College FL listings scraped: 0
[02:12:16] [INFO]   Polytechnic University of Puerto Rico-Orlando FL listings scraped: 0
[02:12:16] [INFO]   Remington College-Houston Southeast Campus TX listings scraped: 0
[02:12:16] [INFO]   Remington College-Online Dallas TX listings scraped: 0
[02:12:16] [INFO]   Remington College-North Houston Campus TX listings scraped: 0
[02:12:16] [INFO]   Orange Technical College-East Campus FL listings scraped: 0
[02:12:16] [INFO]   Orange Technical College-West Campus FL listings scraped: 0
[02:12:16] [INFO]   San Antonio College TX listings scraped: 0
[02:12:16] [INFO]   Riveroak Technical College FL listings scraped: 0
[02:12:16] [INFO]   Southwest College for the Deaf TX listings scraped: 0
[02:12:16] [INFO]   St Philip's College TX listings scraped: 0
[02:12:16] [INFO]   Academy for Five Element Acupuncture FL listings scraped: 0
[02:12:16] [INFO]   Suncoast Technical College FL listings scraped: 0
[02:12:16] [INFO]   Academy for Nursing and Health Occupations FL listings scraped: 0
[02:12:16] [INFO]   The Chicago School at Dallas TX listings scraped: 0
[02:12:16] [INFO]   The Chicago School-College of Nursing TX listings scraped: 0
[02:12:16] [INFO]   AdventHealth University FL listings scraped: 0
[02:12:16] [INFO]   Ana G. Mendez University FL listings scraped: 0
[02:12:16] [INFO]   Albizu University-Miami FL listings scraped: 0
[02:12:16] [INFO]   Abilene Christian University TX listings scraped: 0
[02:12:16] [INFO]   Covenant School of Nursing and Allied Health TX listings scraped: 0
[02:12:16] [INFO]   Alvin Community College TX listings scraped: 1
[02:12:16] [INFO]   Atlantic Technical College FL listings scraped: 0
[02:12:16] [INFO]   Ave Maria School of Law FL listings scraped: 1
[02:12:16] [INFO]   Amberton University TX listings scraped: 0
[02:12:16] [INFO]   Atlantic Institute of Oriental Medicine FL listings scraped: 0
[02:12:16] [INFO]   Amarillo College TX listings scraped: 0
[02:12:16] [INFO]   Ave Maria University FL listings scraped: 0
[02:12:16] [INFO]   Angelina College TX listings scraped: 0
[02:12:16] [INFO]   Baptist University of Florida FL listings scraped: 0
[02:12:16] [INFO]   Angelo State University TX listings scraped: 0
[02:12:16] [INFO]   Arlington Baptist University TX listings scraped: 0
[02:12:16] [INFO]   Beacon College FL listings scraped: 0
[02:12:16] [INFO]   Barry University FL listings scraped: 4
[02:12:16] [INFO]   Austin College TX listings scraped: 0
[02:12:16] [INFO]   Bethune-Cookman University FL listings scraped: 0
[02:12:16] [INFO]   Broward College FL listings scraped: 0
[02:12:16] [INFO]   Austin Community College District TX listings scraped: 0
[02:12:16] [INFO]   Chipola College FL listings scraped: 0
[02:12:16] [INFO]   Bakke Graduate University TX listings scraped: 0
[02:12:16] [INFO]   Daytona State College FL listings scraped: 0
[02:12:16] [INFO]   ↪️  Austin Presbyterian Theological Seminary: generic page hands off to paycom
[02:12:16] [INFO]   Doral College FL listings scraped: 0
[02:12:16] [INFO]   Baptist University of the Americas TX listings scraped: 0
[02:12:16] [INFO]   Baptist Missionary Association Theological Seminary TX listings scraped: 0
[02:12:16] [INFO]   Eastern Florida State College FL listings scraped: 0
[02:12:16] [INFO]   Baylor College of Medicine TX listings scraped: 1
[02:12:16] [INFO]   Edward Waters University FL listings scraped: 0
[02:12:16] [INFO]   College of Central Florida FL listings scraped: 0
[02:12:16] [INFO]   Brazosport College TX listings scraped: 0
[02:12:16] [INFO]   Embry-Riddle Aeronautical University-Daytona Beach FL listings scraped: 0
[02:12:16] [INFO]   ↪️  Blinn College District: generic page hands off to csod
[02:12:16] [INFO]   Embry-Riddle Aeronautical University-Worldwide FL listings scraped: 0
[02:12:16] [INFO]   Brite Divinity School TX listings scraped: 3
[02:12:16] [INFO]   Everglades University FL listings scraped: 0
[02:12:16] [INFO]   Flagler College FL listings scraped: 0
[02:12:16] [INFO]   University of Florida FL listings scraped: 267
[02:12:16] [INFO]   Flagler Technical College FL listings scraped: 0
[02:12:16] [INFO]   ↪️  Central Texas College: generic page hands off to schooljobs
[02:12:16] [INFO]   Florida Agricultural and Mechanical University FL listings scraped: 0
[02:12:16] [INFO]   Florida Gateway College FL listings scraped: 0
[02:12:16] [INFO]   Florida College FL listings scraped: 0
[02:12:16] [INFO]   Austin Presbyterian Theological Seminary TX listings scraped: 0
[02:12:16] [INFO]   Austin Presbyterian Theological Seminary TX listings scraped: 0
[02:12:16] [INFO]   Florida Gulf Coast University FL listings scraped: 1
[02:12:16] [INFO]   ↪️  Florida Institute of Technology: generic page hands off to workday
[02:12:16] [INFO]   ↪️  Florida Institute of Technology-Online: generic page hands off to workday
[02:12:16] [INFO]   Florida Institute of Technology FL listings scraped: 11 (API)
[02:12:16] [INFO]   Florida Institute of Technology-Online FL listings scraped: 11 (API)
[02:12:16] [INFO]   Central Texas College TX listings scraped: 0
[02:12:16] [INFO]   Central Texas College TX listings scraped: 0
[02:12:16] [INFO]   Florida Memorial University FL listings scraped: 0
[02:12:16] [INFO]   Florida Polytechnic University FL listings scraped: 0
[02:12:16] [INFO]   Blinn College District TX listings scraped: 12
[02:12:16] [INFO]   Florida SouthWestern State College FL listings scraped: 0
[02:12:16] [INFO]   Florida State College at Jacksonville FL listings scraped: 0
[02:12:16] [INFO]   Christ Mission College TX listings scraped: 0
[02:12:16] [INFO]   Cisco College TX listings scraped: 0
[02:12:16] [INFO]   Clarendon College TX listings scraped: 0
[02:12:16] [INFO]   Fort Myers Technical College FL listings scraped: 0
[02:12:16] [INFO]   Coastal Bend College TX listings scraped: 0
[02:12:16] [INFO]   College of the Mainland TX listings scraped: 0
[02:12:16] [INFO]   College of Biblical Studies-Houston TX listings scraped: 0
[02:12:16] [INFO]   Collin County Community College District TX listings scraped: 1
[02:12:16] [INFO]   Concordia University Texas TX listings scraped: 0
[02:12:16] [INFO]   Commonwealth Institute of Funeral Service TX listings scraped: 0
[02:12:16] [INFO]   Criswell College TX listings scraped: 0
[02:12:16] [INFO]   Dallas Baptist University TX listings scraped: 0
[02:12:16] [INFO]   Dallas Christian College TX listings scraped: 0
[02:12:16] [INFO]   Dallas Institute of Funeral Service TX listings scraped: 0
[02:12:16] [INFO]   Dallas Theological Seminary TX listings scraped: 0
[02:12:16] [INFO]   Del Mar College TX listings scraped: 0
[02:12:16] [INFO]   East Texas A&M University TX listings scraped: 1
[02:12:16] [INFO]   El Paso Community College TX listings scraped: 0
[02:12:16] [INFO]   East Texas Baptist University TX listings scraped: 0
[02:12:16] [INFO]   Episcopal Theological Seminary of the Southwest TX listings scraped: 0
[02:12:16] [INFO]   Frank Phillips College TX listings scraped: 1
[02:12:16] [INFO]   🔍 Global faculty filter: 11513 → 6534 (removed 4979 non-faculty jobs)
[02:12:16] [INFO]   🧾 Policy exclusions: 6534 → 6496 (removed 38 jobs)
[02:12:16] [INFO]   📡 Calling local summarizer for 6496 jobs
[02:12:16] [INFO]   📦 Using 0 cached summaries, 6496 jobs need AI processing
[02:12:16] [INFO]   📡 Checking 1 summarizer endpoint(s)...
[02:12:16] [INFO]   📡 Summarizer endpoints: 0 active, 1 unreachable
[02:12:16] [INFO]   🔗 Canonicalized job URLs: 719 updated, 0 invalid removed
[02:12:16] [INFO]   ✂️  Normalized 1176 job titles
[02:12:16] [INFO]   🧬 Assigned canonical IDs for 6472 jobs
[02:12:16] [INFO]   🧹 Quality gates dropped 9 listings
[02:12:16] [INFO]   📄 Wrote C:\Users\StevenAzeka\OneDrive\Documents\GitHub\Faculty-Jobs\generated\post-quality-report.json
[02:12:16] [INFO]   ⚰️  Filtered 39 confirmed-dead URL(s) from scrape
[02:12:16] [INFO]   🧬 Preserved enrichment: filled 29613 field(s) across 6039 job(s) (6039 matched previous snapshot)
[02:12:16] [INFO]   ✅ Wrote C:\Users\StevenAzeka\OneDrive\Documents\GitHub\Faculty-Jobs\docs\jobs.json (6424 jobs)
[02:12:16] [INFO]   ✅ Wrote C:\Users\StevenAzeka\OneDrive\Documents\GitHub\Faculty-Jobs\public\jobs.json (6424 jobs)
[02:12:16] [INFO]   ✅ Wrote C:\Users\StevenAzeka\OneDrive\Documents\GitHub\Faculty-Jobs\web-vue\public\jobs.json (6424 jobs)
[02:12:16] [INFO]   [stderr] ❌ Chandler-Gilbert Community College AZ scrape failed: page.goto: net::ERR_NAME_NOT_RESOLVED at https://www.cgc.maricopa.edu/
[02:12:16] [INFO]   [stderr] Call log:
[02:12:16] [INFO]   [stderr] [2m  - navigating to "https://www.cgc.maricopa.edu/", waiting until "domcontentloaded"[22m
[02:12:16] [INFO]   [stderr] 
[02:12:16] [INFO]   [stderr] ❌ Bais Medrash Toras Chesed NJ scrape failed: page.goto: net::ERR_SSL_VERSION_OR_CIPHER_MISMATCH at https://www.bmtc.edu/
[02:12:16] [INFO]   [stderr] Call log:
[02:12:16] [INFO]   [stderr] [2m  - navigating to "https://www.bmtc.edu/", waiting until "domcontentloaded"[22m
[02:12:16] [INFO]   [stderr] 
[02:12:16] [INFO]   [stderr] ❌ America Evangelical University CA Private scrape failed: page.goto: net::ERR_CONNECTION_TIMED_OUT at https://www.aeu.edu/
[02:12:16] [INFO]   [stderr] Call log:
[02:12:16] [INFO]   [stderr] [2m  - navigating to "https://www.aeu.edu/", waiting until "domcontentloaded"[22m
[02:12:16] [INFO]   [stderr] 
[02:12:16] [INFO]   [stderr] ❌ Eastern Nazarene College MA scrape failed: page.goto: net::ERR_CERT_DATE_INVALID at https://www.enc.edu/
[02:12:16] [INFO]   [stderr] Call log:
[02:12:16] [INFO]   [stderr] [2m  - navigating to "https://www.enc.edu/", waiting until "domcontentloaded"[22m
[02:12:16] [INFO]   [stderr] 
[02:12:16] [INFO]   [stderr] ❌ Carolinas College of Health Sciences NC scrape failed: page.goto: net::ERR_CERT_COMMON_NAME_INVALID at https://www.carolinascollege.edu/
[02:12:16] [INFO]   [stderr] Call log:
[02:12:16] [INFO]   [stderr] [2m  - navigating to "https://www.carolinascollege.edu/", waiting until "domcontentloaded"[22m
[02:12:16] [INFO]   [stderr] 
[02:12:16] [INFO]   [stderr] ❌ Eastern Shore Community College VA scrape failed: page.goto: Timeout 60000ms exceeded.
[02:12:16] [INFO]   [stderr] Call log:
[02:12:16] [INFO]   [stderr] [2m  - navigating to "https://es.vccs.edu/about/employment-opportunities/", waiting until "domcontentloaded"[22m
[02:12:16] [INFO]   [stderr] 
[02:12:16] [INFO]   [stderr] ❌ Foothill-De Anza Community College District CA Private Taleo scrape failed: page.goto: net::ERR_CONNECTION_TIMED_OUT at https://ch.tbe.taleo.net/CH17/ats/careers/jobSearch.jsp?org=FHDA&cws=1
[02:12:16] [INFO]   [stderr] Call log:
[02:12:16] [INFO]   [stderr] [2m  - navigating to "https://ch.tbe.taleo.net/CH17/ats/careers/jobSearch.jsp?org=FHDA&cws=1", waiting until "networkidle"[22m
[02:12:16] [INFO]   [stderr] 
[02:12:16] [INFO]   [stderr] ❌ Linfield University OR scrape failed: page.goto: net::ERR_NAME_NOT_RESOLVED at https://careers.linfield.edu/
[02:12:16] [INFO]   [stderr] Call log:
[02:12:16] [INFO]   [stderr] [2m  - navigating to "https://careers.linfield.edu/", waiting until "domcontentloaded"[22m
[02:12:16] [INFO]   [stderr] 
[02:12:16] [INFO]   [stderr] ❌ CUNY Hostos Community College NY scrape failed: page.goto: net::ERR_CONNECTION_REFUSED at https://www.hostos.cuny.edu/
[02:12:16] [INFO]   [stderr] Call log:
[02:12:16] [INFO]   [stderr] [2m  - navigating to "https://www.hostos.cuny.edu/", waiting until "domcontentloaded"[22m
[02:12:16] [INFO]   [stderr] 
[02:12:16] [INFO]   [stderr] ❌ Beloit College WI scrape failed: page.goto: net::ERR_NAME_NOT_RESOLVED at https://employment.beloit.edu/en-us/listing/
[02:12:16] [INFO]   [stderr] Call log:
[02:12:16] [INFO]   [stderr] [2m  - navigating to "https://employment.beloit.edu/en-us/listing/", waiting until "domcontentloaded"[22m
[02:12:16] [INFO]   [stderr] 
[02:12:16] [INFO]   [stderr] ❌ Colorado State University-Fort Collins CO scrape failed: page.goto: net::ERR_CONNECTION_RESET at https://colostate.edu/
[02:12:16] [INFO]   [stderr] Call log:
[02:12:16] [INFO]   [stderr] [2m  - navigating to "https://colostate.edu/", waiting until "domcontentloaded"[22m
[02:12:16] [INFO]   [stderr] 
[02:12:16] [INFO]   [stderr] ❌ University of Notre Dame IN scrape failed: page.goto: net::ERR_SSL_UNRECOGNIZED_NAME_ALERT at https://jobs.nd.edu/
[02:12:16] [INFO]   [stderr] Call log:
[02:12:16] [INFO]   [stderr] [2m  - navigating to "https://jobs.nd.edu/", waiting until "domcontentloaded"[22m
[02:12:16] [INFO]   [stderr] 
[02:12:16] [INFO]   [stderr] ❌ Carver Career Center WV scrape failed: page.goto: net::ERR_CERT_COMMON_NAME_INVALID at https://www.carvercareercenter.edu/
[02:12:16] [INFO]   [stderr] Call log:
[02:12:16] [INFO]   [stderr] [2m  - navigating to "https://www.carvercareercenter.edu/", waiting until "domcontentloaded"[22m
[02:12:16] [INFO]   [stderr] 
[02:12:16] [INFO]   [stderr] ❌ Kennesaw State University GA scrape failed: page.goto: net::ERR_CONNECTION_TIMED_OUT at https://kennesaw.peopleadmin.com/postings/search?utf8=%E2%9C%93&query=&query_v0_posted_at_date=&query_position_type_id%5B%5D=3&commit=Search
[02:12:16] [INFO]   [stderr] Call log:
[02:12:16] [INFO]   [stderr] [2m  - navigating to "https://kennesaw.peopleadmin.com/postings/search?utf8=%E2%9C%93&query=&query_v0_posted_at_date=&query_position_type_id%5B%5D=3&commit=Search", waiting until "domcontentloaded"[22m
[02:12:16] [INFO]   [stderr] 
[02:12:16] [INFO]   [stderr] ❌ Academy of Interactive Entertainment LA scrape failed: page.goto: net::ERR_CONNECTION_REFUSED at https://lafayette.aie.edu/
[02:12:16] [INFO]   [stderr] Call log:
[02:12:16] [INFO]   [stderr] [2m  - navigating to "https://lafayette.aie.edu/", waiting until "domcontentloaded"[22m
[02:12:16] [INFO]   [stderr] 
[02:12:16] [INFO]   [stderr] ❌ Emmanuel University GA scrape failed: page.goto: net::ERR_SSL_VERSION_OR_CIPHER_MISMATCH at https://www.ec.edu/
[02:12:16] [INFO]   [stderr] Call log:
[02:12:16] [INFO]   [stderr] [2m  - navigating to "https://www.ec.edu/", waiting until "domcontentloaded"[22m
[02:12:16] [INFO]   [stderr] 
[02:12:16] [INFO]   [stderr] ❌ Bacone College OK scrape failed: page.goto: net::ERR_NAME_NOT_RESOLVED at https://www.bacone.edu/
[02:12:16] [INFO]   [stderr] Call log:
[02:12:16] [INFO]   [stderr] [2m  - navigating to "https://www.bacone.edu/", waiting until "domcontentloaded"[22m
[02:12:16] [INFO]   [stderr] 
[02:12:16] [INFO]   [stderr] ❌ Dragon Rises College of Oriental Medicine FL scrape failed: page.goto: net::ERR_CERT_AUTHORITY_INVALID at https://www.dragonrises.edu/
[02:12:16] [INFO]   [stderr] Call log:
[02:12:16] [INFO]   [stderr] [2m  - navigating to "https://www.dragonrises.edu/", waiting until "domcontentloaded"[22m
[02:12:16] [INFO]   [stderr] 
[02:12:16] [INFO]   [stderr]    ⚠️  Unreachable: http://127.0.0.1:9000/summarize
[02:12:16] [INFO]   [stderr] ❌ No summarizer endpoints reachable — skipping AI enrichment
[02:12:16] [OK] Scrape succeeded.
[02:12:16] [INFO] 
[02:12:16] [INFO] --------------------------------------------------
[02:12:16] [INFO]   Step 2/8 - Track job presence (stamp firstSeen, purge expired)
[02:12:16] [INFO] --------------------------------------------------
[02:12:16] [INFO] Running: C:\Program Files\nodejs\npm.cmd run agent:job-presence
[02:12:17] [INFO]   
[02:12:17] [INFO]   > faculty-jobs@1.0.0 agent:job-presence
[02:12:17] [INFO]   > node scripts/agent-job-presence.js
[02:12:17] [INFO]   
[02:12:17] [INFO]   
[02:12:17] [INFO]   Faculty Atlas - Job Presence Agent
[02:12:17] [INFO]     Config        : expiry-days=7
[02:12:17] [INFO]   
[02:12:17] [INFO]     Jobs seen today  : 6,424
[02:12:17] [INFO]     Jobs tracked     : 7,193
[02:12:17] [INFO]     Jobs to purge    : 1
[02:12:17] [INFO]   
[02:12:17] [INFO]     Purged listings (absent for >= 7 consecutive scrapes):
[02:12:17] [INFO]       job_ad6e1b9dc27043eb  (7 misses, last seen 2026-06-11)
[02:12:17] [INFO]     New today        : 140
[02:12:17] [INFO]     New this week    : 467
[02:12:17] [INFO]   
[02:12:17] [INFO]     docs/jobs.json updated.
[02:12:17] [INFO]   
[02:12:17] [INFO]     public/jobs.json updated.
[02:12:17] [INFO]     generated/job-presence.json saved.
[02:12:17] [INFO]     generated/job-presence-report.json saved.
[02:12:17] [INFO]     data/site-stats.json saved (docs + public + web-vue).
[02:12:17] [OK] Job presence succeeded.
[02:12:17] [INFO] 
[02:12:17] [INFO] --------------------------------------------------
[02:12:17] [INFO]   Step 3/8 - Enrich new jobs (discipline/positionType/tenureTrack via local Ollama)
[02:12:17] [INFO] --------------------------------------------------
[02:12:17] [INFO] Running: C:\Program Files\nodejs\npm.cmd run agent:enrich -- --max 1500 --batch-size 6
[02:21:32] [INFO]   
[02:21:32] [INFO]   > faculty-jobs@1.0.0 agent:enrich
[02:21:32] [INFO]   > node scripts/agent-job-enrichment.js --max 1500 --batch-size 6
[02:21:32] [INFO]   
[02:21:32] [INFO]   
[02:21:32] [INFO]   Faculty Atlas - Job Enrichment Agent
[02:21:32] [INFO]     Backend: Ollama (qwen2.5:7b @ localhost:11434)
[02:21:32] [INFO]   
[02:21:32] [INFO]     Total jobs       : 6,424
[02:21:32] [INFO]     Already enriched : 5,418
[02:21:32] [INFO]     To process now   : 1,006 (max 1500)
[02:21:32] [INFO]     Batch size       : 6
[02:21:32] [INFO]     Concurrency      : 1
[02:21:32] [INFO]     Batch 1/168 (6 jobs)... done (+6)
[02:21:32] [INFO]     Batch 2/168 (6 jobs)... done (+6)
[02:21:32] [INFO]     Batch 3/168 (6 jobs)... done (+6)
[02:21:32] [INFO]     Batch 4/168 (6 jobs)... done (+6)
[02:21:32] [INFO]     Batch 5/168 (6 jobs)... done (+6)
[02:21:32] [INFO]     Batch 6/168 (6 jobs)... done (+6)
[02:21:32] [INFO]     Batch 7/168 (6 jobs)... ERROR: Expected 6 results, got 1
[02:21:32] [INFO]     Batch 8/168 (6 jobs)... ERROR: Expected 6 results, got 5
[02:21:32] [INFO]     Batch 9/168 (6 jobs)... done (+6)
[02:21:32] [INFO]     Batch 10/168 (6 jobs)... done (+6)
[02:21:32] [INFO]     Batch 11/168 (6 jobs)... done (+6)
[02:21:32] [INFO]     Batch 12/168 (6 jobs)... done (+6)
[02:21:32] [INFO]     Batch 13/168 (6 jobs)... done (+6)
[02:21:32] [INFO]     Batch 14/168 (6 jobs)... done (+6)
[02:21:32] [INFO]     Batch 15/168 (6 jobs)... done (+6)
[02:21:32] [INFO]     Batch 16/168 (6 jobs)... done (+6)
[02:21:32] [INFO]     Batch 17/168 (6 jobs)... done (+5)
[02:21:32] [INFO]     Batch 18/168 (6 jobs)... done (+6)
[02:21:32] [INFO]     Batch 19/168 (6 jobs)... done (+6)
[02:21:32] [INFO]     Batch 20/168 (6 jobs)... done (+6)
[02:21:32] [INFO]     Batch 21/168 (6 jobs)... done (+6)
[02:21:32] [INFO]     Batch 22/168 (6 jobs)... done (+6)
[02:21:32] [INFO]     Batch 23/168 (6 jobs)... done (+6)
[02:21:32] [INFO]     Batch 24/168 (6 jobs)... done (+6)
[02:21:32] [INFO]     Batch 25/168 (6 jobs)... done (+6)
[02:21:32] [INFO]     Batch 26/168 (6 jobs)... done (+6)
[02:21:32] [INFO]     Batch 27/168 (6 jobs)... done (+6)
[02:21:32] [INFO]     Batch 28/168 (6 jobs)... done (+6)
[02:21:32] [INFO]     Batch 29/168 (6 jobs)... done (+6)
[02:21:32] [INFO]     Batch 30/168 (6 jobs)... done (+6)
[02:21:32] [INFO]     Batch 31/168 (6 jobs)... ERROR: Expected 6 results, got 0
[02:21:32] [INFO]     Batch 32/168 (6 jobs)... done (+6)
[02:21:32] [INFO]     Batch 33/168 (6 jobs)... done (+6)
[02:21:32] [INFO]     Batch 34/168 (6 jobs)... done (+6)
[02:21:32] [INFO]     Batch 35/168 (6 jobs)... done (+6)
[02:21:32] [INFO]     Batch 36/168 (6 jobs)... done (+6)
[02:21:32] [INFO]     Batch 37/168 (6 jobs)... done (+4)
[02:21:32] [INFO]     Batch 38/168 (6 jobs)... done (+6)
[02:21:32] [INFO]     Batch 39/168 (6 jobs)... done (+6)
[02:21:32] [INFO]     Batch 40/168 (6 jobs)... done (+6)
[02:21:32] [INFO]     Batch 41/168 (6 jobs)... done (+6)
[02:21:32] [INFO]     Batch 42/168 (6 jobs)... done (+6)
[02:21:32] [INFO]     Batch 43/168 (6 jobs)... done (+6)
[02:21:32] [INFO]     Batch 44/168 (6 jobs)... done (+6)
[02:21:32] [INFO]     Batch 45/168 (6 jobs)... ERROR: Expected 6 results, got 0
[02:21:32] [INFO]     Batch 46/168 (6 jobs)... done (+6)
[02:21:32] [INFO]     Batch 47/168 (6 jobs)... ERROR: Expected 6 results, got 0
[02:21:32] [INFO]     Batch 48/168 (6 jobs)... ERROR: Expected 6 results, got 0
[02:21:32] [INFO]     Batch 49/168 (6 jobs)... done (+6)
[02:21:32] [INFO]     Batch 50/168 (6 jobs)... done (+6)
[02:21:32] [INFO]     Batch 51/168 (6 jobs)... done (+6)
[02:21:32] [INFO]     Batch 52/168 (6 jobs)... done (+6)
[02:21:32] [INFO]     Batch 53/168 (6 jobs)... ERROR: Expected 6 results, got 1
[02:21:32] [INFO]     Batch 54/168 (6 jobs)... done (+6)
[02:21:32] [INFO]     Batch 55/168 (6 jobs)... done (+6)
[02:21:32] [INFO]     Batch 56/168 (6 jobs)... ERROR: Expected 6 results, got 3
[02:21:32] [INFO]     Batch 57/168 (6 jobs)... ERROR: Expected 6 results, got 3
[02:21:32] [INFO]     Batch 58/168 (6 jobs)... done (+6)
[02:21:32] [INFO]     Batch 59/168 (6 jobs)... done (+6)
[02:21:32] [INFO]     Batch 60/168 (6 jobs)... done (+6)
[02:21:32] [INFO]     Batch 61/168 (6 jobs)... done (+6)
[02:21:32] [INFO]     Batch 62/168 (6 jobs)... done (+6)
[02:21:32] [INFO]     Batch 63/168 (6 jobs)... done (+6)
[02:21:32] [INFO]     Batch 64/168 (6 jobs)... done (+6)
[02:21:32] [INFO]     Batch 65/168 (6 jobs)... done (+6)
[02:21:32] [INFO]     Batch 66/168 (6 jobs)... done (+6)
[02:21:32] [INFO]     Batch 67/168 (6 jobs)... ERROR: Expected 6 results, got 5
[02:21:32] [INFO]     Batch 68/168 (6 jobs)... ERROR: Expected 6 results, got 7
[02:21:32] [INFO]     Batch 69/168 (6 jobs)... done (+6)
[02:21:32] [INFO]     Batch 70/168 (6 jobs)... done (+6)
[02:21:32] [INFO]     Batch 71/168 (6 jobs)... done (+6)
[02:21:32] [INFO]     Batch 72/168 (6 jobs)... done (+6)
[02:21:32] [INFO]     Batch 73/168 (6 jobs)... done (+6)
[02:21:32] [INFO]     Batch 74/168 (6 jobs)... done (+6)
[02:21:32] [INFO]     Batch 75/168 (6 jobs)... done (+6)
[02:21:32] [INFO]     Batch 76/168 (6 jobs)... done (+6)
[02:21:32] [INFO]     Batch 77/168 (6 jobs)... ERROR: Expected 6 results, got 4
[02:21:32] [INFO]     Batch 78/168 (6 jobs)... done (+6)
[02:21:32] [INFO]     Batch 79/168 (6 jobs)... done (+6)
[02:21:32] [INFO]     Batch 80/168 (6 jobs)... done (+6)
[02:21:32] [INFO]     Batch 81/168 (6 jobs)... done (+6)
[02:21:32] [INFO]     Batch 82/168 (6 jobs)... done (+6)
[02:21:32] [INFO]     Batch 83/168 (6 jobs)... done (+6)
[02:21:32] [INFO]     Batch 84/168 (6 jobs)... done (+6)
[02:21:32] [INFO]     Batch 85/168 (6 jobs)... done (+6)
[02:21:32] [INFO]     Batch 86/168 (6 jobs)... done (+6)
[02:21:32] [INFO]     Batch 87/168 (6 jobs)... done (+6)
[02:21:32] [INFO]     Batch 88/168 (6 jobs)... done (+6)
[02:21:32] [INFO]     Batch 89/168 (6 jobs)... done (+6)
[02:21:32] [INFO]     Batch 90/168 (6 jobs)... done (+6)
[02:21:32] [INFO]     Batch 91/168 (6 jobs)... done (+6)
[02:21:32] [INFO]     Batch 92/168 (6 jobs)... done (+6)
[02:21:32] [INFO]     Batch 93/168 (6 jobs)... done (+6)
[02:21:32] [INFO]     Batch 94/168 (6 jobs)... done (+6)
[02:21:32] [INFO]     Batch 95/168 (6 jobs)... done (+6)
[02:21:32] [INFO]     Batch 96/168 (6 jobs)... done (+2)
[02:21:32] [INFO]     Batch 97/168 (6 jobs)... done (+6)
[02:21:32] [INFO]     Batch 98/168 (6 jobs)... done (+6)
[02:21:32] [INFO]     Batch 99/168 (6 jobs)... done (+6)
[02:21:32] [INFO]     Batch 100/168 (6 jobs)... ERROR: Expected 6 results, got 5
[02:21:32] [INFO]     Batch 101/168 (6 jobs)... done (+6)
[02:21:32] [INFO]     Batch 102/168 (6 jobs)... done (+6)
[02:21:32] [INFO]     Batch 103/168 (6 jobs)... done (+6)
[02:21:32] [INFO]     Batch 104/168 (6 jobs)... done (+6)
[02:21:32] [INFO]     Batch 105/168 (6 jobs)... done (+6)
[02:21:32] [INFO]     Batch 106/168 (6 jobs)... ERROR: Expected 6 results, got 1
[02:21:32] [INFO]     Batch 107/168 (6 jobs)... done (+6)
[02:21:32] [INFO]     Batch 108/168 (6 jobs)... done (+6)
[02:21:32] [INFO]     Batch 109/168 (6 jobs)... done (+6)
[02:21:32] [INFO]     Batch 110/168 (6 jobs)... ERROR: Expected 6 results, got 1
[02:21:32] [INFO]     Batch 111/168 (6 jobs)... done (+6)
[02:21:32] [INFO]     Batch 112/168 (6 jobs)... done (+6)
[02:21:32] [INFO]     Batch 113/168 (6 jobs)... done (+6)
[02:21:32] [INFO]     Batch 114/168 (6 jobs)... done (+6)
[02:21:32] [INFO]     Batch 115/168 (6 jobs)... done (+6)
[02:21:32] [INFO]     Batch 116/168 (6 jobs)... done (+6)
[02:21:32] [INFO]     Batch 117/168 (6 jobs)... done (+6)
[02:21:32] [INFO]     Batch 118/168 (6 jobs)... done (+6)
[02:21:32] [INFO]     Batch 119/168 (6 jobs)... done (+6)
[02:21:32] [INFO]     Batch 120/168 (6 jobs)... done (+6)
[02:21:32] [INFO]     Batch 121/168 (6 jobs)... done (+6)
[02:21:32] [INFO]     Batch 122/168 (6 jobs)... done (+6)
[02:21:32] [INFO]     Batch 123/168 (6 jobs)... ERROR: Expected 6 results, got 1
[02:21:32] [INFO]     Batch 124/168 (6 jobs)... ERROR: Expected 6 results, got 1
[02:21:32] [INFO]     Batch 125/168 (6 jobs)... done (+6)
[02:21:32] [INFO]     Batch 126/168 (6 jobs)... ERROR: Expected 6 results, got 5
[02:21:32] [INFO]     Batch 127/168 (6 jobs)... done (+6)
[02:21:32] [INFO]     Batch 128/168 (6 jobs)... done (+6)
[02:21:32] [INFO]     Batch 129/168 (6 jobs)... done (+6)
[02:21:32] [INFO]     Batch 130/168 (6 jobs)... ERROR: Expected 6 results, got 1
[02:21:32] [INFO]     Batch 131/168 (6 jobs)... done (+6)
[02:21:32] [INFO]     Batch 132/168 (6 jobs)... done (+6)
[02:21:32] [INFO]     Batch 133/168 (6 jobs)... done (+6)
[02:21:32] [INFO]     Batch 134/168 (6 jobs)... done (+6)
[02:21:32] [INFO]     Batch 135/168 (6 jobs)... done (+6)
[02:21:32] [INFO]     Batch 136/168 (6 jobs)... done (+6)
[02:21:32] [INFO]     Batch 137/168 (6 jobs)... done (+6)
[02:21:32] [INFO]     Batch 138/168 (6 jobs)... done (+6)
[02:21:32] [INFO]     Batch 139/168 (6 jobs)... done (+6)
[02:21:32] [INFO]     Batch 140/168 (6 jobs)... done (+6)
[02:21:32] [INFO]     Batch 141/168 (6 jobs)... ERROR: Expected 6 results, got 1
[02:21:32] [INFO]     Batch 142/168 (6 jobs)... ERROR: Expected 6 results, got 1
[02:21:32] [INFO]     Batch 143/168 (6 jobs)... ERROR: Expected 6 results, got 3
[02:21:32] [INFO]     Batch 144/168 (6 jobs)... done (+6)
[02:21:32] [INFO]     Batch 145/168 (6 jobs)... done (+6)
[02:21:32] [INFO]     Batch 146/168 (6 jobs)... done (+6)
[02:21:32] [INFO]     Batch 147/168 (6 jobs)... done (+6)
[02:21:32] [INFO]     Batch 148/168 (6 jobs)... done (+6)
[02:21:32] [INFO]     Batch 149/168 (6 jobs)... done (+6)
[02:21:32] [INFO]     Batch 150/168 (6 jobs)... done (+6)
[02:21:32] [INFO]     Batch 151/168 (6 jobs)... done (+6)
[02:21:32] [INFO]     Batch 152/168 (6 jobs)... ERROR: Expected 6 results, got 5
[02:21:32] [INFO]     Batch 153/168 (6 jobs)... done (+6)
[02:21:32] [INFO]     Batch 154/168 (6 jobs)... done (+6)
[02:21:32] [INFO]     Batch 155/168 (6 jobs)... ERROR: Expected 6 results, got 1
[02:21:32] [INFO]     Batch 156/168 (6 jobs)... done (+2)
[02:21:32] [INFO]     Batch 157/168 (6 jobs)... done (+6)
[02:21:32] [INFO]     Batch 158/168 (6 jobs)... done (+6)
[02:21:32] [INFO]     Batch 159/168 (6 jobs)... done (+6)
[02:21:32] [INFO]     Batch 160/168 (6 jobs)... done (+6)
[02:21:32] [INFO]     Batch 161/168 (6 jobs)... done (+6)
[02:21:32] [INFO]     Batch 162/168 (6 jobs)... ERROR: Expected 6 results, got 3
[02:21:32] [INFO]     Batch 163/168 (6 jobs)... done (+6)
[02:21:32] [INFO]     Batch 164/168 (6 jobs)... done (+6)
[02:21:32] [INFO]     Batch 165/168 (6 jobs)... ERROR: Expected 6 results, got 5
[02:21:32] [INFO]     Batch 166/168 (6 jobs)... done (+6)
[02:21:32] [INFO]     Batch 167/168 (6 jobs)... done (+6)
[02:21:32] [INFO]     Batch 168/168 (4 jobs)... done (+4)
[02:21:32] [INFO]   
[02:21:32] [INFO]     Enriched this run : 839
[02:21:32] [INFO]     Total enriched    : 6,257 / 6,424
[02:21:32] [INFO]     Batch errors      : 26
[02:21:32] [INFO]     Report saved      : generated/enrichment-report.json
[02:21:32] [INFO]   
[02:21:32] [OK] Enrich succeeded.
[02:21:32] [INFO] 
[02:21:32] [INFO] --------------------------------------------------
[02:21:32] [INFO]   Step 4/8 - Backfill descriptions + posting dates (datePosted)
[02:21:32] [INFO] --------------------------------------------------
[02:21:32] [INFO] Running: C:\Program Files\nodejs\npm.cmd run agent:descriptions -- --max 2000 --concurrency 8
[02:32:37] [INFO]   
[02:32:37] [INFO]   > faculty-jobs@1.0.0 agent:descriptions
[02:32:37] [INFO]   > node scripts/agent-job-descriptions.js --max 2000 --concurrency 8
[02:32:37] [INFO]   
[02:32:37] [INFO]   
[02:32:37] [INFO]     Total jobs        : 6,424
[02:32:37] [INFO]     With description  : 668
[02:32:37] [INFO]     Missing (unfetched): 5,756
[02:32:37] [INFO]     To process now    : 2,000 (max 2000)
[02:32:37] [INFO]     Concurrency       : 8
[02:32:37] [INFO]     ...attempted 25/2000 (filled 22)
[02:32:37] [INFO]     ...attempted 50/2000 (filled 47)
[02:32:37] [INFO]     ...attempted 75/2000 (filled 72)
[02:32:37] [INFO]     ...attempted 100/2000 (filled 95)
[02:32:37] [INFO]     ...attempted 125/2000 (filled 120)
[02:32:37] [INFO]     ...attempted 150/2000 (filled 143)
[02:32:37] [INFO]     ...attempted 175/2000 (filled 163)
[02:32:37] [INFO]     ...attempted 200/2000 (filled 186)
[02:32:37] [INFO]     ...attempted 225/2000 (filled 211)
[02:32:37] [INFO]     ...attempted 250/2000 (filled 234)
[02:32:37] [INFO]     ...attempted 275/2000 (filled 258)
[02:32:37] [INFO]     ...attempted 300/2000 (filled 279)
[02:32:37] [INFO]     ...attempted 325/2000 (filled 304)
[02:32:37] [INFO]     ...attempted 350/2000 (filled 328)
[02:32:37] [INFO]     ...attempted 375/2000 (filled 353)
[02:32:37] [INFO]     ...attempted 400/2000 (filled 375)
[02:32:37] [INFO]     ...attempted 425/2000 (filled 398)
[02:32:37] [INFO]     ...attempted 450/2000 (filled 417)
[02:32:37] [INFO]     ...attempted 475/2000 (filled 434)
[02:32:37] [INFO]     ...attempted 500/2000 (filled 453)
[02:32:37] [INFO]     ...attempted 525/2000 (filled 475)
[02:32:37] [INFO]     ...attempted 550/2000 (filled 497)
[02:32:37] [INFO]     ...attempted 575/2000 (filled 519)
[02:32:37] [INFO]     ...attempted 600/2000 (filled 538)
[02:32:37] [INFO]     ...attempted 625/2000 (filled 561)
[02:32:37] [INFO]     ...attempted 650/2000 (filled 583)
[02:32:37] [INFO]     ...attempted 675/2000 (filled 607)
[02:32:37] [INFO]     ...attempted 700/2000 (filled 631)
[02:32:37] [INFO]     ...attempted 725/2000 (filled 652)
[02:32:37] [INFO]     ...attempted 750/2000 (filled 675)
[02:32:37] [INFO]     ...attempted 775/2000 (filled 699)
[02:32:37] [INFO]     ...attempted 800/2000 (filled 721)
[02:32:37] [INFO]     ...attempted 825/2000 (filled 741)
[02:32:37] [INFO]     ...attempted 850/2000 (filled 766)
[02:32:37] [INFO]     ...attempted 875/2000 (filled 786)
[02:32:37] [INFO]     ...attempted 900/2000 (filled 804)
[02:32:37] [INFO]     ...attempted 925/2000 (filled 826)
[02:32:37] [INFO]     ...attempted 950/2000 (filled 851)
[02:32:37] [INFO]     ...attempted 975/2000 (filled 875)
[02:32:37] [INFO]     ...attempted 1000/2000 (filled 899)
[02:32:37] [INFO]     ...attempted 1025/2000 (filled 924)
[02:32:37] [INFO]     ...attempted 1050/2000 (filled 948)
[02:32:37] [INFO]     ...attempted 1075/2000 (filled 970)
[02:32:37] [INFO]     ...attempted 1100/2000 (filled 988)
[02:32:37] [INFO]     ...attempted 1125/2000 (filled 1009)
[02:32:37] [INFO]     ...attempted 1150/2000 (filled 1034)
[02:32:37] [INFO]     ...attempted 1175/2000 (filled 1056)
[02:32:37] [INFO]     ...attempted 1200/2000 (filled 1081)
[02:32:37] [INFO]     ...attempted 1225/2000 (filled 1104)
[02:32:37] [INFO]     ...attempted 1250/2000 (filled 1129)
[02:32:37] [INFO]     ...attempted 1275/2000 (filled 1153)
[02:32:37] [INFO]     ...attempted 1300/2000 (filled 1178)
[02:32:37] [INFO]     ...attempted 1325/2000 (filled 1203)
[02:32:37] [INFO]     ...attempted 1350/2000 (filled 1214)
[02:32:37] [INFO]     ...attempted 1375/2000 (filled 1239)
[02:32:37] [INFO]     ...attempted 1400/2000 (filled 1264)
[02:32:37] [INFO]     ...attempted 1425/2000 (filled 1289)
[02:32:37] [INFO]     ...attempted 1450/2000 (filled 1314)
[02:32:37] [INFO]     ...attempted 1475/2000 (filled 1337)
[02:32:37] [INFO]     ...attempted 1500/2000 (filled 1361)
[02:32:37] [INFO]     ...attempted 1525/2000 (filled 1384)
[02:32:37] [INFO]     ...attempted 1550/2000 (filled 1407)
[02:32:37] [INFO]     ...attempted 1575/2000 (filled 1432)
[02:32:37] [INFO]     ...attempted 1600/2000 (filled 1456)
[02:32:37] [INFO]     ...attempted 1625/2000 (filled 1480)
[02:32:37] [INFO]     ...attempted 1650/2000 (filled 1505)
[02:32:37] [INFO]     ...attempted 1675/2000 (filled 1530)
[02:32:37] [INFO]     ...attempted 1700/2000 (filled 1554)
[02:32:37] [INFO]     ...attempted 1725/2000 (filled 1578)
[02:32:37] [INFO]     ...attempted 1750/2000 (filled 1603)
[02:32:37] [INFO]     ...attempted 1775/2000 (filled 1626)
[02:32:37] [INFO]     ...attempted 1800/2000 (filled 1649)
[02:32:37] [INFO]     ...attempted 1825/2000 (filled 1673)
[02:32:37] [INFO]     ...attempted 1850/2000 (filled 1698)
[02:32:37] [INFO]     ...attempted 1875/2000 (filled 1719)
[02:32:37] [INFO]     ...attempted 1900/2000 (filled 1741)
[02:32:37] [INFO]     ...attempted 1925/2000 (filled 1764)
[02:32:37] [INFO]     ...attempted 1950/2000 (filled 1787)
[02:32:37] [INFO]     ...attempted 1975/2000 (filled 1810)
[02:32:37] [INFO]     ...attempted 2000/2000 (filled 1832)
[02:32:37] [INFO]   
[02:32:37] [INFO]     Attempted this run : 2000
[02:32:37] [INFO]     Filled this run    : 1832 (92%)
[02:32:37] [INFO]     datePosted found   : 119 (6%)  [21 via labeled Open Date]
[02:32:37] [INFO]     deadlines found    : 98 (5%)  [+360 rolling/until-filled]
[02:32:37] [INFO]     start dates found  : 15 (1%)
[02:32:37] [INFO]     Total w/ description: 2,500 / 6,424
[02:32:37] [INFO]     Remaining unfetched: 3,756
[02:32:37] [INFO]     Report saved       : generated/job-descriptions-report.json
[02:32:37] [INFO]   
[02:32:37] [OK] Descriptions succeeded.
[02:32:37] [INFO] 
[02:32:37] [INFO] --------------------------------------------------
[02:32:37] [INFO]   Step 5/8 - Build frontend
[02:32:37] [INFO] --------------------------------------------------
[02:32:37] [INFO] Running: C:\Program Files\nodejs\npm.cmd run build:frontend
[02:32:48] [INFO]   
[02:32:48] [INFO]   > faculty-jobs@1.0.0 build:frontend
[02:32:48] [INFO]   > npm run build:coverage && npm run sync:policy-exclusions && npm run sync:web-data && cd web-vue && npm run build && cd .. && node scripts/copy-dist.js && node scripts/generate-job-pages.js && node scripts/generate-sitemap.js && node scripts/inject-og-meta.js
[02:32:48] [INFO]   
[02:32:48] [INFO]   
[02:32:48] [INFO]   > faculty-jobs@1.0.0 build:coverage
[02:32:48] [INFO]   > npm run build:institutions && npm run build:policy-exclusions && npm run sync:policy-exclusions && npm run build:coverage-report
[02:32:48] [INFO]   
[02:32:48] [INFO]   
[02:32:48] [INFO]   > faculty-jobs@1.0.0 build:institutions
[02:32:48] [INFO]   > node scripts/build-institutions-master.js
[02:32:48] [INFO]   
[02:32:48] [INFO]   Enriched 1295/1545 institutions from IPEDS (hd2024.csv)
[02:32:48] [INFO]   Wrote data\institutions-master.json (1545 institutions)
[02:32:48] [INFO]   
[02:32:48] [INFO]   > faculty-jobs@1.0.0 build:policy-exclusions
[02:32:48] [INFO]   > node scripts/generate-policy-exclusions.js
[02:32:48] [INFO]   
[02:32:48] [INFO]   Wrote generated\policy-excluded-colleges.json (12 excluded institutions)
[02:32:48] [INFO]   
[02:32:48] [INFO]   > faculty-jobs@1.0.0 sync:policy-exclusions
[02:32:48] [INFO]   > node scripts/sync-policy-exclusions-web.js
[02:32:48] [INFO]   
[02:32:48] [INFO]   Synced generated\policy-excluded-colleges.json -> web-vue\public\policy-excluded-colleges.json
[02:32:48] [INFO]   Synced generated\policy-excluded-colleges.json -> public\policy-excluded-colleges.json
[02:32:48] [INFO]   Synced generated\policy-excluded-colleges.json -> docs\policy-excluded-colleges.json
[02:32:48] [INFO]   
[02:32:48] [INFO]   > faculty-jobs@1.0.0 build:coverage-report
[02:32:48] [INFO]   > node scripts/generate-coverage-report.js
[02:32:48] [INFO]   
[02:32:48] [INFO]   Wrote generated\coverage-report.json (eligible universe: 1545)
[02:32:48] [INFO]   
[02:32:48] [INFO]   > faculty-jobs@1.0.0 sync:policy-exclusions
[02:32:48] [INFO]   > node scripts/sync-policy-exclusions-web.js
[02:32:48] [INFO]   
[02:32:48] [INFO]   Synced generated\policy-excluded-colleges.json -> web-vue\public\policy-excluded-colleges.json
[02:32:48] [INFO]   Synced generated\policy-excluded-colleges.json -> public\policy-excluded-colleges.json
[02:32:48] [INFO]   Synced generated\policy-excluded-colleges.json -> docs\policy-excluded-colleges.json
[02:32:48] [INFO]   
[02:32:48] [INFO]   > faculty-jobs@1.0.0 sync:web-data
[02:32:48] [INFO]   > node scripts/sync-web-data-files.js
[02:32:48] [INFO]   
[02:32:48] [INFO]   Synced public/jobs.json -> web-vue/public/jobs.json
[02:32:48] [INFO]   Synced public/college-coords.json -> web-vue/public/college-coords.json
[02:32:48] [INFO]   Built web chunk manifest: web-vue/public/data/jobs-manifest.json
[02:32:48] [INFO]   
[02:32:48] [INFO]   > web-vue@0.0.0 build
[02:32:48] [INFO]   > vite build
[02:32:48] [INFO]   
[02:32:48] [INFO]   [36mvite v8.0.0-beta.15 [32mbuilding client environment for production...[36m[39m
[02:32:48] [INFO]   [2K
[02:32:48] [INFO]   transforming...✓ 32 modules transformed.
[02:32:48] [INFO]   rendering chunks...
[02:32:48] [INFO]   computing gzip size...
[02:32:48] [INFO]   dist/index.html                   2.67 kB │ gzip:   0.97 kB
[02:32:48] [INFO]   dist/assets/index-B1Fe9rZq.css   33.18 kB │ gzip:  10.54 kB
[02:32:48] [INFO]   dist/assets/index-75zeCueU.js   322.50 kB │ gzip: 101.40 kB
[02:32:48] [INFO]   
[02:32:48] [INFO]   [32m✓ built in 365ms[39m
[02:32:48] [INFO]   Copied web-vue/dist → public/ and docs/
[02:32:48] [INFO]   generate-job-pages: 2466 pages (of 6424 jobs; 3958 skipped as thin/no-url)
[02:32:48] [INFO]   Sitemap written — lastmod: 2026-06-18, 3 static + 2466 job URLs
[02:32:48] [INFO]     docs/sitemap.xml  public/sitemap.xml
[02:32:48] [INFO]     docs/robots.txt   public/robots.txt
[02:32:48] [INFO]   inject-og-meta: patched 2 files — 6424 jobs, 428 colleges, 56 sources
[02:32:48] [OK] Build succeeded.
[02:32:48] [INFO] 
[02:32:48] [INFO] --------------------------------------------------
[02:32:48] [INFO]   Step 6/8 - Commit and push
[02:32:48] [INFO] --------------------------------------------------
[02:32:48] [INFO] Running: C:\Program Files\Git\cmd\git.exe add docs/ public/ data/institutions-master.json generated/coverage-report.json generated/policy-excluded-colleges.json web-vue/public/policy-excluded-colleges.json
[02:32:51] [INFO]   [stderr] warning: in the working copy of 'data/institutions-master.json', LF will be replaced by CRLF the next time Git touches it
[02:32:51] [INFO]   [stderr] warning: in the working copy of 'docs/assets/index-B1Fe9rZq.css', LF will be replaced by CRLF the next time Git touches it
[02:32:51] [INFO]   [stderr] warning: in the working copy of 'docs/data/chunks/ak.json', LF will be replaced by CRLF the next time Git touches it
[02:32:51] [INFO]   [stderr] warning: in the working copy of 'docs/data/chunks/al.json', LF will be replaced by CRLF the next time Git touches it
[02:32:51] [INFO]   [stderr] warning: in the working copy of 'docs/data/chunks/ar.json', LF will be replaced by CRLF the next time Git touches it
[02:32:51] [INFO]   [stderr] warning: in the working copy of 'docs/data/chunks/az.json', LF will be replaced by CRLF the next time Git touches it
[02:32:51] [INFO]   [stderr] warning: in the working copy of 'docs/data/chunks/ca-private.json', LF will be replaced by CRLF the next time Git touches it
[02:32:51] [INFO]   [stderr] warning: in the working copy of 'docs/data/chunks/claremont-colleges.json', LF will be replaced by CRLF the next time Git touches it
[02:32:51] [INFO]   [stderr] warning: in the working copy of 'docs/data/chunks/claremont.json', LF will be replaced by CRLF the next time Git touches it
[02:32:51] [INFO]   [stderr] warning: in the working copy of 'docs/data/chunks/co.json', LF will be replaced by CRLF the next time Git touches it
[02:32:51] [INFO]   [stderr] warning: in the working copy of 'docs/data/chunks/csu.json', LF will be replaced by CRLF the next time Git touches it
[02:32:51] [INFO]   [stderr] warning: in the working copy of 'docs/data/chunks/ct-state.json', LF will be replaced by CRLF the next time Git touches it
[02:32:51] [INFO]   [stderr] warning: in the working copy of 'docs/data/chunks/ct.json', LF will be replaced by CRLF the next time Git touches it
[02:32:51] [INFO]   [stderr] warning: in the working copy of 'docs/data/chunks/de.json', LF will be replaced by CRLF the next time Git touches it
[02:32:51] [INFO]   [stderr] warning: in the working copy of 'docs/data/chunks/fl.json', LF will be replaced by CRLF the next time Git touches it
[02:32:51] [INFO]   [stderr] warning: in the working copy of 'docs/data/chunks/ga.json', LF will be replaced by CRLF the next time Git touches it
[02:32:51] [INFO]   [stderr] warning: in the working copy of 'docs/data/chunks/hi.json', LF will be replaced by CRLF the next time Git touches it
[02:32:51] [INFO]   [stderr] warning: in the working copy of 'docs/data/chunks/ia.json', LF will be replaced by CRLF the next time Git touches it
[02:32:51] [INFO]   [stderr] warning: in the working copy of 'docs/data/chunks/id.json', LF will be replaced by CRLF the next time Git touches it
[02:32:51] [INFO]   [stderr] warning: in the working copy of 'docs/data/chunks/il.json', LF will be replaced by CRLF the next time Git touches it
[02:32:51] [INFO]   [stderr] warning: in the working copy of 'docs/data/chunks/in.json', LF will be replaced by CRLF the next time Git touches it
[02:32:51] [INFO]   [stderr] warning: in the working copy of 'docs/data/chunks/ks.json', LF will be replaced by CRLF the next time Git touches it
[02:32:51] [INFO]   [stderr] warning: in the working copy of 'docs/data/chunks/ky.json', LF will be replaced by CRLF the next time Git touches it
[02:32:51] [INFO]   [stderr] warning: in the working copy of 'docs/data/chunks/la.json', LF will be replaced by CRLF the next time Git touches it
[02:32:51] [INFO]   [stderr] warning: in the working copy of 'docs/data/chunks/ma.json', LF will be replaced by CRLF the next time Git touches it
[02:32:51] [INFO]   [stderr] warning: in the working copy of 'docs/data/chunks/md.json', LF will be replaced by CRLF the next time Git touches it
[02:32:51] [INFO]   [stderr] warning: in the working copy of 'docs/data/chunks/me.json', LF will be replaced by CRLF the next time Git touches it
[02:32:51] [INFO]   [stderr] warning: in the working copy of 'docs/data/chunks/mi.json', LF will be replaced by CRLF the next time Git touches it
[02:32:51] [INFO]   [stderr] warning: in the working copy of 'docs/data/chunks/mn.json', LF will be replaced by CRLF the next time Git touches it
[02:32:51] [INFO]   [stderr] warning: in the working copy of 'docs/data/chunks/mo.json', LF will be replaced by CRLF the next time Git touches it
[02:32:51] [INFO]   [stderr] warning: in the working copy of 'docs/data/chunks/ms.json', LF will be replaced by CRLF the next time Git touches it
[02:32:51] [INFO]   [stderr] warning: in the working copy of 'docs/data/chunks/mt.json', LF will be replaced by CRLF the next time Git touches it
[02:32:51] [INFO]   [stderr] warning: in the working copy of 'docs/data/chunks/nc.json', LF will be replaced by CRLF the next time Git touches it
[02:32:51] [INFO]   [stderr] warning: in the working copy of 'docs/data/chunks/nd.json', LF will be replaced by CRLF the next time Git touches it
[02:32:51] [INFO]   [stderr] warning: in the working copy of 'docs/data/chunks/ne.json', LF will be replaced by CRLF the next time Git touches it
[02:32:51] [INFO]   [stderr] warning: in the working copy of 'docs/data/chunks/nh.json', LF will be replaced by CRLF the next time Git touches it
[02:32:51] [INFO]   [stderr] warning: in the working copy of 'docs/data/chunks/nj.json', LF will be replaced by CRLF the next time Git touches it
[02:32:51] [INFO]   [stderr] warning: in the working copy of 'docs/data/chunks/nm.json', LF will be replaced by CRLF the next time Git touches it
[02:32:51] [INFO]   [stderr] warning: in the working copy of 'docs/data/chunks/nv.json', LF will be replaced by CRLF the next time Git touches it
[02:32:51] [INFO]   [stderr] warning: in the working copy of 'docs/data/chunks/ny.json', LF will be replaced by CRLF the next time Git touches it
[02:32:51] [INFO]   [stderr] warning: in the working copy of 'docs/data/chunks/oh.json', LF will be replaced by CRLF the next time Git touches it
[02:32:51] [INFO]   [stderr] warning: in the working copy of 'docs/data/chunks/ok.json', LF will be replaced by CRLF the next time Git touches it
[02:32:51] [INFO]   [stderr] warning: in the working copy of 'docs/data/chunks/or.json', LF will be replaced by CRLF the next time Git touches it
[02:32:51] [INFO]   [stderr] warning: in the working copy of 'docs/data/chunks/pa.json', LF will be replaced by CRLF the next time Git touches it
[02:32:51] [INFO]   [stderr] warning: in the working copy of 'docs/data/chunks/ri.json', LF will be replaced by CRLF the next time Git touches it
[02:32:51] [INFO]   [stderr] warning: in the working copy of 'docs/data/chunks/sc.json', LF will be replaced by CRLF the next time Git touches it
[02:32:51] [INFO]   [stderr] warning: in the working copy of 'docs/data/chunks/sd.json', LF will be replaced by CRLF the next time Git touches it
[02:32:51] [INFO]   [stderr] warning: in the working copy of 'docs/data/chunks/tn.json', LF will be replaced by CRLF the next time Git touches it
[02:32:51] [INFO]   [stderr] warning: in the working copy of 'docs/data/chunks/tx.json', LF will be replaced by CRLF the next time Git touches it
[02:32:51] [INFO]   [stderr] warning: in the working copy of 'docs/data/chunks/uc.json', LF will be replaced by CRLF the next time Git touches it
[02:32:51] [INFO]   [stderr] warning: in the working copy of 'docs/data/chunks/umass.json', LF will be replaced by CRLF the next time Git touches it
[02:32:51] [INFO]   [stderr] warning: in the working copy of 'docs/data/chunks/ut.json', LF will be replaced by CRLF the next time Git touches it
[02:32:51] [INFO]   [stderr] warning: in the working copy of 'docs/data/chunks/va.json', LF will be replaced by CRLF the next time Git touches it
[02:32:51] [INFO]   [stderr] warning: in the working copy of 'docs/data/chunks/vt.json', LF will be replaced by CRLF the next time Git touches it
[02:32:51] [INFO]   [stderr] warning: in the working copy of 'docs/data/chunks/wa.json', LF will be replaced by CRLF the next time Git touches it
[02:32:51] [INFO]   [stderr] warning: in the working copy of 'docs/data/chunks/wi.json', LF will be replaced by CRLF the next time Git touches it
[02:32:51] [INFO]   [stderr] warning: in the working copy of 'docs/data/chunks/wv.json', LF will be replaced by CRLF the next time Git touches it
[02:32:51] [INFO]   [stderr] warning: in the working copy of 'docs/data/chunks/wy.json', LF will be replaced by CRLF the next time Git touches it
[02:32:51] [INFO]   [stderr] warning: in the working copy of 'docs/data/jobs-manifest.json', LF will be replaced by CRLF the next time Git touches it
[02:32:51] [INFO]   [stderr] warning: in the working copy of 'docs/data/site-stats.json', LF will be replaced by CRLF the next time Git touches it
[02:32:51] [INFO]   [stderr] warning: in the working copy of 'docs/jobs.json', LF will be replaced by CRLF the next time Git touches it
[02:32:51] [INFO]   [stderr] warning: in the working copy of 'docs/jobs/10-month-faculty-communication-college-of-southern-maryland-164b53/index.html', LF will be replaced by CRLF the next time Git touches it
[02:32:51] [INFO]   [stderr] warning: in the working copy of 'docs/jobs/10-month-full-time-economics-faculty-college-of-southern-maryland-6084d7/index.html', LF will be replaced by CRLF the next time Git touches it
[02:32:51] [INFO]   [stderr] warning: in the working copy of 'docs/jobs/10-month-nursing-faculty-college-of-southern-maryland-8a8343/index.html', LF will be replaced by CRLF the next time Git touches it
[02:32:51] [INFO]   [stderr] warning: in the working copy of 'docs/jobs/2026-visual-arts-temporary-lecturer-uc-san-diego-354380/index.html', LF will be replaced by CRLF the next time Git touches it
[02:32:51] [INFO]   [stderr] warning: in the working copy of 'docs/jobs/9-month-faculty-associate-degree-nursing-2nd-year-central-virginia-community-college-9d2b97/index.html', LF will be replaced by CRLF the next time Git touches it
[02:32:51] [INFO]   [stderr] warning: in the working copy of 'docs/jobs/9-month-faculty-of-surgical-technology-central-virginia-community-college-3548d1/index.html', LF will be replaced by CRLF the next time Git touches it
[02:32:51] [INFO]   [stderr] warning: in the working copy of 'docs/jobs/9-month-plumbing-instructor-restricted-central-virginia-community-college-9b27d9/index.html', LF will be replaced by CRLF the next time Git touches it
[02:32:51] [INFO]   [stderr] warning: in the working copy of 'docs/jobs/9-month-teaching-faculty-diagnostic-medical-sonography-central-virginia-community-college-1f4405/index.html', LF will be replaced by CRLF the next time Git touches it
[02:32:51] [INFO]   [stderr] warning: in the working copy of 'docs/jobs/9-month-teaching-faculty-health-information-management-central-virginia-community-college-bb832a/index.html', LF will be replaced by CRLF the next time Git touches it
[02:32:51] [INFO]   [stderr] warning: in the working copy of 'docs/jobs/9-month-teaching-faculty-nursing-central-virginia-community-college-5e8071/index.html', LF will be replaced by CRLF the next time Git touches it
[02:32:51] [INFO]   [stderr] warning: in the working copy of 'docs/jobs/abdominal-imaging-faculty-fy2627-ucla-5b0cdf/index.html', LF will be replaced by CRLF the next time Git touches it
[02:32:51] [INFO]   [stderr] warning: in the working copy of 'docs/jobs/academic-administrator-and-adjunct-professor-in-maternal-and-uc-davis-f3a851/index.html', LF will be replaced by CRLF the next time Git touches it
[02:32:51] [INFO]   [stderr] warning: in the working copy of 'docs/jobs/academic-advisor-3-bauer-graduate-and-professional-programs-university-of-houston-ac11b6/index.html', LF will be replaced by CRLF the next time Git touches it
[02:32:51] [INFO]   [stderr] warning: in the working copy of 'docs/jobs/academic-advisor-3-undergraduate-business-programs-university-of-houston-72dec8/index.html', LF will be replaced by CRLF the next time Git touches it
[02:32:51] [INFO]   [stderr] warning: in the working copy of 'docs/jobs/academic-advisor-and-lecturer-nc-state-university-ddea9a/index.html', LF will be replaced by CRLF the next time Git touches it
[02:32:51] [INFO]   [stderr] warning: in the working copy of 'docs/jobs/academic-advisor-college-of-natural-sciences-and-math-university-of-houston-04be0b/index.html', LF will be replaced by CRLF the next time Git touches it
[02:32:51] [INFO]   [stderr] warning: in the working copy of 'docs/jobs/academic-affairs-available-faculty-positions-university-of-south-alabama-89363b/index.html', LF will be replaced by CRLF the next time Git touches it
[02:32:51] [INFO]   [stderr] warning: in the working copy of 'docs/jobs/academic-clinical-chemistry-pathologist-assistant-associate-uc-davis-48ff47/index.html', LF will be replaced by CRLF the next time Git touches it
[02:32:51] [INFO]   [stderr] warning: in the working copy of 'docs/jobs/academic-dean-s-office-pomona-college-b8eaf2/index.html', LF will be replaced by CRLF the next time Git touches it
[02:32:51] [INFO]   [stderr] warning: in the working copy of 'docs/jobs/academic-general-gastroenterologist-assistant-associate-prof-uc-davis-6dbb55/index.html', LF will be replaced by CRLF the next time Git touches it
[02:32:51] [INFO]   [stderr] warning: in the working copy of 'docs/jobs/academic-general-gastroenterologist-assistant-associate-prof-uc-davis-94f806/index.html', LF will be replaced by CRLF the next time Git touches it
[02:32:51] [INFO]   [stderr] warning: in the working copy of 'docs/jobs/academic-general-gastroenterologist-assistant-associate-prof-uc-davis-a30970/index.html', LF will be replaced by CRLF the next time Git touches it
[02:32:51] [INFO]   [stderr] warning: in the working copy of 'docs/jobs/academic-gi-hospitalist-assistant-associate-professor-hscp-c-uc-davis-6df6b0/index.html', LF will be replaced by CRLF the next time Git touches it
[02:32:51] [INFO]   [stderr] warning: in the working copy of 'docs/jobs/academic-hospital-medicine-faculty-zsfg-uc-san-francisco-db76e0/index.html', LF will be replaced by CRLF the next time Git touches it
[02:32:51] [INFO]   [stderr] warning: in the working copy of 'docs/jobs/academic-hospitalist-instructor-assistant-professor-associat-columbia-university-c0bad5/index.html', LF will be replaced by CRLF the next time Git touches it
[02:32:51] [INFO]   [stderr] warning: in the working copy of 'docs/jobs/academic-joint-departments-assistant-professor-tenure-earnin-university-of-alabama-at-birmingham-d0a163/index.html', LF will be replaced by CRLF the next time Git touches it
[02:32:51] [INFO]   [stderr] warning: in the working copy of 'docs/jobs/academic-joint-departments-associate-professor-molecular-and-university-of-alabama-at-birmingham-cf7b08/index.html', LF will be replaced by CRLF the next time Git touches it
[02:32:51] [INFO]   [stderr] warning: in the working copy of 'docs/jobs/academic-joint-departments-instructor-molecular-and-cellular-university-of-alabama-at-birmingham-104edf/index.html', LF will be replaced by CRLF the next time Git touches it
[02:32:51] [INFO]   [stderr] warning: in the working copy of 'docs/jobs/academic-joint-departments-open-rank-clinical-genetics-facul-university-of-alabama-at-birmingham-d8233a/index.html', LF will be replaced by CRLF the next time Git touches it
[02:32:51] [INFO]   [stderr] warning: in the working copy of 'docs/jobs/academic-joint-departments-open-rank-open-tenure-clinical-ge-university-of-alabama-at-birmingham-334e93/index.html', LF will be replaced by CRLF the next time Git touches it
[02:32:51] [INFO]   [stderr] warning: in the working copy of 'docs/jobs/academic-joint-departments-open-rank-open-tenure-clinical-ge-university-of-alabama-at-birmingham-c98308/index.html', LF will be replaced by CRLF the next time Git touches it
[02:32:51] [INFO]   [stderr] warning: in the working copy of 'docs/jobs/academic-joint-departments-open-rank-open-tenure-clinical-ge-university-of-alabama-at-birmingham-f26152/index.html', LF will be replaced by CRLF the next time Git touches it
[02:32:51] [INFO]   [stderr] warning: in the working copy of 'docs/jobs/academic-joint-health-department-assistant-professor-neurobi-university-of-alabama-at-birmingham-52ea37/index.html', LF will be replaced by CRLF the next time Git touches it
[02:32:51] [INFO]   [stderr] warning: in the working copy of 'docs/jobs/academic-obstetrics-and-gynecology-hospitalist-clinical-assi-university-of-washington-b10c42/index.html', LF will be replaced by CRLF the next time Git touches it
[02:32:51] [INFO]   [stderr] warning: in the working copy of 'docs/jobs/academic-professional-track-non-tenure-clinical-assistant-pr-texas-a-and-m-university-4ea109/index.html', LF will be replaced by CRLF the next time Git touches it
[02:32:51] [INFO]   [stderr] warning: in the working copy of 'docs/jobs/academic-professional-track-non-tenure-clinical-assistant-pr-texas-a-and-m-university-74618d/index.html', LF will be replaced by CRLF the next time Git touches it
[02:32:51] [INFO]   [stderr] warning: in the working copy of 'docs/jobs/academic-professional-track-non-tenure-clinical-assistant-pr-texas-a-and-m-university-ad79dc/index.html', LF will be replaced by CRLF the next time Git touches it
[02:32:51] [INFO]   [stderr] warning: in the working copy of 'docs/jobs/academic-professional-track-non-tenure-clinical-associate-pr-texas-a-and-m-university-c59bc1/index.html', LF will be replaced by CRLF the next time Git touches it
[02:32:51] [INFO]   [stderr] warning: in the working copy of 'docs/jobs/academic-professional-track-non-tenure-instructional-assista-texas-a-and-m-university-221ad4/index.html', LF will be replaced by CRLF the next time Git touches it
[02:32:51] [INFO]   [stderr] warning: in the working copy of 'docs/jobs/academic-professional-track-non-tenure-instructional-assista-texas-a-and-m-university-2c8af1/index.html', LF will be replaced by CRLF the next time Git touches it
[02:32:51] [INFO]   [stderr] warning: in the working copy of 'docs/jobs/academic-professional-track-non-tenure-instructional-assista-texas-a-and-m-university-c20303/index.html', LF will be replaced by CRLF the next time Git touches it
[02:32:51] [INFO]   [stderr] warning: in the working copy of 'docs/jobs/academic-professional-track-non-tenure-instructional-assista-texas-a-and-m-university-cbb1bd/index.html', LF will be replaced by CRLF the next time Git touches it
[02:32:51] [INFO]   [stderr] warning: in the working copy of 'docs/jobs/academic-professional-track-non-tenure-instructional-assista-texas-a-and-m-university-ebcb37/index.html', LF will be replaced by CRLF the next time Git touches it
[02:32:51] [INFO]   [stderr] warning: in the working copy of 'docs/jobs/academic-professional-track-non-tenure-instructional-associa-texas-a-and-m-university-e906e7/index.html', LF will be replaced by CRLF the next time Git touches it
[02:32:51] [INFO]   [stderr] warning: in the working copy of 'docs/jobs/academic-professional-track-non-tenure-lecturer-open-rank-mc-texas-a-and-m-university-cacf07/index.html', LF will be replaced by CRLF the next time Git touches it
[02:32:51] [INFO]   [stderr] warning: in the working copy of 'docs/jobs/academic-professional-track-non-tenure-lecturer-or-senior-le-texas-a-and-m-university-036201/index.html', LF will be replaced by CRLF the next time Git touches it
[02:32:51] [INFO]   [stderr] warning: in the working copy of 'docs/jobs/academic-professional-track-non-tenure-lecturer-senior-lectu-texas-a-and-m-university-7a819c/index.html', LF will be replaced by CRLF the next time Git touches it
[02:32:51] [INFO]   [stderr] warning: in the working copy of 'docs/jobs/academic-professional-track-non-tenure-lecturer-senior-lectu-texas-a-and-m-university-cffa64/index.html', LF will be replaced by CRLF the next time Git touches it
[02:32:51] [INFO]   [stderr] warning: in the working copy of 'docs/jobs/academic-professional-track-non-tenure-lecturer-texas-a-and-m-university-2960ca/index.html', LF will be replaced by CRLF the next time Git touches it
[02:32:51] [INFO]   [stderr] warning: in the working copy of 'docs/jobs/academic-professional-track-non-tenure-lecturer-texas-a-and-m-university-321e21/index.html', LF will be replaced by CRLF the next time Git touches it
[02:32:51] [INFO]   [stderr] warning: in the working copy of 'docs/jobs/academic-professional-track-non-tenure-lecturer-texas-a-and-m-university-6b55d1/index.html', LF will be replaced by CRLF the next time Git touches it
[02:32:51] [INFO]   [stderr] warning: in the working copy of 'docs/jobs/academic-professional-track-non-tenure-lecturer-texas-a-and-m-university-ada22a/index.html', LF will be replaced by CRLF the next time Git touches it
[02:32:51] [INFO]   [stderr] warning: in the working copy of 'docs/jobs/academic-professional-track-non-tenure-open-rank-clinical-or-texas-a-and-m-university-d8b486/index.html', LF will be replaced by CRLF the next time Git touches it
[02:32:51] [INFO]   [stderr] warning: in the working copy of 'docs/jobs/academic-professional-track-non-tenure-open-rank-lecturer-in-texas-a-and-m-university-f625ff/index.html', LF will be replaced by CRLF the next time Git touches it
[02:32:51] [INFO]   [stderr] warning: in the working copy of 'docs/jobs/academic-professional-track-non-tenure-open-rank-lecturer-op-texas-a-and-m-university-cbaca6/index.html', LF will be replaced by CRLF the next time Git touches it
[02:32:51] [INFO]   [stderr] warning: in the working copy of 'docs/jobs/academic-professional-track-non-tenure-senior-lecturer-and-d-texas-a-and-m-university-306cc9/index.html', LF will be replaced by CRLF the next time Git touches it
[02:32:51] [INFO]   [stderr] warning: in the working copy of 'docs/jobs/academic-professional-track-non-tenure-visiting-lecturer-or-texas-a-and-m-university-46b512/index.html', LF will be replaced by CRLF the next time Git touches it
[02:32:51] [INFO]   [stderr] warning: in the working copy of 'docs/jobs/academic-resource-center-arc-supplemental-instructor-seton-hall-university-d224c9/index.html', LF will be replaced by CRLF the next time Git touches it
[02:32:51] [INFO]   [stderr] warning: in the working copy of 'docs/jobs/academic-scholar-assistant-associate-full-professor-departme-university-at-buffalo-suny-c96fa1/index.html', LF will be replaced by CRLF the next time Git touches it
[02:32:51] [INFO]   [stderr] warning: in the working copy of 'docs/jobs/academic-scholar-assistant-associate-full-professor-departme-university-at-buffalo-suny-ed4482/index.html', LF will be replaced by CRLF the next time Git touches it
[02:32:51] [INFO]   [stderr] warning: in the working copy of 'docs/jobs/academic-scholar-assistant-associate-full-professor-medicine-university-at-buffalo-suny-42663e/index.html', LF will be replaced by CRLF the next time Git touches it
[02:32:51] [INFO]   [stderr] warning: in the working copy of 'docs/jobs/academic-scholar-assistant-associate-professor-of-cardiology-university-at-buffalo-suny-980439/index.html', LF will be replaced by CRLF the next time Git touches it
[02:32:51] [INFO]   [stderr] warning: in the working copy of 'docs/jobs/academic-scholar-assistant-or-associate-professor-memory-dis-university-at-buffalo-suny-7d25d5/index.html', LF will be replaced by CRLF the next time Git touches it
[02:32:51] [INFO]   [stderr] warning: in the working copy of 'docs/jobs/academic-scholar-assistant-professor-associate-professor-dep-university-at-buffalo-suny-53674c/index.html', LF will be replaced by CRLF the next time Git touches it
[02:32:51] [INFO]   [stderr] warning: in the working copy of 'docs/jobs/academic-scholar-child-abuse-physician-clinical-assistant-or-university-at-buffalo-suny-9f9e2e/index.html', LF will be replaced by CRLF the next time Git touches it
[02:32:51] [INFO]   [stderr] warning: in the working copy of 'docs/jobs/academic-scholar-clinical-assistant-associate-or-full-profes-university-at-buffalo-suny-a8aad5/index.html', LF will be replaced by CRLF the next time Git touches it
[02:32:51] [INFO]   [stderr] warning: in the working copy of 'docs/jobs/academic-scholar-clinical-assistant-associate-professor-depa-university-at-buffalo-suny-ed1b9c/index.html', LF will be replaced by CRLF the next time Git touches it
[02:32:51] [INFO]   [stderr] warning: in the working copy of 'docs/jobs/academic-scholar-clinical-assistant-associate-professor-divi-university-at-buffalo-suny-1f26d3/index.html', LF will be replaced by CRLF the next time Git touches it
[02:32:51] [INFO]   [stderr] warning: in the working copy of 'docs/jobs/academic-scholar-clinical-assistant-associate-professor-divi-university-at-buffalo-suny-53cac3/index.html', LF will be replaced by CRLF the next time Git touches it
[02:32:51] [INFO]   [stderr] warning: in the working copy of 'docs/jobs/academic-scholar-clinical-assistant-associate-professor-divi-university-at-buffalo-suny-f90867/index.html', LF will be replaced by CRLF the next time Git touches it
[02:32:51] [INFO]   [stderr] warning: in the working copy of 'docs/jobs/academic-scholar-clinical-assistant-associate-professor-divi-university-at-buffalo-suny-ffed8a/index.html', LF will be replaced by CRLF the next time Git touches it
[02:32:51] [INFO]   [stderr] warning: in the working copy of 'docs/jobs/academic-scholar-clinical-assistant-associate-professor-gene-university-at-buffalo-suny-c71640/index.html', LF will be replaced by CRLF the next time Git touches it
[02:32:51] [INFO]   [stderr] warning: in the working copy of 'docs/jobs/academic-scholar-clinical-assistant-associate-professor-hs-d-university-at-buffalo-suny-098880/index.html', LF will be replaced by CRLF the next time Git touches it
[02:32:51] [INFO]   [stderr] warning: in the working copy of 'docs/jobs/academic-scholar-clinical-assistant-associate-professor-of-p-university-at-buffalo-suny-387e4c/index.html', LF will be replaced by CRLF the next time Git touches it
[02:32:51] [INFO]   [stderr] warning: in the working copy of 'docs/jobs/academic-scholar-clinical-assistant-clinical-associate-or-cl-university-at-buffalo-suny-144aa1/index.html', LF will be replaced by CRLF the next time Git touches it
[02:32:51] [INFO]   [stderr] warning: in the working copy of 'docs/jobs/academic-scholar-clinical-assistant-or-associate-professor-c-university-at-buffalo-suny-18ac23/index.html', LF will be replaced by CRLF the next time Git touches it
[02:32:51] [INFO]   [stderr] warning: in the working copy of 'docs/jobs/academic-scholar-clinical-assistant-or-associate-professor-c-university-at-buffalo-suny-96e8a8/index.html', LF will be replaced by CRLF the next time Git touches it
[02:32:51] [INFO]   [stderr] warning: in the working copy of 'docs/jobs/academic-scholar-clinical-assistant-or-associate-professor-d-university-at-buffalo-suny-fa52f1/index.html', LF will be replaced by CRLF the next time Git touches it
[02:32:51] [INFO]   [stderr] warning: in the working copy of 'docs/jobs/academic-scholar-clinical-assistant-or-associate-professor-d-university-at-buffalo-suny-fd90a9/index.html', LF will be replaced by CRLF the next time Git touches it
[02:32:51] [INFO]   [stderr] warning: in the working copy of 'docs/jobs/academic-scholar-clinical-assistant-or-associate-professor-g-university-at-buffalo-suny-18f0be/index.html', LF will be replaced by CRLF the next time Git touches it
[02:32:51] [INFO]   [stderr] warning: in the working copy of 'docs/jobs/academic-scholar-clinical-assistant-or-associate-professor-h-university-at-buffalo-suny-24385e/index.html', LF will be replaced by CRLF the next time Git touches it
[02:32:51] [INFO]   [stderr] warning: in the working copy of 'docs/jobs/academic-scholar-clinical-assistant-or-associate-professor-h-university-at-buffalo-suny-915d6c/index.html', LF will be replaced by CRLF the next time Git touches it
[02:32:51] [INFO]   [stderr] warning: in the working copy of 'docs/jobs/academic-scholar-clinical-assistant-or-associate-professor-m-university-at-buffalo-suny-460235/index.html', LF will be replaced by CRLF the next time Git touches it
[02:32:51] [INFO]   [stderr] warning: in the working copy of 'docs/jobs/academic-scholar-clinical-assistant-or-associate-professor-m-university-at-buffalo-suny-81c6fd/index.html', LF will be replaced by CRLF the next time Git touches it
[02:32:51] [INFO]   [stderr] warning: in the working copy of 'docs/jobs/academic-scholar-clinical-assistant-or-associate-professor-n-university-at-buffalo-suny-aeb879/index.html', LF will be replaced by CRLF the next time Git touches it
[02:32:51] [INFO]   [stderr] warning: in the working copy of 'docs/jobs/academic-scholar-clinical-assistant-or-associate-professor-p-university-at-buffalo-suny-3fc0b9/index.html', LF will be replaced by CRLF the next time Git touches it
[02:32:51] [INFO]   [stderr] warning: in the working copy of 'docs/jobs/academic-scholar-clinical-assistant-or-associate-professor-p-university-at-buffalo-suny-c16d3e/index.html', LF will be replaced by CRLF the next time Git touches it
[02:32:51] [INFO]   [stderr] warning: in the working copy of 'docs/jobs/academic-scholar-clinical-assistant-or-associate-professor-s-university-at-buffalo-suny-3e58cc/index.html', LF will be replaced by CRLF the next time Git touches it
[02:32:51] [INFO]   [stderr] warning: in the working copy of 'docs/jobs/academic-scholar-clinical-assistant-or-associate-professor-university-at-buffalo-suny-6a1f52/index.html', LF will be replaced by CRLF the next time Git touches it
[02:32:51] [INFO]   [stderr] warning: in the working copy of 'docs/jobs/academic-scholar-clinical-assistant-professor-department-of-university-at-buffalo-suny-2218db/index.html', LF will be replaced by CRLF the next time Git touches it
[02:32:51] [INFO]   [stderr] warning: in the working copy of 'docs/jobs/academic-scholar-clinical-assistant-professor-department-of-university-at-buffalo-suny-6e3830/index.html', LF will be replaced by CRLF the next time Git touches it
[02:32:51] [INFO]   [stderr] warning: in the working copy of 'docs/jobs/academic-scholar-clinical-assistant-professor-family-medicin-university-at-buffalo-suny-1d6509/index.html', LF will be replaced by CRLF the next time Git touches it
[02:32:51] [INFO]   [stderr] warning: in the working copy of 'docs/jobs/academic-scholar-clinical-assistant-professor-pediatric-hosp-university-at-buffalo-suny-e2d24c/index.html', LF will be replaced by CRLF the next time Git touches it
[02:32:51] [INFO]   [stderr] warning: in the working copy of 'docs/jobs/academic-scholar-clinical-geneticist-assistant-associate-or-university-at-buffalo-suny-843655/index.html', LF will be replaced by CRLF the next time Git touches it
[02:32:51] [INFO]   [stderr] warning: in the working copy of 'docs/jobs/academic-scholar-director-of-behavioral-health-clinical-assi-university-at-buffalo-suny-4b6e2d/index.html', LF will be replaced by CRLF the next time Git touches it
[02:32:51] [INFO]   [stderr] warning: in the working copy of 'docs/jobs/academic-scholar-hospitalist-clinical-assistant-associate-pr-university-at-buffalo-suny-8519e3/index.html', LF will be replaced by CRLF the next time Git touches it
[02:32:51] [INFO]   [stderr] warning: in the working copy of 'docs/jobs/academic-scholar-pediatric-endocrinologist-clinical-assistan-university-at-buffalo-suny-4be3cf/index.html', LF will be replaced by CRLF the next time Git touches it
[02:32:51] [INFO]   [stderr] warning: in the working copy of 'docs/jobs/academic-scholar-pediatric-pulmonologist-clinical-assistant-university-at-buffalo-suny-77d8d8/index.html', LF will be replaced by CRLF the next time Git touches it
[02:32:51] [INFO]   [stderr] warning: in the working copy of 'docs/jobs/accounting-full-time-lecturer-faculty-middle-tennessee-state-university-025c4d/index.html', LF will be replaced by CRLF the next time Git touches it
[02:32:51] [INFO]   [stderr] warning: in the working copy of 'docs/jobs/accounting-instructor-ucla-extension-ucla-03ef01/index.html', LF will be replaced by CRLF the next time Git touches it
[02:32:51] [INFO]   [stderr] warning: in the working copy of 'docs/jobs/accounting-instructors-for-the-jake-jabs-college-of-business-montana-state-university-6333c7/index.html', LF will be replaced by CRLF the next time Git touches it
[02:32:51] [INFO]   [stderr] warning: in the working copy of 'docs/jobs/accounting-lecturer-part-time-temporary-milgard-school-of-bu-university-of-washington-2362aa/index.html', LF will be replaced by CRLF the next time Git touches it
[02:32:51] [INFO]   [stderr] warning: in the working copy of 'docs/jobs/accounting-tenure-track-faculty-school-of-business-fall-2026-slippery-rock-university-813155/index.html', LF will be replaced by CRLF the next time Git touches it
[02:32:51] [INFO]   [stderr] warning: in the working copy of 'docs/jobs/ace-advanced-studies-instructor-continuous-recruitment-suny-genesee-community-college-53079a/index.html', LF will be replaced by CRLF the next time Git touches it
[02:32:51] [INFO]   [stderr] warning: in the working copy of 'docs/jobs/acting-assistant-professor-in-phonology-and-syntax-linguisti-university-of-washington-b25a0c/index.html', LF will be replaced by CRLF the next time Git touches it
[02:32:51] [INFO]   [stderr] warning: in the working copy of 'docs/jobs/acting-assistant-professor-iqu-s-senior-researcher-universit-university-of-washington-e4ba9f/index.html', LF will be replaced by CRLF the next time Git touches it
[02:32:51] [INFO]   [stderr] warning: in the working copy of 'docs/jobs/acting-faculty-sport-management-rider-university-ae8001/index.html', LF will be replaced by CRLF the next time Git touches it
[02:32:51] [INFO]   [stderr] warning: in the working copy of 'docs/jobs/activity-class-for-credit-non-tenure-track-faculty-applicant-montana-state-university-4c8598/index.html', LF will be replaced by CRLF the next time Git touches it
[02:32:51] [INFO]   [stderr] warning: in the working copy of 'docs/jobs/acute-care-imaging-faculty-fy2526-ucla-781cac/index.html', LF will be replaced by CRLF the next time Git touches it
[02:32:51] [INFO]   [stderr] warning: in the working copy of 'docs/jobs/addiction-psychiatry-addiction-medicine-physician-clinical-a-stony-brook-university-suny-dcc886/index.html', LF will be replaced by CRLF the next time Git touches it
[02:32:51] [INFO]   [stderr] warning: in the working copy of 'docs/jobs/adjunct-professor-position-department-of-anatomy-uc-san-francisco-307e8b/index.html', LF will be replaced by CRLF the next time Git touches it
[02:32:51] [INFO]   [stderr] warning: in the working copy of 'docs/jobs/adjunct-professor-series-pool-ad-open-ranks-in-the-departmen-ucla-4078b8/index.html', LF will be replaced by CRLF the next time Git touches it
[02:32:51] [INFO]   [stderr] warning: in the working copy of 'docs/jobs/adjunct-professor-series-pool-ad-open-ranks-in-the-departmen-ucla-e6b9ee/index.html', LF will be replaced by CRLF the next time Git touches it
[02:32:51] [INFO]   [stderr] warning: in the working copy of 'docs/jobs/adjunct-professor-series-ucla-6d58b4/index.html', LF will be replaced by CRLF the next time Git touches it
[02:32:51] [INFO]   [stderr] warning: in the working copy of 'docs/jobs/adsa-faculty-assistant-sa-p-university-of-new-mexico-7704e0/index.html', LF will be replaced by CRLF the next time Git touches it
[02:32:51] [INFO]   [stderr] warning: in the working copy of 'docs/jobs/adult-basic-education-instructor-outreach-butler-community-college-87af11/index.html', LF will be replaced by CRLF the next time Git touches it
[02:32:51] [INFO]   [stderr] warning: in the working copy of 'docs/jobs/adult-gerontological-primary-care-nurse-practitioner-faculty-uc-davis-b7708b/index.html', LF will be replaced by CRLF the next time Git touches it
[02:32:51] [INFO]   [stderr] warning: in the working copy of 'docs/jobs/adult-gerontology-acute-care-program-specialty-director-and-rutgers-the-state-university-of-new-jers-7aa4ad/index.html', LF will be replaced by CRLF the next time Git touches it
[02:32:51] [INFO]   [stderr] warning: in the working copy of 'docs/jobs/adult-reconstruction-surgeon-clinical-assistant-associate-fu-university-of-florida-bdaed8/index.html', LF will be replaced by CRLF the next time Git touches it
[02:32:51] [INFO]   [stderr] warning: in the working copy of 'docs/jobs/advance-endoscopy-faculty-university-of-rochester-ee632e/index.html', LF will be replaced by CRLF the next time Git touches it
[02:32:51] [INFO]   [stderr] warning: in the working copy of 'docs/jobs/advanced-education-in-general-dentistry-faculty-clinical-ass-east-carolina-university-35f787/index.html', LF will be replaced by CRLF the next time Git touches it
[02:32:51] [INFO]   [stderr] warning: in the working copy of 'docs/jobs/advanced-endoscopy-faculty-university-of-rochester-175df9/index.html', LF will be replaced by CRLF the next time Git touches it
[02:32:51] [INFO]   [stderr] warning: in the working copy of 'docs/jobs/advanced-manufacturing-and-materials-engineering-division-he-the-pennsylvania-state-university-4b28f4/index.html', LF will be replaced by CRLF the next time Git touches it
[02:32:51] [INFO]   [stderr] warning: in the working copy of 'docs/jobs/advanced-manufacturing-faculty-10-month-community-college-of-baltimore-county-61e6fb/index.html', LF will be replaced by CRLF the next time Git touches it
[02:32:51] [INFO]   [stderr] warning: in the working copy of 'docs/jobs/advanced-manufacturing-instructor-denmark-technical-college-100673/index.html', LF will be replaced by CRLF the next time Git touches it
[02:32:51] [INFO]   [stderr] warning: in the working copy of 'docs/jobs/advanced-manufacturing-technology-instructor-10-month-ct-state-tunxis-c3c505/index.html', LF will be replaced by CRLF the next time Git touches it
[02:32:51] [INFO]   [stderr] warning: in the working copy of 'docs/jobs/advanced-manufacturing-technology-instructor-welding-10-mont-ct-state-asnuntuck-898c9e/index.html', LF will be replaced by CRLF the next time Git touches it
[02:32:51] [INFO]   [stderr] warning: in the working copy of 'docs/jobs/advising-assistant-college-of-natural-sciences-and-math-university-of-houston-5aa5a5/index.html', LF will be replaced by CRLF the next time Git touches it
[02:32:51] [INFO]   [stderr] warning: in the working copy of 'docs/jobs/aerospace-engineering-aerospace-design-and-systems-engineeri-california-state-polytechnic-university-1d04d6/index.html', LF will be replaced by CRLF the next time Git touches it
[02:32:51] [INFO]   [stderr] warning: in the working copy of 'docs/jobs/aerospace-engineering-uas-autonomy-and-geographical-informat-california-state-polytechnic-university-491bcc/index.html', LF will be replaced by CRLF the next time Git touches it
[02:32:51] [INFO]   [stderr] warning: in the working copy of 'docs/jobs/aerospace-full-time-lecturer-faculty-middle-tennessee-state-university-a6dc66/index.html', LF will be replaced by CRLF the next time Git touches it
[02:32:51] [INFO]   [stderr] warning: in the working copy of 'docs/jobs/african-diaspora-studies-two-year-mellon-postdoctoral-fellow-grinnell-college-1e78e5/index.html', LF will be replaced by CRLF the next time Git touches it
[02:32:51] [INFO]   [stderr] warning: in the working copy of 'docs/jobs/agricultural-and-technology-education-non-tenure-track-facul-montana-state-university-2891ae/index.html', LF will be replaced by CRLF the next time Git touches it
[02:32:51] [INFO]   [stderr] warning: in the working copy of 'docs/jobs/agricultural-economics-and-economics-non-tenure-track-facult-montana-state-university-648563/index.html', LF will be replaced by CRLF the next time Git touches it
[02:32:51] [INFO]   [stderr] warning: in the working copy of 'docs/jobs/agricultural-economics-and-economics-non-tenure-track-visiti-montana-state-university-b3adf5/index.html', LF will be replaced by CRLF the next time Git touches it
[02:32:51] [INFO]   [stderr] warning: in the working copy of 'docs/jobs/ai-based-protein-design-and-enzyme-engineering-postdoctoral-rutgers-the-state-university-of-new-jers-e163d1/index.html', LF will be replaced by CRLF the next time Git touches it
[02:32:51] [INFO]   [stderr] warning: in the working copy of 'docs/jobs/ai-innovation-research-assistant-professor-stony-brook-university-suny-f72ff4/index.html', LF will be replaced by CRLF the next time Git touches it
[02:32:51] [INFO]   [stderr] warning: in the working copy of 'docs/jobs/ajmls-professor-elizabeth-m-jaffe-published-in-the-arizona-s-atlanta-s-john-marshall-law-school-6ea279/index.html', LF will be replaced by CRLF the next time Git touches it
[02:32:51] [INFO]   [stderr] warning: in the working copy of 'docs/jobs/all-ranks-assistant-associate-professor-director-pet-and-mol-columbia-university-956a53/index.html', LF will be replaced by CRLF the next time Git touches it
[02:32:51] [INFO]   [stderr] warning: in the working copy of 'docs/jobs/all-ranks-assistant-associate-professor-neuroradiology-columbia-university-8dbaf7/index.html', LF will be replaced by CRLF the next time Git touches it
[02:32:51] [INFO]   [stderr] warning: in the working copy of 'docs/jobs/all-ranks-assistant-associate-professor-of-neurology-tenure-columbia-university-03f5d7/index.html', LF will be replaced by CRLF the next time Git touches it
[02:32:51] [INFO]   [stderr] warning: in the working copy of 'docs/jobs/all-ranks-assistant-associate-professor-of-radiology-abdomin-columbia-university-74049b/index.html', LF will be replaced by CRLF the next time Git touches it
[02:32:51] [INFO]   [stderr] warning: in the working copy of 'docs/jobs/all-ranks-assistant-associate-professor-of-radiology-breast-columbia-university-a402eb/index.html', LF will be replaced by CRLF the next time Git touches it
[02:32:51] [INFO]   [stderr] warning: in the working copy of 'docs/jobs/all-ranks-assistant-associate-professor-of-radiology-interve-columbia-university-569f3e/index.html', LF will be replaced by CRLF the next time Git touches it
[02:32:51] [INFO]   [stderr] warning: in the working copy of 'docs/jobs/all-ranks-director-of-mohs-surgery-assistant-professor-assoc-columbia-university-3bc1f4/index.html', LF will be replaced by CRLF the next time Git touches it
[02:32:51] [INFO]   [stderr] warning: in the working copy of 'docs/jobs/all-ranks-instructor-assistant-professor-associate-professor-columbia-university-15df1f/index.html', LF will be replaced by CRLF the next time Git touches it
[02:32:51] [INFO]   [stderr] warning: in the working copy of 'docs/jobs/all-ranks-non-tenured-assistant-associate-professor-of-psych-columbia-university-b2a4f7/index.html', LF will be replaced by CRLF the next time Git touches it
[02:32:51] [INFO]   [stderr] warning: in the working copy of 'docs/jobs/allied-health-non-tenure-track-faculty-gallatin-college-appl-montana-state-university-5018d9/index.html', LF will be replaced by CRLF the next time Git touches it
[02:32:51] [INFO]   [stderr] warning: in the working copy of 'docs/jobs/allied-health-phlebotomy-non-tenure-track-faculty-gallatin-c-montana-state-university-3c5506/index.html', LF will be replaced by CRLF the next time Git touches it
[02:32:51] [INFO]   [stderr] warning: in the working copy of 'docs/jobs/american-heart-cpr-instructor-villanova-university-be262a/index.html', LF will be replaced by CRLF the next time Git touches it
[02:32:51] [INFO]   [stderr] warning: in the working copy of 'docs/jobs/american-heart-cpr-instructor-villanova-university-e4f3c1/index.html', LF will be replaced by CRLF the next time Git touches it
[02:32:51] [INFO]   [stderr] warning: in the working copy of 'docs/jobs/american-sign-language-asl-instructor-villanova-university-512c7d/index.html', LF will be replaced by CRLF the next time Git touches it
[02:32:51] [INFO]   [stderr] warning: in the working copy of 'docs/jobs/american-sign-language-asl-instructor-villanova-university-ad62f2/index.html', LF will be replaced by CRLF the next time Git touches it
[02:32:51] [INFO]   [stderr] warning: in the working copy of 'docs/jobs/american-studies-non-tenure-track-faculty-applicant-pool-montana-state-university-f34d53/index.html', LF will be replaced by CRLF the next time Git touches it
[02:32:51] [INFO]   [stderr] warning: in the working copy of 'docs/jobs/analytics-instructors-for-the-jake-jabs-college-of-business-montana-state-university-11adc5/index.html', LF will be replaced by CRLF the next time Git touches it
[02:32:51] [INFO]   [stderr] warning: in the working copy of 'docs/jobs/anatomical-sciences-educator-assistant-associate-full-profes-florida-atlantic-university-a41b8a/index.html', LF will be replaced by CRLF the next time Git touches it
[02:32:51] [INFO]   [stderr] warning: in the working copy of 'docs/jobs/anesthesia-general-cardiac-clinical-assistant-associate-full-university-of-florida-4bacf2/index.html', LF will be replaced by CRLF the next time Git touches it
[02:32:51] [INFO]   [stderr] warning: in the working copy of 'docs/jobs/anesthesiologist-clinical-assistant-associate-full-professor-stony-brook-university-suny-01b723/index.html', LF will be replaced by CRLF the next time Git touches it
[02:32:51] [INFO]   [stderr] warning: in the working copy of 'docs/jobs/anesthesiologist-clinical-assistant-associate-full-professor-stony-brook-university-suny-adfb10/index.html', LF will be replaced by CRLF the next time Git touches it
[02:32:51] [INFO]   [stderr] warning: in the working copy of 'docs/jobs/anesthesiologist-clinical-associate-full-professor-anesthesi-stony-brook-university-suny-0a7a22/index.html', LF will be replaced by CRLF the next time Git touches it
[02:32:51] [INFO]   [stderr] warning: in the working copy of 'docs/jobs/anesthesiology-clinical-assistant-associate-full-professor-university-of-florida-4f58ff/index.html', LF will be replaced by CRLF the next time Git touches it
[02:32:51] [INFO]   [stderr] warning: in the working copy of 'docs/jobs/animal-and-range-sciences-non-tenure-track-faculty-applicant-montana-state-university-5956e9/index.html', LF will be replaced by CRLF the next time Git touches it
[02:32:51] [INFO]   [stderr] warning: in the working copy of 'docs/jobs/anthropology-lecturer-position-biological-anthropology-and-a-uc-davis-593143/index.html', LF will be replaced by CRLF the next time Git touches it
[02:32:51] [INFO]   [stderr] warning: in the working copy of 'docs/jobs/applied-clinical-informatics-faculty-uc-san-francisco-7f7552/index.html', LF will be replaced by CRLF the next time Git touches it
[02:32:51] [INFO]   [stderr] warning: in the working copy of 'docs/jobs/arabic-non-tenure-track-faculty-applicant-pool-montana-state-university-a91ff4/index.html', LF will be replaced by CRLF the next time Git touches it
[02:32:51] [INFO]   [stderr] warning: in the working copy of 'docs/jobs/architecture-and-urban-design-lecturer-pool-ucla-cf8125/index.html', LF will be replaced by CRLF the next time Git touches it
[02:32:51] [INFO]   [stderr] warning: in the working copy of 'docs/jobs/architecture-assistant-professor-california-state-polytechnic-university-779ad7/index.html', LF will be replaced by CRLF the next time Git touches it
[02:32:51] [INFO]   [stderr] warning: in the working copy of 'docs/jobs/art-education-instructor-athens-campus-school-of-art-design-ohio-university-163f4d/index.html', LF will be replaced by CRLF the next time Git touches it
[02:32:51] [INFO]   [stderr] warning: in the working copy of 'docs/jobs/art-harper-saturday-academy-instructor-stevens-institute-of-technology-018d66/index.html', LF will be replaced by CRLF the next time Git touches it
[02:32:51] [INFO]   [stderr] warning: in the working copy of 'docs/jobs/art-history-instructor-athens-campus-school-of-art-design-po-ohio-university-6f810c/index.html', LF will be replaced by CRLF the next time Git touches it
[02:32:51] [INFO]   [stderr] warning: in the working copy of 'docs/jobs/art-instructor-museum-florida-southern-college-263973/index.html', LF will be replaced by CRLF the next time Git touches it
[02:32:51] [INFO]   [stderr] warning: in the working copy of 'docs/jobs/art-technical-instructor-ucla-faee25/index.html', LF will be replaced by CRLF the next time Git touches it
[02:32:51] [INFO]   [stderr] warning: in the working copy of 'docs/jobs/artificial-intelligence-ai-technology-instructor-pool-ucla-e-ucla-c356af/index.html', LF will be replaced by CRLF the next time Git touches it
[02:32:51] [INFO]   [stderr] warning: in the working copy of 'docs/jobs/arts-administration-on-campus-instructors-pool-posting-ohio-university-bb544e/index.html', LF will be replaced by CRLF the next time Git touches it
[02:32:51] [INFO]   [stderr] warning: in the working copy of 'docs/jobs/arts-and-sciences-professional-development-aspd-instructors-villanova-university-902168/index.html', LF will be replaced by CRLF the next time Git touches it
[02:32:51] [INFO]   [stderr] warning: in the working copy of 'docs/jobs/asn-program-faculty-open-rank-mississippi-university-for-women-22f062/index.html', LF will be replaced by CRLF the next time Git touches it
[02:32:51] [INFO]   [stderr] warning: in the working copy of 'docs/jobs/assist-assoc-full-professor-of-the-practice-criminal-justice-university-of-kansas-f2fb01/index.html', LF will be replaced by CRLF the next time Git touches it
[02:32:51] [INFO]   [stderr] warning: in the working copy of 'docs/jobs/assistant-adjunct-professor-clinical-law-uc-irvine-0cbbbf/index.html', LF will be replaced by CRLF the next time Git touches it
[02:32:51] [INFO]   [stderr] warning: in the working copy of 'docs/jobs/assistant-adjunct-professor-diabetes-center-anderson-lab-uc-san-francisco-55fddd/index.html', LF will be replaced by CRLF the next time Git touches it
[02:32:51] [INFO]   [stderr] warning: in the working copy of 'docs/jobs/assistant-adjunct-professor-in-chinese-culture-studies-ucla-80be31/index.html', LF will be replaced by CRLF the next time Git touches it
[02:32:51] [INFO]   [stderr] warning: in the working copy of 'docs/jobs/assistant-adjunct-professor-position-in-pulmonary-and-critic-ucla-758b62/index.html', LF will be replaced by CRLF the next time Git touches it
[02:32:51] [INFO]   [stderr] warning: in the working copy of 'docs/jobs/assistant-adjunct-professor-positions-in-cardiology-hsiai-la-ucla-125b3b/index.html', LF will be replaced by CRLF the next time Git touches it
[02:32:51] [INFO]   [stderr] warning: in the working copy of 'docs/jobs/assistant-adjunct-professor-uc-center-sacramento-uccs-uc-davis-6f8e94/index.html', LF will be replaced by CRLF the next time Git touches it
[02:32:51] [INFO]   [stderr] warning: in the working copy of 'docs/jobs/assistant-adjunct-professor-uc-davis-9ad5a7/index.html', LF will be replaced by CRLF the next time Git touches it
[02:32:51] [INFO]   [stderr] warning: in the working copy of 'docs/jobs/assistant-adjunct-professor-ucla-18c681/index.html', LF will be replaced by CRLF the next time Git touches it
[02:32:51] [INFO]   [stderr] warning: in the working copy of 'docs/jobs/assistant-adjunct-professor-ucla-3b028b/index.html', LF will be replaced by CRLF the next time Git touches it
[02:32:51] [INFO]   [stderr] warning: in the working copy of 'docs/jobs/assistant-and-or-associate-professor-of-pharmaceutics-long-island-university-01afbf/index.html', LF will be replaced by CRLF the next time Git touches it
[02:32:51] [INFO]   [stderr] warning: in the working copy of 'docs/jobs/assistant-and-or-associate-professor-of-pharmacology-long-island-university-8f2a1c/index.html', LF will be replaced by CRLF the next time Git touches it
[02:32:51] [INFO]   [stderr] warning: in the working copy of 'docs/jobs/assistant-associate-adjunct-professor-of-surgery-violence-pr-uc-san-francisco-971980/index.html', LF will be replaced by CRLF the next time Git touches it
[02:32:51] [INFO]   [stderr] warning: in the working copy of 'docs/jobs/assistant-associate-adjunct-professor-physiology-course-dire-uc-irvine-3602ee/index.html', LF will be replaced by CRLF the next time Git touches it
[02:32:51] [INFO]   [stderr] warning: in the working copy of 'docs/jobs/assistant-associate-clinical-professor-and-occupational-ther-drexel-university-15cce5/index.html', LF will be replaced by CRLF the next time Git touches it
[02:32:51] [INFO]   [stderr] warning: in the working copy of 'docs/jobs/assistant-associate-clinical-professor-clinical-pathologist-auburn-university-at-montgomery-731de6/index.html', LF will be replaced by CRLF the next time Git touches it
[02:32:51] [INFO]   [stderr] warning: in the working copy of 'docs/jobs/assistant-associate-clinical-professor-of-public-and-one-hea-auburn-university-at-montgomery-e46199/index.html', LF will be replaced by CRLF the next time Git touches it
[02:32:51] [INFO]   [stderr] warning: in the working copy of 'docs/jobs/assistant-associate-full-clinical-professor-auburn-university-at-montgomery-e2153f/index.html', LF will be replaced by CRLF the next time Git touches it
[02:32:51] [INFO]   [stderr] warning: in the working copy of 'docs/jobs/assistant-associate-full-clinical-professor-jail-psychiatric-uc-davis-aaede8/index.html', LF will be replaced by CRLF the next time Git touches it
[02:32:51] [INFO]   [stderr] warning: in the working copy of 'docs/jobs/assistant-associate-full-clinical-professor-non-malignant-he-uc-san-francisco-131f92/index.html', LF will be replaced by CRLF the next time Git touches it
[02:32:51] [INFO]   [stderr] warning: in the working copy of 'docs/jobs/assistant-associate-full-clinical-professor-of-law-marquette-university-cafe57/index.html', LF will be replaced by CRLF the next time Git touches it
[02:32:51] [INFO]   [stderr] warning: in the working copy of 'docs/jobs/assistant-associate-full-clinical-professor-osteopathic-mani-ohio-university-0b58b0/index.html', LF will be replaced by CRLF the next time Git touches it
[02:32:51] [INFO]   [stderr] warning: in the working copy of 'docs/jobs/assistant-associate-full-instructional-professor-university-of-florida-684956/index.html', LF will be replaced by CRLF the next time Git touches it
[02:32:51] [INFO]   [stderr] warning: in the working copy of 'docs/jobs/assistant-associate-full-professor-adult-behavioral-health-c-uc-davis-6be88e/index.html', LF will be replaced by CRLF the next time Git touches it
[02:32:51] [INFO]   [stderr] warning: in the working copy of 'docs/jobs/assistant-associate-full-professor-ai-models-systems-and-app-university-of-florida-bd9a68/index.html', LF will be replaced by CRLF the next time Git touches it
[02:32:51] [INFO]   [stderr] warning: in the working copy of 'docs/jobs/assistant-associate-full-professor-and-program-director-occu-keck-graduate-institute-fd8e32/index.html', LF will be replaced by CRLF the next time Git touches it
[02:32:51] [INFO]   [stderr] warning: in the working copy of 'docs/jobs/assistant-associate-full-professor-auburn-university-at-montgomery-27b7ce/index.html', LF will be replaced by CRLF the next time Git touches it
[02:32:51] [INFO]   [stderr] warning: in the working copy of 'docs/jobs/assistant-associate-full-professor-auburn-university-at-montgomery-8eebdb/index.html', LF will be replaced by CRLF the next time Git touches it
[02:32:51] [INFO]   [stderr] warning: in the working copy of 'docs/jobs/assistant-associate-full-professor-biomedical-sciences-east-tennessee-state-university-7a5e26/index.html', LF will be replaced by CRLF the next time Git touches it
[02:32:51] [INFO]   [stderr] warning: in the working copy of 'docs/jobs/assistant-associate-full-professor-brain-tumor-research-depa-university-of-florida-90af67/index.html', LF will be replaced by CRLF the next time Git touches it
[02:32:51] [INFO]   [stderr] warning: in the working copy of 'docs/jobs/assistant-associate-full-professor-classical-hematology-university-of-florida-82a6d7/index.html', LF will be replaced by CRLF the next time Git touches it
[02:32:51] [INFO]   [stderr] warning: in the working copy of 'docs/jobs/assistant-associate-full-professor-department-of-criminal-ju-university-of-nevada-las-vegas-1d4c84/index.html', LF will be replaced by CRLF the next time Git touches it
[02:32:51] [INFO]   [stderr] warning: in the working copy of 'docs/jobs/assistant-associate-full-professor-department-of-drug-discov-auburn-university-at-montgomery-fc8722/index.html', LF will be replaced by CRLF the next time Git touches it
[02:32:51] [INFO]   [stderr] warning: in the working copy of 'docs/jobs/assistant-associate-full-professor-electrical-and-computer-e-university-of-florida-748b2f/index.html', LF will be replaced by CRLF the next time Git touches it
[02:32:51] [INFO]   [stderr] warning: in the working copy of 'docs/jobs/assistant-associate-full-professor-emergency-medicine-critic-long-island-university-d50263/index.html', LF will be replaced by CRLF the next time Git touches it
[02:32:51] [INFO]   [stderr] warning: in the working copy of 'docs/jobs/assistant-associate-full-professor-environmental-engineering-university-of-florida-cfebc9/index.html', LF will be replaced by CRLF the next time Git touches it
[02:32:51] [INFO]   [stderr] warning: in the working copy of 'docs/jobs/assistant-associate-full-professor-equine-medicine-long-island-university-913e59/index.html', LF will be replaced by CRLF the next time Git touches it
[02:32:51] [INFO]   [stderr] warning: in the working copy of 'docs/jobs/assistant-associate-full-professor-food-animal-medicine-long-island-university-03dd30/index.html', LF will be replaced by CRLF the next time Git touches it
[02:32:51] [INFO]   [stderr] warning: in the working copy of 'docs/jobs/assistant-associate-full-professor-genetics-mammalian-geneti-university-of-florida-f85b1c/index.html', LF will be replaced by CRLF the next time Git touches it
[02:32:51] [INFO]   [stderr] warning: in the working copy of 'docs/jobs/assistant-associate-full-professor-geriatric-medicine-university-of-florida-835cdd/index.html', LF will be replaced by CRLF the next time Git touches it
[02:32:51] [INFO]   [stderr] warning: in the working copy of 'docs/jobs/assistant-associate-full-professor-hscp-or-clinx-co-director-uc-davis-cfc97e/index.html', LF will be replaced by CRLF the next time Git touches it
[02:32:51] [INFO]   [stderr] warning: in the working copy of 'docs/jobs/assistant-associate-full-professor-in-anatomy-medical-educat-university-of-nevada-las-vegas-2c4693/index.html', LF will be replaced by CRLF the next time Git touches it
[02:32:51] [INFO]   [stderr] warning: in the working copy of 'docs/jobs/assistant-associate-full-professor-in-computer-science-new-jersey-institute-of-technology-b65be7/index.html', LF will be replaced by CRLF the next time Git touches it
[02:32:51] [INFO]   [stderr] warning: in the working copy of 'docs/jobs/assistant-associate-full-professor-in-hscp-or-clinical-x-ser-uc-davis-69d161/index.html', LF will be replaced by CRLF the next time Git touches it
[02:32:51] [INFO]   [stderr] warning: in the working copy of 'docs/jobs/assistant-associate-full-professor-in-residence-and-adjunct-uc-san-francisco-d5ef50/index.html', LF will be replaced by CRLF the next time Git touches it
[02:32:51] [INFO]   [stderr] warning: in the working copy of 'docs/jobs/assistant-associate-full-professor-indiana-university-d4d99e/index.html', LF will be replaced by CRLF the next time Git touches it
[02:32:51] [INFO]   [stderr] warning: in the working copy of 'docs/jobs/assistant-associate-full-professor-industrial-and-systems-en-university-of-florida-44e4d5/index.html', LF will be replaced by CRLF the next time Git touches it
[02:32:51] [INFO]   [stderr] warning: in the working copy of 'docs/jobs/assistant-associate-full-professor-large-animal-surgery-long-island-university-835ff6/index.html', LF will be replaced by CRLF the next time Git touches it
[02:32:51] [INFO]   [stderr] warning: in the working copy of 'docs/jobs/assistant-associate-full-professor-laryngologist-surgeon-pos-uc-san-francisco-32bbe7/index.html', LF will be replaced by CRLF the next time Git touches it
[02:32:51] [INFO]   [stderr] warning: in the working copy of 'docs/jobs/assistant-associate-full-professor-liaison-and-lead-vet-long-island-university-92dc9a/index.html', LF will be replaced by CRLF the next time Git touches it
[02:32:51] [INFO]   [stderr] warning: in the working copy of 'docs/jobs/assistant-associate-full-professor-liver-transplant-university-of-florida-093fc5/index.html', LF will be replaced by CRLF the next time Git touches it
[02:32:51] [INFO]   [stderr] warning: in the working copy of 'docs/jobs/assistant-associate-full-professor-mechanical-and-aerospace-university-of-florida-4ca5a3/index.html', LF will be replaced by CRLF the next time Git touches it
[02:32:51] [INFO]   [stderr] warning: in the working copy of 'docs/jobs/assistant-associate-full-professor-medical-oncologist-university-of-florida-4773e0/index.html', LF will be replaced by CRLF the next time Git touches it
[02:32:51] [INFO]   [stderr] warning: in the working copy of 'docs/jobs/assistant-associate-full-professor-neurology-movement-disord-university-of-florida-5bddf4/index.html', LF will be replaced by CRLF the next time Git touches it
[02:32:51] [INFO]   [stderr] warning: in the working copy of 'docs/jobs/assistant-associate-full-professor-neurology-neurocritical-c-university-of-florida-33b555/index.html', LF will be replaced by CRLF the next time Git touches it
[02:32:51] [INFO]   [stderr] warning: in the working copy of 'docs/jobs/assistant-associate-full-professor-non-tenure-track-ntta-or-long-island-university-7c8688/index.html', LF will be replaced by CRLF the next time Git touches it
[02:32:51] [INFO]   [stderr] warning: in the working copy of 'docs/jobs/assistant-associate-full-professor-non-tenure-track-ntta-or-long-island-university-fdad16/index.html', LF will be replaced by CRLF the next time Git touches it
[02:32:51] [INFO]   [stderr] warning: in the working copy of 'docs/jobs/assistant-associate-full-professor-nursing-montana-state-university-4711d0/index.html', LF will be replaced by CRLF the next time Git touches it
[02:32:51] [INFO]   [stderr] warning: in the working copy of 'docs/jobs/assistant-associate-full-professor-of-business-information-t-campbellsville-university-e90808/index.html', LF will be replaced by CRLF the next time Git touches it
[02:32:51] [INFO]   [stderr] warning: in the working copy of 'docs/jobs/assistant-associate-full-professor-of-cell-and-gene-therapy-keck-graduate-institute-291b46/index.html', LF will be replaced by CRLF the next time Git touches it
[02:32:51] [INFO]   [stderr] warning: in the working copy of 'docs/jobs/assistant-associate-full-professor-of-clin-x-hscp-division-o-uc-davis-c93ab5/index.html', LF will be replaced by CRLF the next time Git touches it
[02:32:51] [INFO]   [stderr] warning: in the working copy of 'docs/jobs/assistant-associate-full-professor-of-clinical-neurology-ser-uc-irvine-e76c50/index.html', LF will be replaced by CRLF the next time Git touches it
[02:32:51] [INFO]   [stderr] warning: in the working copy of 'docs/jobs/assistant-associate-full-professor-of-clinical-x-or-health-s-uc-davis-eed398/index.html', LF will be replaced by CRLF the next time Git touches it
[02:32:51] [INFO]   [stderr] warning: in the working copy of 'docs/jobs/assistant-associate-full-professor-of-companion-animal-surge-louisiana-state-university-1e0359/index.html', LF will be replaced by CRLF the next time Git touches it
[02:32:51] [INFO]   [stderr] warning: in the working copy of 'docs/jobs/assistant-associate-full-professor-of-law-open-rank-criminal-university-of-arkansas-e45eeb/index.html', LF will be replaced by CRLF the next time Git touches it
[02:32:51] [INFO]   [stderr] warning: in the working copy of 'docs/jobs/assistant-associate-full-professor-of-maternal-fetal-medicin-university-of-nevada-las-vegas-3d89bc/index.html', LF will be replaced by CRLF the next time Git touches it
[02:32:51] [INFO]   [stderr] warning: in the working copy of 'docs/jobs/assistant-associate-full-professor-of-physical-therapy-oakland-university-af36ab/index.html', LF will be replaced by CRLF the next time Git touches it
[02:32:51] [INFO]   [stderr] warning: in the working copy of 'docs/jobs/assistant-associate-full-professor-of-public-health-oakland-university-4affe7/index.html', LF will be replaced by CRLF the next time Git touches it
[02:32:51] [INFO]   [stderr] warning: in the working copy of 'docs/jobs/assistant-associate-full-professor-of-radiation-oncology-ten-louisiana-state-university-e40198/index.html', LF will be replaced by CRLF the next time Git touches it
[02:32:51] [INFO]   [stderr] warning: in the working copy of 'docs/jobs/assistant-associate-full-professor-of-surgery-adult-cardioth-uc-san-francisco-1cf192/index.html', LF will be replaced by CRLF the next time Git touches it
[02:32:51] [INFO]   [stderr] warning: in the working copy of 'docs/jobs/assistant-associate-full-professor-of-surgery-adult-cardioth-uc-san-francisco-a44539/index.html', LF will be replaced by CRLF the next time Git touches it
[02:32:51] [INFO]   [stderr] warning: in the working copy of 'docs/jobs/assistant-associate-full-professor-of-surgery-cardiac-surgeo-uc-san-francisco-449231/index.html', LF will be replaced by CRLF the next time Git touches it
[02:32:51] [INFO]   [stderr] warning: in the working copy of 'docs/jobs/assistant-associate-full-professor-of-surgery-general-surgeo-uc-san-francisco-a334e5/index.html', LF will be replaced by CRLF the next time Git touches it
[02:32:51] [INFO]   [stderr] warning: in the working copy of 'docs/jobs/assistant-associate-full-professor-of-surgery-genome-editing-uc-san-francisco-c45370/index.html', LF will be replaced by CRLF the next time Git touches it
[02:32:51] [INFO]   [stderr] warning: in the working copy of 'docs/jobs/assistant-associate-full-professor-of-surgery-pediatric-surg-uc-san-francisco-11c7aa/index.html', LF will be replaced by CRLF the next time Git touches it
[02:32:51] [INFO]   [stderr] warning: in the working copy of 'docs/jobs/assistant-associate-full-professor-of-surgery-plastic-surgeo-uc-san-francisco-c77366/index.html', LF will be replaced by CRLF the next time Git touches it
[02:32:51] [INFO]   [stderr] warning: in the working copy of 'docs/jobs/assistant-associate-full-professor-of-surgery-vascular-surge-uc-san-francisco-7d3374/index.html', LF will be replaced by CRLF the next time Git touches it
[02:32:51] [INFO]   [stderr] warning: in the working copy of 'docs/jobs/assistant-associate-full-professor-of-the-practice-biotechno-university-of-kansas-b300e4/index.html', LF will be replaced by CRLF the next time Git touches it
[02:32:51] [INFO]   [stderr] warning: in the working copy of 'docs/jobs/assistant-associate-full-professor-of-veterinary-neurology-a-louisiana-state-university-31e23b/index.html', LF will be replaced by CRLF the next time Git touches it
[02:32:51] [INFO]   [stderr] warning: in the working copy of 'docs/jobs/assistant-associate-full-professor-of-veterinary-skills-long-island-university-c2feb8/index.html', LF will be replaced by CRLF the next time Git touches it
[02:32:51] [INFO]   [stderr] warning: in the working copy of 'docs/jobs/assistant-associate-full-professor-open-rank-texas-a-and-m-university-bd3e26/index.html', LF will be replaced by CRLF the next time Git touches it
[02:32:51] [INFO]   [stderr] warning: in the working copy of 'docs/jobs/assistant-associate-full-professor-orthopaedic-spine-surgeon-uc-davis-a2c73e/index.html', LF will be replaced by CRLF the next time Git touches it
[02:32:51] [INFO]   [stderr] warning: in the working copy of 'docs/jobs/assistant-associate-full-professor-pediatric-genetics-and-me-university-of-florida-811a96/index.html', LF will be replaced by CRLF the next time Git touches it
[02:32:51] [INFO]   [stderr] warning: in the working copy of 'docs/jobs/assistant-associate-full-professor-pediatric-otolaryngologis-university-of-nevada-las-vegas-ed21fb/index.html', LF will be replaced by CRLF the next time Git touches it
[02:32:51] [INFO]   [stderr] warning: in the working copy of 'docs/jobs/assistant-associate-full-professor-pharmacoepidemiology-phar-uc-san-francisco-f64219/index.html', LF will be replaced by CRLF the next time Git touches it
[02:32:51] [INFO]   [stderr] warning: in the working copy of 'docs/jobs/assistant-associate-full-professor-position-in-international-rutgers-the-state-university-of-new-jers-0b34d1/index.html', LF will be replaced by CRLF the next time Git touches it
[02:32:51] [INFO]   [stderr] warning: in the working copy of 'docs/jobs/assistant-associate-full-professor-r-s-yeats-endowed-profess-oregon-state-university-2f82b1/index.html', LF will be replaced by CRLF the next time Git touches it
[02:32:51] [INFO]   [stderr] warning: in the working copy of 'docs/jobs/assistant-associate-full-professor-rutgers-the-state-university-of-new-jers-491516/index.html', LF will be replaced by CRLF the next time Git touches it
[02:32:51] [INFO]   [stderr] warning: in the working copy of 'docs/jobs/assistant-associate-full-professor-school-of-nursing-university-of-nevada-las-vegas-61d314/index.html', LF will be replaced by CRLF the next time Git touches it
[02:32:51] [INFO]   [stderr] warning: in the working copy of 'docs/jobs/assistant-associate-full-professor-small-animal-surgeon-long-island-university-9c3d90/index.html', LF will be replaced by CRLF the next time Git touches it
[02:32:51] [INFO]   [stderr] warning: in the working copy of 'docs/jobs/assistant-associate-full-professor-tenure-track-and-program-long-island-university-739061/index.html', LF will be replaced by CRLF the next time Git touches it
[02:32:51] [INFO]   [stderr] warning: in the working copy of 'docs/jobs/assistant-associate-full-professor-university-of-connecticut-0b43f4/index.html', LF will be replaced by CRLF the next time Git touches it
[02:32:51] [INFO]   [stderr] warning: in the working copy of 'docs/jobs/assistant-associate-full-professor-university-of-florida-146983/index.html', LF will be replaced by CRLF the next time Git touches it
[02:32:51] [INFO]   [stderr] warning: in the working copy of 'docs/jobs/assistant-associate-full-professor-university-of-florida-d31c8c/index.html', LF will be replaced by CRLF the next time Git touches it
[02:32:51] [INFO]   [stderr] warning: in the working copy of 'docs/jobs/assistant-associate-full-professor-university-of-texas-at-arlington-6ba58a/index.html', LF will be replaced by CRLF the next time Git touches it
[02:32:51] [INFO]   [stderr] warning: in the working copy of 'docs/jobs/assistant-associate-full-professor-veterinary-anesthesiology-long-island-university-7721a7/index.html', LF will be replaced by CRLF the next time Git touches it
[02:32:51] [INFO]   [stderr] warning: in the working copy of 'docs/jobs/assistant-associate-full-professor-veterinary-diagnostic-ima-long-island-university-145340/index.html', LF will be replaced by CRLF the next time Git touches it
[02:32:51] [INFO]   [stderr] warning: in the working copy of 'docs/jobs/assistant-associate-full-professor-veterinary-small-animal-m-long-island-university-c725bc/index.html', LF will be replaced by CRLF the next time Git touches it
[02:32:51] [INFO]   [stderr] warning: in the working copy of 'docs/jobs/assistant-associate-full-professor-veterinary-surgeon-long-island-university-f7f6f3/index.html', LF will be replaced by CRLF the next time Git touches it
[02:32:51] [INFO]   [stderr] warning: in the working copy of 'docs/jobs/assistant-associate-full-teaching-professor-rutgers-the-state-university-of-new-jers-11f048/index.html', LF will be replaced by CRLF the next time Git touches it
[02:32:51] [INFO]   [stderr] warning: in the working copy of 'docs/jobs/assistant-associate-health-sciences-clinical-clinical-x-prof-uc-san-francisco-1d033d/index.html', LF will be replaced by CRLF the next time Git touches it
[02:32:51] [INFO]   [stderr] warning: in the working copy of 'docs/jobs/assistant-associate-health-sciences-clinical-or-clinical-x-p-uc-san-francisco-ac5684/index.html', LF will be replaced by CRLF the next time Git touches it
[02:32:51] [INFO]   [stderr] warning: in the working copy of 'docs/jobs/assistant-associate-health-sciences-clinical-professor-physi-uc-san-francisco-d84426/index.html', LF will be replaced by CRLF the next time Git touches it
[02:32:51] [INFO]   [stderr] warning: in the working copy of 'docs/jobs/assistant-associate-health-sciences-clinical-professor-uc-davis-29dcab/index.html', LF will be replaced by CRLF the next time Git touches it
[02:32:51] [INFO]   [stderr] warning: in the working copy of 'docs/jobs/assistant-associate-or-full-clinical-professor-medical-physi-ucla-7aa9b5/index.html', LF will be replaced by CRLF the next time Git touches it
[02:32:51] [INFO]   [stderr] warning: in the working copy of 'docs/jobs/assistant-associate-or-full-clinical-professor-neuro-oncolog-uc-san-francisco-a94f9e/index.html', LF will be replaced by CRLF the next time Git touches it
[02:32:51] [INFO]   [stderr] warning: in the working copy of 'docs/jobs/assistant-associate-or-full-health-sciences-clinical-profess-uc-san-francisco-3a383f/index.html', LF will be replaced by CRLF the next time Git touches it
[02:32:51] [INFO]   [stderr] warning: in the working copy of 'docs/jobs/assistant-associate-or-full-professor-adjunct-cellular-and-m-uc-san-diego-19a63c/index.html', LF will be replaced by CRLF the next time Git touches it
[02:32:51] [INFO]   [stderr] warning: in the working copy of 'docs/jobs/assistant-associate-or-full-professor-adjunct-nephrology-res-uc-san-diego-a8da83/index.html', LF will be replaced by CRLF the next time Git touches it
[02:32:51] [INFO]   [stderr] warning: in the working copy of 'docs/jobs/assistant-associate-or-full-professor-hs-clin-adjunct-clin-x-uc-san-diego-71c567/index.html', LF will be replaced by CRLF the next time Git touches it
[02:32:51] [INFO]   [stderr] warning: in the working copy of 'docs/jobs/assistant-associate-or-full-professor-hs-clin-adjunct-clin-x-uc-san-diego-7b32fd/index.html', LF will be replaced by CRLF the next time Git touches it
[02:32:51] [INFO]   [stderr] warning: in the working copy of 'docs/jobs/assistant-associate-or-full-professor-hs-clin-adjunct-clin-x-uc-san-diego-cd5f25/index.html', LF will be replaced by CRLF the next time Git touches it
[02:32:51] [INFO]   [stderr] warning: in the working copy of 'docs/jobs/assistant-associate-or-full-professor-hs-clin-adjunct-clin-x-uc-san-diego-e612b6/index.html', LF will be replaced by CRLF the next time Git touches it
[02:32:51] [INFO]   [stderr] warning: in the working copy of 'docs/jobs/assistant-associate-or-full-professor-hs-clin-adjunct-clin-x-uc-san-diego-f1c365/index.html', LF will be replaced by CRLF the next time Git touches it
[02:32:51] [INFO]   [stderr] warning: in the working copy of 'docs/jobs/assistant-associate-or-full-professor-hs-clin-adjunct-clin-x-uc-san-diego-f21802/index.html', LF will be replaced by CRLF the next time Git touches it
[02:32:51] [INFO]   [stderr] warning: in the working copy of 'docs/jobs/assistant-associate-or-full-professor-hs-clin-adjunct-clin-x-uc-san-diego-fcdb1e/index.html', LF will be replaced by CRLF the next time Git touches it
[02:32:51] [INFO]   [stderr] warning: in the working copy of 'docs/jobs/assistant-associate-or-full-professor-hs-clin-clin-x-adjunct-uc-san-diego-3ae0a9/index.html', LF will be replaced by CRLF the next time Git touches it
[02:32:51] [INFO]   [stderr] warning: in the working copy of 'docs/jobs/assistant-associate-or-full-professor-hs-clin-clin-x-adolesc-uc-san-diego-4ddb88/index.html', LF will be replaced by CRLF the next time Git touches it
[02:32:51] [INFO]   [stderr] warning: in the working copy of 'docs/jobs/assistant-associate-or-full-professor-hs-clin-clin-x-directo-uc-san-diego-45308b/index.html', LF will be replaced by CRLF the next time Git touches it
[02:32:51] [INFO]   [stderr] warning: in the working copy of 'docs/jobs/assistant-associate-or-full-professor-hs-clin-clin-x-in-res-uc-san-diego-0158d3/index.html', LF will be replaced by CRLF the next time Git touches it
[02:32:51] [INFO]   [stderr] warning: in the working copy of 'docs/jobs/assistant-associate-or-full-professor-hs-clin-clin-x-in-res-uc-san-diego-132b79/index.html', LF will be replaced by CRLF the next time Git touches it
[02:32:51] [INFO]   [stderr] warning: in the working copy of 'docs/jobs/assistant-associate-or-full-professor-hs-clin-clin-x-in-res-uc-san-diego-174eeb/index.html', LF will be replaced by CRLF the next time Git touches it
[02:32:51] [INFO]   [stderr] warning: in the working copy of 'docs/jobs/assistant-associate-or-full-professor-hs-clin-clin-x-in-res-uc-san-diego-2571f7/index.html', LF will be replaced by CRLF the next time Git touches it
[02:32:51] [INFO]   [stderr] warning: in the working copy of 'docs/jobs/assistant-associate-or-full-professor-hs-clin-clin-x-in-res-uc-san-diego-25b26e/index.html', LF will be replaced by CRLF the next time Git touches it
[02:32:51] [INFO]   [stderr] warning: in the working copy of 'docs/jobs/assistant-associate-or-full-professor-hs-clin-clin-x-in-res-uc-san-diego-5475a7/index.html', LF will be replaced by CRLF the next time Git touches it
[02:32:51] [INFO]   [stderr] warning: in the working copy of 'docs/jobs/assistant-associate-or-full-professor-hs-clin-clin-x-in-res-uc-san-diego-93982d/index.html', LF will be replaced by CRLF the next time Git touches it
[02:32:51] [INFO]   [stderr] warning: in the working copy of 'docs/jobs/assistant-associate-or-full-professor-hs-clin-clin-x-in-res-uc-san-diego-bc2250/index.html', LF will be replaced by CRLF the next time Git touches it
[02:32:51] [INFO]   [stderr] warning: in the working copy of 'docs/jobs/assistant-associate-or-full-professor-hs-clin-clin-x-in-res-uc-san-diego-d16076/index.html', LF will be replaced by CRLF the next time Git touches it
[02:32:51] [INFO]   [stderr] warning: in the working copy of 'docs/jobs/assistant-associate-or-full-professor-hs-clin-clin-x-in-res-uc-san-diego-d93f33/index.html', LF will be replaced by CRLF the next time Git touches it
[02:32:51] [INFO]   [stderr] warning: in the working copy of 'docs/jobs/assistant-associate-or-full-professor-hs-clin-clin-x-in-res-uc-san-diego-f300e8/index.html', LF will be replaced by CRLF the next time Git touches it
[02:32:51] [INFO]   [stderr] warning: in the working copy of 'docs/jobs/assistant-associate-or-full-professor-hs-clin-clin-x-in-res-uc-san-diego-fa8bd0/index.html', LF will be replaced by CRLF the next time Git touches it
[02:32:51] [INFO]   [stderr] warning: in the working copy of 'docs/jobs/assistant-associate-or-full-professor-hs-clin-clin-x-in-resi-uc-san-diego-2556de/index.html', LF will be replaced by CRLF the next time Git touches it
[02:32:51] [INFO]   [stderr] warning: in the working copy of 'docs/jobs/assistant-associate-or-full-professor-hs-clin-clinical-x-aca-uc-san-diego-7c0afa/index.html', LF will be replaced by CRLF the next time Git touches it
[02:32:51] [INFO]   [stderr] warning: in the working copy of 'docs/jobs/assistant-associate-or-full-professor-hs-clin-clinical-x-pat-uc-san-diego-50e28c/index.html', LF will be replaced by CRLF the next time Git touches it
[02:32:51] [INFO]   [stderr] warning: in the working copy of 'docs/jobs/assistant-associate-or-full-professor-hs-clin-in-res-adjunct-uc-san-diego-2d1101/index.html', LF will be replaced by CRLF the next time Git touches it
[02:32:51] [INFO]   [stderr] warning: in the working copy of 'docs/jobs/assistant-associate-or-full-professor-hs-clin-in-res-adjunct-uc-san-diego-a6d617/index.html', LF will be replaced by CRLF the next time Git touches it
[02:32:51] [INFO]   [stderr] warning: in the working copy of 'docs/jobs/assistant-associate-or-full-professor-hs-clinical-adjunct-in-uc-san-diego-7fbb07/index.html', LF will be replaced by CRLF the next time Git touches it
[02:32:51] [INFO]   [stderr] warning: in the working copy of 'docs/jobs/assistant-associate-or-full-professor-hs-clinical-adjunct-in-uc-san-diego-d02a67/index.html', LF will be replaced by CRLF the next time Git touches it
[02:32:51] [INFO]   [stderr] warning: in the working copy of 'docs/jobs/assistant-associate-or-full-professor-hs-clinical-clinical-x-uc-san-diego-009fa9/index.html', LF will be replaced by CRLF the next time Git touches it
[02:32:51] [INFO]   [stderr] warning: in the working copy of 'docs/jobs/assistant-associate-or-full-professor-hs-clinical-clinical-x-uc-san-diego-019d44/index.html', LF will be replaced by CRLF the next time Git touches it
[02:32:51] [INFO]   [stderr] warning: in the working copy of 'docs/jobs/assistant-associate-or-full-professor-hs-clinical-clinical-x-uc-san-diego-164dfb/index.html', LF will be replaced by CRLF the next time Git touches it
[02:32:51] [INFO]   [stderr] warning: in the working copy of 'docs/jobs/assistant-associate-or-full-professor-hs-clinical-clinical-x-uc-san-diego-1931d2/index.html', LF will be replaced by CRLF the next time Git touches it
[02:32:51] [INFO]   [stderr] warning: in the working copy of 'docs/jobs/assistant-associate-or-full-professor-hs-clinical-clinical-x-uc-san-diego-275a56/index.html', LF will be replaced by CRLF the next time Git touches it
[02:32:51] [INFO]   [stderr] warning: in the working copy of 'docs/jobs/assistant-associate-or-full-professor-hs-clinical-clinical-x-uc-san-diego-3032a9/index.html', LF will be replaced by CRLF the next time Git touches it
[02:32:51] [INFO]   [stderr] warning: in the working copy of 'docs/jobs/assistant-associate-or-full-professor-hs-clinical-clinical-x-uc-san-diego-31137b/index.html', LF will be replaced by CRLF the next time Git touches it
[02:32:51] [INFO]   [stderr] warning: in the working copy of 'docs/jobs/assistant-associate-or-full-professor-hs-clinical-clinical-x-uc-san-diego-3320e7/index.html', LF will be replaced by CRLF the next time Git touches it
[02:32:51] [INFO]   [stderr] warning: in the working copy of 'docs/jobs/assistant-associate-or-full-professor-hs-clinical-clinical-x-uc-san-diego-53f85c/index.html', LF will be replaced by CRLF the next time Git touches it
[02:32:51] [INFO]   [stderr] warning: in the working copy of 'docs/jobs/assistant-associate-or-full-professor-hs-clinical-clinical-x-uc-san-diego-7b3ed3/index.html', LF will be replaced by CRLF the next time Git touches it
[02:32:51] [INFO]   [stderr] warning: in the working copy of 'docs/jobs/assistant-associate-or-full-professor-hs-clinical-clinical-x-uc-san-diego-82bd7b/index.html', LF will be replaced by CRLF the next time Git touches it
[02:32:51] [INFO]   [stderr] warning: in the working copy of 'docs/jobs/assistant-associate-or-full-professor-hs-clinical-clinical-x-uc-san-diego-932372/index.html', LF will be replaced by CRLF the next time Git touches it
[02:32:51] [INFO]   [stderr] warning: in the working copy of 'docs/jobs/assistant-associate-or-full-professor-hs-clinical-clinical-x-uc-san-diego-9633c0/index.html', LF will be replaced by CRLF the next time Git touches it
[02:32:51] [INFO]   [stderr] warning: in the working copy of 'docs/jobs/assistant-associate-or-full-professor-hs-clinical-clinical-x-uc-san-diego-a442f9/index.html', LF will be replaced by CRLF the next time Git touches it
[02:32:51] [INFO]   [stderr] warning: in the working copy of 'docs/jobs/assistant-associate-or-full-professor-hs-clinical-clinical-x-uc-san-diego-a52ac2/index.html', LF will be replaced by CRLF the next time Git touches it
[02:32:51] [INFO]   [stderr] warning: in the working copy of 'docs/jobs/assistant-associate-or-full-professor-hs-clinical-clinical-x-uc-san-diego-a77e1c/index.html', LF will be replaced by CRLF the next time Git touches it
[02:32:51] [INFO]   [stderr] warning: in the working copy of 'docs/jobs/assistant-associate-or-full-professor-hs-clinical-clinical-x-uc-san-diego-a8dbf7/index.html', LF will be replaced by CRLF the next time Git touches it
[02:32:51] [INFO]   [stderr] warning: in the working copy of 'docs/jobs/assistant-associate-or-full-professor-hs-clinical-clinical-x-uc-san-diego-a96f10/index.html', LF will be replaced by CRLF the next time Git touches it
[02:32:51] [INFO]   [stderr] warning: in the working copy of 'docs/jobs/assistant-associate-or-full-professor-hs-clinical-clinical-x-uc-san-diego-aa7d37/index.html', LF will be replaced by CRLF the next time Git touches it
[02:32:51] [INFO]   [stderr] warning: in the working copy of 'docs/jobs/assistant-associate-or-full-professor-hs-clinical-clinical-x-uc-san-diego-af099d/index.html', LF will be replaced by CRLF the next time Git touches it
[02:32:51] [INFO]   [stderr] warning: in the working copy of 'docs/jobs/assistant-associate-or-full-professor-hs-clinical-clinical-x-uc-san-diego-b17210/index.html', LF will be replaced by CRLF the next time Git touches it
[02:32:51] [INFO]   [stderr] warning: in the working copy of 'docs/jobs/assistant-associate-or-full-professor-hs-clinical-clinical-x-uc-san-diego-b8118e/index.html', LF will be replaced by CRLF the next time Git touches it
[02:32:51] [INFO]   [stderr] warning: in the working copy of 'docs/jobs/assistant-associate-or-full-professor-hs-clinical-clinical-x-uc-san-diego-c14c4c/index.html', LF will be replaced by CRLF the next time Git touches it
[02:32:52] [INFO]   [stderr] warning: in the working copy of 'docs/jobs/assistant-associate-or-full-professor-hs-clinical-clinical-x-uc-san-diego-c559a0/index.html', LF will be replaced by CRLF the next time Git touches it
[02:32:52] [INFO]   [stderr] warning: in the working copy of 'docs/jobs/assistant-associate-or-full-professor-hs-clinical-clinical-x-uc-san-diego-ca7d20/index.html', LF will be replaced by CRLF the next time Git touches it
[02:32:52] [INFO]   [stderr] warning: in the working copy of 'docs/jobs/assistant-associate-or-full-professor-hs-clinical-clinical-x-uc-san-diego-cd706d/index.html', LF will be replaced by CRLF the next time Git touches it
[02:32:52] [INFO]   [stderr] warning: in the working copy of 'docs/jobs/assistant-associate-or-full-professor-hs-clinical-clinical-x-uc-san-diego-dc46b7/index.html', LF will be replaced by CRLF the next time Git touches it
[02:32:52] [INFO]   [stderr] warning: in the working copy of 'docs/jobs/assistant-associate-or-full-professor-hs-clinical-clinical-x-uc-san-diego-e521e7/index.html', LF will be replaced by CRLF the next time Git touches it
[02:32:52] [INFO]   [stderr] warning: in the working copy of 'docs/jobs/assistant-associate-or-full-professor-hs-clinical-clinical-x-uc-san-diego-eae0cb/index.html', LF will be replaced by CRLF the next time Git touches it
[02:32:52] [INFO]   [stderr] warning: in the working copy of 'docs/jobs/assistant-associate-or-full-professor-hs-clinical-clinical-x-uc-san-diego-edca32/index.html', LF will be replaced by CRLF the next time Git touches it
[02:32:52] [INFO]   [stderr] warning: in the working copy of 'docs/jobs/assistant-associate-or-full-professor-hs-clinical-clinical-x-uc-san-diego-f2170b/index.html', LF will be replaced by CRLF the next time Git touches it
[02:32:52] [INFO]   [stderr] warning: in the working copy of 'docs/jobs/assistant-associate-or-full-professor-hs-clinical-clinical-x-uc-san-diego-f5f1d6/index.html', LF will be replaced by CRLF the next time Git touches it
[02:32:52] [INFO]   [stderr] warning: in the working copy of 'docs/jobs/assistant-associate-or-full-professor-hs-clinical-clinical-x-uc-san-diego-f7f390/index.html', LF will be replaced by CRLF the next time Git touches it
[02:32:52] [INFO]   [stderr] warning: in the working copy of 'docs/jobs/assistant-associate-or-full-professor-hs-clinical-clinical-x-uc-san-diego-f871e9/index.html', LF will be replaced by CRLF the next time Git touches it
[02:32:52] [INFO]   [stderr] warning: in the working copy of 'docs/jobs/assistant-associate-or-full-professor-hs-clinical-clinical-x-uc-san-diego-fb03a9/index.html', LF will be replaced by CRLF the next time Git touches it
[02:32:52] [INFO]   [stderr] warning: in the working copy of 'docs/jobs/assistant-associate-or-full-professor-hs-clinical-clinical-x-uc-san-diego-fd32bd/index.html', LF will be replaced by CRLF the next time Git touches it
[02:32:52] [INFO]   [stderr] warning: in the working copy of 'docs/jobs/assistant-associate-or-full-professor-hs-clinical-physician-uc-san-diego-2b47e0/index.html', LF will be replaced by CRLF the next time Git touches it
[02:32:52] [INFO]   [stderr] warning: in the working copy of 'docs/jobs/assistant-associate-or-full-professor-hs-department-of-oral-university-at-buffalo-suny-24f842/index.html', LF will be replaced by CRLF the next time Git touches it
[02:32:52] [INFO]   [stderr] warning: in the working copy of 'docs/jobs/assistant-associate-or-full-professor-in-clinical-psychology-azusa-pacific-university-119c7e/index.html', LF will be replaced by CRLF the next time Git touches it
[02:32:52] [INFO]   [stderr] warning: in the working copy of 'docs/jobs/assistant-associate-or-full-professor-in-residence-cardiolog-uc-irvine-7c17b2/index.html', LF will be replaced by CRLF the next time Git touches it
[02:32:52] [INFO]   [stderr] warning: in the working copy of 'docs/jobs/assistant-associate-or-full-professor-in-residence-division-uc-irvine-c8f72e/index.html', LF will be replaced by CRLF the next time Git touches it
[02:32:52] [INFO]   [stderr] warning: in the working copy of 'docs/jobs/assistant-associate-or-full-professor-in-the-health-sciences-uc-san-francisco-cdbf91/index.html', LF will be replaced by CRLF the next time Git touches it
[02:32:52] [INFO]   [stderr] warning: in the working copy of 'docs/jobs/assistant-associate-or-full-professor-in-the-hscp-series-div-uc-davis-3f2053/index.html', LF will be replaced by CRLF the next time Git touches it
[02:32:52] [INFO]   [stderr] warning: in the working copy of 'docs/jobs/assistant-associate-or-full-professor-indiana-university-be76a1/index.html', LF will be replaced by CRLF the next time Git touches it
[02:32:52] [INFO]   [stderr] warning: in the working copy of 'docs/jobs/assistant-associate-or-full-professor-ladder-in-residence-or-uc-san-diego-c47135/index.html', LF will be replaced by CRLF the next time Git touches it
[02:32:52] [INFO]   [stderr] warning: in the working copy of 'docs/jobs/assistant-associate-or-full-professor-ladder-rank-artificial-uc-san-diego-756045/index.html', LF will be replaced by CRLF the next time Git touches it
[02:32:52] [INFO]   [stderr] warning: in the working copy of 'docs/jobs/assistant-associate-or-full-professor-ladder-rank-artificial-uc-san-diego-ba9532/index.html', LF will be replaced by CRLF the next time Git touches it
[02:32:52] [INFO]   [stderr] warning: in the working copy of 'docs/jobs/assistant-associate-or-full-professor-of-clinical-practice-d-university-of-washington-2058ff/index.html', LF will be replaced by CRLF the next time Git touches it
[02:32:52] [INFO]   [stderr] warning: in the working copy of 'docs/jobs/assistant-associate-or-full-professor-of-clinical-practice-d-university-of-washington-be568b/index.html', LF will be replaced by CRLF the next time Git touches it
[02:32:52] [INFO]   [stderr] warning: in the working copy of 'docs/jobs/assistant-associate-or-full-professor-of-clinical-practice-u-university-of-washington-0378d9/index.html', LF will be replaced by CRLF the next time Git touches it
[02:32:52] [INFO]   [stderr] warning: in the working copy of 'docs/jobs/assistant-associate-or-full-professor-of-clinical-practice-u-university-of-washington-13d267/index.html', LF will be replaced by CRLF the next time Git touches it
[02:32:52] [INFO]   [stderr] warning: in the working copy of 'docs/jobs/assistant-associate-or-full-professor-of-clinical-practice-u-university-of-washington-18793c/index.html', LF will be replaced by CRLF the next time Git touches it
[02:32:52] [INFO]   [stderr] warning: in the working copy of 'docs/jobs/assistant-associate-or-full-professor-of-clinical-practice-u-university-of-washington-20346b/index.html', LF will be replaced by CRLF the next time Git touches it
[02:32:52] [INFO]   [stderr] warning: in the working copy of 'docs/jobs/assistant-associate-or-full-professor-of-clinical-practice-u-university-of-washington-3227fa/index.html', LF will be replaced by CRLF the next time Git touches it
[02:32:52] [INFO]   [stderr] warning: in the working copy of 'docs/jobs/assistant-associate-or-full-professor-of-clinical-practice-u-university-of-washington-49af08/index.html', LF will be replaced by CRLF the next time Git touches it
[02:32:52] [INFO]   [stderr] warning: in the working copy of 'docs/jobs/assistant-associate-or-full-professor-of-clinical-practice-u-university-of-washington-db2d47/index.html', LF will be replaced by CRLF the next time Git touches it
[02:32:52] [INFO]   [stderr] warning: in the working copy of 'docs/jobs/assistant-associate-or-full-professor-of-practice-in-marketi-university-of-arkansas-b44fbf/index.html', LF will be replaced by CRLF the next time Git touches it
[02:32:52] [INFO]   [stderr] warning: in the working copy of 'docs/jobs/assistant-associate-or-full-professor-of-practice-management-columbia-university-690840/index.html', LF will be replaced by CRLF the next time Git touches it
[02:32:52] [INFO]   [stderr] warning: in the working copy of 'docs/jobs/assistant-associate-or-full-professor-of-practice-management-columbia-university-a16bd5/index.html', LF will be replaced by CRLF the next time Git touches it
[02:32:52] [INFO]   [stderr] warning: in the working copy of 'docs/jobs/assistant-associate-or-full-professor-of-professional-practi-columbia-university-a2b2f6/index.html', LF will be replaced by CRLF the next time Git touches it
[02:32:52] [INFO]   [stderr] warning: in the working copy of 'docs/jobs/assistant-associate-or-full-professor-on-the-clinical-practi-university-of-washington-0f6556/index.html', LF will be replaced by CRLF the next time Git touches it
[02:32:52] [INFO]   [stderr] warning: in the working copy of 'docs/jobs/assistant-associate-or-full-professor-on-the-clinical-practi-university-of-washington-8d3111/index.html', LF will be replaced by CRLF the next time Git touches it
[02:32:52] [INFO]   [stderr] warning: in the working copy of 'docs/jobs/assistant-associate-or-full-professor-political-science-and-city-college-1849fc/index.html', LF will be replaced by CRLF the next time Git touches it
[02:32:52] [INFO]   [stderr] warning: in the working copy of 'docs/jobs/assistant-associate-or-full-professor-political-science-and-city-college-e17d8c/index.html', LF will be replaced by CRLF the next time Git touches it
[02:32:52] [INFO]   [stderr] warning: in the working copy of 'docs/jobs/assistant-associate-or-full-professor-vlsi-engineering-louisiana-state-university-d8609d/index.html', LF will be replaced by CRLF the next time Git touches it
[02:32:52] [INFO]   [stderr] warning: in the working copy of 'docs/jobs/assistant-associate-or-full-professor-without-tenure-departm-university-of-washington-b6d78a/index.html', LF will be replaced by CRLF the next time Git touches it
[02:32:52] [INFO]   [stderr] warning: in the working copy of 'docs/jobs/assistant-associate-or-full-professor-without-tenure-divisio-university-of-washington-a5d59c/index.html', LF will be replaced by CRLF the next time Git touches it
[02:32:52] [INFO]   [stderr] warning: in the working copy of 'docs/jobs/assistant-associate-or-full-professor-without-tenure-fred-hu-university-of-washington-44639a/index.html', LF will be replaced by CRLF the next time Git touches it
[02:32:52] [INFO]   [stderr] warning: in the working copy of 'docs/jobs/assistant-associate-or-full-professor-without-tenure-uw-pedi-university-of-washington-1003a2/index.html', LF will be replaced by CRLF the next time Git touches it
[02:32:52] [INFO]   [stderr] warning: in the working copy of 'docs/jobs/assistant-associate-or-full-professor-without-tenure-uw-pedi-university-of-washington-236a73/index.html', LF will be replaced by CRLF the next time Git touches it
[02:32:52] [INFO]   [stderr] warning: in the working copy of 'docs/jobs/assistant-associate-or-full-professor-without-tenure-uw-pedi-university-of-washington-867096/index.html', LF will be replaced by CRLF the next time Git touches it
[02:32:52] [INFO]   [stderr] warning: in the working copy of 'docs/jobs/assistant-associate-or-full-professor-without-tenure-uw-pedi-university-of-washington-ca1dd5/index.html', LF will be replaced by CRLF the next time Git touches it
[02:32:52] [INFO]   [stderr] warning: in the working copy of 'docs/jobs/assistant-associate-or-full-professor-without-tenure-uw-pedi-university-of-washington-e0f861/index.html', LF will be replaced by CRLF the next time Git touches it
[02:32:52] [INFO]   [stderr] warning: in the working copy of 'docs/jobs/assistant-associate-or-full-professor-without-tenure-wot-dep-university-of-washington-435d0f/index.html', LF will be replaced by CRLF the next time Git touches it
[02:32:52] [INFO]   [stderr] warning: in the working copy of 'docs/jobs/assistant-associate-or-full-professor-without-tenure-wot-in-university-of-washington-20b991/index.html', LF will be replaced by CRLF the next time Git touches it
[02:32:52] [INFO]   [stderr] warning: in the working copy of 'docs/jobs/assistant-associate-or-full-professor-wot-department-of-pedi-university-of-washington-77278a/index.html', LF will be replaced by CRLF the next time Git touches it
[02:32:52] [INFO]   [stderr] warning: in the working copy of 'docs/jobs/assistant-associate-or-full-professor-wot-foot-and-ankle-sur-university-of-washington-75b899/index.html', LF will be replaced by CRLF the next time Git touches it
[02:32:52] [INFO]   [stderr] warning: in the working copy of 'docs/jobs/assistant-associate-or-full-professor-wot-geriatric-research-university-of-washington-84e633/index.html', LF will be replaced by CRLF the next time Git touches it
[02:32:52] [INFO]   [stderr] warning: in the working copy of 'docs/jobs/assistant-associate-or-full-professor-wot-in-radiology-abdom-university-of-washington-9396fb/index.html', LF will be replaced by CRLF the next time Git touches it
[02:32:52] [INFO]   [stderr] warning: in the working copy of 'docs/jobs/assistant-associate-or-full-professor-wot-in-radiology-neuro-university-of-washington-86a7a3/index.html', LF will be replaced by CRLF the next time Git touches it
[02:32:52] [INFO]   [stderr] warning: in the working copy of 'docs/jobs/assistant-associate-or-full-professor-wot-palliative-care-me-university-of-washington-323f93/index.html', LF will be replaced by CRLF the next time Git touches it
[02:32:52] [INFO]   [stderr] warning: in the working copy of 'docs/jobs/assistant-associate-or-full-professor-wot-without-tenure-by-university-of-washington-c66638/index.html', LF will be replaced by CRLF the next time Git touches it
[02:32:52] [INFO]   [stderr] warning: in the working copy of 'docs/jobs/assistant-associate-or-full-professor-wot-without-tenure-by-university-of-washington-dc4394/index.html', LF will be replaced by CRLF the next time Git touches it
[02:32:52] [INFO]   [stderr] warning: in the working copy of 'docs/jobs/assistant-associate-or-full-teaching-professor-of-public-hea-uc-san-diego-f71866/index.html', LF will be replaced by CRLF the next time Git touches it
[02:32:52] [INFO]   [stderr] warning: in the working copy of 'docs/jobs/assistant-associate-or-professor-hematology-oncology-multipl-university-of-washington-b1b4b5/index.html', LF will be replaced by CRLF the next time Git touches it
[02:32:52] [INFO]   [stderr] warning: in the working copy of 'docs/jobs/assistant-associate-or-professor-of-clinical-practice-anesth-university-of-washington-1ba2ab/index.html', LF will be replaced by CRLF the next time Git touches it
[02:32:52] [INFO]   [stderr] warning: in the working copy of 'docs/jobs/assistant-associate-or-professor-of-clinical-practice-depart-university-of-washington-400c5a/index.html', LF will be replaced by CRLF the next time Git touches it
[02:32:52] [INFO]   [stderr] warning: in the working copy of 'docs/jobs/assistant-associate-or-professor-of-practice-mining-engineer-university-of-nevada-reno-117fe0/index.html', LF will be replaced by CRLF the next time Git touches it
[02:32:52] [INFO]   [stderr] warning: in the working copy of 'docs/jobs/assistant-associate-or-professor-of-professional-practice-ac-columbia-university-9a69a3/index.html', LF will be replaced by CRLF the next time Git touches it
[02:32:52] [INFO]   [stderr] warning: in the working copy of 'docs/jobs/assistant-associate-or-professor-surgery-plastic-surgery-east-tennessee-state-university-6480c3/index.html', LF will be replaced by CRLF the next time Git touches it
[02:32:52] [INFO]   [stderr] warning: in the working copy of 'docs/jobs/assistant-associate-or-professor-wot-liver-transplant-anesth-university-of-washington-d0d06c/index.html', LF will be replaced by CRLF the next time Git touches it
[02:32:52] [INFO]   [stderr] warning: in the working copy of 'docs/jobs/assistant-associate-or-professor-wot-pediatric-anesthesiolog-university-of-washington-309030/index.html', LF will be replaced by CRLF the next time Git touches it
[02:32:52] [INFO]   [stderr] warning: in the working copy of 'docs/jobs/assistant-associate-professor-10-months-department-of-chemis-kean-university-ba7ceb/index.html', LF will be replaced by CRLF the next time Git touches it
[02:32:52] [INFO]   [stderr] warning: in the working copy of 'docs/jobs/assistant-associate-professor-10-months-department-of-educat-kean-university-afd042/index.html', LF will be replaced by CRLF the next time Git touches it
[02:32:52] [INFO]   [stderr] warning: in the working copy of 'docs/jobs/assistant-associate-professor-10-months-department-of-elemen-kean-university-93b6ab/index.html', LF will be replaced by CRLF the next time Git touches it
[02:32:52] [INFO]   [stderr] warning: in the working copy of 'docs/jobs/assistant-associate-professor-10-months-department-of-psycho-kean-university-1b8eb0/index.html', LF will be replaced by CRLF the next time Git touches it
[02:32:52] [INFO]   [stderr] warning: in the working copy of 'docs/jobs/assistant-associate-professor-12mo-tenure-track-college-of-n-suny-downstate-health-sciences-universit-662421/index.html', LF will be replaced by CRLF the next time Git touches it
[02:32:52] [INFO]   [stderr] warning: in the working copy of 'docs/jobs/assistant-associate-professor-12mo-tenure-track-college-of-n-suny-downstate-health-sciences-universit-8b9531/index.html', LF will be replaced by CRLF the next time Git touches it
[02:32:52] [INFO]   [stderr] warning: in the working copy of 'docs/jobs/assistant-associate-professor-3547-unc-pembroke-bc6cc1/index.html', LF will be replaced by CRLF the next time Git touches it
[02:32:52] [INFO]   [stderr] warning: in the working copy of 'docs/jobs/assistant-associate-professor-accounting-murray-state-university-e37227/index.html', LF will be replaced by CRLF the next time Git touches it
[02:32:52] [INFO]   [stderr] warning: in the working copy of 'docs/jobs/assistant-associate-professor-accounting-north-carolina-central-university-9c2f6d/index.html', LF will be replaced by CRLF the next time Git touches it
[02:32:52] [INFO]   [stderr] warning: in the working copy of 'docs/jobs/assistant-associate-professor-adult-child-and-adolescent-psy-university-of-vermont-69a91b/index.html', LF will be replaced by CRLF the next time Git touches it
[02:32:52] [INFO]   [stderr] warning: in the working copy of 'docs/jobs/assistant-associate-professor-adult-child-and-adolescent-psy-university-of-vermont-d21381/index.html', LF will be replaced by CRLF the next time Git touches it
[02:32:52] [INFO]   [stderr] warning: in the working copy of 'docs/jobs/assistant-associate-professor-ambulatory-care-ntt-university-of-south-florida-cabb12/index.html', LF will be replaced by CRLF the next time Git touches it
[02:32:52] [INFO]   [stderr] warning: in the working copy of 'docs/jobs/assistant-associate-professor-and-field-liaison-long-island-university-52b7b7/index.html', LF will be replaced by CRLF the next time Git touches it
[02:32:52] [INFO]   [stderr] warning: in the working copy of 'docs/jobs/assistant-associate-professor-and-or-program-director-of-the-university-of-nevada-las-vegas-67cf1e/index.html', LF will be replaced by CRLF the next time Git touches it
[02:32:52] [INFO]   [stderr] warning: in the working copy of 'docs/jobs/assistant-associate-professor-apparel-science-and-technology-auburn-university-at-montgomery-37b898/index.html', LF will be replaced by CRLF the next time Git touches it
[02:32:52] [INFO]   [stderr] warning: in the working copy of 'docs/jobs/assistant-associate-professor-associate-of-science-in-nursin-trine-university-regional-non-traditiona-0db109/index.html', LF will be replaced by CRLF the next time Git touches it
[02:32:52] [INFO]   [stderr] warning: in the working copy of 'docs/jobs/assistant-associate-professor-at-cuimc-hematology-and-oncolo-columbia-university-62213a/index.html', LF will be replaced by CRLF the next time Git touches it
[02:32:52] [INFO]   [stderr] warning: in the working copy of 'docs/jobs/assistant-associate-professor-autonomy-ai-is-university-of-texas-at-arlington-1027f8/index.html', LF will be replaced by CRLF the next time Git touches it
[02:32:52] [INFO]   [stderr] warning: in the working copy of 'docs/jobs/assistant-associate-professor-basic-science-faculty-mitochon-university-of-rochester-fd06ea/index.html', LF will be replaced by CRLF the next time Git touches it
[02:32:52] [INFO]   [stderr] warning: in the working copy of 'docs/jobs/assistant-associate-professor-behavioral-neurology-rutgers-the-state-university-of-new-jers-1d84a8/index.html', LF will be replaced by CRLF the next time Git touches it
[02:32:52] [INFO]   [stderr] warning: in the working copy of 'docs/jobs/assistant-associate-professor-business-statistics-montclair-state-university-53d62c/index.html', LF will be replaced by CRLF the next time Git touches it
[02:32:52] [INFO]   [stderr] warning: in the working copy of 'docs/jobs/assistant-associate-professor-cardiology-rutgers-the-state-university-of-new-jers-8cf7a6/index.html', LF will be replaced by CRLF the next time Git touches it
[02:32:52] [INFO]   [stderr] warning: in the working copy of 'docs/jobs/assistant-associate-professor-chemistry-of-food-and-food-ing-university-of-florida-1a371e/index.html', LF will be replaced by CRLF the next time Git touches it
[02:32:52] [INFO]   [stderr] warning: in the working copy of 'docs/jobs/assistant-associate-professor-civil-engineering-school-of-en-western-carolina-university-3a61c7/index.html', LF will be replaced by CRLF the next time Git touches it
[02:32:52] [INFO]   [stderr] warning: in the working copy of 'docs/jobs/assistant-associate-professor-civil-engineering-school-of-en-western-carolina-university-5b7946/index.html', LF will be replaced by CRLF the next time Git touches it
[02:32:52] [INFO]   [stderr] warning: in the working copy of 'docs/jobs/assistant-associate-professor-civil-engineering-transportati-trine-university-regional-non-traditiona-9755f1/index.html', LF will be replaced by CRLF the next time Git touches it
[02:32:52] [INFO]   [stderr] warning: in the working copy of 'docs/jobs/assistant-associate-professor-clinical-large-animal-surgery-oregon-state-university-a372b0/index.html', LF will be replaced by CRLF the next time Git touches it
[02:32:52] [INFO]   [stderr] warning: in the working copy of 'docs/jobs/assistant-associate-professor-clinical-or-tenure-track-commu-marquette-university-c3cbc7/index.html', LF will be replaced by CRLF the next time Git touches it
[02:32:52] [INFO]   [stderr] warning: in the working copy of 'docs/jobs/assistant-associate-professor-clinical-or-tenure-track-commu-marquette-university-cd6bcc/index.html', LF will be replaced by CRLF the next time Git touches it
[02:32:52] [INFO]   [stderr] warning: in the working copy of 'docs/jobs/assistant-associate-professor-clinical-scholar-pathway-epile-university-of-vermont-3a465f/index.html', LF will be replaced by CRLF the next time Git touches it
[02:32:52] [INFO]   [stderr] warning: in the working copy of 'docs/jobs/assistant-associate-professor-clinical-scholar-pathway-gener-university-of-vermont-37ad65/index.html', LF will be replaced by CRLF the next time Git touches it
[02:32:52] [INFO]   [stderr] warning: in the working copy of 'docs/jobs/assistant-associate-professor-clinical-scholar-pathway-gener-university-of-vermont-d8f7a0/index.html', LF will be replaced by CRLF the next time Git touches it
[02:32:52] [INFO]   [stderr] warning: in the working copy of 'docs/jobs/assistant-associate-professor-clinical-scholar-pathway-memor-university-of-vermont-fee0e8/index.html', LF will be replaced by CRLF the next time Git touches it
[02:32:52] [INFO]   [stderr] warning: in the working copy of 'docs/jobs/assistant-associate-professor-clinical-scholar-pathway-movem-university-of-vermont-b03820/index.html', LF will be replaced by CRLF the next time Git touches it
[02:32:52] [INFO]   [stderr] warning: in the working copy of 'docs/jobs/assistant-associate-professor-clinical-scholar-pathway-neuro-university-of-vermont-152ad1/index.html', LF will be replaced by CRLF the next time Git touches it
[02:32:52] [INFO]   [stderr] warning: in the working copy of 'docs/jobs/assistant-associate-professor-clinical-x-series-pediatric-ur-uc-davis-26077b/index.html', LF will be replaced by CRLF the next time Git touches it
[02:32:52] [INFO]   [stderr] warning: in the working copy of 'docs/jobs/assistant-associate-professor-coastal-wetlands-ecologist-university-of-florida-474949/index.html', LF will be replaced by CRLF the next time Git touches it
[02:32:52] [INFO]   [stderr] warning: in the working copy of 'docs/jobs/assistant-associate-professor-computational-biology-data-sci-louisiana-state-university-b3378c/index.html', LF will be replaced by CRLF the next time Git touches it
[02:32:52] [INFO]   [stderr] warning: in the working copy of 'docs/jobs/assistant-associate-professor-construction-management-school-western-carolina-university-d80fe5/index.html', LF will be replaced by CRLF the next time Git touches it
[02:32:52] [INFO]   [stderr] warning: in the working copy of 'docs/jobs/assistant-associate-professor-criminal-justice-north-carolina-central-university-de3b1f/index.html', LF will be replaced by CRLF the next time Git touches it
[02:32:52] [INFO]   [stderr] warning: in the working copy of 'docs/jobs/assistant-associate-professor-critical-care-anesthesiologist-university-of-vermont-c829cf/index.html', LF will be replaced by CRLF the next time Git touches it
[02:32:52] [INFO]   [stderr] warning: in the working copy of 'docs/jobs/assistant-associate-professor-economics-columbia-university-2c2db8/index.html', LF will be replaced by CRLF the next time Git touches it
[02:32:52] [INFO]   [stderr] warning: in the working copy of 'docs/jobs/assistant-associate-professor-educational-leadership-communi-umass-boston-c1aa8e/index.html', LF will be replaced by CRLF the next time Git touches it
[02:32:52] [INFO]   [stderr] warning: in the working copy of 'docs/jobs/assistant-associate-professor-elementary-education-elizabeth-city-state-university-98e817/index.html', LF will be replaced by CRLF the next time Git touches it
[02:32:52] [INFO]   [stderr] warning: in the working copy of 'docs/jobs/assistant-associate-professor-elizabeth-city-state-university-2ce5fb/index.html', LF will be replaced by CRLF the next time Git touches it
[02:32:52] [INFO]   [stderr] warning: in the working copy of 'docs/jobs/assistant-associate-professor-elizabeth-city-state-university-cf3d64/index.html', LF will be replaced by CRLF the next time Git touches it
[02:32:52] [INFO]   [stderr] warning: in the working copy of 'docs/jobs/assistant-associate-professor-elizabeth-city-state-university-e4b55b/index.html', LF will be replaced by CRLF the next time Git touches it
[02:32:52] [INFO]   [stderr] warning: in the working copy of 'docs/jobs/assistant-associate-professor-engineering-technology-ay-6e828c/index.html', LF will be replaced by CRLF the next time Git touches it
[02:32:52] [INFO]   [stderr] warning: in the working copy of 'docs/jobs/assistant-associate-professor-family-and-community-medicine-university-of-nevada-las-vegas-a17d05/index.html', LF will be replaced by CRLF the next time Git touches it
[02:32:52] [INFO]   [stderr] warning: in the working copy of 'docs/jobs/assistant-associate-professor-family-and-consumer-sciences-north-carolina-a-and-t-state-university-33d06c/index.html', LF will be replaced by CRLF the next time Git touches it
[02:32:52] [INFO]   [stderr] warning: in the working copy of 'docs/jobs/assistant-associate-professor-food-and-nutritional-sciences-north-carolina-a-and-t-state-university-220cc4/index.html', LF will be replaced by CRLF the next time Git touches it
[02:32:52] [INFO]   [stderr] warning: in the working copy of 'docs/jobs/assistant-associate-professor-for-applied-economics-north-carolina-a-and-t-state-university-dd7d9f/index.html', LF will be replaced by CRLF the next time Git touches it
[02:32:52] [INFO]   [stderr] warning: in the working copy of 'docs/jobs/assistant-associate-professor-for-environmental-health-and-s-oakland-university-2a9529/index.html', LF will be replaced by CRLF the next time Git touches it
[02:32:52] [INFO]   [stderr] warning: in the working copy of 'docs/jobs/assistant-associate-professor-forage-agronomy-university-of-florida-673113/index.html', LF will be replaced by CRLF the next time Git touches it
[02:32:52] [INFO]   [stderr] warning: in the working copy of 'docs/jobs/assistant-associate-professor-forage-agronomy-university-of-florida-97300e/index.html', LF will be replaced by CRLF the next time Git touches it
[02:32:52] [INFO]   [stderr] warning: in the working copy of 'docs/jobs/assistant-associate-professor-forage-breeding-genetics-university-of-florida-407794/index.html', LF will be replaced by CRLF the next time Git touches it
[02:32:52] [INFO]   [stderr] warning: in the working copy of 'docs/jobs/assistant-associate-professor-forestry-louisiana-state-university-374536/index.html', LF will be replaced by CRLF the next time Git touches it
[02:32:52] [INFO]   [stderr] warning: in the working copy of 'docs/jobs/assistant-associate-professor-fresh-water-fish-and-habitat-m-university-of-florida-0f7789/index.html', LF will be replaced by CRLF the next time Git touches it
[02:32:52] [INFO]   [stderr] warning: in the working copy of 'docs/jobs/assistant-associate-professor-full-time-prosthodontist-rutgers-the-state-university-of-new-jers-f307c1/index.html', LF will be replaced by CRLF the next time Git touches it
[02:32:52] [INFO]   [stderr] warning: in the working copy of 'docs/jobs/assistant-associate-professor-general-internal-medicine-rutgers-the-state-university-of-new-jers-7d4945/index.html', LF will be replaced by CRLF the next time Git touches it
[02:32:52] [INFO]   [stderr] warning: in the working copy of 'docs/jobs/assistant-associate-professor-general-internal-medicine-rutgers-the-state-university-of-new-jers-d2cc1a/index.html', LF will be replaced by CRLF the next time Git touches it
[02:32:52] [INFO]   [stderr] warning: in the working copy of 'docs/jobs/assistant-associate-professor-generalist-anesthesiologist-university-of-vermont-bc6eed/index.html', LF will be replaced by CRLF the next time Git touches it
[02:32:52] [INFO]   [stderr] warning: in the working copy of 'docs/jobs/assistant-associate-professor-gi-core-faculty-0083245t-00836-university-of-hawaii-system-43ee1d/index.html', LF will be replaced by CRLF the next time Git touches it
[02:32:52] [INFO]   [stderr] warning: in the working copy of 'docs/jobs/assistant-associate-professor-global-nutrition-california-polytechnic-state-university-7bee66/index.html', LF will be replaced by CRLF the next time Git touches it
[02:32:52] [INFO]   [stderr] warning: in the working copy of 'docs/jobs/assistant-associate-professor-horticulture-louisiana-state-university-e16da5/index.html', LF will be replaced by CRLF the next time Git touches it
[02:32:52] [INFO]   [stderr] warning: in the working copy of 'docs/jobs/assistant-associate-professor-hs-anatomic-pathology-and-hema-suny-downstate-health-sciences-universit-22dce2/index.html', LF will be replaced by CRLF the next time Git touches it
[02:32:52] [INFO]   [stderr] warning: in the working copy of 'docs/jobs/assistant-associate-professor-hs-endodontics-university-at-buffalo-suny-20d364/index.html', LF will be replaced by CRLF the next time Git touches it
[02:32:52] [INFO]   [stderr] warning: in the working copy of 'docs/jobs/assistant-associate-professor-illustration-and-animation-gam-umass-dartmouth-66b778/index.html', LF will be replaced by CRLF the next time Git touches it
[02:32:52] [INFO]   [stderr] warning: in the working copy of 'docs/jobs/assistant-associate-professor-immunologist-auburn-university-at-montgomery-96f2b8/index.html', LF will be replaced by CRLF the next time Git touches it
[02:32:52] [INFO]   [stderr] warning: in the working copy of 'docs/jobs/assistant-associate-professor-improvement-of-flavor-profiles-university-of-florida-a3b0cc/index.html', LF will be replaced by CRLF the next time Git touches it
[02:32:52] [INFO]   [stderr] warning: in the working copy of 'docs/jobs/assistant-associate-professor-in-architecture-cbc8f6/index.html', LF will be replaced by CRLF the next time Git touches it
[02:32:52] [INFO]   [stderr] warning: in the working copy of 'docs/jobs/assistant-associate-professor-in-counselor-education-and-sup-bowie-state-university-f0498f/index.html', LF will be replaced by CRLF the next time Git touches it
[02:32:52] [INFO]   [stderr] warning: in the working copy of 'docs/jobs/assistant-associate-professor-in-culinary-auburn-university-at-montgomery-eb79f3/index.html', LF will be replaced by CRLF the next time Git touches it
[02:32:52] [INFO]   [stderr] warning: in the working copy of 'docs/jobs/assistant-associate-professor-in-physical-therapy-tenure-tra-georgia-state-university-d05be0/index.html', LF will be replaced by CRLF the next time Git touches it
[02:32:52] [INFO]   [stderr] warning: in the working copy of 'docs/jobs/assistant-associate-professor-in-physical-therapy-university-of-rhode-island-51c207/index.html', LF will be replaced by CRLF the next time Git touches it
[02:32:52] [INFO]   [stderr] warning: in the working copy of 'docs/jobs/assistant-associate-professor-in-secondary-social-studies-ed-university-of-rhode-island-54f318/index.html', LF will be replaced by CRLF the next time Git touches it
[02:32:52] [INFO]   [stderr] warning: in the working copy of 'docs/jobs/assistant-associate-professor-in-the-hscp-series-division-of-uc-davis-b89189/index.html', LF will be replaced by CRLF the next time Git touches it
[02:32:52] [INFO]   [stderr] warning: in the working copy of 'docs/jobs/assistant-associate-professor-industrial-and-systems-enginee-university-of-washington-092e30/index.html', LF will be replaced by CRLF the next time Git touches it
[02:32:52] [INFO]   [stderr] warning: in the working copy of 'docs/jobs/assistant-associate-professor-kelley-school-of-business-mana-indiana-university-7a562d/index.html', LF will be replaced by CRLF the next time Git touches it
[02:32:52] [INFO]   [stderr] warning: in the working copy of 'docs/jobs/assistant-associate-professor-kelley-school-of-business-mana-indiana-university-ec1fe1/index.html', LF will be replaced by CRLF the next time Git touches it
[02:32:52] [INFO]   [stderr] warning: in the working copy of 'docs/jobs/assistant-associate-professor-long-island-university-d9b843/index.html', LF will be replaced by CRLF the next time Git touches it
[02:32:52] [INFO]   [stderr] warning: in the working copy of 'docs/jobs/assistant-associate-professor-marine-transportation-california-polytechnic-state-university-8fd0b0/index.html', LF will be replaced by CRLF the next time Git touches it
[02:32:52] [INFO]   [stderr] warning: in the working copy of 'docs/jobs/assistant-associate-professor-mechanical-engineering-villanova-university-138898/index.html', LF will be replaced by CRLF the next time Git touches it
[02:32:52] [INFO]   [stderr] warning: in the working copy of 'docs/jobs/assistant-associate-professor-microbiology-and-immunology-te-university-of-nevada-reno-8b914e/index.html', LF will be replaced by CRLF the next time Git touches it
[02:32:52] [INFO]   [stderr] warning: in the working copy of 'docs/jobs/assistant-associate-professor-movement-disorder-rutgers-the-state-university-of-new-jers-e3a720/index.html', LF will be replaced by CRLF the next time Git touches it
[02:32:52] [INFO]   [stderr] warning: in the working copy of 'docs/jobs/assistant-associate-professor-multiple-positions-emergency-m-rutgers-the-state-university-of-new-jers-576d75/index.html', LF will be replaced by CRLF the next time Git touches it
[02:32:52] [INFO]   [stderr] warning: in the working copy of 'docs/jobs/assistant-associate-professor-multiple-positions-gi-hepatolo-rutgers-the-state-university-of-new-jers-0895f0/index.html', LF will be replaced by CRLF the next time Git touches it
[02:32:52] [INFO]   [stderr] warning: in the working copy of 'docs/jobs/assistant-associate-professor-multiple-positions-ob-gyn-gene-rutgers-the-state-university-of-new-jers-1ebc13/index.html', LF will be replaced by CRLF the next time Git touches it
[02:32:52] [INFO]   [stderr] warning: in the working copy of 'docs/jobs/assistant-associate-professor-nephrologist-university-of-florida-8419e2/index.html', LF will be replaced by CRLF the next time Git touches it
[02:32:52] [INFO]   [stderr] warning: in the working copy of 'docs/jobs/assistant-associate-professor-nephrology-rutgers-the-state-university-of-new-jers-67de4c/index.html', LF will be replaced by CRLF the next time Git touches it
[02:32:52] [INFO]   [stderr] warning: in the working copy of 'docs/jobs/assistant-associate-professor-neuromuscular-rutgers-the-state-university-of-new-jers-1b1845/index.html', LF will be replaced by CRLF the next time Git touches it
[02:32:52] [INFO]   [stderr] warning: in the working copy of 'docs/jobs/assistant-associate-professor-neurotologist-or-otologist-university-of-florida-93743f/index.html', LF will be replaced by CRLF the next time Git touches it
[02:32:52] [INFO]   [stderr] warning: in the working copy of 'docs/jobs/assistant-associate-professor-non-tenure-track-ntta-long-island-university-7bd813/index.html', LF will be replaced by CRLF the next time Git touches it
[02:32:52] [INFO]   [stderr] warning: in the working copy of 'docs/jobs/assistant-associate-professor-north-carolina-central-university-ffb920/index.html', LF will be replaced by CRLF the next time Git touches it
[02:32:52] [INFO]   [stderr] warning: in the working copy of 'docs/jobs/assistant-associate-professor-ntta-for-nutrition-programs-long-island-university-0fe7ee/index.html', LF will be replaced by CRLF the next time Git touches it
[02:32:52] [INFO]   [stderr] warning: in the working copy of 'docs/jobs/assistant-associate-professor-nursing-north-carolina-a-and-t-state-university-3374e0/index.html', LF will be replaced by CRLF the next time Git touches it
[02:32:52] [INFO]   [stderr] warning: in the working copy of 'docs/jobs/assistant-associate-professor-nursing-north-carolina-a-and-t-state-university-6e3027/index.html', LF will be replaced by CRLF the next time Git touches it
[02:32:52] [INFO]   [stderr] warning: in the working copy of 'docs/jobs/assistant-associate-professor-nutrition-exercise-and-health-university-of-nebraska-lincoln-df1f7d/index.html', LF will be replaced by CRLF the next time Git touches it
[02:32:52] [INFO]   [stderr] warning: in the working copy of 'docs/jobs/assistant-associate-professor-nutrition-louisiana-state-university-938177/index.html', LF will be replaced by CRLF the next time Git touches it
[02:32:52] [INFO]   [stderr] warning: in the working copy of 'docs/jobs/assistant-associate-professor-nutritional-sciences-university-of-florida-aa299c/index.html', LF will be replaced by CRLF the next time Git touches it
[02:32:52] [INFO]   [stderr] warning: in the working copy of 'docs/jobs/assistant-associate-professor-oakland-university-e245ad/index.html', LF will be replaced by CRLF the next time Git touches it
[02:32:52] [INFO]   [stderr] warning: in the working copy of 'docs/jobs/assistant-associate-professor-ob-anesthesiologist-university-of-vermont-409fee/index.html', LF will be replaced by CRLF the next time Git touches it
[02:32:52] [INFO]   [stderr] warning: in the working copy of 'docs/jobs/assistant-associate-professor-obgyn-generalist-gynecologic-s-university-of-nevada-las-vegas-b67a8c/index.html', LF will be replaced by CRLF the next time Git touches it
[02:32:52] [INFO]   [stderr] warning: in the working copy of 'docs/jobs/assistant-associate-professor-occupational-therapy-3546-unc-pembroke-cfa43f/index.html', LF will be replaced by CRLF the next time Git touches it
[02:32:52] [INFO]   [stderr] warning: in the working copy of 'docs/jobs/assistant-associate-professor-of-adolescent-medicine-pediatr-university-of-nevada-las-vegas-2829b2/index.html', LF will be replaced by CRLF the next time Git touches it
[02:32:52] [INFO]   [stderr] warning: in the working copy of 'docs/jobs/assistant-associate-professor-of-anesthesiology-clinical-or-louisiana-state-university-3c59ee/index.html', LF will be replaced by CRLF the next time Git touches it
[02:32:52] [INFO]   [stderr] warning: in the working copy of 'docs/jobs/assistant-associate-professor-of-architecture-technology-sch-harvard-university-7623c1/index.html', LF will be replaced by CRLF the next time Git touches it
[02:32:52] [INFO]   [stderr] warning: in the working copy of 'docs/jobs/assistant-associate-professor-of-burn-trauma-surgery-university-of-nevada-las-vegas-0ba429/index.html', LF will be replaced by CRLF the next time Git touches it
[02:32:52] [INFO]   [stderr] warning: in the working copy of 'docs/jobs/assistant-associate-professor-of-business-law-university-of-connecticut-aebaee/index.html', LF will be replaced by CRLF the next time Git touches it
[02:32:52] [INFO]   [stderr] warning: in the working copy of 'docs/jobs/assistant-associate-professor-of-child-development-and-educa-appalachian-state-university-6f0cca/index.html', LF will be replaced by CRLF the next time Git touches it
[02:32:52] [INFO]   [stderr] warning: in the working copy of 'docs/jobs/assistant-associate-professor-of-clinical-practice-departmen-university-of-washington-aaf2b5/index.html', LF will be replaced by CRLF the next time Git touches it
[02:32:52] [INFO]   [stderr] warning: in the working copy of 'docs/jobs/assistant-associate-professor-of-clinical-practice-hospital-university-of-washington-b37afa/index.html', LF will be replaced by CRLF the next time Git touches it
[02:32:52] [INFO]   [stderr] warning: in the working copy of 'docs/jobs/assistant-associate-professor-of-clinical-practice-primary-c-university-of-washington-895f68/index.html', LF will be replaced by CRLF the next time Git touches it
[02:32:52] [INFO]   [stderr] warning: in the working copy of 'docs/jobs/assistant-associate-professor-of-comparative-ophthalmology-t-uc-davis-82f56b/index.html', LF will be replaced by CRLF the next time Git touches it
[02:32:52] [INFO]   [stderr] warning: in the working copy of 'docs/jobs/assistant-associate-professor-of-counselor-education-delta-state-university-681a22/index.html', LF will be replaced by CRLF the next time Git touches it
[02:32:52] [INFO]   [stderr] warning: in the working copy of 'docs/jobs/assistant-associate-professor-of-cybersecurity-department-of-azusa-pacific-university-e9bca3/index.html', LF will be replaced by CRLF the next time Git touches it
[02:32:52] [INFO]   [stderr] warning: in the working copy of 'docs/jobs/assistant-associate-professor-of-cybersecurity-engineering-coppin-state-university-4efecb/index.html', LF will be replaced by CRLF the next time Git touches it
[02:32:52] [INFO]   [stderr] warning: in the working copy of 'docs/jobs/assistant-associate-professor-of-digital-journalism-biola-university-1cc2ee/index.html', LF will be replaced by CRLF the next time Git touches it
[02:32:52] [INFO]   [stderr] warning: in the working copy of 'docs/jobs/assistant-associate-professor-of-double-bass-tenure-eligible-university-of-rochester-3d686f/index.html', LF will be replaced by CRLF the next time Git touches it
[02:32:52] [INFO]   [stderr] warning: in the working copy of 'docs/jobs/assistant-associate-professor-of-education-director-of-job-e-bethel-university-0d6020/index.html', LF will be replaced by CRLF the next time Git touches it
[02:32:52] [INFO]   [stderr] warning: in the working copy of 'docs/jobs/assistant-associate-professor-of-education-director-of-stude-bethel-university-7a1c17/index.html', LF will be replaced by CRLF the next time Git touches it
[02:32:52] [INFO]   [stderr] warning: in the working copy of 'docs/jobs/assistant-associate-professor-of-extension-in-housing-manage-university-of-georgia-0c4f57/index.html', LF will be replaced by CRLF the next time Git touches it
[02:32:52] [INFO]   [stderr] warning: in the working copy of 'docs/jobs/assistant-associate-professor-of-facial-plastic-reconstructi-university-of-nevada-las-vegas-6fe297/index.html', LF will be replaced by CRLF the next time Git touches it
[02:32:52] [INFO]   [stderr] warning: in the working copy of 'docs/jobs/assistant-associate-professor-of-food-animal-medicine-and-su-louisiana-state-university-e77a93/index.html', LF will be replaced by CRLF the next time Git touches it
[02:32:52] [INFO]   [stderr] warning: in the working copy of 'docs/jobs/assistant-associate-professor-of-forest-genetics-genomics-an-university-of-georgia-b94770/index.html', LF will be replaced by CRLF the next time Git touches it
[02:32:52] [INFO]   [stderr] warning: in the working copy of 'docs/jobs/assistant-associate-professor-of-geology-university-of-monta-university-of-montana-46a191/index.html', LF will be replaced by CRLF the next time Git touches it
[02:32:52] [INFO]   [stderr] warning: in the working copy of 'docs/jobs/assistant-associate-professor-of-health-administration-hofstra-university-b8f1f9/index.html', LF will be replaced by CRLF the next time Git touches it
[02:32:52] [INFO]   [stderr] warning: in the working copy of 'docs/jobs/assistant-associate-professor-of-journalism-hofstra-university-da7b63/index.html', LF will be replaced by CRLF the next time Git touches it
[02:32:52] [INFO]   [stderr] warning: in the working copy of 'docs/jobs/assistant-associate-professor-of-law-university-of-florida-f10631/index.html', LF will be replaced by CRLF the next time Git touches it
[02:32:52] [INFO]   [stderr] warning: in the working copy of 'docs/jobs/assistant-associate-professor-of-management-trine-university-regional-non-traditiona-1ba034/index.html', LF will be replaced by CRLF the next time Git touches it
[02:32:52] [INFO]   [stderr] warning: in the working copy of 'docs/jobs/assistant-associate-professor-of-marketing-rhode-island-college-86c5d7/index.html', LF will be replaced by CRLF the next time Git touches it
[02:32:52] [INFO]   [stderr] warning: in the working copy of 'docs/jobs/assistant-associate-professor-of-marriage-and-family-therapy-hofstra-university-6a6a96/index.html', LF will be replaced by CRLF the next time Git touches it
[02:32:52] [INFO]   [stderr] warning: in the working copy of 'docs/jobs/assistant-associate-professor-of-mechanical-or-chemical-engi-trine-university-regional-non-traditiona-f84944/index.html', LF will be replaced by CRLF the next time Git touches it
[02:32:52] [INFO]   [stderr] warning: in the working copy of 'docs/jobs/assistant-associate-professor-of-medical-education-rutgers-the-state-university-of-new-jers-a52720/index.html', LF will be replaced by CRLF the next time Git touches it
[02:32:52] [INFO]   [stderr] warning: in the working copy of 'docs/jobs/assistant-associate-professor-of-medical-sciences-tenure-tra-columbia-university-73692f/index.html', LF will be replaced by CRLF the next time Git touches it
[02:32:52] [INFO]   [stderr] warning: in the working copy of 'docs/jobs/assistant-associate-professor-of-medicine-at-the-cuimc-inter-columbia-university-a5c243/index.html', LF will be replaced by CRLF the next time Git touches it
[02:32:52] [INFO]   [stderr] warning: in the working copy of 'docs/jobs/assistant-associate-professor-of-medicine-general-rheumatolo-columbia-university-4e228a/index.html', LF will be replaced by CRLF the next time Git touches it
[02:32:52] [INFO]   [stderr] warning: in the working copy of 'docs/jobs/assistant-associate-professor-of-medicine-hospital-medicine-rutgers-the-state-university-of-new-jers-fa61f2/index.html', LF will be replaced by CRLF the next time Git touches it
[02:32:52] [INFO]   [stderr] warning: in the working copy of 'docs/jobs/assistant-associate-professor-of-medicine-infectious-disease-rutgers-the-state-university-of-new-jers-b9889d/index.html', LF will be replaced by CRLF the next time Git touches it
[02:32:52] [INFO]   [stderr] warning: in the working copy of 'docs/jobs/assistant-associate-professor-of-medicine-multiple-positions-rutgers-the-state-university-of-new-jers-2cd25b/index.html', LF will be replaced by CRLF the next time Git touches it
[02:32:52] [INFO]   [stderr] warning: in the working copy of 'docs/jobs/assistant-associate-professor-of-medicine-of-the-cumc-columbia-university-f0f11c/index.html', LF will be replaced by CRLF the next time Git touches it
[02:32:52] [INFO]   [stderr] warning: in the working copy of 'docs/jobs/assistant-associate-professor-of-medicine-pulmonary-critical-rutgers-the-state-university-of-new-jers-b2262b/index.html', LF will be replaced by CRLF the next time Git touches it
[02:32:52] [INFO]   [stderr] warning: in the working copy of 'docs/jobs/assistant-associate-professor-of-neurologist-neurology-depar-university-of-nevada-las-vegas-ee3b38/index.html', LF will be replaced by CRLF the next time Git touches it
[02:32:52] [INFO]   [stderr] warning: in the working copy of 'docs/jobs/assistant-associate-professor-of-neurology-at-cumc-columbia-university-da9ed4/index.html', LF will be replaced by CRLF the next time Git touches it
[02:32:52] [INFO]   [stderr] warning: in the working copy of 'docs/jobs/assistant-associate-professor-of-neurology-at-cumc-columbia-university-edd38b/index.html', LF will be replaced by CRLF the next time Git touches it
[02:32:52] [INFO]   [stderr] warning: in the working copy of 'docs/jobs/assistant-associate-professor-of-neurology-at-cumc-general-n-columbia-university-b20e01/index.html', LF will be replaced by CRLF the next time Git touches it
[02:32:52] [INFO]   [stderr] warning: in the working copy of 'docs/jobs/assistant-associate-professor-of-nursing-hofstra-university-007402/index.html', LF will be replaced by CRLF the next time Git touches it
[02:32:52] [INFO]   [stderr] warning: in the working copy of 'docs/jobs/assistant-associate-professor-of-nursing-pmhnp-or-fnp-pacific-lutheran-university-9d5727/index.html', LF will be replaced by CRLF the next time Git touches it
[02:32:52] [INFO]   [stderr] warning: in the working copy of 'docs/jobs/assistant-associate-professor-of-nutrition-and-wellness-indiana-university-310cea/index.html', LF will be replaced by CRLF the next time Git touches it
[02:32:52] [INFO]   [stderr] warning: in the working copy of 'docs/jobs/assistant-associate-professor-of-nutrition-tenure-track-georgia-state-university-8924b7/index.html', LF will be replaced by CRLF the next time Git touches it
[02:32:52] [INFO]   [stderr] warning: in the working copy of 'docs/jobs/assistant-associate-professor-of-pathology-and-cell-biology-columbia-university-62e829/index.html', LF will be replaced by CRLF the next time Git touches it
[02:32:52] [INFO]   [stderr] warning: in the working copy of 'docs/jobs/assistant-associate-professor-of-pediatric-endocrinologists-university-of-nevada-las-vegas-620100/index.html', LF will be replaced by CRLF the next time Git touches it
[02:32:52] [INFO]   [stderr] warning: in the working copy of 'docs/jobs/assistant-associate-professor-of-pediatric-neurologist-kirk-university-of-nevada-las-vegas-d3820b/index.html', LF will be replaced by CRLF the next time Git touches it
[02:32:52] [INFO]   [stderr] warning: in the working copy of 'docs/jobs/assistant-associate-professor-of-pharmacy-practice-ntta-long-island-university-b07cb0/index.html', LF will be replaced by CRLF the next time Git touches it
[02:32:52] [INFO]   [stderr] warning: in the working copy of 'docs/jobs/assistant-associate-professor-of-physical-therapy-oakland-university-bf9002/index.html', LF will be replaced by CRLF the next time Git touches it
[02:32:52] [INFO]   [stderr] warning: in the working copy of 'docs/jobs/assistant-associate-professor-of-plant-disease-resistance-university-of-florida-a1575e/index.html', LF will be replaced by CRLF the next time Git touches it
[02:32:52] [INFO]   [stderr] warning: in the working copy of 'docs/jobs/assistant-associate-professor-of-political-science-american-morgan-state-university-eac990/index.html', LF will be replaced by CRLF the next time Git touches it
[02:32:52] [INFO]   [stderr] warning: in the working copy of 'docs/jobs/assistant-associate-professor-of-psychology-north-carolina-a-and-t-state-university-11857d/index.html', LF will be replaced by CRLF the next time Git touches it
[02:32:52] [INFO]   [stderr] warning: in the working copy of 'docs/jobs/assistant-associate-professor-of-psychology-north-carolina-a-and-t-state-university-5f884d/index.html', LF will be replaced by CRLF the next time Git touches it
[02:32:52] [INFO]   [stderr] warning: in the working copy of 'docs/jobs/assistant-associate-professor-of-psychology-seattle-pacific-university-702ffa/index.html', LF will be replaced by CRLF the next time Git touches it
[02:32:52] [INFO]   [stderr] warning: in the working copy of 'docs/jobs/assistant-associate-professor-of-respiratory-therapy-tenure-georgia-state-university-e01fdf/index.html', LF will be replaced by CRLF the next time Git touches it
[02:32:52] [INFO]   [stderr] warning: in the working copy of 'docs/jobs/assistant-associate-professor-of-scenic-stage-automation-unc-school-of-the-arts-b76710/index.html', LF will be replaced by CRLF the next time Git touches it
[02:32:52] [INFO]   [stderr] warning: in the working copy of 'docs/jobs/assistant-associate-professor-of-science-education-university-of-florida-5ee2ff/index.html', LF will be replaced by CRLF the next time Git touches it
[02:32:52] [INFO]   [stderr] warning: in the working copy of 'docs/jobs/assistant-associate-professor-of-small-animal-soft-tissue-su-uc-davis-ce9ba0/index.html', LF will be replaced by CRLF the next time Git touches it
[02:32:52] [INFO]   [stderr] warning: in the working copy of 'docs/jobs/assistant-associate-professor-of-social-work-chicago-state-university-69cc1f/index.html', LF will be replaced by CRLF the next time Git touches it
[02:32:52] [INFO]   [stderr] warning: in the working copy of 'docs/jobs/assistant-associate-professor-of-sociology-tenure-track-biola-university-1bb90a/index.html', LF will be replaced by CRLF the next time Git touches it
[02:32:52] [INFO]   [stderr] warning: in the working copy of 'docs/jobs/assistant-associate-professor-of-special-education-appalachian-state-university-f39f3d/index.html', LF will be replaced by CRLF the next time Git touches it
[02:32:52] [INFO]   [stderr] warning: in the working copy of 'docs/jobs/assistant-associate-professor-of-surgery-adult-lung-transpla-uc-san-francisco-803f07/index.html', LF will be replaced by CRLF the next time Git touches it
[02:32:52] [INFO]   [stderr] warning: in the working copy of 'docs/jobs/assistant-associate-professor-of-urban-entomology-florida-pe-university-of-florida-59aa64/index.html', LF will be replaced by CRLF the next time Git touches it
[02:32:52] [INFO]   [stderr] warning: in the working copy of 'docs/jobs/assistant-associate-professor-of-writing-for-film-and-televi-biola-university-8bee35/index.html', LF will be replaced by CRLF the next time Git touches it
[02:32:52] [INFO]   [stderr] warning: in the working copy of 'docs/jobs/assistant-associate-professor-operations-management-rhode-island-college-b4b3b6/index.html', LF will be replaced by CRLF the next time Git touches it
[02:32:52] [INFO]   [stderr] warning: in the working copy of 'docs/jobs/assistant-associate-professor-or-assistant-associate-profess-university-of-south-dakota-86647e/index.html', LF will be replaced by CRLF the next time Git touches it
[02:32:52] [INFO]   [stderr] warning: in the working copy of 'docs/jobs/assistant-associate-professor-or-assistant-clinical-associat-auburn-university-at-montgomery-618106/index.html', LF will be replaced by CRLF the next time Git touches it
[02:32:52] [INFO]   [stderr] warning: in the working copy of 'docs/jobs/assistant-associate-professor-or-professor-rutgers-the-state-university-of-new-jers-33b0ec/index.html', LF will be replaced by CRLF the next time Git touches it
[02:32:52] [INFO]   [stderr] warning: in the working copy of 'docs/jobs/assistant-associate-professor-oral-and-maxillofacial-radiolo-marquette-university-24f7f2/index.html', LF will be replaced by CRLF the next time Git touches it
[02:32:52] [INFO]   [stderr] warning: in the working copy of 'docs/jobs/assistant-associate-professor-otd-program-fairleigh-dickinson-university-e98417/index.html', LF will be replaced by CRLF the next time Git touches it
[02:32:52] [INFO]   [stderr] warning: in the working copy of 'docs/jobs/assistant-associate-professor-pediatric-faculty-position-uc-davis-c91efd/index.html', LF will be replaced by CRLF the next time Git touches it
[02:32:52] [INFO]   [stderr] warning: in the working copy of 'docs/jobs/assistant-associate-professor-physiatry-faculty-position-gen-uc-davis-b513c1/index.html', LF will be replaced by CRLF the next time Git touches it
[02:32:52] [INFO]   [stderr] warning: in the working copy of 'docs/jobs/assistant-associate-professor-plant-propagation-university-of-florida-d66551/index.html', LF will be replaced by CRLF the next time Git touches it
[02:32:52] [INFO]   [stderr] warning: in the working copy of 'docs/jobs/assistant-associate-professor-polymer-chemistry-university-of-florida-944c6a/index.html', LF will be replaced by CRLF the next time Git touches it
[02:32:52] [INFO]   [stderr] warning: in the working copy of 'docs/jobs/assistant-associate-professor-postharvest-physiologist-university-of-florida-b5789b/index.html', LF will be replaced by CRLF the next time Git touches it
[02:32:52] [INFO]   [stderr] warning: in the working copy of 'docs/jobs/assistant-associate-professor-primary-care-mental-health-int-university-of-vermont-ba3371/index.html', LF will be replaced by CRLF the next time Git touches it
[02:32:52] [INFO]   [stderr] warning: in the working copy of 'docs/jobs/assistant-associate-professor-professor-comprehensive-ophtha-university-of-vermont-e060e7/index.html', LF will be replaced by CRLF the next time Git touches it
[02:32:52] [INFO]   [stderr] warning: in the working copy of 'docs/jobs/assistant-associate-professor-professor-neurosurgery-endovas-university-of-vermont-c4ddca/index.html', LF will be replaced by CRLF the next time Git touches it
[02:32:52] [INFO]   [stderr] warning: in the working copy of 'docs/jobs/assistant-associate-professor-professor-of-anesthesiology-ge-rutgers-the-state-university-of-new-jers-acfd69/index.html', LF will be replaced by CRLF the next time Git touches it
[02:32:52] [INFO]   [stderr] warning: in the working copy of 'docs/jobs/assistant-associate-professor-professor-of-anesthesiology-pe-rutgers-the-state-university-of-new-jers-b49c31/index.html', LF will be replaced by CRLF the next time Git touches it
[02:32:52] [INFO]   [stderr] warning: in the working copy of 'docs/jobs/assistant-associate-professor-professor-pediatric-anesthesio-university-of-vermont-f5f3d1/index.html', LF will be replaced by CRLF the next time Git touches it
[02:32:52] [INFO]   [stderr] warning: in the working copy of 'docs/jobs/assistant-associate-professor-professor-rutgers-the-state-university-of-new-jers-b5992d/index.html', LF will be replaced by CRLF the next time Git touches it
[02:32:52] [INFO]   [stderr] warning: in the working copy of 'docs/jobs/assistant-associate-professor-professor-rutgers-the-state-university-of-new-jers-f654f1/index.html', LF will be replaced by CRLF the next time Git touches it
[02:32:52] [INFO]   [stderr] warning: in the working copy of 'docs/jobs/assistant-associate-professor-public-and-allied-health-morgan-state-university-cb7481/index.html', LF will be replaced by CRLF the next time Git touches it
[02:32:52] [INFO]   [stderr] warning: in the working copy of 'docs/jobs/assistant-associate-professor-reproductive-endocrinology-and-rutgers-the-state-university-of-new-jers-5e5645/index.html', LF will be replaced by CRLF the next time Git touches it
[02:32:52] [INFO]   [stderr] warning: in the working copy of 'docs/jobs/assistant-associate-professor-rutgers-the-state-university-of-new-jers-214108/index.html', LF will be replaced by CRLF the next time Git touches it
[02:32:52] [INFO]   [stderr] warning: in the working copy of 'docs/jobs/assistant-associate-professor-school-of-dental-medicine-full-stony-brook-university-suny-64c3d7/index.html', LF will be replaced by CRLF the next time Git touches it
[02:32:52] [INFO]   [stderr] warning: in the working copy of 'docs/jobs/assistant-associate-professor-school-of-nursing-university-of-nevada-las-vegas-148ed5/index.html', LF will be replaced by CRLF the next time Git touches it
[02:32:52] [INFO]   [stderr] warning: in the working copy of 'docs/jobs/assistant-associate-professor-soil-water-and-ecosystem-scien-university-of-florida-1f024d/index.html', LF will be replaced by CRLF the next time Git touches it
[02:32:52] [INFO]   [stderr] warning: in the working copy of 'docs/jobs/assistant-associate-professor-space-university-of-texas-at-arlington-3d5365/index.html', LF will be replaced by CRLF the next time Git touches it
[02:32:52] [INFO]   [stderr] warning: in the working copy of 'docs/jobs/assistant-associate-professor-sports-medicine-faculty-positi-uc-davis-705e4f/index.html', LF will be replaced by CRLF the next time Git touches it
[02:32:52] [INFO]   [stderr] warning: in the working copy of 'docs/jobs/assistant-associate-professor-stroke-neurologist-rutgers-the-state-university-of-new-jers-462db6/index.html', LF will be replaced by CRLF the next time Git touches it
[02:32:52] [INFO]   [stderr] warning: in the working copy of 'docs/jobs/assistant-associate-professor-surgery-acute-care-trauma-kirk-university-of-nevada-las-vegas-2c380f/index.html', LF will be replaced by CRLF the next time Git touches it
[02:32:52] [INFO]   [stderr] warning: in the working copy of 'docs/jobs/assistant-associate-professor-surgical-cytopathology-rutgers-the-state-university-of-new-jers-87f4f9/index.html', LF will be replaced by CRLF the next time Git touches it
[02:32:52] [INFO]   [stderr] warning: in the working copy of 'docs/jobs/assistant-associate-professor-tenure-pathway-university-of-vermont-9b0fc9/index.html', LF will be replaced by CRLF the next time Git touches it
[02:32:52] [INFO]   [stderr] warning: in the working copy of 'docs/jobs/assistant-associate-professor-tenure-track-communication-sci-long-island-university-b97b16/index.html', LF will be replaced by CRLF the next time Git touches it
[02:32:52] [INFO]   [stderr] warning: in the working copy of 'docs/jobs/assistant-associate-professor-university-of-central-arkansas-1a1efe/index.html', LF will be replaced by CRLF the next time Git touches it
[02:32:52] [INFO]   [stderr] warning: in the working copy of 'docs/jobs/assistant-associate-professor-university-of-georgia-79911c/index.html', LF will be replaced by CRLF the next time Git touches it
[02:32:52] [INFO]   [stderr] warning: in the working copy of 'docs/jobs/assistant-associate-professor-university-of-maryland-college-park-b47993/index.html', LF will be replaced by CRLF the next time Git touches it
[02:32:52] [INFO]   [stderr] warning: in the working copy of 'docs/jobs/assistant-associate-professor-university-of-vermont-efb78e/index.html', LF will be replaced by CRLF the next time Git touches it
[02:32:52] [INFO]   [stderr] warning: in the working copy of 'docs/jobs/assistant-associate-professor-virology-rna-virus-emerging-vi-university-of-florida-61ea22/index.html', LF will be replaced by CRLF the next time Git touches it
[02:32:52] [INFO]   [stderr] warning: in the working copy of 'docs/jobs/assistant-associate-professor-virology-rna-virus-emerging-vi-university-of-florida-b5b242/index.html', LF will be replaced by CRLF the next time Git touches it
[02:32:52] [INFO]   [stderr] warning: in the working copy of 'docs/jobs/assistant-associate-teaching-professor-chemical-and-biologic-villanova-university-051f1d/index.html', LF will be replaced by CRLF the next time Git touches it
[02:32:52] [INFO]   [stderr] warning: in the working copy of 'docs/jobs/assistant-associate-teaching-professor-physics-oakland-northeastern-university-465c75/index.html', LF will be replaced by CRLF the next time Git touches it
[02:32:52] [INFO]   [stderr] warning: in the working copy of 'docs/jobs/assistant-associate-teaching-professor-real-estate-montclair-state-university-9fbc09/index.html', LF will be replaced by CRLF the next time Git touches it
[02:32:52] [INFO]   [stderr] warning: in the working copy of 'docs/jobs/assistant-associate-teaching-professor-the-pennsylvania-state-university-e2bc41/index.html', LF will be replaced by CRLF the next time Git touches it
[02:32:52] [INFO]   [stderr] warning: in the working copy of 'docs/jobs/assistant-associate-tenure-track-professor-clinical-psycholo-long-island-university-b6563b/index.html', LF will be replaced by CRLF the next time Git touches it
[02:32:52] [INFO]   [stderr] warning: in the working copy of 'docs/jobs/assistant-clinical-professor-dental-hygiene-northern-arizona-university-f50e91/index.html', LF will be replaced by CRLF the next time Git touches it
[02:32:52] [INFO]   [stderr] warning: in the working copy of 'docs/jobs/assistant-clinical-professor-nursing-dean-nursing-university-of-rhode-island-347258/index.html', LF will be replaced by CRLF the next time Git touches it
[02:32:52] [INFO]   [stderr] warning: in the working copy of 'docs/jobs/assistant-clinical-professor-nursing-northern-arizona-university-ef333e/index.html', LF will be replaced by CRLF the next time Git touches it
[02:32:52] [INFO]   [stderr] warning: in the working copy of 'docs/jobs/assistant-clinical-professor-of-law-and-faculty-director-of-university-of-new-hampshire-system-c64533/index.html', LF will be replaced by CRLF the next time Git touches it
[02:32:52] [INFO]   [stderr] warning: in the working copy of 'docs/jobs/assistant-clinical-professor-of-nursing-ohio-university-3d1487/index.html', LF will be replaced by CRLF the next time Git touches it
[02:32:52] [INFO]   [stderr] warning: in the working copy of 'docs/jobs/assistant-clinical-professor-of-veterinary-nutrition-auburn-university-at-montgomery-306363/index.html', LF will be replaced by CRLF the next time Git touches it
[02:32:52] [INFO]   [stderr] warning: in the working copy of 'docs/jobs/assistant-clinical-professor-portland-state-university-786ea4/index.html', LF will be replaced by CRLF the next time Git touches it
[02:32:52] [INFO]   [stderr] warning: in the working copy of 'docs/jobs/assistant-clinical-professor-speech-language-pathology-northern-arizona-university-6a5df7/index.html', LF will be replaced by CRLF the next time Git touches it
[02:32:52] [INFO]   [stderr] warning: in the working copy of 'docs/jobs/assistant-clinical-professor-university-of-maryland-college-park-87b447/index.html', LF will be replaced by CRLF the next time Git touches it
[02:32:52] [INFO]   [stderr] warning: in the working copy of 'docs/jobs/assistant-clinical-professor-university-of-maryland-college-park-97f0e0/index.html', LF will be replaced by CRLF the next time Git touches it
[02:32:52] [INFO]   [stderr] warning: in the working copy of 'docs/jobs/assistant-clinical-professor-yeshiva-university-ea63f6/index.html', LF will be replaced by CRLF the next time Git touches it
[02:32:52] [INFO]   [stderr] warning: in the working copy of 'docs/jobs/assistant-dean-for-curriculum-and-evaluation-advanced-nursin-rutgers-the-state-university-of-new-jers-939012/index.html', LF will be replaced by CRLF the next time Git touches it
[02:32:52] [INFO]   [stderr] warning: in the working copy of 'docs/jobs/assistant-dean-for-graduate-nursing-education-programs-university-of-rochester-fc12da/index.html', LF will be replaced by CRLF the next time Git touches it
[02:32:52] [INFO]   [stderr] warning: in the working copy of 'docs/jobs/assistant-dean-for-pre-clerkship-curriculum-university-of-georgia-f20c3c/index.html', LF will be replaced by CRLF the next time Git touches it
[02:32:52] [INFO]   [stderr] warning: in the working copy of 'docs/jobs/assistant-dean-for-undergraduate-education-university-of-rochester-85762c/index.html', LF will be replaced by CRLF the next time Git touches it
[02:32:52] [INFO]   [stderr] warning: in the working copy of 'docs/jobs/assistant-dean-of-libraries-for-community-experience-and-eng-dartmouth-college-7847a2/index.html', LF will be replaced by CRLF the next time Git touches it
[02:32:52] [INFO]   [stderr] warning: in the working copy of 'docs/jobs/assistant-dean-university-advising-hofstra-university-b710a6/index.html', LF will be replaced by CRLF the next time Git touches it
[02:32:52] [INFO]   [stderr] warning: in the working copy of 'docs/jobs/assistant-director-for-online-undergraduate-programs-and-cli-university-of-arkansas-fcd3e0/index.html', LF will be replaced by CRLF the next time Git touches it
[02:32:52] [INFO]   [stderr] warning: in the working copy of 'docs/jobs/assistant-or-assistant-professor-of-clinical-practice-divisi-university-of-washington-7215f6/index.html', LF will be replaced by CRLF the next time Git touches it
[02:32:52] [INFO]   [stderr] warning: in the working copy of 'docs/jobs/assistant-or-associate-clinical-professor-and-director-of-bu-northern-illinois-university-0e3a67/index.html', LF will be replaced by CRLF the next time Git touches it
[02:32:52] [INFO]   [stderr] warning: in the working copy of 'docs/jobs/assistant-or-associate-clinical-professor-and-director-of-he-northern-illinois-university-87d556/index.html', LF will be replaced by CRLF the next time Git touches it
[02:32:52] [INFO]   [stderr] warning: in the working copy of 'docs/jobs/assistant-or-associate-clinical-professor-in-periodontology-unc-chapel-hill-79d792/index.html', LF will be replaced by CRLF the next time Git touches it
[02:32:52] [INFO]   [stderr] warning: in the working copy of 'docs/jobs/assistant-or-associate-clinical-professor-in-small-animal-ve-south-dakota-state-university-1c8090/index.html', LF will be replaced by CRLF the next time Git touches it
[02:32:52] [INFO]   [stderr] warning: in the working copy of 'docs/jobs/assistant-or-associate-professor-10-exercise-and-nutrition-s-university-at-buffalo-suny-4b8f81/index.html', LF will be replaced by CRLF the next time Git touches it
[02:32:52] [INFO]   [stderr] warning: in the working copy of 'docs/jobs/assistant-or-associate-professor-919940-east-tennessee-state-university-488d9e/index.html', LF will be replaced by CRLF the next time Git touches it
[02:32:52] [INFO]   [stderr] warning: in the working copy of 'docs/jobs/assistant-or-associate-professor-at-cumc-columbia-university-c3c3dc/index.html', LF will be replaced by CRLF the next time Git touches it
[02:32:52] [INFO]   [stderr] warning: in the working copy of 'docs/jobs/assistant-or-associate-professor-civic-life-and-leadership-3-unc-chapel-hill-cba8a2/index.html', LF will be replaced by CRLF the next time Git touches it
[02:32:52] [INFO]   [stderr] warning: in the working copy of 'docs/jobs/assistant-or-associate-professor-department-of-physical-ther-hunter-college-e15490/index.html', LF will be replaced by CRLF the next time Git touches it
[02:32:52] [INFO]   [stderr] warning: in the working copy of 'docs/jobs/assistant-or-associate-professor-educational-leadership-k-12-delaware-state-university-71679c/index.html', LF will be replaced by CRLF the next time Git touches it
[02:32:52] [INFO]   [stderr] warning: in the working copy of 'docs/jobs/assistant-or-associate-professor-forest-hydrologist-university-of-florida-2b9483/index.html', LF will be replaced by CRLF the next time Git touches it
[02:32:52] [INFO]   [stderr] warning: in the working copy of 'docs/jobs/assistant-or-associate-professor-fungal-biology-mycology-university-of-georgia-98ee1d/index.html', LF will be replaced by CRLF the next time Git touches it
[02:32:52] [INFO]   [stderr] warning: in the working copy of 'docs/jobs/assistant-or-associate-professor-hematology-oncology-medical-university-of-washington-2e90b6/index.html', LF will be replaced by CRLF the next time Git touches it
[02:32:52] [INFO]   [stderr] warning: in the working copy of 'docs/jobs/assistant-or-associate-professor-hematopathology-molecular-p-university-of-washington-b20a7d/index.html', LF will be replaced by CRLF the next time Git touches it
[02:32:52] [INFO]   [stderr] warning: in the working copy of 'docs/jobs/assistant-or-associate-professor-in-accounting-auburn-university-at-montgomery-9f712c/index.html', LF will be replaced by CRLF the next time Git touches it
[02:32:52] [INFO]   [stderr] warning: in the working copy of 'docs/jobs/assistant-or-associate-professor-in-genomics-epigenetics-and-university-of-georgia-6bdfc1/index.html', LF will be replaced by CRLF the next time Git touches it
[02:32:52] [INFO]   [stderr] warning: in the working copy of 'docs/jobs/assistant-or-associate-professor-in-painting-drawing-foundat-city-college-f491bc/index.html', LF will be replaced by CRLF the next time Git touches it
[02:32:52] [INFO]   [stderr] warning: in the working copy of 'docs/jobs/assistant-or-associate-professor-in-remote-sensing-university-of-florida-b3aa60/index.html', LF will be replaced by CRLF the next time Git touches it
[02:32:52] [INFO]   [stderr] warning: in the working copy of 'docs/jobs/assistant-or-associate-professor-in-residence-crna-specializ-university-of-nevada-las-vegas-7833a1/index.html', LF will be replaced by CRLF the next time Git touches it
[02:32:52] [INFO]   [stderr] warning: in the working copy of 'docs/jobs/assistant-or-associate-professor-meat-science-extension-and-university-of-georgia-64274a/index.html', LF will be replaced by CRLF the next time Git touches it
[02:32:52] [INFO]   [stderr] warning: in the working copy of 'docs/jobs/assistant-or-associate-professor-medical-surgical-nursing-california-state-university-channel-isla-abae13/index.html', LF will be replaced by CRLF the next time Git touches it
[02:32:52] [INFO]   [stderr] warning: in the working copy of 'docs/jobs/assistant-or-associate-professor-neuroscience-university-of-florida-3afea7/index.html', LF will be replaced by CRLF the next time Git touches it
[02:32:52] [INFO]   [stderr] warning: in the working copy of 'docs/jobs/assistant-or-associate-professor-of-biochemistry-university-of-washington-9fa35a/index.html', LF will be replaced by CRLF the next time Git touches it
[02:32:52] [INFO]   [stderr] warning: in the working copy of 'docs/jobs/assistant-or-associate-professor-of-biomedical-engineering-columbia-university-34b258/index.html', LF will be replaced by CRLF the next time Git touches it
[02:32:52] [INFO]   [stderr] warning: in the working copy of 'docs/jobs/assistant-or-associate-professor-of-clinical-orthopaedic-sur-university-of-southern-california-f64d7a/index.html', LF will be replaced by CRLF the next time Git touches it
[02:32:52] [INFO]   [stderr] warning: in the working copy of 'docs/jobs/assistant-or-associate-professor-of-clinical-otolaryngology-university-of-southern-california-33e9ab/index.html', LF will be replaced by CRLF the next time Git touches it
[02:32:52] [INFO]   [stderr] warning: in the working copy of 'docs/jobs/assistant-or-associate-professor-of-clinical-practice-depart-university-of-washington-688e8e/index.html', LF will be replaced by CRLF the next time Git touches it
[02:32:52] [INFO]   [stderr] warning: in the working copy of 'docs/jobs/assistant-or-associate-professor-of-clinical-practice-medica-university-of-washington-10faa4/index.html', LF will be replaced by CRLF the next time Git touches it
[02:32:52] [INFO]   [stderr] warning: in the working copy of 'docs/jobs/assistant-or-associate-professor-of-clinical-psychology-university-of-idaho-a15d24/index.html', LF will be replaced by CRLF the next time Git touches it
[02:32:52] [INFO]   [stderr] warning: in the working copy of 'docs/jobs/assistant-or-associate-professor-of-drug-regulatory-affairs-long-island-university-7a61d3/index.html', LF will be replaced by CRLF the next time Git touches it
[02:32:52] [INFO]   [stderr] warning: in the working copy of 'docs/jobs/assistant-or-associate-professor-of-finance-biola-university-6a39b6/index.html', LF will be replaced by CRLF the next time Git touches it
[02:32:52] [INFO]   [stderr] warning: in the working copy of 'docs/jobs/assistant-or-associate-professor-of-intercultural-studies-biola-university-4ce859/index.html', LF will be replaced by CRLF the next time Git touches it
[02:32:52] [INFO]   [stderr] warning: in the working copy of 'docs/jobs/assistant-or-associate-professor-of-materials-science-and-en-lehigh-university-e31b3b/index.html', LF will be replaced by CRLF the next time Git touches it
[02:32:52] [INFO]   [stderr] warning: in the working copy of 'docs/jobs/assistant-or-associate-professor-of-neurology-at-cumc-columbia-university-8d8c7d/index.html', LF will be replaced by CRLF the next time Git touches it
[02:32:52] [INFO]   [stderr] warning: in the working copy of 'docs/jobs/assistant-or-associate-professor-of-neurology-at-cumc-columbia-university-919767/index.html', LF will be replaced by CRLF the next time Git touches it
[02:32:52] [INFO]   [stderr] warning: in the working copy of 'docs/jobs/assistant-or-associate-professor-of-nursing-edgewood-college-8a2c78/index.html', LF will be replaced by CRLF the next time Git touches it
[02:32:52] [INFO]   [stderr] warning: in the working copy of 'docs/jobs/assistant-or-associate-professor-of-pediatrics-at-cumc-cardi-columbia-university-a19187/index.html', LF will be replaced by CRLF the next time Git touches it
[02:32:52] [INFO]   [stderr] warning: in the working copy of 'docs/jobs/assistant-or-associate-professor-of-phytopathology-in-contro-university-of-florida-9ce866/index.html', LF will be replaced by CRLF the next time Git touches it
[02:32:52] [INFO]   [stderr] warning: in the working copy of 'docs/jobs/assistant-or-associate-professor-of-practice-and-assistant-p-south-dakota-state-university-c8a8aa/index.html', LF will be replaced by CRLF the next time Git touches it
[02:32:52] [INFO]   [stderr] warning: in the working copy of 'docs/jobs/assistant-or-associate-professor-of-psychology-north-carolina-a-and-t-state-university-c5dca9/index.html', LF will be replaced by CRLF the next time Git touches it
[02:32:52] [INFO]   [stderr] warning: in the working copy of 'docs/jobs/assistant-or-associate-professor-of-risk-management-and-insu-university-of-georgia-19325d/index.html', LF will be replaced by CRLF the next time Git touches it
[02:32:52] [INFO]   [stderr] warning: in the working copy of 'docs/jobs/assistant-or-associate-professor-of-school-community-psychol-hofstra-university-5667df/index.html', LF will be replaced by CRLF the next time Git touches it
[02:32:52] [INFO]   [stderr] warning: in the working copy of 'docs/jobs/assistant-or-associate-professor-of-school-psychology-colleg-university-of-washington-18e625/index.html', LF will be replaced by CRLF the next time Git touches it
[02:32:52] [INFO]   [stderr] warning: in the working copy of 'docs/jobs/assistant-or-associate-professor-of-teaching-health-administ-rutgers-the-state-university-of-new-jers-975503/index.html', LF will be replaced by CRLF the next time Git touches it
[02:32:52] [INFO]   [stderr] warning: in the working copy of 'docs/jobs/assistant-or-associate-professor-of-urban-landscape-entomolo-university-of-florida-235013/index.html', LF will be replaced by CRLF the next time Git touches it
[02:32:52] [INFO]   [stderr] warning: in the working copy of 'docs/jobs/assistant-or-associate-professor-of-urban-planning-and-desig-harvard-university-261e3c/index.html', LF will be replaced by CRLF the next time Git touches it
[02:32:52] [INFO]   [stderr] warning: in the working copy of 'docs/jobs/assistant-or-associate-professor-space-biology-astrobiology-university-of-florida-e5f8a9/index.html', LF will be replaced by CRLF the next time Git touches it
[02:32:52] [INFO]   [stderr] warning: in the working copy of 'docs/jobs/assistant-or-associate-professor-tenure-track-rutgers-the-state-university-of-new-jers-d364df/index.html', LF will be replaced by CRLF the next time Git touches it
[02:32:52] [INFO]   [stderr] warning: in the working copy of 'docs/jobs/assistant-or-associate-professor-tenure-track-rutgers-the-state-university-of-new-jers-fdeb0d/index.html', LF will be replaced by CRLF the next time Git touches it
[02:32:52] [INFO]   [stderr] warning: in the working copy of 'docs/jobs/assistant-or-associate-professor-tenured-or-tenure-track-rutgers-the-state-university-of-new-jers-8d1be2/index.html', LF will be replaced by CRLF the next time Git touches it
[02:32:52] [INFO]   [stderr] warning: in the working copy of 'docs/jobs/assistant-or-associate-professor-university-of-florida-36189f/index.html', LF will be replaced by CRLF the next time Git touches it
[02:32:52] [INFO]   [stderr] warning: in the working copy of 'docs/jobs/assistant-or-associate-professor-university-of-georgia-3ba9a8/index.html', LF will be replaced by CRLF the next time Git touches it
[02:32:52] [INFO]   [stderr] warning: in the working copy of 'docs/jobs/assistant-or-associate-professor-university-of-georgia-484e2b/index.html', LF will be replaced by CRLF the next time Git touches it
[02:32:52] [INFO]   [stderr] warning: in the working copy of 'docs/jobs/assistant-or-associate-professor-university-of-georgia-b94034/index.html', LF will be replaced by CRLF the next time Git touches it
[02:32:52] [INFO]   [stderr] warning: in the working copy of 'docs/jobs/assistant-or-associate-professor-without-tenure-department-o-university-of-washington-b6e505/index.html', LF will be replaced by CRLF the next time Git touches it
[02:32:52] [INFO]   [stderr] warning: in the working copy of 'docs/jobs/assistant-or-associate-professor-without-tenure-wot-departme-university-of-washington-1fb995/index.html', LF will be replaced by CRLF the next time Git touches it
[02:32:52] [INFO]   [stderr] warning: in the working copy of 'docs/jobs/assistant-or-associate-professor-without-tenure-wot-departme-university-of-washington-5b1480/index.html', LF will be replaced by CRLF the next time Git touches it
[02:32:52] [INFO]   [stderr] warning: in the working copy of 'docs/jobs/assistant-or-associate-professor-without-tenure-wot-departme-university-of-washington-75e83e/index.html', LF will be replaced by CRLF the next time Git touches it
[02:32:52] [INFO]   [stderr] warning: in the working copy of 'docs/jobs/assistant-or-associate-professor-without-tenure-wot-in-radio-university-of-washington-396c10/index.html', LF will be replaced by CRLF the next time Git touches it
[02:32:52] [INFO]   [stderr] warning: in the working copy of 'docs/jobs/assistant-or-associate-professor-wot-clinician-educator-path-university-of-washington-018c79/index.html', LF will be replaced by CRLF the next time Git touches it
[02:32:52] [INFO]   [stderr] warning: in the working copy of 'docs/jobs/assistant-or-associate-professor-wot-hematology-oncology-non-university-of-washington-bca054/index.html', LF will be replaced by CRLF the next time Git touches it
[02:32:52] [INFO]   [stderr] warning: in the working copy of 'docs/jobs/assistant-or-associate-professor-wot-in-radiology-breast-ima-university-of-washington-3deec7/index.html', LF will be replaced by CRLF the next time Git touches it
[02:32:52] [INFO]   [stderr] warning: in the working copy of 'docs/jobs/assistant-or-associate-professor-wot-in-radiology-emergency-university-of-washington-9b8873/index.html', LF will be replaced by CRLF the next time Git touches it
[02:32:52] [INFO]   [stderr] warning: in the working copy of 'docs/jobs/assistant-or-associate-professor-wot-in-radiology-research-r-university-of-washington-fbfbbb/index.html', LF will be replaced by CRLF the next time Git touches it
[02:32:52] [INFO]   [stderr] warning: in the working copy of 'docs/jobs/assistant-or-associate-professor-wot-metabolism-endocrinolog-university-of-washington-cbcd48/index.html', LF will be replaced by CRLF the next time Git touches it
[02:32:52] [INFO]   [stderr] warning: in the working copy of 'docs/jobs/assistant-or-associate-professor-wot-otolaryngology-head-and-university-of-washington-4c855c/index.html', LF will be replaced by CRLF the next time Git touches it
[02:32:52] [INFO]   [stderr] warning: in the working copy of 'docs/jobs/assistant-or-associate-professor-wot-otolaryngology-head-and-university-of-washington-51a46d/index.html', LF will be replaced by CRLF the next time Git touches it
[02:32:52] [INFO]   [stderr] warning: in the working copy of 'docs/jobs/assistant-or-associate-professor-wot-otolaryngology-head-and-university-of-washington-6a358a/index.html', LF will be replaced by CRLF the next time Git touches it
[02:32:52] [INFO]   [stderr] warning: in the working copy of 'docs/jobs/assistant-or-associate-professor-wot-pediatric-sports-medici-university-of-washington-04a672/index.html', LF will be replaced by CRLF the next time Git touches it
[02:32:52] [INFO]   [stderr] warning: in the working copy of 'docs/jobs/assistant-or-associate-professor-wot-pulmonary-critical-care-university-of-washington-a982d1/index.html', LF will be replaced by CRLF the next time Git touches it
[02:32:52] [INFO]   [stderr] warning: in the working copy of 'docs/jobs/assistant-or-associate-professor-wot-pulmonary-critical-care-university-of-washington-b4cb71/index.html', LF will be replaced by CRLF the next time Git touches it
[02:32:52] [INFO]   [stderr] warning: in the working copy of 'docs/jobs/assistant-or-associate-professor-wot-shoulder-and-elbow-serv-university-of-washington-251926/index.html', LF will be replaced by CRLF the next time Git touches it
[02:32:52] [INFO]   [stderr] warning: in the working copy of 'docs/jobs/assistant-or-associate-professor-wot-urogynecology-and-recon-university-of-washington-5434ec/index.html', LF will be replaced by CRLF the next time Git touches it
[02:32:52] [INFO]   [stderr] warning: in the working copy of 'docs/jobs/assistant-prof-associate-prof-professor-pelvic-health-university-of-rochester-47a11a/index.html', LF will be replaced by CRLF the next time Git touches it
[02:32:52] [INFO]   [stderr] warning: in the working copy of 'docs/jobs/assistant-professor-1-general-neurology-university-of-rochester-5c1488/index.html', LF will be replaced by CRLF the next time Git touches it
[02:32:52] [INFO]   [stderr] warning: in the working copy of 'docs/jobs/assistant-professor-12mo-biostatistics-suny-downstate-health-sciences-universit-6d23c5/index.html', LF will be replaced by CRLF the next time Git touches it
[02:32:52] [INFO]   [stderr] warning: in the working copy of 'docs/jobs/assistant-professor-12mo-data-science-and-analytics-tenure-t-suny-downstate-health-sciences-universit-643c00/index.html', LF will be replaced by CRLF the next time Git touches it
[02:32:52] [INFO]   [stderr] warning: in the working copy of 'docs/jobs/assistant-professor-2-general-neurology-university-of-rochester-a3ee38/index.html', LF will be replaced by CRLF the next time Git touches it
[02:32:52] [INFO]   [stderr] warning: in the working copy of 'docs/jobs/assistant-professor-2719-unc-pembroke-598886/index.html', LF will be replaced by CRLF the next time Git touches it
[02:32:52] [INFO]   [stderr] warning: in the working copy of 'docs/jobs/assistant-professor-aah-coe-ed-lead-and-foundations-east-carolina-university-4ec07e/index.html', LF will be replaced by CRLF the next time Git touches it
[02:32:52] [INFO]   [stderr] warning: in the working copy of 'docs/jobs/assistant-professor-aah-coe-interdisciplinary-professio-east-carolina-university-3a1105/index.html', LF will be replaced by CRLF the next time Git touches it
[02:32:52] [INFO]   [stderr] warning: in the working copy of 'docs/jobs/assistant-professor-aba-oregon-institute-of-technology-9a8192/index.html', LF will be replaced by CRLF the next time Git touches it
[02:32:52] [INFO]   [stderr] warning: in the working copy of 'docs/jobs/assistant-professor-accounting-trine-university-regional-non-traditiona-2b0f44/index.html', LF will be replaced by CRLF the next time Git touches it
[02:32:52] [INFO]   [stderr] warning: in the working copy of 'docs/jobs/assistant-professor-ai-education-new-jersey-institute-of-technology-978ca4/index.html', LF will be replaced by CRLF the next time Git touches it
[02:32:52] [INFO]   [stderr] warning: in the working copy of 'docs/jobs/assistant-professor-ai-for-agriculture-and-natural-resources-university-of-maryland-college-park-e1b487/index.html', LF will be replaced by CRLF the next time Git touches it
[02:32:52] [INFO]   [stderr] warning: in the working copy of 'docs/jobs/assistant-professor-and-aba-online-coordinator-of-experienti-florida-institute-of-technology-834895/index.html', LF will be replaced by CRLF the next time Git touches it
[02:32:52] [INFO]   [stderr] warning: in the working copy of 'docs/jobs/assistant-professor-and-assistant-residency-program-director-east-tennessee-state-university-54669e/index.html', LF will be replaced by CRLF the next time Git touches it
[02:32:52] [INFO]   [stderr] warning: in the working copy of 'docs/jobs/assistant-professor-and-director-of-storytelling-east-tennessee-state-university-a56af7/index.html', LF will be replaced by CRLF the next time Git touches it
[02:32:52] [INFO]   [stderr] warning: in the working copy of 'docs/jobs/assistant-professor-anesthesiology-3-positions-available-marshall-university-37cc83/index.html', LF will be replaced by CRLF the next time Git touches it
[02:32:52] [INFO]   [stderr] warning: in the working copy of 'docs/jobs/assistant-professor-animal-science-north-carolina-a-and-t-state-university-da554d/index.html', LF will be replaced by CRLF the next time Git touches it
[02:32:52] [INFO]   [stderr] warning: in the working copy of 'docs/jobs/assistant-professor-asian-american-studies-with-an-emphasis-california-state-university-fullerton-97265b/index.html', LF will be replaced by CRLF the next time Git touches it
[02:32:52] [INFO]   [stderr] warning: in the working copy of 'docs/jobs/assistant-professor-associate-professor-aah-finance-east-carolina-university-72824e/index.html', LF will be replaced by CRLF the next time Git touches it
[02:32:52] [INFO]   [stderr] warning: in the working copy of 'docs/jobs/assistant-professor-associate-professor-aah-finance-east-carolina-university-943ae1/index.html', LF will be replaced by CRLF the next time Git touches it
[02:32:52] [INFO]   [stderr] warning: in the working copy of 'docs/jobs/assistant-professor-associate-professor-child-neurology-university-of-rochester-9226c0/index.html', LF will be replaced by CRLF the next time Git touches it
[02:32:52] [INFO]   [stderr] warning: in the working copy of 'docs/jobs/assistant-professor-associate-professor-clinical-practices-a-bronx-community-college-17cf1c/index.html', LF will be replaced by CRLF the next time Git touches it
[02:32:52] [INFO]   [stderr] warning: in the working copy of 'docs/jobs/assistant-professor-associate-professor-early-childhood-and-bronx-community-college-15dcc6/index.html', LF will be replaced by CRLF the next time Git touches it
[02:32:52] [INFO]   [stderr] warning: in the working copy of 'docs/jobs/assistant-professor-associate-professor-east-tennessee-state-university-472824/index.html', LF will be replaced by CRLF the next time Git touches it
[02:32:52] [INFO]   [stderr] warning: in the working copy of 'docs/jobs/assistant-professor-associate-professor-of-clinical-practice-university-of-washington-786e79/index.html', LF will be replaced by CRLF the next time Git touches it
[02:32:52] [INFO]   [stderr] warning: in the working copy of 'docs/jobs/assistant-professor-associate-professor-of-medicine-at-the-c-columbia-university-71799e/index.html', LF will be replaced by CRLF the next time Git touches it
[02:32:52] [INFO]   [stderr] warning: in the working copy of 'docs/jobs/assistant-professor-associate-professor-of-neurology-at-cumc-columbia-university-2e6369/index.html', LF will be replaced by CRLF the next time Git touches it
[02:32:52] [INFO]   [stderr] warning: in the working copy of 'docs/jobs/assistant-professor-associate-professor-of-obgyn-hospitalist-columbia-university-dde315/index.html', LF will be replaced by CRLF the next time Git touches it
[02:32:52] [INFO]   [stderr] warning: in the working copy of 'docs/jobs/assistant-professor-associate-professor-of-obgyn-nyp-westche-columbia-university-3a9593/index.html', LF will be replaced by CRLF the next time Git touches it
[02:32:52] [INFO]   [stderr] warning: in the working copy of 'docs/jobs/assistant-professor-associate-professor-of-obstetrics-and-gy-columbia-university-08835c/index.html', LF will be replaced by CRLF the next time Git touches it
[02:32:52] [INFO]   [stderr] warning: in the working copy of 'docs/jobs/assistant-professor-associate-professor-of-obstetrics-and-gy-columbia-university-93dad4/index.html', LF will be replaced by CRLF the next time Git touches it
[02:32:52] [INFO]   [stderr] warning: in the working copy of 'docs/jobs/assistant-professor-associate-professor-of-obstetrics-and-gy-columbia-university-98d0b2/index.html', LF will be replaced by CRLF the next time Git touches it
[02:32:52] [INFO]   [stderr] warning: in the working copy of 'docs/jobs/assistant-professor-associate-professor-of-obstetrics-and-gy-columbia-university-a0f118/index.html', LF will be replaced by CRLF the next time Git touches it
[02:32:52] [INFO]   [stderr] warning: in the working copy of 'docs/jobs/assistant-professor-associate-professor-of-pathology-and-cel-columbia-university-321eb2/index.html', LF will be replaced by CRLF the next time Git touches it
[02:32:52] [INFO]   [stderr] warning: in the working copy of 'docs/jobs/assistant-professor-associate-professor-of-pathology-and-cel-columbia-university-be2c57/index.html', LF will be replaced by CRLF the next time Git touches it
[02:32:52] [INFO]   [stderr] warning: in the working copy of 'docs/jobs/assistant-professor-associate-professor-of-theatre-arts-dire-columbia-university-cf9794/index.html', LF will be replaced by CRLF the next time Git touches it
[02:32:52] [INFO]   [stderr] warning: in the working copy of 'docs/jobs/assistant-professor-associate-professor-of-visual-arts-tenur-columbia-university-3690fa/index.html', LF will be replaced by CRLF the next time Git touches it
[02:32:52] [INFO]   [stderr] warning: in the working copy of 'docs/jobs/assistant-professor-associate-professor-or-full-professor-of-university-of-washington-01ed8a/index.html', LF will be replaced by CRLF the next time Git touches it
[02:32:52] [INFO]   [stderr] warning: in the working copy of 'docs/jobs/assistant-professor-associate-professor-or-full-professor-of-university-of-washington-1741e9/index.html', LF will be replaced by CRLF the next time Git touches it
[02:32:52] [INFO]   [stderr] warning: in the working copy of 'docs/jobs/assistant-professor-associate-professor-or-full-professor-of-university-of-washington-940ac4/index.html', LF will be replaced by CRLF the next time Git touches it
[02:32:52] [INFO]   [stderr] warning: in the working copy of 'docs/jobs/assistant-professor-associate-professor-or-full-professor-wi-university-of-washington-514f9e/index.html', LF will be replaced by CRLF the next time Git touches it
[02:32:52] [INFO]   [stderr] warning: in the working copy of 'docs/jobs/assistant-professor-associate-professor-or-full-professor-wi-university-of-washington-88b4a1/index.html', LF will be replaced by CRLF the next time Git touches it
[02:32:52] [INFO]   [stderr] warning: in the working copy of 'docs/jobs/assistant-professor-associate-professor-or-full-professor-wi-university-of-washington-ccac74/index.html', LF will be replaced by CRLF the next time Git touches it
[02:32:52] [INFO]   [stderr] warning: in the working copy of 'docs/jobs/assistant-professor-associate-professor-or-professor-of-obst-columbia-university-a65521/index.html', LF will be replaced by CRLF the next time Git touches it
[02:32:52] [INFO]   [stderr] warning: in the working copy of 'docs/jobs/assistant-professor-associate-professor-or-professor-without-university-of-washington-53a336/index.html', LF will be replaced by CRLF the next time Git touches it
[02:32:52] [INFO]   [stderr] warning: in the working copy of 'docs/jobs/assistant-professor-associate-professor-or-professor-without-university-of-washington-6960ae/index.html', LF will be replaced by CRLF the next time Git touches it
[02:32:52] [INFO]   [stderr] warning: in the working copy of 'docs/jobs/assistant-professor-associate-professor-or-professor-without-university-of-washington-fce590/index.html', LF will be replaced by CRLF the next time Git touches it
[02:32:52] [INFO]   [stderr] warning: in the working copy of 'docs/jobs/assistant-professor-associate-professor-or-professor-wot-dep-university-of-washington-24c7d6/index.html', LF will be replaced by CRLF the next time Git touches it
[02:32:52] [INFO]   [stderr] warning: in the working copy of 'docs/jobs/assistant-professor-associate-professor-pediatric-critical-c-rutgers-the-state-university-of-new-jers-287fd8/index.html', LF will be replaced by CRLF the next time Git touches it
[02:32:52] [INFO]   [stderr] warning: in the working copy of 'docs/jobs/assistant-professor-associate-professor-pediatric-hospital-m-rutgers-the-state-university-of-new-jers-b980c8/index.html', LF will be replaced by CRLF the next time Git touches it
[02:32:52] [INFO]   [stderr] warning: in the working copy of 'docs/jobs/assistant-professor-associate-professor-professor-at-cumc-wo-columbia-university-b625d6/index.html', LF will be replaced by CRLF the next time Git touches it
[02:32:52] [INFO]   [stderr] warning: in the working copy of 'docs/jobs/assistant-professor-associate-professor-professor-family-nur-columbia-university-d74118/index.html', LF will be replaced by CRLF the next time Git touches it
[02:32:52] [INFO]   [stderr] warning: in the working copy of 'docs/jobs/assistant-professor-associate-professor-professor-full-time-university-of-rochester-01b209/index.html', LF will be replaced by CRLF the next time Git touches it
[02:32:52] [INFO]   [stderr] warning: in the working copy of 'docs/jobs/assistant-professor-associate-professor-professor-in-modern-columbia-university-ae4568/index.html', LF will be replaced by CRLF the next time Git touches it
[02:32:52] [INFO]   [stderr] warning: in the working copy of 'docs/jobs/assistant-professor-associate-professor-professor-of-clinica-university-of-washington-3f0fb4/index.html', LF will be replaced by CRLF the next time Git touches it
[02:32:52] [INFO]   [stderr] warning: in the working copy of 'docs/jobs/assistant-professor-associate-professor-professor-of-clinica-university-of-washington-c1b65f/index.html', LF will be replaced by CRLF the next time Git touches it
[02:32:52] [INFO]   [stderr] warning: in the working copy of 'docs/jobs/assistant-professor-associate-professor-professor-of-clinica-university-of-washington-c2cf3c/index.html', LF will be replaced by CRLF the next time Git touches it
[02:32:52] [INFO]   [stderr] warning: in the working copy of 'docs/jobs/assistant-professor-associate-professor-professor-of-medicin-university-of-rochester-b1a56d/index.html', LF will be replaced by CRLF the next time Git touches it
[02:32:52] [INFO]   [stderr] warning: in the working copy of 'docs/jobs/assistant-professor-associate-professor-professor-of-obgyn-g-columbia-university-097a3e/index.html', LF will be replaced by CRLF the next time Git touches it
[02:32:52] [INFO]   [stderr] warning: in the working copy of 'docs/jobs/assistant-professor-associate-professor-professor-of-obgyn-i-columbia-university-2351dc/index.html', LF will be replaced by CRLF the next time Git touches it
[02:32:52] [INFO]   [stderr] warning: in the working copy of 'docs/jobs/assistant-professor-associate-professor-professor-of-obgyn-i-columbia-university-ee4e4c/index.html', LF will be replaced by CRLF the next time Git touches it
[02:32:52] [INFO]   [stderr] warning: in the working copy of 'docs/jobs/assistant-professor-associate-professor-professor-of-obstetr-columbia-university-48a44c/index.html', LF will be replaced by CRLF the next time Git touches it
[02:32:52] [INFO]   [stderr] warning: in the working copy of 'docs/jobs/assistant-professor-associate-professor-professor-of-obstetr-columbia-university-65e3f0/index.html', LF will be replaced by CRLF the next time Git touches it
[02:32:52] [INFO]   [stderr] warning: in the working copy of 'docs/jobs/assistant-professor-associate-professor-professor-of-radiati-university-of-rochester-783b9d/index.html', LF will be replaced by CRLF the next time Git touches it
[02:32:52] [INFO]   [stderr] warning: in the working copy of 'docs/jobs/assistant-professor-associate-professor-professor-of-radiati-university-of-rochester-7f036b/index.html', LF will be replaced by CRLF the next time Git touches it
[02:32:52] [INFO]   [stderr] warning: in the working copy of 'docs/jobs/assistant-professor-associate-professor-professor-of-radiati-university-of-rochester-838013/index.html', LF will be replaced by CRLF the next time Git touches it
[02:32:52] [INFO]   [stderr] warning: in the working copy of 'docs/jobs/assistant-professor-associate-professor-professor-open-rank-university-of-georgia-d84abb/index.html', LF will be replaced by CRLF the next time Git touches it
[02:32:52] [INFO]   [stderr] warning: in the working copy of 'docs/jobs/assistant-professor-associate-professor-professor-position-i-columbia-university-149f4a/index.html', LF will be replaced by CRLF the next time Git touches it
[02:32:52] [INFO]   [stderr] warning: in the working copy of 'docs/jobs/assistant-professor-associate-professor-professor-rei-university-of-rochester-59a224/index.html', LF will be replaced by CRLF the next time Git touches it
[02:32:52] [INFO]   [stderr] warning: in the working copy of 'docs/jobs/assistant-professor-associate-professor-professor-rei-university-of-rochester-e9e42f/index.html', LF will be replaced by CRLF the next time Git touches it
[02:32:52] [INFO]   [stderr] warning: in the working copy of 'docs/jobs/assistant-professor-associate-professor-professor-suny-upstate-medical-university-1319df/index.html', LF will be replaced by CRLF the next time Git touches it
[02:32:52] [INFO]   [stderr] warning: in the working copy of 'docs/jobs/assistant-professor-associate-professor-professor-suny-upstate-medical-university-73a41a/index.html', LF will be replaced by CRLF the next time Git touches it
[02:32:52] [INFO]   [stderr] warning: in the working copy of 'docs/jobs/assistant-professor-associate-professor-professor-tenure-tra-uc-irvine-f1cf6a/index.html', LF will be replaced by CRLF the next time Git touches it
[02:32:52] [INFO]   [stderr] warning: in the working copy of 'docs/jobs/assistant-professor-associate-professor-professor-without-te-university-of-washington-2bd2db/index.html', LF will be replaced by CRLF the next time Git touches it
[02:32:52] [INFO]   [stderr] warning: in the working copy of 'docs/jobs/assistant-professor-associate-professor-professor-wot-neonat-university-of-washington-5adbce/index.html', LF will be replaced by CRLF the next time Git touches it
[02:32:52] [INFO]   [stderr] warning: in the working copy of 'docs/jobs/assistant-professor-associate-professor-suny-upstate-medical-university-7b067c/index.html', LF will be replaced by CRLF the next time Git touches it
[02:32:52] [INFO]   [stderr] warning: in the working copy of 'docs/jobs/assistant-professor-associate-professor-suny-upstate-medical-university-8da93a/index.html', LF will be replaced by CRLF the next time Git touches it
[02:32:52] [INFO]   [stderr] warning: in the working copy of 'docs/jobs/assistant-professor-associate-professor-tenure-track-in-colu-columbia-university-da2553/index.html', LF will be replaced by CRLF the next time Git touches it
[02:32:52] [INFO]   [stderr] warning: in the working copy of 'docs/jobs/assistant-professor-associate-professor-tenure-track-or-tenu-columbia-university-17ef23/index.html', LF will be replaced by CRLF the next time Git touches it
[02:32:52] [INFO]   [stderr] warning: in the working copy of 'docs/jobs/assistant-professor-associate-professor-tenure-track-or-tenu-columbia-university-24774a/index.html', LF will be replaced by CRLF the next time Git touches it
[02:32:52] [INFO]   [stderr] warning: in the working copy of 'docs/jobs/assistant-professor-associate-professor-university-of-maryland-college-park-209adb/index.html', LF will be replaced by CRLF the next time Git touches it
[02:32:52] [INFO]   [stderr] warning: in the working copy of 'docs/jobs/assistant-professor-astrophysics-and-planetary-science-villanova-university-22aa44/index.html', LF will be replaced by CRLF the next time Git touches it
[02:32:52] [INFO]   [stderr] warning: in the working copy of 'docs/jobs/assistant-professor-at-cumc-columbia-university-1dd67e/index.html', LF will be replaced by CRLF the next time Git touches it
[02:32:52] [INFO]   [stderr] warning: in the working copy of 'docs/jobs/assistant-professor-at-cumc-columbia-university-31ac55/index.html', LF will be replaced by CRLF the next time Git touches it
[02:32:52] [INFO]   [stderr] warning: in the working copy of 'docs/jobs/assistant-professor-at-cumc-columbia-university-7e6e3f/index.html', LF will be replaced by CRLF the next time Git touches it
[02:32:52] [INFO]   [stderr] warning: in the working copy of 'docs/jobs/assistant-professor-at-cumc-columbia-university-f09db4/index.html', LF will be replaced by CRLF the next time Git touches it
[02:32:52] [INFO]   [stderr] warning: in the working copy of 'docs/jobs/assistant-professor-at-cumc-hematology-oncology-hospitalist-columbia-university-6f9a7f/index.html', LF will be replaced by CRLF the next time Git touches it
[02:32:52] [INFO]   [stderr] warning: in the working copy of 'docs/jobs/assistant-professor-ballet-specialist-department-of-dance-co-university-of-nevada-las-vegas-f6ee88/index.html', LF will be replaced by CRLF the next time Git touches it
[02:32:52] [INFO]   [stderr] warning: in the working copy of 'docs/jobs/assistant-professor-biochemistry-morgan-state-university-4d6e3e/index.html', LF will be replaced by CRLF the next time Git touches it
[02:32:52] [INFO]   [stderr] warning: in the working copy of 'docs/jobs/assistant-professor-bioinformatics-support-university-of-rochester-16ae16/index.html', LF will be replaced by CRLF the next time Git touches it
[02:32:52] [INFO]   [stderr] warning: in the working copy of 'docs/jobs/assistant-professor-biology-auburn-university-at-montgomery-623886/index.html', LF will be replaced by CRLF the next time Git touches it
[02:32:52] [INFO]   [stderr] warning: in the working copy of 'docs/jobs/assistant-professor-biology-genetics-or-genomics-south-dakota-school-of-mines-and-technol-ec846a/index.html', LF will be replaced by CRLF the next time Git touches it
[02:32:52] [INFO]   [stderr] warning: in the working copy of 'docs/jobs/assistant-professor-biology-organismal-zoology-south-dakota-school-of-mines-and-technol-442a71/index.html', LF will be replaced by CRLF the next time Git touches it
[02:32:52] [INFO]   [stderr] warning: in the working copy of 'docs/jobs/assistant-professor-biomedical-engineering-ug-319300-unc-chapel-hill-9d2ba7/index.html', LF will be replaced by CRLF the next time Git touches it
[02:32:52] [INFO]   [stderr] warning: in the working copy of 'docs/jobs/assistant-professor-biomedical-engineering-wayne-state-university-f3f01f/index.html', LF will be replaced by CRLF the next time Git touches it
[02:32:52] [INFO]   [stderr] warning: in the working copy of 'docs/jobs/assistant-professor-blue-technology-umass-boston-ca6ce1/index.html', LF will be replaced by CRLF the next time Git touches it
[02:32:52] [INFO]   [stderr] warning: in the working copy of 'docs/jobs/assistant-professor-business-analytics-operations-management-south-dakota-school-of-mines-and-technol-e90403/index.html', LF will be replaced by CRLF the next time Git touches it
[02:32:52] [INFO]   [stderr] warning: in the working copy of 'docs/jobs/assistant-professor-business-information-systems-tenure-trac-western-michigan-university-f7ad02/index.html', LF will be replaced by CRLF the next time Git touches it
[02:32:52] [INFO]   [stderr] warning: in the working copy of 'docs/jobs/assistant-professor-cardiothoracic-liver-transplant-anesthes-rutgers-the-state-university-of-new-jers-86209b/index.html', LF will be replaced by CRLF the next time Git touches it
[02:32:52] [INFO]   [stderr] warning: in the working copy of 'docs/jobs/assistant-professor-cc-of-physical-therapist-assistant-progr-ct-state-norwalk-205a70/index.html', LF will be replaced by CRLF the next time Git touches it
[02:32:52] [INFO]   [stderr] warning: in the working copy of 'docs/jobs/assistant-professor-cell-biology-university-of-arkansas-114e56/index.html', LF will be replaced by CRLF the next time Git touches it
[02:32:52] [INFO]   [stderr] warning: in the working copy of 'docs/jobs/assistant-professor-center-for-reproductive-sciences-crs-uc-san-francisco-bdb50d/index.html', LF will be replaced by CRLF the next time Git touches it
[02:32:52] [INFO]   [stderr] warning: in the working copy of 'docs/jobs/assistant-professor-chemistry-chemistry-and-physics-western-carolina-university-437572/index.html', LF will be replaced by CRLF the next time Git touches it
[02:32:52] [INFO]   [stderr] warning: in the working copy of 'docs/jobs/assistant-professor-child-neurology-university-of-rochester-6c354f/index.html', LF will be replaced by CRLF the next time Git touches it
[02:32:52] [INFO]   [stderr] warning: in the working copy of 'docs/jobs/assistant-professor-climate-science-umass-boston-5c7999/index.html', LF will be replaced by CRLF the next time Git touches it
[02:32:52] [INFO]   [stderr] warning: in the working copy of 'docs/jobs/assistant-professor-clinical-assistant-professor-associate-p-east-carolina-university-753e36/index.html', LF will be replaced by CRLF the next time Git touches it
[02:32:52] [INFO]   [stderr] warning: in the working copy of 'docs/jobs/assistant-professor-clinical-assistant-professor-associate-p-east-carolina-university-7b7876/index.html', LF will be replaced by CRLF the next time Git touches it
[02:32:52] [INFO]   [stderr] warning: in the working copy of 'docs/jobs/assistant-professor-clinical-assistant-professor-associate-p-east-carolina-university-8e7e95/index.html', LF will be replaced by CRLF the next time Git touches it
[02:32:52] [INFO]   [stderr] warning: in the working copy of 'docs/jobs/assistant-professor-clinical-assistant-professor-associate-p-east-carolina-university-9c6065/index.html', LF will be replaced by CRLF the next time Git touches it
[02:32:52] [INFO]   [stderr] warning: in the working copy of 'docs/jobs/assistant-professor-clinical-assistant-professor-associate-p-east-carolina-university-c89d9e/index.html', LF will be replaced by CRLF the next time Git touches it
[02:32:52] [INFO]   [stderr] warning: in the working copy of 'docs/jobs/assistant-professor-clinical-assistant-professor-associate-p-east-carolina-university-d67339/index.html', LF will be replaced by CRLF the next time Git touches it
[02:32:52] [INFO]   [stderr] warning: in the working copy of 'docs/jobs/assistant-professor-clinical-department-of-neurology-wayne-state-university-0ddbb8/index.html', LF will be replaced by CRLF the next time Git touches it
[02:32:52] [INFO]   [stderr] warning: in the working copy of 'docs/jobs/assistant-professor-clinical-department-of-neurology-wayne-state-university-973d03/index.html', LF will be replaced by CRLF the next time Git touches it
[02:32:52] [INFO]   [stderr] warning: in the working copy of 'docs/jobs/assistant-professor-clinical-department-of-neurology-wayne-state-university-a7824c/index.html', LF will be replaced by CRLF the next time Git touches it
[02:32:52] [INFO]   [stderr] warning: in the working copy of 'docs/jobs/assistant-professor-clinical-georgia-state-university-eecff1/index.html', LF will be replaced by CRLF the next time Git touches it
[02:32:52] [INFO]   [stderr] warning: in the working copy of 'docs/jobs/assistant-professor-clinical-ohio-state-university-0832a9/index.html', LF will be replaced by CRLF the next time Git touches it
[02:32:52] [INFO]   [stderr] warning: in the working copy of 'docs/jobs/assistant-professor-clinical-ohio-state-university-0f7e31/index.html', LF will be replaced by CRLF the next time Git touches it
[02:32:52] [INFO]   [stderr] warning: in the working copy of 'docs/jobs/assistant-professor-clinical-ohio-state-university-10a8fd/index.html', LF will be replaced by CRLF the next time Git touches it
[02:32:52] [INFO]   [stderr] warning: in the working copy of 'docs/jobs/assistant-professor-clinical-ohio-state-university-1eb759/index.html', LF will be replaced by CRLF the next time Git touches it
[02:32:52] [INFO]   [stderr] warning: in the working copy of 'docs/jobs/assistant-professor-clinical-ohio-state-university-31d7f4/index.html', LF will be replaced by CRLF the next time Git touches it
[02:32:52] [INFO]   [stderr] warning: in the working copy of 'docs/jobs/assistant-professor-clinical-ohio-state-university-3a2cc5/index.html', LF will be replaced by CRLF the next time Git touches it
[02:32:52] [INFO]   [stderr] warning: in the working copy of 'docs/jobs/assistant-professor-clinical-ohio-state-university-3cd7d6/index.html', LF will be replaced by CRLF the next time Git touches it
[02:32:52] [INFO]   [stderr] warning: in the working copy of 'docs/jobs/assistant-professor-clinical-ohio-state-university-aa8247/index.html', LF will be replaced by CRLF the next time Git touches it
[02:32:52] [INFO]   [stderr] warning: in the working copy of 'docs/jobs/assistant-professor-clinical-ohio-state-university-dd48f8/index.html', LF will be replaced by CRLF the next time Git touches it
[02:32:52] [INFO]   [stderr] warning: in the working copy of 'docs/jobs/assistant-professor-clinical-ohio-state-university-ecf795/index.html', LF will be replaced by CRLF the next time Git touches it
[02:32:52] [INFO]   [stderr] warning: in the working copy of 'docs/jobs/assistant-professor-clinical-ohio-state-university-f41cc6/index.html', LF will be replaced by CRLF the next time Git touches it
[02:32:52] [INFO]   [stderr] warning: in the working copy of 'docs/jobs/assistant-professor-clinical-psychology-seattle-pacific-university-c9ed2b/index.html', LF will be replaced by CRLF the next time Git touches it
[02:32:52] [INFO]   [stderr] warning: in the working copy of 'docs/jobs/assistant-professor-clinical-scholar-department-of-oncology-wayne-state-university-cae6b2/index.html', LF will be replaced by CRLF the next time Git touches it
[02:32:52] [INFO]   [stderr] warning: in the working copy of 'docs/jobs/assistant-professor-clinical-sciences-general-pharmacy-or-in-keck-graduate-institute-02750e/index.html', LF will be replaced by CRLF the next time Git touches it
[02:32:52] [INFO]   [stderr] warning: in the working copy of 'docs/jobs/assistant-professor-clinical-x-arthroplasty-surgeon-uc-davis-fadc13/index.html', LF will be replaced by CRLF the next time Git touches it
[02:32:52] [INFO]   [stderr] warning: in the working copy of 'docs/jobs/assistant-professor-clinician-educator-dept-of-psychiatry-wayne-state-university-6e7ea9/index.html', LF will be replaced by CRLF the next time Git touches it
[02:32:52] [INFO]   [stderr] warning: in the working copy of 'docs/jobs/assistant-professor-clinician-educator-of-psychiatry-and-beh-university-of-new-mexico-ac1e42/index.html', LF will be replaced by CRLF the next time Git touches it
[02:32:52] [INFO]   [stderr] warning: in the working copy of 'docs/jobs/assistant-professor-cognitive-behavioral-neurology-university-of-rochester-bff6e4/index.html', LF will be replaced by CRLF the next time Git touches it
[02:32:52] [INFO]   [stderr] warning: in the working copy of 'docs/jobs/assistant-professor-columbia-university-255cfd/index.html', LF will be replaced by CRLF the next time Git touches it
[02:32:52] [INFO]   [stderr] warning: in the working copy of 'docs/jobs/assistant-professor-columbia-university-50854b/index.html', LF will be replaced by CRLF the next time Git touches it
[02:32:52] [INFO]   [stderr] warning: in the working copy of 'docs/jobs/assistant-professor-columbia-university-548093/index.html', LF will be replaced by CRLF the next time Git touches it
[02:32:52] [INFO]   [stderr] warning: in the working copy of 'docs/jobs/assistant-professor-columbia-university-90f07c/index.html', LF will be replaced by CRLF the next time Git touches it
[02:32:52] [INFO]   [stderr] warning: in the working copy of 'docs/jobs/assistant-professor-columbia-university-ddf549/index.html', LF will be replaced by CRLF the next time Git touches it
[02:32:52] [INFO]   [stderr] warning: in the working copy of 'docs/jobs/assistant-professor-comprehensive-ophthalmology-marshall-university-293129/index.html', LF will be replaced by CRLF the next time Git touches it
[02:32:52] [INFO]   [stderr] warning: in the working copy of 'docs/jobs/assistant-professor-computer-engineering-0268e9/index.html', LF will be replaced by CRLF the next time Git touches it
[02:32:52] [INFO]   [stderr] warning: in the working copy of 'docs/jobs/assistant-professor-computer-engineering-umass-boston-70db21/index.html', LF will be replaced by CRLF the next time Git touches it
[02:32:52] [INFO]   [stderr] warning: in the working copy of 'docs/jobs/assistant-professor-computer-science-and-software-engineerin-700c60/index.html', LF will be replaced by CRLF the next time Git touches it
[02:32:52] [INFO]   [stderr] warning: in the working copy of 'docs/jobs/assistant-professor-computer-science-morgan-state-university-5b9498/index.html', LF will be replaced by CRLF the next time Git touches it
[02:32:52] [INFO]   [stderr] warning: in the working copy of 'docs/jobs/assistant-professor-computer-science-seton-hall-university-e006dc/index.html', LF will be replaced by CRLF the next time Git touches it
[02:32:52] [INFO]   [stderr] warning: in the working copy of 'docs/jobs/assistant-professor-computer-science-tenure-track-bowie-state-university-9d64fa/index.html', LF will be replaced by CRLF the next time Git touches it
[02:32:52] [INFO]   [stderr] warning: in the working copy of 'docs/jobs/assistant-professor-computer-science-umass-boston-dcd07f/index.html', LF will be replaced by CRLF the next time Git touches it
[02:32:52] [INFO]   [stderr] warning: in the working copy of 'docs/jobs/assistant-professor-construction-management-construction-man-brooklyn-college-c4e615/index.html', LF will be replaced by CRLF the next time Git touches it
[02:32:52] [INFO]   [stderr] warning: in the working copy of 'docs/jobs/assistant-professor-consumer-insights-san-diego-state-university-9a5531/index.html', LF will be replaced by CRLF the next time Git touches it
[02:32:52] [INFO]   [stderr] warning: in the working copy of 'docs/jobs/assistant-professor-counseling-murray-state-university-a4a831/index.html', LF will be replaced by CRLF the next time Git touches it
[02:32:52] [INFO]   [stderr] warning: in the working copy of 'docs/jobs/assistant-professor-criminology-and-criminal-justice-university-of-rhode-island-674776/index.html', LF will be replaced by CRLF the next time Git touches it
[02:32:52] [INFO]   [stderr] warning: in the working copy of 'docs/jobs/assistant-professor-data-science-in-computer-science-and-sof-6cb489/index.html', LF will be replaced by CRLF the next time Git touches it
[02:32:52] [INFO]   [stderr] warning: in the working copy of 'docs/jobs/assistant-professor-decision-risk-and-operations-columbia-university-8d4514/index.html', LF will be replaced by CRLF the next time Git touches it
[02:32:52] [INFO]   [stderr] warning: in the working copy of 'docs/jobs/assistant-professor-dental-hygiene-brooklyn-college-7e74a8/index.html', LF will be replaced by CRLF the next time Git touches it
[02:32:52] [INFO]   [stderr] warning: in the working copy of 'docs/jobs/assistant-professor-dental-surgery-suny-upstate-medical-university-1bb8d8/index.html', LF will be replaced by CRLF the next time Git touches it
[02:32:52] [INFO]   [stderr] warning: in the working copy of 'docs/jobs/assistant-professor-department-of-business-law-california-state-university-northridge-6d2324/index.html', LF will be replaced by CRLF the next time Git touches it
[02:32:52] [INFO]   [stderr] warning: in the working copy of 'docs/jobs/assistant-professor-department-of-computer-science-california-state-university-northridge-cca451/index.html', LF will be replaced by CRLF the next time Git touches it
[02:32:52] [INFO]   [stderr] warning: in the working copy of 'docs/jobs/assistant-professor-department-of-environmental-and-global-h-university-of-nevada-las-vegas-e21757/index.html', LF will be replaced by CRLF the next time Git touches it
[02:32:52] [INFO]   [stderr] warning: in the working copy of 'docs/jobs/assistant-professor-department-of-management-california-state-university-northridge-597387/index.html', LF will be replaced by CRLF the next time Git touches it
[02:32:52] [INFO]   [stderr] warning: in the working copy of 'docs/jobs/assistant-professor-department-of-marketing-california-state-university-northridge-9b7476/index.html', LF will be replaced by CRLF the next time Git touches it
[02:32:52] [INFO]   [stderr] warning: in the working copy of 'docs/jobs/assistant-professor-department-of-physical-therapy-california-state-university-northridge-93e505/index.html', LF will be replaced by CRLF the next time Git touches it
[02:32:52] [INFO]   [stderr] warning: in the working copy of 'docs/jobs/assistant-professor-dermatology-mohs-surgery-university-of-rochester-2b8482/index.html', LF will be replaced by CRLF the next time Git touches it
[02:32:52] [INFO]   [stderr] warning: in the working copy of 'docs/jobs/assistant-professor-design-and-game-development-ntta-long-island-university-8108a4/index.html', LF will be replaced by CRLF the next time Git touches it
[02:32:52] [INFO]   [stderr] warning: in the working copy of 'docs/jobs/assistant-professor-director-east-tennessee-state-university-029d13/index.html', LF will be replaced by CRLF the next time Git touches it
[02:32:52] [INFO]   [stderr] warning: in the working copy of 'docs/jobs/assistant-professor-division-of-hand-surgery-university-of-rochester-bb2c8e/index.html', LF will be replaced by CRLF the next time Git touches it
[02:32:52] [INFO]   [stderr] warning: in the working copy of 'docs/jobs/assistant-professor-doctor-of-nursing-practice-dnp-endicott-college-23a72f/index.html', LF will be replaced by CRLF the next time Git touches it
[02:32:52] [INFO]   [stderr] warning: in the working copy of 'docs/jobs/assistant-professor-doctor-of-physical-therapy-program-long-island-university-100a67/index.html', LF will be replaced by CRLF the next time Git touches it
[02:32:52] [INFO]   [stderr] warning: in the working copy of 'docs/jobs/assistant-professor-east-tennessee-state-university-2904ea/index.html', LF will be replaced by CRLF the next time Git touches it
[02:32:52] [INFO]   [stderr] warning: in the working copy of 'docs/jobs/assistant-professor-economics-social-science-brooklyn-college-0382c1/index.html', LF will be replaced by CRLF the next time Git touches it
[02:32:52] [INFO]   [stderr] warning: in the working copy of 'docs/jobs/assistant-professor-educational-psychology-south-dakota-school-of-mines-and-technol-c06129/index.html', LF will be replaced by CRLF the next time Git touches it
[02:32:52] [INFO]   [stderr] warning: in the working copy of 'docs/jobs/assistant-professor-electrical-and-microelectronic-engineeri-rochester-institute-of-technology-83bd03/index.html', LF will be replaced by CRLF the next time Git touches it
[02:32:52] [INFO]   [stderr] warning: in the working copy of 'docs/jobs/assistant-professor-electrical-and-microelectronic-engineeri-rochester-institute-of-technology-b3da26/index.html', LF will be replaced by CRLF the next time Git touches it
[02:32:52] [INFO]   [stderr] warning: in the working copy of 'docs/jobs/assistant-professor-electrical-engineering-power-electronics-colorado-school-of-mines-39e61c/index.html', LF will be replaced by CRLF the next time Git touches it
[02:32:52] [INFO]   [stderr] warning: in the working copy of 'docs/jobs/assistant-professor-emerging-media-arts-film-production-university-of-nebraska-lincoln-11d230/index.html', LF will be replaced by CRLF the next time Git touches it
[02:32:52] [INFO]   [stderr] warning: in the working copy of 'docs/jobs/assistant-professor-emerging-media-arts-storytelling-university-of-nebraska-lincoln-41f74a/index.html', LF will be replaced by CRLF the next time Git touches it
[02:32:52] [INFO]   [stderr] warning: in the working copy of 'docs/jobs/assistant-professor-endourology-university-of-rochester-b57707/index.html', LF will be replaced by CRLF the next time Git touches it
[02:32:52] [INFO]   [stderr] warning: in the working copy of 'docs/jobs/assistant-professor-environmental-and-land-use-law-sog-sch-o-unc-chapel-hill-cfd4ff/index.html', LF will be replaced by CRLF the next time Git touches it
[02:32:52] [INFO]   [stderr] warning: in the working copy of 'docs/jobs/assistant-professor-epilepsy-university-of-rochester-88b2ec/index.html', LF will be replaced by CRLF the next time Git touches it
[02:32:52] [INFO]   [stderr] warning: in the working copy of 'docs/jobs/assistant-professor-epileptologist-rutgers-the-state-university-of-new-jers-770d7e/index.html', LF will be replaced by CRLF the next time Git touches it
[02:32:52] [INFO]   [stderr] warning: in the working copy of 'docs/jobs/assistant-professor-event-sport-management-human-performance-western-michigan-university-f4f677/index.html', LF will be replaced by CRLF the next time Git touches it
[02:32:52] [INFO]   [stderr] warning: in the working copy of 'docs/jobs/assistant-professor-extension-specialist-civic-engagement-an-south-dakota-state-university-ba76d1/index.html', LF will be replaced by CRLF the next time Git touches it
[02:32:52] [INFO]   [stderr] warning: in the working copy of 'docs/jobs/assistant-professor-faculty-dentist-marshall-university-82424a/index.html', LF will be replaced by CRLF the next time Git touches it
[02:32:52] [INFO]   [stderr] warning: in the working copy of 'docs/jobs/assistant-professor-family-and-community-health-marshall-university-280084/index.html', LF will be replaced by CRLF the next time Git touches it
[02:32:52] [INFO]   [stderr] warning: in the working copy of 'docs/jobs/assistant-professor-family-medicine-rutgers-the-state-university-of-new-jers-70b8a1/index.html', LF will be replaced by CRLF the next time Git touches it
[02:32:52] [INFO]   [stderr] warning: in the working copy of 'docs/jobs/assistant-professor-family-medicine-sports-medicine-marshall-university-581b04/index.html', LF will be replaced by CRLF the next time Git touches it
[02:32:52] [INFO]   [stderr] warning: in the working copy of 'docs/jobs/assistant-professor-flhd-tenure-track-southern-utah-university-fc5097/index.html', LF will be replaced by CRLF the next time Git touches it
[02:32:52] [INFO]   [stderr] warning: in the working copy of 'docs/jobs/assistant-professor-florida-atlantic-university-590ae7/index.html', LF will be replaced by CRLF the next time Git touches it
[02:32:52] [INFO]   [stderr] warning: in the working copy of 'docs/jobs/assistant-professor-for-accounting-suny-ulster-619439/index.html', LF will be replaced by CRLF the next time Git touches it
[02:32:52] [INFO]   [stderr] warning: in the working copy of 'docs/jobs/assistant-professor-for-nursing-northeastern-illinois-university-396f1c/index.html', LF will be replaced by CRLF the next time Git touches it
[02:32:52] [INFO]   [stderr] warning: in the working copy of 'docs/jobs/assistant-professor-forensic-psychiatrist-marshall-university-68a86d/index.html', LF will be replaced by CRLF the next time Git touches it
[02:32:52] [INFO]   [stderr] warning: in the working copy of 'docs/jobs/assistant-professor-forest-ecosystem-sustainability-cornell-university-7cde5c/index.html', LF will be replaced by CRLF the next time Git touches it
[02:32:52] [INFO]   [stderr] warning: in the working copy of 'docs/jobs/assistant-professor-fred-newton-endowed-professorship-in-hum-university-of-rhode-island-ef2b43/index.html', LF will be replaced by CRLF the next time Git touches it
[02:32:52] [INFO]   [stderr] warning: in the working copy of 'docs/jobs/assistant-professor-full-time-urogynecology-pelvic-health-university-of-rochester-6feaba/index.html', LF will be replaced by CRLF the next time Git touches it
[02:32:52] [INFO]   [stderr] warning: in the working copy of 'docs/jobs/assistant-professor-general-dermatology-university-of-rochester-4b8c38/index.html', LF will be replaced by CRLF the next time Git touches it
[02:32:52] [INFO]   [stderr] warning: in the working copy of 'docs/jobs/assistant-professor-genetics-mammalian-genetics-university-of-florida-580d7b/index.html', LF will be replaced by CRLF the next time Git touches it
[02:32:52] [INFO]   [stderr] warning: in the working copy of 'docs/jobs/assistant-professor-gerontology-umass-boston-5bcc05/index.html', LF will be replaced by CRLF the next time Git touches it
[02:32:52] [INFO]   [stderr] warning: in the working copy of 'docs/jobs/assistant-professor-gft-neonatology-suny-downstate-health-sciences-universit-764b1c/index.html', LF will be replaced by CRLF the next time Git touches it
[02:32:52] [INFO]   [stderr] warning: in the working copy of 'docs/jobs/assistant-professor-graduate-studies-south-dakota-school-of-mines-and-technol-a12080/index.html', LF will be replaced by CRLF the next time Git touches it
[02:32:52] [INFO]   [stderr] warning: in the working copy of 'docs/jobs/assistant-professor-graphic-design-south-dakota-school-of-mines-and-technol-2c08b5/index.html', LF will be replaced by CRLF the next time Git touches it
[02:32:52] [INFO]   [stderr] warning: in the working copy of 'docs/jobs/assistant-professor-hawaiian-language-and-hawaiian-studies-0-university-of-hawaii-system-285342/index.html', LF will be replaced by CRLF the next time Git touches it
[02:32:52] [INFO]   [stderr] warning: in the working copy of 'docs/jobs/assistant-professor-health-communication-university-of-new-mexico-c86fd5/index.html', LF will be replaced by CRLF the next time Git touches it
[02:32:52] [INFO]   [stderr] warning: in the working copy of 'docs/jobs/assistant-professor-health-policy-health-management-school-o-western-carolina-university-d925f2/index.html', LF will be replaced by CRLF the next time Git touches it
[02:32:52] [INFO]   [stderr] warning: in the working copy of 'docs/jobs/assistant-professor-health-sciences-brooklyn-college-da35d4/index.html', LF will be replaced by CRLF the next time Git touches it
[02:32:52] [INFO]   [stderr] warning: in the working copy of 'docs/jobs/assistant-professor-health-studies-fairleigh-dickinson-university-40bc7f/index.html', LF will be replaced by CRLF the next time Git touches it
[02:32:52] [INFO]   [stderr] warning: in the working copy of 'docs/jobs/assistant-professor-heart-and-vascular-institute-the-pennsylvania-state-university-482073/index.html', LF will be replaced by CRLF the next time Git touches it
[02:32:52] [INFO]   [stderr] warning: in the working copy of 'docs/jobs/assistant-professor-higher-education-umass-boston-229bff/index.html', LF will be replaced by CRLF the next time Git touches it
[02:32:52] [INFO]   [stderr] warning: in the working copy of 'docs/jobs/assistant-professor-hs-clinical-clinical-x-junior-faculty-ne-uc-san-diego-0554cf/index.html', LF will be replaced by CRLF the next time Git touches it
[02:32:52] [INFO]   [stderr] warning: in the working copy of 'docs/jobs/assistant-professor-hs-clinical-electrophysiology-cardiologi-uc-san-diego-808488/index.html', LF will be replaced by CRLF the next time Git touches it
[02:32:52] [INFO]   [stderr] warning: in the working copy of 'docs/jobs/assistant-professor-hudson-valley-columbia-university-9ee5d9/index.html', LF will be replaced by CRLF the next time Git touches it
[02:32:52] [INFO]   [stderr] warning: in the working copy of 'docs/jobs/assistant-professor-iehs-cures-wayne-state-university-08b0ae/index.html', LF will be replaced by CRLF the next time Git touches it
[02:32:52] [INFO]   [stderr] warning: in the working copy of 'docs/jobs/assistant-professor-in-architectural-engineering-california-polytechnic-state-university-3faa7e/index.html', LF will be replaced by CRLF the next time Git touches it
[02:32:52] [INFO]   [stderr] warning: in the working copy of 'docs/jobs/assistant-professor-in-architecture-california-polytechnic-state-university-bfb0c3/index.html', LF will be replaced by CRLF the next time Git touches it
[02:32:52] [INFO]   [stderr] warning: in the working copy of 'docs/jobs/assistant-professor-in-child-and-adolescent-psychiatry-university-of-new-mexico-5ba5ff/index.html', LF will be replaced by CRLF the next time Git touches it
[02:32:52] [INFO]   [stderr] warning: in the working copy of 'docs/jobs/assistant-professor-in-coastal-marine-inland-water-remote-se-university-of-florida-f4ddf9/index.html', LF will be replaced by CRLF the next time Git touches it
[02:32:52] [INFO]   [stderr] warning: in the working copy of 'docs/jobs/assistant-professor-in-comparative-disease-computation-and-a-university-of-georgia-7bcc3e/index.html', LF will be replaced by CRLF the next time Git touches it
[02:32:52] [INFO]   [stderr] warning: in the working copy of 'docs/jobs/assistant-professor-in-computational-and-or-analytical-metab-uc-riverside-5af0cb/index.html', LF will be replaced by CRLF the next time Git touches it
[02:32:52] [INFO]   [stderr] warning: in the working copy of 'docs/jobs/assistant-professor-in-computational-ecology-and-or-evolutio-columbia-university-9fd045/index.html', LF will be replaced by CRLF the next time Git touches it
[02:32:52] [INFO]   [stderr] warning: in the working copy of 'docs/jobs/assistant-professor-in-construction-management-california-polytechnic-state-university-f87b72/index.html', LF will be replaced by CRLF the next time Git touches it
[02:32:52] [INFO]   [stderr] warning: in the working copy of 'docs/jobs/assistant-professor-in-early-childhood-education-chicago-state-university-8c1986/index.html', LF will be replaced by CRLF the next time Git touches it
[02:32:52] [INFO]   [stderr] warning: in the working copy of 'docs/jobs/assistant-professor-in-ecology-and-evolution-of-infectious-d-university-of-florida-28fdbd/index.html', LF will be replaced by CRLF the next time Git touches it
[02:32:52] [INFO]   [stderr] warning: in the working copy of 'docs/jobs/assistant-professor-in-ecosystem-ecology-university-of-georgia-8efe26/index.html', LF will be replaced by CRLF the next time Git touches it
[02:32:52] [INFO]   [stderr] warning: in the working copy of 'docs/jobs/assistant-professor-in-elementary-education-literacy-spanish-california-state-university-fullerton-f62c6c/index.html', LF will be replaced by CRLF the next time Git touches it
[02:32:52] [INFO]   [stderr] warning: in the working copy of 'docs/jobs/assistant-professor-in-environmental-chemistry-uc-riverside-66a789/index.html', LF will be replaced by CRLF the next time Git touches it
[02:32:52] [INFO]   [stderr] warning: in the working copy of 'docs/jobs/assistant-professor-in-finance-university-of-houston-aebe58/index.html', LF will be replaced by CRLF the next time Git touches it
[02:32:52] [INFO]   [stderr] warning: in the working copy of 'docs/jobs/assistant-professor-in-fish-ecophysiology-fisheries-animal-a-university-of-rhode-island-880333/index.html', LF will be replaced by CRLF the next time Git touches it
[02:32:52] [INFO]   [stderr] warning: in the working copy of 'docs/jobs/assistant-professor-in-horticulture-uc-riverside-88a6ef/index.html', LF will be replaced by CRLF the next time Git touches it
[02:32:52] [INFO]   [stderr] warning: in the working copy of 'docs/jobs/assistant-professor-in-housing-management-and-policy-university-of-georgia-8c4e05/index.html', LF will be replaced by CRLF the next time Git touches it
[02:32:52] [INFO]   [stderr] warning: in the working copy of 'docs/jobs/assistant-professor-in-marine-ecology-biological-sciences-university-of-rhode-island-2c0a0b/index.html', LF will be replaced by CRLF the next time Git touches it
[02:32:52] [INFO]   [stderr] warning: in the working copy of 'docs/jobs/assistant-professor-in-marketing-delta-state-university-630214/index.html', LF will be replaced by CRLF the next time Git touches it
[02:32:52] [INFO]   [stderr] warning: in the working copy of 'docs/jobs/assistant-professor-in-materials-science-and-engineering-uc-davis-39bb15/index.html', LF will be replaced by CRLF the next time Git touches it
[02:32:52] [INFO]   [stderr] warning: in the working copy of 'docs/jobs/assistant-professor-in-mathematics-columbia-university-8c1eea/index.html', LF will be replaced by CRLF the next time Git touches it
[02:32:52] [INFO]   [stderr] warning: in the working copy of 'docs/jobs/assistant-professor-in-mechanical-engineering-wildfire-inter-san-jose-state-university-39ed19/index.html', LF will be replaced by CRLF the next time Git touches it
[02:32:52] [INFO]   [stderr] warning: in the working copy of 'docs/jobs/assistant-professor-in-mediterranean-archaeology-university-of-florida-91988e/index.html', LF will be replaced by CRLF the next time Git touches it
[02:32:52] [INFO]   [stderr] warning: in the working copy of 'docs/jobs/assistant-professor-in-neutrino-physics-particle-astrophysic-uc-riverside-be1d9b/index.html', LF will be replaced by CRLF the next time Git touches it
[02:32:52] [INFO]   [stderr] warning: in the working copy of 'docs/jobs/assistant-professor-in-nursing-3443-unc-pembroke-65fefa/index.html', LF will be replaced by CRLF the next time Git touches it
[02:32:52] [INFO]   [stderr] warning: in the working copy of 'docs/jobs/assistant-professor-in-physiology-university-of-georgia-c9f39e/index.html', LF will be replaced by CRLF the next time Git touches it
[02:32:52] [INFO]   [stderr] warning: in the working copy of 'docs/jobs/assistant-professor-in-psychology-school-psychology-california-state-university-chico-428e0a/index.html', LF will be replaced by CRLF the next time Git touches it
[02:32:52] [INFO]   [stderr] warning: in the working copy of 'docs/jobs/assistant-professor-in-pure-mathematics-university-of-new-mexico-5d37a5/index.html', LF will be replaced by CRLF the next time Git touches it
[02:32:52] [INFO]   [stderr] warning: in the working copy of 'docs/jobs/assistant-professor-in-residence-2-positions-in-physiology-a-uc-irvine-b8a03c/index.html', LF will be replaced by CRLF the next time Git touches it
[02:32:52] [INFO]   [stderr] warning: in the working copy of 'docs/jobs/assistant-professor-in-residence-and-basic-course-director-c-university-of-nevada-las-vegas-91701d/index.html', LF will be replaced by CRLF the next time Git touches it
[02:32:52] [INFO]   [stderr] warning: in the working copy of 'docs/jobs/assistant-professor-in-residence-architecture-rhode-island-school-of-design-208438/index.html', LF will be replaced by CRLF the next time Git touches it
[02:32:52] [INFO]   [stderr] warning: in the working copy of 'docs/jobs/assistant-professor-in-residence-college-of-engineering-university-of-nevada-las-vegas-b75465/index.html', LF will be replaced by CRLF the next time Git touches it
[02:32:52] [INFO]   [stderr] warning: in the working copy of 'docs/jobs/assistant-professor-in-residence-department-of-computer-scie-university-of-nevada-las-vegas-a5d786/index.html', LF will be replaced by CRLF the next time Git touches it
[02:32:52] [INFO]   [stderr] warning: in the working copy of 'docs/jobs/assistant-professor-in-residence-department-of-radiological-uc-irvine-e12125/index.html', LF will be replaced by CRLF the next time Git touches it
[02:32:52] [INFO]   [stderr] warning: in the working copy of 'docs/jobs/assistant-professor-in-residence-illustration-university-of-connecticut-9d92d6/index.html', LF will be replaced by CRLF the next time Git touches it
[02:32:52] [INFO]   [stderr] warning: in the working copy of 'docs/jobs/assistant-professor-in-residence-in-professional-practice-an-university-of-nevada-las-vegas-7882d6/index.html', LF will be replaced by CRLF the next time Git touches it
[02:32:52] [INFO]   [stderr] warning: in the working copy of 'docs/jobs/assistant-professor-in-residence-in-the-college-of-sciences-university-of-nevada-las-vegas-8a111f/index.html', LF will be replaced by CRLF the next time Git touches it
[02:32:52] [INFO]   [stderr] warning: in the working copy of 'docs/jobs/assistant-professor-in-residence-neuropathology-and-neurodeg-uc-irvine-29f385/index.html', LF will be replaced by CRLF the next time Git touches it
[02:32:52] [INFO]   [stderr] warning: in the working copy of 'docs/jobs/assistant-professor-in-residence-stamford-university-of-connecticut-538863/index.html', LF will be replaced by CRLF the next time Git touches it
[02:32:52] [INFO]   [stderr] warning: in the working copy of 'docs/jobs/assistant-professor-in-residence-uc-san-francisco-93fc42/index.html', LF will be replaced by CRLF the next time Git touches it
[02:32:52] [INFO]   [stderr] warning: in the working copy of 'docs/jobs/assistant-professor-in-residence-undergraduate-and-internshi-university-of-nevada-las-vegas-e3a936/index.html', LF will be replaced by CRLF the next time Git touches it
[02:32:52] [INFO]   [stderr] warning: in the working copy of 'docs/jobs/assistant-professor-in-residence-university-of-connecticut-ee9647/index.html', LF will be replaced by CRLF the next time Git touches it
[02:32:52] [INFO]   [stderr] warning: in the working copy of 'docs/jobs/assistant-professor-in-science-environment-and-risk-communic-cornell-university-198174/index.html', LF will be replaced by CRLF the next time Git touches it
[02:32:52] [INFO]   [stderr] warning: in the working copy of 'docs/jobs/assistant-professor-in-social-psychology-tenure-track-rutgers-the-state-university-of-new-jers-9dc50c/index.html', LF will be replaced by CRLF the next time Git touches it
[02:32:52] [INFO]   [stderr] warning: in the working copy of 'docs/jobs/assistant-professor-in-the-hscp-series-division-of-general-i-uc-davis-148061/index.html', LF will be replaced by CRLF the next time Git touches it
[02:32:52] [INFO]   [stderr] warning: in the working copy of 'docs/jobs/assistant-professor-in-translational-sciences-university-of-georgia-1204ff/index.html', LF will be replaced by CRLF the next time Git touches it
[02:32:52] [INFO]   [stderr] warning: in the working copy of 'docs/jobs/assistant-professor-in-water-resources-engineering-university-of-maryland-college-park-5241ee/index.html', LF will be replaced by CRLF the next time Git touches it
[02:32:52] [INFO]   [stderr] warning: in the working copy of 'docs/jobs/assistant-professor-indiana-university-99af08/index.html', LF will be replaced by CRLF the next time Git touches it
[02:32:52] [INFO]   [stderr] warning: in the working copy of 'docs/jobs/assistant-professor-indiana-university-9dff03/index.html', LF will be replaced by CRLF the next time Git touches it
[02:32:52] [INFO]   [stderr] warning: in the working copy of 'docs/jobs/assistant-professor-industrial-and-entrepreneurial-engineeri-western-michigan-university-b4cac2/index.html', LF will be replaced by CRLF the next time Git touches it
[02:32:52] [INFO]   [stderr] warning: in the working copy of 'docs/jobs/assistant-professor-industrial-engineering-morgan-state-university-5122b7/index.html', LF will be replaced by CRLF the next time Git touches it
[02:32:52] [INFO]   [stderr] warning: in the working copy of 'docs/jobs/assistant-professor-industry-professional-nursing-st-john-s-university-32cfd4/index.html', LF will be replaced by CRLF the next time Git touches it
[02:32:52] [INFO]   [stderr] warning: in the working copy of 'docs/jobs/assistant-professor-infectious-diseases-pharmacotherapy-depa-wayne-state-university-1c1a26/index.html', LF will be replaced by CRLF the next time Git touches it
[02:32:52] [INFO]   [stderr] warning: in the working copy of 'docs/jobs/assistant-professor-information-systems-baruch-college-a9f24f/index.html', LF will be replaced by CRLF the next time Git touches it
[02:32:52] [INFO]   [stderr] warning: in the working copy of 'docs/jobs/assistant-professor-information-systems-morgan-state-university-3e9fdf/index.html', LF will be replaced by CRLF the next time Git touches it
[02:32:52] [INFO]   [stderr] warning: in the working copy of 'docs/jobs/assistant-professor-insect-ecologist-university-of-georgia-42ae45/index.html', LF will be replaced by CRLF the next time Git touches it
[02:32:52] [INFO]   [stderr] warning: in the working copy of 'docs/jobs/assistant-professor-instruction-and-open-strategies-libraria-montana-state-university-ca9441/index.html', LF will be replaced by CRLF the next time Git touches it
[02:32:52] [INFO]   [stderr] warning: in the working copy of 'docs/jobs/assistant-professor-interior-design-school-of-art-and-design-western-carolina-university-ee17cc/index.html', LF will be replaced by CRLF the next time Git touches it
[02:32:52] [INFO]   [stderr] warning: in the working copy of 'docs/jobs/assistant-professor-journalism-and-mass-communications-murray-state-university-30070e/index.html', LF will be replaced by CRLF the next time Git touches it
[02:32:52] [INFO]   [stderr] warning: in the working copy of 'docs/jobs/assistant-professor-kinesiology-auburn-university-at-montgomery-900d95/index.html', LF will be replaced by CRLF the next time Git touches it
[02:32:52] [INFO]   [stderr] warning: in the working copy of 'docs/jobs/assistant-professor-kinesiology-university-of-nebraska-omaha-2c779c/index.html', LF will be replaced by CRLF the next time Git touches it
[02:32:52] [INFO]   [stderr] warning: in the working copy of 'docs/jobs/assistant-professor-korean-studies-university-at-buffalo-suny-1271d3/index.html', LF will be replaced by CRLF the next time Git touches it
[02:32:52] [INFO]   [stderr] warning: in the working copy of 'docs/jobs/assistant-professor-ladder-in-residence-health-services-rese-uc-san-diego-c848b1/index.html', LF will be replaced by CRLF the next time Git touches it
[02:32:52] [INFO]   [stderr] warning: in the working copy of 'docs/jobs/assistant-professor-ladder-in-residence-neuropathologist-sci-uc-san-diego-e20bfd/index.html', LF will be replaced by CRLF the next time Git touches it
[02:32:52] [INFO]   [stderr] warning: in the working copy of 'docs/jobs/assistant-professor-landscape-architecture-and-planning-2-po-university-of-rhode-island-3c1c95/index.html', LF will be replaced by CRLF the next time Git touches it
[02:32:52] [INFO]   [stderr] warning: in the working copy of 'docs/jobs/assistant-professor-landscape-architecture-beginning-design-e62a0b/index.html', LF will be replaced by CRLF the next time Git touches it
[02:32:52] [INFO]   [stderr] warning: in the working copy of 'docs/jobs/assistant-professor-landscape-architecture-north-carolina-a-and-t-state-university-f8bbb4/index.html', LF will be replaced by CRLF the next time Git touches it
[02:32:52] [INFO]   [stderr] warning: in the working copy of 'docs/jobs/assistant-professor-landscape-architecture-resilient-design-9a17ce/index.html', LF will be replaced by CRLF the next time Git touches it
[02:32:52] [INFO]   [stderr] warning: in the working copy of 'docs/jobs/assistant-professor-landscape-based-approaches-to-climate-re-cornell-university-c72bcf/index.html', LF will be replaced by CRLF the next time Git touches it
[02:32:52] [INFO]   [stderr] warning: in the working copy of 'docs/jobs/assistant-professor-large-animal-surgery-uw-madison-c70126/index.html', LF will be replaced by CRLF the next time Git touches it
[02:32:52] [INFO]   [stderr] warning: in the working copy of 'docs/jobs/assistant-professor-latinx-politics-communities-department-o-hunter-college-8fac8d/index.html', LF will be replaced by CRLF the next time Git touches it
[02:32:52] [INFO]   [stderr] warning: in the working copy of 'docs/jobs/assistant-professor-lead-evaluator-marshall-university-f5bcfd/index.html', LF will be replaced by CRLF the next time Git touches it
[02:32:52] [INFO]   [stderr] warning: in the working copy of 'docs/jobs/assistant-professor-limited-term-columbia-university-2415a5/index.html', LF will be replaced by CRLF the next time Git touches it
[02:32:52] [INFO]   [stderr] warning: in the working copy of 'docs/jobs/assistant-professor-linguistics-signed-language-interpreting-university-of-new-mexico-f41f89/index.html', LF will be replaced by CRLF the next time Git touches it
[02:32:52] [INFO]   [stderr] warning: in the working copy of 'docs/jobs/assistant-professor-long-island-university-94d225/index.html', LF will be replaced by CRLF the next time Git touches it
[02:32:52] [INFO]   [stderr] warning: in the working copy of 'docs/jobs/assistant-professor-m-s-in-cognitive-neuroscience-graduate-center-093de8/index.html', LF will be replaced by CRLF the next time Git touches it
[02:32:52] [INFO]   [stderr] warning: in the working copy of 'docs/jobs/assistant-professor-management-and-leadership-monmouth-university-46f4e0/index.html', LF will be replaced by CRLF the next time Git touches it
[02:32:52] [INFO]   [stderr] warning: in the working copy of 'docs/jobs/assistant-professor-management-south-dakota-school-of-mines-and-technol-f1bb69/index.html', LF will be replaced by CRLF the next time Git touches it
[02:32:52] [INFO]   [stderr] warning: in the working copy of 'docs/jobs/assistant-professor-marketing-columbia-university-4cefd3/index.html', LF will be replaced by CRLF the next time Git touches it
[02:32:52] [INFO]   [stderr] warning: in the working copy of 'docs/jobs/assistant-professor-marshall-university-19e8cf/index.html', LF will be replaced by CRLF the next time Git touches it
[02:32:52] [INFO]   [stderr] warning: in the working copy of 'docs/jobs/assistant-professor-marshall-university-2ec9a9/index.html', LF will be replaced by CRLF the next time Git touches it
[02:32:52] [INFO]   [stderr] warning: in the working copy of 'docs/jobs/assistant-professor-marshall-university-6541c8/index.html', LF will be replaced by CRLF the next time Git touches it
[02:32:52] [INFO]   [stderr] warning: in the working copy of 'docs/jobs/assistant-professor-marshall-university-6949ea/index.html', LF will be replaced by CRLF the next time Git touches it
[02:32:52] [INFO]   [stderr] warning: in the working copy of 'docs/jobs/assistant-professor-marshall-university-93fce5/index.html', LF will be replaced by CRLF the next time Git touches it
[02:32:52] [INFO]   [stderr] warning: in the working copy of 'docs/jobs/assistant-professor-marshall-university-cae4ee/index.html', LF will be replaced by CRLF the next time Git touches it
[02:32:52] [INFO]   [stderr] warning: in the working copy of 'docs/jobs/assistant-professor-master-of-physician-assistant-studies-trine-university-regional-non-traditiona-7e4a49/index.html', LF will be replaced by CRLF the next time Git touches it
[02:32:52] [INFO]   [stderr] warning: in the working copy of 'docs/jobs/assistant-professor-maternal-fetal-medicine-ob-gyn-rutgers-the-state-university-of-new-jers-3f479c/index.html', LF will be replaced by CRLF the next time Git touches it
[02:32:52] [INFO]   [stderr] warning: in the working copy of 'docs/jobs/assistant-professor-maternal-fetal-medicine-university-of-rochester-01b913/index.html', LF will be replaced by CRLF the next time Git touches it
[02:32:52] [INFO]   [stderr] warning: in the working copy of 'docs/jobs/assistant-professor-mathematics-and-computer-sciences-depart-bronx-community-college-cbfa9b/index.html', LF will be replaced by CRLF the next time Git touches it
[02:32:52] [INFO]   [stderr] warning: in the working copy of 'docs/jobs/assistant-professor-mathematics-statistics-suny-cortland-615012/index.html', LF will be replaced by CRLF the next time Git touches it
[02:32:52] [INFO]   [stderr] warning: in the working copy of 'docs/jobs/assistant-professor-mathematics-umass-boston-668077/index.html', LF will be replaced by CRLF the next time Git touches it
[02:32:52] [INFO]   [stderr] warning: in the working copy of 'docs/jobs/assistant-professor-mechanical-engineering-and-engineering-s-unc-charlotte-1f0c22/index.html', LF will be replaced by CRLF the next time Git touches it
[02:32:52] [INFO]   [stderr] warning: in the working copy of 'docs/jobs/assistant-professor-mechanical-engineering-faculty-ay-8e65a3/index.html', LF will be replaced by CRLF the next time Git touches it
[02:32:52] [INFO]   [stderr] warning: in the working copy of 'docs/jobs/assistant-professor-mechanical-engineering-technology-brooklyn-college-0f6f90/index.html', LF will be replaced by CRLF the next time Git touches it
[02:32:52] [INFO]   [stderr] warning: in the working copy of 'docs/jobs/assistant-professor-mechanical-engineering-tenure-track-city-college-fc78dd/index.html', LF will be replaced by CRLF the next time Git touches it
[02:32:52] [INFO]   [stderr] warning: in the working copy of 'docs/jobs/assistant-professor-mechanical-engineering-wayne-state-university-af1aa2/index.html', LF will be replaced by CRLF the next time Git touches it
[02:32:52] [INFO]   [stderr] warning: in the working copy of 'docs/jobs/assistant-professor-medicinal-chemistry-chicago-state-university-8049ce/index.html', LF will be replaced by CRLF the next time Git touches it
[02:32:52] [INFO]   [stderr] warning: in the working copy of 'docs/jobs/assistant-professor-modern-korean-history-northeastern-university-c90c86/index.html', LF will be replaced by CRLF the next time Git touches it
[02:32:52] [INFO]   [stderr] warning: in the working copy of 'docs/jobs/assistant-professor-music-musicology-san-jose-state-university-44d26f/index.html', LF will be replaced by CRLF the next time Git touches it
[02:32:52] [INFO]   [stderr] warning: in the working copy of 'docs/jobs/assistant-professor-native-american-studies-maxwell-museum-university-of-new-mexico-38c334/index.html', LF will be replaced by CRLF the next time Git touches it
[02:32:52] [INFO]   [stderr] warning: in the working copy of 'docs/jobs/assistant-professor-natural-resources-and-environ-design-north-carolina-a-and-t-state-university-e906d4/index.html', LF will be replaced by CRLF the next time Git touches it
[02:32:52] [INFO]   [stderr] warning: in the working copy of 'docs/jobs/assistant-professor-neuroimmunology-university-of-rochester-e9a710/index.html', LF will be replaced by CRLF the next time Git touches it
[02:32:52] [INFO]   [stderr] warning: in the working copy of 'docs/jobs/assistant-professor-neurologist-with-completion-of-neuromusc-marshall-university-1d30de/index.html', LF will be replaced by CRLF the next time Git touches it
[02:32:52] [INFO]   [stderr] warning: in the working copy of 'docs/jobs/assistant-professor-neuromuscular-disease-center-university-of-rochester-275518/index.html', LF will be replaced by CRLF the next time Git touches it
[02:32:52] [INFO]   [stderr] warning: in the working copy of 'docs/jobs/assistant-professor-neuromuscular-disease-center-university-of-rochester-bebaee/index.html', LF will be replaced by CRLF the next time Git touches it
[02:32:52] [INFO]   [stderr] warning: in the working copy of 'docs/jobs/assistant-professor-neuropalliative-care-university-of-rochester-41f1ea/index.html', LF will be replaced by CRLF the next time Git touches it
[02:32:52] [INFO]   [stderr] warning: in the working copy of 'docs/jobs/assistant-professor-neuropalliative-care-university-of-rochester-44214a/index.html', LF will be replaced by CRLF the next time Git touches it
[02:32:52] [INFO]   [stderr] warning: in the working copy of 'docs/jobs/assistant-professor-north-carolina-central-university-1b316d/index.html', LF will be replaced by CRLF the next time Git touches it
[02:32:52] [INFO]   [stderr] warning: in the working copy of 'docs/jobs/assistant-professor-north-carolina-central-university-b78444/index.html', LF will be replaced by CRLF the next time Git touches it
[02:32:52] [INFO]   [stderr] warning: in the working copy of 'docs/jobs/assistant-professor-north-carolina-central-university-d8a19c/index.html', LF will be replaced by CRLF the next time Git touches it
[02:32:52] [INFO]   [stderr] warning: in the working copy of 'docs/jobs/assistant-professor-north-carolina-central-university-f3d5ab/index.html', LF will be replaced by CRLF the next time Git touches it
[02:32:52] [INFO]   [stderr] warning: in the working copy of 'docs/jobs/assistant-professor-north-dakota-state-university-c69972/index.html', LF will be replaced by CRLF the next time Git touches it
[02:32:52] [INFO]   [stderr] warning: in the working copy of 'docs/jobs/assistant-professor-ntta-and-program-director-long-island-university-dddee6/index.html', LF will be replaced by CRLF the next time Git touches it
[02:32:52] [INFO]   [stderr] warning: in the working copy of 'docs/jobs/assistant-professor-ntta-and-program-director-long-island-university-e35d20/index.html', LF will be replaced by CRLF the next time Git touches it
[02:32:52] [INFO]   [stderr] warning: in the working copy of 'docs/jobs/assistant-professor-ntta-long-island-university-119611/index.html', LF will be replaced by CRLF the next time Git touches it
[02:32:52] [INFO]   [stderr] warning: in the working copy of 'docs/jobs/assistant-professor-ntta-long-island-university-24dfb5/index.html', LF will be replaced by CRLF the next time Git touches it
[02:32:52] [INFO]   [stderr] warning: in the working copy of 'docs/jobs/assistant-professor-ntta-long-island-university-3733c9/index.html', LF will be replaced by CRLF the next time Git touches it
[02:32:52] [INFO]   [stderr] warning: in the working copy of 'docs/jobs/assistant-professor-ntta-long-island-university-3d717e/index.html', LF will be replaced by CRLF the next time Git touches it
[02:32:52] [INFO]   [stderr] warning: in the working copy of 'docs/jobs/assistant-professor-nursing-3-positions-dean-nursing-university-of-rhode-island-292adc/index.html', LF will be replaced by CRLF the next time Git touches it
[02:32:52] [INFO]   [stderr] warning: in the working copy of 'docs/jobs/assistant-professor-nursing-bronx-community-college-fcf40b/index.html', LF will be replaced by CRLF the next time Git touches it
[02:32:52] [INFO]   [stderr] warning: in the working copy of 'docs/jobs/assistant-professor-nursing-community-public-health-dean-nur-university-of-rhode-island-f20913/index.html', LF will be replaced by CRLF the next time Git touches it
[02:32:52] [INFO]   [stderr] warning: in the working copy of 'docs/jobs/assistant-professor-nursing-masters-of-science-family-nurse-suny-finger-lakes-community-college-198aaf/index.html', LF will be replaced by CRLF the next time Git touches it
[02:32:52] [INFO]   [stderr] warning: in the working copy of 'docs/jobs/assistant-professor-nursing-monmouth-university-20185e/index.html', LF will be replaced by CRLF the next time Git touches it
[02:32:52] [INFO]   [stderr] warning: in the working copy of 'docs/jobs/assistant-professor-nursing-palliative-care-dean-nursing-university-of-rhode-island-675df6/index.html', LF will be replaced by CRLF the next time Git touches it
[02:32:52] [INFO]   [stderr] warning: in the working copy of 'docs/jobs/assistant-professor-nursing-school-of-nursing-western-carolina-university-084c7a/index.html', LF will be replaced by CRLF the next time Git touches it
[02:32:52] [INFO]   [stderr] warning: in the working copy of 'docs/jobs/assistant-professor-nursing-university-of-houston-ee338e/index.html', LF will be replaced by CRLF the next time Git touches it
[02:32:52] [INFO]   [stderr] warning: in the working copy of 'docs/jobs/assistant-professor-nursing-university-of-michigan-d5cfb3/index.html', LF will be replaced by CRLF the next time Git touches it
[02:32:52] [INFO]   [stderr] warning: in the working copy of 'docs/jobs/assistant-professor-nursing-william-paterson-university-ea51fd/index.html', LF will be replaced by CRLF the next time Git touches it
[02:32:52] [INFO]   [stderr] warning: in the working copy of 'docs/jobs/assistant-professor-oakland-university-732faf/index.html', LF will be replaced by CRLF the next time Git touches it
[02:32:52] [INFO]   [stderr] warning: in the working copy of 'docs/jobs/assistant-professor-oakland-university-db57e0/index.html', LF will be replaced by CRLF the next time Git touches it
[02:32:52] [INFO]   [stderr] warning: in the working copy of 'docs/jobs/assistant-professor-oakland-university-f8c4f0/index.html', LF will be replaced by CRLF the next time Git touches it
[02:32:52] [INFO]   [stderr] warning: in the working copy of 'docs/jobs/assistant-professor-obstetrics-and-gynecology-female-pelvic-marshall-university-7407c1/index.html', LF will be replaced by CRLF the next time Git touches it
[02:32:52] [INFO]   [stderr] warning: in the working copy of 'docs/jobs/assistant-professor-obstetrics-and-gynecology-marshall-university-7ac446/index.html', LF will be replaced by CRLF the next time Git touches it
[02:32:52] [INFO]   [stderr] warning: in the working copy of 'docs/jobs/assistant-professor-obstetrics-and-gynecology-reproductive-e-marshall-university-21fec0/index.html', LF will be replaced by CRLF the next time Git touches it
[02:32:52] [INFO]   [stderr] warning: in the working copy of 'docs/jobs/assistant-professor-of-2d-studio-art-chicago-state-university-e0dc19/index.html', LF will be replaced by CRLF the next time Git touches it
[02:32:52] [INFO]   [stderr] warning: in the working copy of 'docs/jobs/assistant-professor-of-a-i-san-diego-state-university-85ea01/index.html', LF will be replaced by CRLF the next time Git touches it
[02:32:52] [INFO]   [stderr] warning: in the working copy of 'docs/jobs/assistant-professor-of-aba-and-special-education-hofstra-university-585f89/index.html', LF will be replaced by CRLF the next time Git touches it
[02:32:52] [INFO]   [stderr] warning: in the working copy of 'docs/jobs/assistant-professor-of-accounting-and-finance-california-state-university-east-bay-0e86c9/index.html', LF will be replaced by CRLF the next time Git touches it
[02:32:52] [INFO]   [stderr] warning: in the working copy of 'docs/jobs/assistant-professor-of-accounting-and-finance-california-state-university-east-bay-d9fdd5/index.html', LF will be replaced by CRLF the next time Git touches it
[02:32:52] [INFO]   [stderr] warning: in the working copy of 'docs/jobs/assistant-professor-of-accounting-chicago-state-university-ad65d1/index.html', LF will be replaced by CRLF the next time Git touches it
[02:32:52] [INFO]   [stderr] warning: in the working copy of 'docs/jobs/assistant-professor-of-accounting-oakland-university-7aa420/index.html', LF will be replaced by CRLF the next time Git touches it
[02:32:52] [INFO]   [stderr] warning: in the working copy of 'docs/jobs/assistant-professor-of-accounting-university-of-nebraska-omaha-69db54/index.html', LF will be replaced by CRLF the next time Git touches it
[02:32:52] [INFO]   [stderr] warning: in the working copy of 'docs/jobs/assistant-professor-of-adolescence-mathematics-education-suny-finger-lakes-community-college-8547a4/index.html', LF will be replaced by CRLF the next time Git touches it
[02:32:52] [INFO]   [stderr] warning: in the working copy of 'docs/jobs/assistant-professor-of-advanced-educational-studies-special-california-state-university-bakersfield-94b975/index.html', LF will be replaced by CRLF the next time Git touches it
[02:32:52] [INFO]   [stderr] warning: in the working copy of 'docs/jobs/assistant-professor-of-african-american-african-diasporic-an-uc-davis-30312e/index.html', LF will be replaced by CRLF the next time Git touches it
[02:32:52] [INFO]   [stderr] warning: in the working copy of 'docs/jobs/assistant-professor-of-africana-studies-california-state-university-long-beach-28c5e9/index.html', LF will be replaced by CRLF the next time Git touches it
[02:32:52] [INFO]   [stderr] warning: in the working copy of 'docs/jobs/assistant-professor-of-american-indian-education-university-of-new-mexico-d0c607/index.html', LF will be replaced by CRLF the next time Git touches it
[02:32:52] [INFO]   [stderr] warning: in the working copy of 'docs/jobs/assistant-professor-of-american-politics-city-college-93c810/index.html', LF will be replaced by CRLF the next time Git touches it
[02:32:52] [INFO]   [stderr] warning: in the working copy of 'docs/jobs/assistant-professor-of-anesthesiology-at-cumc-columbia-university-4984f8/index.html', LF will be replaced by CRLF the next time Git touches it
[02:32:52] [INFO]   [stderr] warning: in the working copy of 'docs/jobs/assistant-professor-of-art-and-design-graphic-design-and-int-california-state-university-east-bay-51cc26/index.html', LF will be replaced by CRLF the next time Git touches it
[02:32:52] [INFO]   [stderr] warning: in the working copy of 'docs/jobs/assistant-professor-of-art-and-design-graphic-design-and-int-california-state-university-east-bay-feb5c7/index.html', LF will be replaced by CRLF the next time Git touches it
[02:32:52] [INFO]   [stderr] warning: in the working copy of 'docs/jobs/assistant-professor-of-art-and-foundations-area-coordinator-university-of-new-mexico-3972df/index.html', LF will be replaced by CRLF the next time Git touches it
[02:32:52] [INFO]   [stderr] warning: in the working copy of 'docs/jobs/assistant-professor-of-art-education-university-of-new-mexico-4c1a7d/index.html', LF will be replaced by CRLF the next time Git touches it
[02:32:52] [INFO]   [stderr] warning: in the working copy of 'docs/jobs/assistant-professor-of-art-foundation-california-state-university-long-beach-3486ed/index.html', LF will be replaced by CRLF the next time Git touches it
[02:32:52] [INFO]   [stderr] warning: in the working copy of 'docs/jobs/assistant-professor-of-art-foundation-suny-new-paltz-03fac0/index.html', LF will be replaced by CRLF the next time Git touches it
[02:32:52] [INFO]   [stderr] warning: in the working copy of 'docs/jobs/assistant-professor-of-art-foundation-suny-new-paltz-1e60f2/index.html', LF will be replaced by CRLF the next time Git touches it
[02:32:52] [INFO]   [stderr] warning: in the working copy of 'docs/jobs/assistant-professor-of-art-history-chicago-state-university-832bd8/index.html', LF will be replaced by CRLF the next time Git touches it
[02:32:52] [INFO]   [stderr] warning: in the working copy of 'docs/jobs/assistant-professor-of-art-history-suny-new-paltz-0ff285/index.html', LF will be replaced by CRLF the next time Git touches it
[02:32:52] [INFO]   [stderr] warning: in the working copy of 'docs/jobs/assistant-professor-of-art-history-suny-new-paltz-cb0438/index.html', LF will be replaced by CRLF the next time Git touches it
[02:32:52] [INFO]   [stderr] warning: in the working copy of 'docs/jobs/assistant-professor-of-art-two-year-mellon-postdoctoral-fell-grinnell-college-3155ce/index.html', LF will be replaced by CRLF the next time Git touches it
[02:32:52] [INFO]   [stderr] warning: in the working copy of 'docs/jobs/assistant-professor-of-arts-management-music-industry-college-of-charleston-f077be/index.html', LF will be replaced by CRLF the next time Git touches it
[02:32:52] [INFO]   [stderr] warning: in the working copy of 'docs/jobs/assistant-professor-of-audiology-in-otolaryngology-head-and-columbia-university-0d823e/index.html', LF will be replaced by CRLF the next time Git touches it
[02:32:52] [INFO]   [stderr] warning: in the working copy of 'docs/jobs/assistant-professor-of-big-data-science-department-of-health-university-of-nevada-las-vegas-a22f4a/index.html', LF will be replaced by CRLF the next time Git touches it
[02:32:52] [INFO]   [stderr] warning: in the working copy of 'docs/jobs/assistant-professor-of-biochemistry-protein-homeostasis-umass-amherst-1a5170/index.html', LF will be replaced by CRLF the next time Git touches it
[02:32:52] [INFO]   [stderr] warning: in the working copy of 'docs/jobs/assistant-professor-of-biochemistry-uw-institute-for-protein-university-of-washington-b5c303/index.html', LF will be replaced by CRLF the next time Git touches it
[02:32:52] [INFO]   [stderr] warning: in the working copy of 'docs/jobs/assistant-professor-of-bioengineering-uc-santa-barbara-081ea7/index.html', LF will be replaced by CRLF the next time Git touches it
[02:32:52] [INFO]   [stderr] warning: in the working copy of 'docs/jobs/assistant-professor-of-bioethics-and-humanities-suny-upstate-medical-university-7e01a6/index.html', LF will be replaced by CRLF the next time Git touches it
[02:32:52] [INFO]   [stderr] warning: in the working copy of 'docs/jobs/assistant-professor-of-biology-tenure-track-comparative-or-q-city-college-235b64/index.html', LF will be replaced by CRLF the next time Git touches it
[02:32:52] [INFO]   [stderr] warning: in the working copy of 'docs/jobs/assistant-professor-of-biomedical-engineering-city-college-a063da/index.html', LF will be replaced by CRLF the next time Git touches it
[02:32:52] [INFO]   [stderr] warning: in the working copy of 'docs/jobs/assistant-professor-of-biomedical-science-florida-institute-of-technology-9f2309/index.html', LF will be replaced by CRLF the next time Git touches it
[02:32:52] [INFO]   [stderr] warning: in the working copy of 'docs/jobs/assistant-professor-of-business-analytics-indiana-state-university-893398/index.html', LF will be replaced by CRLF the next time Git touches it
[02:32:52] [INFO]   [stderr] warning: in the working copy of 'docs/jobs/assistant-professor-of-business-oberlin-college-e8df64/index.html', LF will be replaced by CRLF the next time Git touches it
[02:32:52] [INFO]   [stderr] warning: in the working copy of 'docs/jobs/assistant-professor-of-cardiovascular-medicine-advanced-hear-marshall-university-fb253c/index.html', LF will be replaced by CRLF the next time Git touches it
[02:32:52] [INFO]   [stderr] warning: in the working copy of 'docs/jobs/assistant-professor-of-chemistry-bethel-university-82a830/index.html', LF will be replaced by CRLF the next time Git touches it
[02:32:52] [INFO]   [stderr] warning: in the working copy of 'docs/jobs/assistant-professor-of-chemistry-valencia-campus-university-of-new-mexico-8f6377/index.html', LF will be replaced by CRLF the next time Git touches it
[02:32:52] [INFO]   [stderr] warning: in the working copy of 'docs/jobs/assistant-professor-of-child-development-california-state-university-stanislaus-o-391824/index.html', LF will be replaced by CRLF the next time Git touches it
[02:32:52] [INFO]   [stderr] warning: in the working copy of 'docs/jobs/assistant-professor-of-cinematography-california-state-university-long-beach-c3987a/index.html', LF will be replaced by CRLF the next time Git touches it
[02:32:52] [INFO]   [stderr] warning: in the working copy of 'docs/jobs/assistant-professor-of-civil-and-environmental-engineering-e-south-dakota-school-of-mines-and-technol-90efe4/index.html', LF will be replaced by CRLF the next time Git touches it
[02:32:52] [INFO]   [stderr] warning: in the working copy of 'docs/jobs/assistant-professor-of-clinical-2-university-of-rochester-44d26b/index.html', LF will be replaced by CRLF the next time Git touches it
[02:32:52] [INFO]   [stderr] warning: in the working copy of 'docs/jobs/assistant-professor-of-clinical-3-university-of-rochester-cd0a43/index.html', LF will be replaced by CRLF the next time Git touches it
[02:32:52] [INFO]   [stderr] warning: in the working copy of 'docs/jobs/assistant-professor-of-clinical-5-tar-university-of-rochester-d80e1e/index.html', LF will be replaced by CRLF the next time Git touches it
[02:32:52] [INFO]   [stderr] warning: in the working copy of 'docs/jobs/assistant-professor-of-clinical-6-university-of-rochester-6949f7/index.html', LF will be replaced by CRLF the next time Git touches it
[02:32:52] [INFO]   [stderr] warning: in the working copy of 'docs/jobs/assistant-professor-of-clinical-7-university-of-rochester-a060fb/index.html', LF will be replaced by CRLF the next time Git touches it
[02:32:52] [INFO]   [stderr] warning: in the working copy of 'docs/jobs/assistant-professor-of-clinical-anesthesiology-cvt-university-of-miami-7af30f/index.html', LF will be replaced by CRLF the next time Git touches it
[02:32:52] [INFO]   [stderr] warning: in the working copy of 'docs/jobs/assistant-professor-of-clinical-anesthesiology-regional-gene-university-of-miami-77869c/index.html', LF will be replaced by CRLF the next time Git touches it
[02:32:52] [INFO]   [stderr] warning: in the working copy of 'docs/jobs/assistant-professor-of-clinical-anesthesiology-regional-university-of-miami-b98b68/index.html', LF will be replaced by CRLF the next time Git touches it
[02:32:53] [INFO]   [stderr] warning: in the working copy of 'docs/jobs/assistant-professor-of-clinical-dentistry-ccc-plus-university-of-rochester-1ce333/index.html', LF will be replaced by CRLF the next time Git touches it
[02:32:53] [INFO]   [stderr] warning: in the working copy of 'docs/jobs/assistant-professor-of-clinical-dentistry-ccc-spec-care-or-f-university-of-rochester-8e1a1b/index.html', LF will be replaced by CRLF the next time Git touches it
[02:32:53] [INFO]   [stderr] warning: in the working copy of 'docs/jobs/assistant-professor-of-clinical-medical-oncology-genitourina-university-of-miami-827602/index.html', LF will be replaced by CRLF the next time Git touches it
[02:32:53] [INFO]   [stderr] warning: in the working copy of 'docs/jobs/assistant-professor-of-clinical-medicine-clinical-cardiology-university-of-rochester-c09c67/index.html', LF will be replaced by CRLF the next time Git touches it
[02:32:53] [INFO]   [stderr] warning: in the working copy of 'docs/jobs/assistant-professor-of-clinical-medicine-geriatrics-and-gero-university-of-miami-8c6057/index.html', LF will be replaced by CRLF the next time Git touches it
[02:32:53] [INFO]   [stderr] warning: in the working copy of 'docs/jobs/assistant-professor-of-clinical-medicine-hospital-medicine-university-of-miami-6acd58/index.html', LF will be replaced by CRLF the next time Git touches it
[02:32:53] [INFO]   [stderr] warning: in the working copy of 'docs/jobs/assistant-professor-of-clinical-medicine-infectious-disease-university-of-miami-7c400f/index.html', LF will be replaced by CRLF the next time Git touches it
[02:32:53] [INFO]   [stderr] warning: in the working copy of 'docs/jobs/assistant-professor-of-clinical-medicine-transplant-pulmonar-university-of-miami-79a236/index.html', LF will be replaced by CRLF the next time Git touches it
[02:32:53] [INFO]   [stderr] warning: in the working copy of 'docs/jobs/assistant-professor-of-clinical-neurology-general-headache-m-university-of-rochester-bf4dbf/index.html', LF will be replaced by CRLF the next time Git touches it
[02:32:53] [INFO]   [stderr] warning: in the working copy of 'docs/jobs/assistant-professor-of-clinical-neurology-headache-medicine-university-of-rochester-da443f/index.html', LF will be replaced by CRLF the next time Git touches it
[02:32:53] [INFO]   [stderr] warning: in the working copy of 'docs/jobs/assistant-professor-of-clinical-neurology-sleep-medicine-university-of-rochester-4b64d3/index.html', LF will be replaced by CRLF the next time Git touches it
[02:32:53] [INFO]   [stderr] warning: in the working copy of 'docs/jobs/assistant-professor-of-clinical-neurosurgery-university-of-rochester-9d62d5/index.html', LF will be replaced by CRLF the next time Git touches it
[02:32:53] [INFO]   [stderr] warning: in the working copy of 'docs/jobs/assistant-professor-of-clinical-nursing-2-university-of-rochester-c97367/index.html', LF will be replaced by CRLF the next time Git touches it
[02:32:53] [INFO]   [stderr] warning: in the working copy of 'docs/jobs/assistant-professor-of-clinical-nursing-tar-university-of-rochester-4bfa95/index.html', LF will be replaced by CRLF the next time Git touches it
[02:32:53] [INFO]   [stderr] warning: in the working copy of 'docs/jobs/assistant-professor-of-clinical-obgyn-labor-and-delivery-university-of-miami-bdaa69/index.html', LF will be replaced by CRLF the next time Git touches it
[02:32:53] [INFO]   [stderr] warning: in the working copy of 'docs/jobs/assistant-professor-of-clinical-orthopaedics-joints-university-of-miami-aed1c0/index.html', LF will be replaced by CRLF the next time Git touches it
[02:32:53] [INFO]   [stderr] warning: in the working copy of 'docs/jobs/assistant-professor-of-clinical-orthopaedics-regional-orthop-university-of-rochester-aa3aa1/index.html', LF will be replaced by CRLF the next time Git touches it
[02:32:53] [INFO]   [stderr] warning: in the working copy of 'docs/jobs/assistant-professor-of-clinical-pediatrics-hospitalists-university-of-miami-43fe76/index.html', LF will be replaced by CRLF the next time Git touches it
[02:32:53] [INFO]   [stderr] warning: in the working copy of 'docs/jobs/assistant-professor-of-clinical-pediatrics-infectious-diseas-university-of-miami-450107/index.html', LF will be replaced by CRLF the next time Git touches it
[02:32:53] [INFO]   [stderr] warning: in the working copy of 'docs/jobs/assistant-professor-of-clinical-physical-medicine-and-rehabi-university-of-miami-684be8/index.html', LF will be replaced by CRLF the next time Git touches it
[02:32:53] [INFO]   [stderr] warning: in the working copy of 'docs/jobs/assistant-professor-of-clinical-physical-medicine-and-rehabi-university-of-miami-92255a/index.html', LF will be replaced by CRLF the next time Git touches it
[02:32:53] [INFO]   [stderr] warning: in the working copy of 'docs/jobs/assistant-professor-of-clinical-practice-department-of-pedia-university-of-washington-13b38f/index.html', LF will be replaced by CRLF the next time Git touches it
[02:32:53] [INFO]   [stderr] warning: in the working copy of 'docs/jobs/assistant-professor-of-clinical-practice-neurorehabilitation-university-of-washington-417e2d/index.html', LF will be replaced by CRLF the next time Git touches it
[02:32:53] [INFO]   [stderr] warning: in the working copy of 'docs/jobs/assistant-professor-of-clinical-psychiatry-and-behavioral-sc-university-of-miami-09e0d8/index.html', LF will be replaced by CRLF the next time Git touches it
[02:32:53] [INFO]   [stderr] warning: in the working copy of 'docs/jobs/assistant-professor-of-clinical-psychology-hofstra-university-4c51f6/index.html', LF will be replaced by CRLF the next time Git touches it
[02:32:53] [INFO]   [stderr] warning: in the working copy of 'docs/jobs/assistant-professor-of-clinical-surgery-transplant-critical-university-of-miami-fed4a7/index.html', LF will be replaced by CRLF the next time Git touches it
[02:32:53] [INFO]   [stderr] warning: in the working copy of 'docs/jobs/assistant-professor-of-clinical-tar-university-of-rochester-ba0c19/index.html', LF will be replaced by CRLF the next time Git touches it
[02:32:53] [INFO]   [stderr] warning: in the working copy of 'docs/jobs/assistant-professor-of-clinical-ugca-university-of-rochester-684460/index.html', LF will be replaced by CRLF the next time Git touches it
[02:32:53] [INFO]   [stderr] warning: in the working copy of 'docs/jobs/assistant-professor-of-clinical-university-of-rochester-7079dc/index.html', LF will be replaced by CRLF the next time Git touches it
[02:32:53] [INFO]   [stderr] warning: in the working copy of 'docs/jobs/assistant-professor-of-clinical-university-of-rochester-9707bc/index.html', LF will be replaced by CRLF the next time Git touches it
[02:32:53] [INFO]   [stderr] warning: in the working copy of 'docs/jobs/assistant-professor-of-clinical-university-of-rochester-a3fdbc/index.html', LF will be replaced by CRLF the next time Git touches it
[02:32:53] [INFO]   [stderr] warning: in the working copy of 'docs/jobs/assistant-professor-of-clinical-university-of-rochester-bce5df/index.html', LF will be replaced by CRLF the next time Git touches it
[02:32:53] [INFO]   [stderr] warning: in the working copy of 'docs/jobs/assistant-professor-of-clinical-university-of-rochester-fd63fa/index.html', LF will be replaced by CRLF the next time Git touches it
[02:32:53] [INFO]   [stderr] warning: in the working copy of 'docs/jobs/assistant-professor-of-clinical-university-of-rochester-ff69ef/index.html', LF will be replaced by CRLF the next time Git touches it
[02:32:53] [INFO]   [stderr] warning: in the working copy of 'docs/jobs/assistant-professor-of-coastal-processes-appalachian-state-university-e65dd1/index.html', LF will be replaced by CRLF the next time Git touches it
[02:32:53] [INFO]   [stderr] warning: in the working copy of 'docs/jobs/assistant-professor-of-communication-design-department-of-ar-california-state-university-northridge-01acfd/index.html', LF will be replaced by CRLF the next time Git touches it
[02:32:53] [INFO]   [stderr] warning: in the working copy of 'docs/jobs/assistant-professor-of-communication-sports-communication-southern-utah-university-59d0bd/index.html', LF will be replaced by CRLF the next time Git touches it
[02:32:53] [INFO]   [stderr] warning: in the working copy of 'docs/jobs/assistant-professor-of-communication-studies-in-professional-university-of-texas-at-dallas-d43890/index.html', LF will be replaced by CRLF the next time Git touches it
[02:32:53] [INFO]   [stderr] warning: in the working copy of 'docs/jobs/assistant-professor-of-communications-digital-media-california-state-university-bakersfield-b999f5/index.html', LF will be replaced by CRLF the next time Git touches it
[02:32:53] [INFO]   [stderr] warning: in the working copy of 'docs/jobs/assistant-professor-of-computer-engineering-california-state-university-long-beach-a755b3/index.html', LF will be replaced by CRLF the next time Git touches it
[02:32:53] [INFO]   [stderr] warning: in the working copy of 'docs/jobs/assistant-professor-of-computer-engineering-chicago-state-university-e2eee7/index.html', LF will be replaced by CRLF the next time Git touches it
[02:32:53] [INFO]   [stderr] warning: in the working copy of 'docs/jobs/assistant-professor-of-computer-science-california-state-university-stanislaus-o-23c72e/index.html', LF will be replaced by CRLF the next time Git touches it
[02:32:53] [INFO]   [stderr] warning: in the working copy of 'docs/jobs/assistant-professor-of-computer-science-chicago-state-university-910aa7/index.html', LF will be replaced by CRLF the next time Git touches it
[02:32:53] [INFO]   [stderr] warning: in the working copy of 'docs/jobs/assistant-professor-of-computer-science-fayetteville-state-university-79d7cc/index.html', LF will be replaced by CRLF the next time Git touches it
[02:32:53] [INFO]   [stderr] warning: in the working copy of 'docs/jobs/assistant-professor-of-computer-science-south-dakota-state-university-4391f0/index.html', LF will be replaced by CRLF the next time Git touches it
[02:32:53] [INFO]   [stderr] warning: in the working copy of 'docs/jobs/assistant-professor-of-construction-engineering-management-a-california-state-university-long-beach-d3622c/index.html', LF will be replaced by CRLF the next time Git touches it
[02:32:53] [INFO]   [stderr] warning: in the working copy of 'docs/jobs/assistant-professor-of-construction-management-civil-enginee-california-state-university-northridge-c9ab72/index.html', LF will be replaced by CRLF the next time Git touches it
[02:32:53] [INFO]   [stderr] warning: in the working copy of 'docs/jobs/assistant-professor-of-counseling-psychology-california-state-university-long-beach-91fb88/index.html', LF will be replaced by CRLF the next time Git touches it
[02:32:53] [INFO]   [stderr] warning: in the working copy of 'docs/jobs/assistant-professor-of-craft-history-university-of-arkansas-bf4763/index.html', LF will be replaced by CRLF the next time Git touches it
[02:32:53] [INFO]   [stderr] warning: in the working copy of 'docs/jobs/assistant-professor-of-creative-writing-department-of-englis-california-state-university-northridge-588113/index.html', LF will be replaced by CRLF the next time Git touches it
[02:32:53] [INFO]   [stderr] warning: in the working copy of 'docs/jobs/assistant-professor-of-criminal-justice-and-criminology-tenu-georgia-state-university-93e7e2/index.html', LF will be replaced by CRLF the next time Git touches it
[02:32:53] [INFO]   [stderr] warning: in the working copy of 'docs/jobs/assistant-professor-of-critical-minerals-and-environmental-g-appalachian-state-university-b7f340/index.html', LF will be replaced by CRLF the next time Git touches it
[02:32:53] [INFO]   [stderr] warning: in the working copy of 'docs/jobs/assistant-professor-of-cross-disciplinary-studies-east-tennessee-state-university-0f9df0/index.html', LF will be replaced by CRLF the next time Git touches it
[02:32:53] [INFO]   [stderr] warning: in the working copy of 'docs/jobs/assistant-professor-of-cultural-anthropology-university-of-arkansas-216c82/index.html', LF will be replaced by CRLF the next time Git touches it
[02:32:53] [INFO]   [stderr] warning: in the working copy of 'docs/jobs/assistant-professor-of-cybersecurity-and-policy-seton-hall-university-ad5f66/index.html', LF will be replaced by CRLF the next time Git touches it
[02:32:53] [INFO]   [stderr] warning: in the working copy of 'docs/jobs/assistant-professor-of-cybersecurity-california-state-university-long-beach-d8cd7b/index.html', LF will be replaced by CRLF the next time Git touches it
[02:32:53] [INFO]   [stderr] warning: in the working copy of 'docs/jobs/assistant-professor-of-dance-studies-appalachian-state-university-fce74c/index.html', LF will be replaced by CRLF the next time Git touches it
[02:32:53] [INFO]   [stderr] warning: in the working copy of 'docs/jobs/assistant-professor-of-dance-university-of-new-mexico-bd087f/index.html', LF will be replaced by CRLF the next time Git touches it
[02:32:53] [INFO]   [stderr] warning: in the working copy of 'docs/jobs/assistant-professor-of-data-science-south-dakota-state-university-6d515e/index.html', LF will be replaced by CRLF the next time Git touches it
[02:32:53] [INFO]   [stderr] warning: in the working copy of 'docs/jobs/assistant-professor-of-deaf-studies-georgia-state-university-c88ede/index.html', LF will be replaced by CRLF the next time Git touches it
[02:32:53] [INFO]   [stderr] warning: in the working copy of 'docs/jobs/assistant-professor-of-developmental-psychology-california-state-university-northridge-787f83/index.html', LF will be replaced by CRLF the next time Git touches it
[02:32:53] [INFO]   [stderr] warning: in the working copy of 'docs/jobs/assistant-professor-of-digital-systems-design-and-or-vlsi-de-california-state-university-northridge-6c6a26/index.html', LF will be replaced by CRLF the next time Git touches it
[02:32:53] [INFO]   [stderr] warning: in the working copy of 'docs/jobs/assistant-professor-of-directing-for-film-and-television-california-state-university-long-beach-1febd9/index.html', LF will be replaced by CRLF the next time Git touches it
[02:32:53] [INFO]   [stderr] warning: in the working copy of 'docs/jobs/assistant-professor-of-economics-louisiana-tech-university-7ac549/index.html', LF will be replaced by CRLF the next time Git touches it
[02:32:53] [INFO]   [stderr] warning: in the working copy of 'docs/jobs/assistant-professor-of-economics-tenure-track-eastern-oregon-university-beb67f/index.html', LF will be replaced by CRLF the next time Git touches it
[02:32:53] [INFO]   [stderr] warning: in the working copy of 'docs/jobs/assistant-professor-of-economics-uc-merced-c4a943/index.html', LF will be replaced by CRLF the next time Git touches it
[02:32:53] [INFO]   [stderr] warning: in the working copy of 'docs/jobs/assistant-professor-of-education-bluffton-university-b4f1f4/index.html', LF will be replaced by CRLF the next time Git touches it
[02:32:53] [INFO]   [stderr] warning: in the working copy of 'docs/jobs/assistant-professor-of-education-coppin-state-university-71b9bd/index.html', LF will be replaced by CRLF the next time Git touches it
[02:32:53] [INFO]   [stderr] warning: in the working copy of 'docs/jobs/assistant-professor-of-education-educator-administration-campbellsville-university-8b1715/index.html', LF will be replaced by CRLF the next time Git touches it
[02:32:53] [INFO]   [stderr] warning: in the working copy of 'docs/jobs/assistant-professor-of-education-of-physical-education-teach-chicago-state-university-159900/index.html', LF will be replaced by CRLF the next time Git touches it
[02:32:53] [INFO]   [stderr] warning: in the working copy of 'docs/jobs/assistant-professor-of-educational-leadership-suny-finger-lakes-community-college-c1e3a9/index.html', LF will be replaced by CRLF the next time Git touches it
[02:32:53] [INFO]   [stderr] warning: in the working copy of 'docs/jobs/assistant-professor-of-educational-psychology-marriage-and-f-california-state-university-east-bay-f154ef/index.html', LF will be replaced by CRLF the next time Git touches it
[02:32:53] [INFO]   [stderr] warning: in the working copy of 'docs/jobs/assistant-professor-of-educational-psychology-marriage-and-f-california-state-university-east-bay-f2ca26/index.html', LF will be replaced by CRLF the next time Git touches it
[02:32:53] [INFO]   [stderr] warning: in the working copy of 'docs/jobs/assistant-professor-of-electrical-engineering-city-college-7b8dc1/index.html', LF will be replaced by CRLF the next time Git touches it
[02:32:53] [INFO]   [stderr] warning: in the working copy of 'docs/jobs/assistant-professor-of-electrical-engineering-eb0d90/index.html', LF will be replaced by CRLF the next time Git touches it
[02:32:53] [INFO]   [stderr] warning: in the working copy of 'docs/jobs/assistant-professor-of-electrical-engineering-lithium-based-san-diego-state-university-35751e/index.html', LF will be replaced by CRLF the next time Git touches it
[02:32:53] [INFO]   [stderr] warning: in the working copy of 'docs/jobs/assistant-professor-of-english-chicago-state-university-df7eaf/index.html', LF will be replaced by CRLF the next time Git touches it
[02:32:53] [INFO]   [stderr] warning: in the working copy of 'docs/jobs/assistant-professor-of-environmental-earth-science-departmen-california-state-university-northridge-002a3e/index.html', LF will be replaced by CRLF the next time Git touches it
[02:32:53] [INFO]   [stderr] warning: in the working copy of 'docs/jobs/assistant-professor-of-esol-program-coordinator-of-esol-and-ct-state-capital-7fda2f/index.html', LF will be replaced by CRLF the next time Git touches it
[02:32:53] [INFO]   [stderr] warning: in the working copy of 'docs/jobs/assistant-professor-of-exercise-science-trine-university-regional-non-traditiona-73ae74/index.html', LF will be replaced by CRLF the next time Git touches it
[02:32:53] [INFO]   [stderr] warning: in the working copy of 'docs/jobs/assistant-professor-of-film-and-digital-media-production-louisiana-state-university-4b755e/index.html', LF will be replaced by CRLF the next time Git touches it
[02:32:53] [INFO]   [stderr] warning: in the working copy of 'docs/jobs/assistant-professor-of-film-and-or-television-production-dep-california-state-university-northridge-036aeb/index.html', LF will be replaced by CRLF the next time Git touches it
[02:32:53] [INFO]   [stderr] warning: in the working copy of 'docs/jobs/assistant-professor-of-finance-california-polytechnic-state-university-c5e219/index.html', LF will be replaced by CRLF the next time Git touches it
[02:32:53] [INFO]   [stderr] warning: in the working copy of 'docs/jobs/assistant-professor-of-finance-louisiana-tech-university-0d13b3/index.html', LF will be replaced by CRLF the next time Git touches it
[02:32:53] [INFO]   [stderr] warning: in the working copy of 'docs/jobs/assistant-professor-of-finance-oakland-university-8bd1c7/index.html', LF will be replaced by CRLF the next time Git touches it
[02:32:53] [INFO]   [stderr] warning: in the working copy of 'docs/jobs/assistant-professor-of-finance-trine-university-regional-non-traditiona-a734ef/index.html', LF will be replaced by CRLF the next time Git touches it
[02:32:53] [INFO]   [stderr] warning: in the working copy of 'docs/jobs/assistant-professor-of-fisheries-college-of-fisheries-and-oc-university-of-alaska-system-d3c13c/index.html', LF will be replaced by CRLF the next time Git touches it
[02:32:53] [INFO]   [stderr] warning: in the working copy of 'docs/jobs/assistant-professor-of-forage-agronomy-and-state-forage-exte-university-of-georgia-4c425f/index.html', LF will be replaced by CRLF the next time Git touches it
[02:32:53] [INFO]   [stderr] warning: in the working copy of 'docs/jobs/assistant-professor-of-genetics-counseling-in-medical-humani-columbia-university-7b085c/index.html', LF will be replaced by CRLF the next time Git touches it
[02:32:53] [INFO]   [stderr] warning: in the working copy of 'docs/jobs/assistant-professor-of-geological-oceanography-college-of-fi-university-of-alaska-system-5bac8e/index.html', LF will be replaced by CRLF the next time Git touches it
[02:32:53] [INFO]   [stderr] warning: in the working copy of 'docs/jobs/assistant-professor-of-geophysics-tenure-track-earth-and-atm-city-college-35afd6/index.html', LF will be replaced by CRLF the next time Git touches it
[02:32:53] [INFO]   [stderr] warning: in the working copy of 'docs/jobs/assistant-professor-of-german-studies-one-year-term-start-fa-grinnell-college-83f2d9/index.html', LF will be replaced by CRLF the next time Git touches it
[02:32:53] [INFO]   [stderr] warning: in the working copy of 'docs/jobs/assistant-professor-of-healthcare-administration-fayetteville-state-university-158f1b/index.html', LF will be replaced by CRLF the next time Git touches it
[02:32:53] [INFO]   [stderr] warning: in the working copy of 'docs/jobs/assistant-professor-of-history-delta-state-university-3876c3/index.html', LF will be replaced by CRLF the next time Git touches it
[02:32:53] [INFO]   [stderr] warning: in the working copy of 'docs/jobs/assistant-professor-of-horn-louisiana-state-university-37c6dd/index.html', LF will be replaced by CRLF the next time Git touches it
[02:32:53] [INFO]   [stderr] warning: in the working copy of 'docs/jobs/assistant-professor-of-human-development-and-family-studies-uc-davis-448a03/index.html', LF will be replaced by CRLF the next time Git touches it
[02:32:53] [INFO]   [stderr] warning: in the working copy of 'docs/jobs/assistant-professor-of-indigenous-art-university-of-arkansas-576b91/index.html', LF will be replaced by CRLF the next time Git touches it
[02:32:53] [INFO]   [stderr] warning: in the working copy of 'docs/jobs/assistant-professor-of-indigenous-studies-university-of-alaska-system-035ca5/index.html', LF will be replaced by CRLF the next time Git touches it
[02:32:53] [INFO]   [stderr] warning: in the working copy of 'docs/jobs/assistant-professor-of-industrial-and-product-design-design-uw-system-comprehensives-560991/index.html', LF will be replaced by CRLF the next time Git touches it
[02:32:53] [INFO]   [stderr] warning: in the working copy of 'docs/jobs/assistant-professor-of-information-systems-and-business-anal-hofstra-university-594341/index.html', LF will be replaced by CRLF the next time Git touches it
[02:32:53] [INFO]   [stderr] warning: in the working copy of 'docs/jobs/assistant-professor-of-information-systems-cyber-security-morgan-state-university-62c7d2/index.html', LF will be replaced by CRLF the next time Git touches it
[02:32:53] [INFO]   [stderr] warning: in the working copy of 'docs/jobs/assistant-professor-of-information-systems-cybersecurity-man-hofstra-university-0f91c1/index.html', LF will be replaced by CRLF the next time Git touches it
[02:32:53] [INFO]   [stderr] warning: in the working copy of 'docs/jobs/assistant-professor-of-information-systems-equitable-ai-and-morgan-state-university-2a93fa/index.html', LF will be replaced by CRLF the next time Git touches it
[02:32:53] [INFO]   [stderr] warning: in the working copy of 'docs/jobs/assistant-professor-of-information-systems-f36db7/index.html', LF will be replaced by CRLF the next time Git touches it
[02:32:53] [INFO]   [stderr] warning: in the working copy of 'docs/jobs/assistant-professor-of-information-systems-hofstra-university-26fc98/index.html', LF will be replaced by CRLF the next time Git touches it
[02:32:53] [INFO]   [stderr] warning: in the working copy of 'docs/jobs/assistant-professor-of-instruction-accounting-university-of-texas-at-arlington-a34e19/index.html', LF will be replaced by CRLF the next time Git touches it
[02:32:53] [INFO]   [stderr] warning: in the working copy of 'docs/jobs/assistant-professor-of-instruction-bellini-college-of-ai-cyb-university-of-south-florida-bab4fd/index.html', LF will be replaced by CRLF the next time Git touches it
[02:32:53] [INFO]   [stderr] warning: in the working copy of 'docs/jobs/assistant-professor-of-instruction-in-business-statistics-university-of-texas-at-arlington-c09108/index.html', LF will be replaced by CRLF the next time Git touches it
[02:32:53] [INFO]   [stderr] warning: in the working copy of 'docs/jobs/assistant-professor-of-instruction-in-electrical-and-compute-university-of-texas-at-dallas-d2d1b0/index.html', LF will be replaced by CRLF the next time Git touches it
[02:32:53] [INFO]   [stderr] warning: in the working copy of 'docs/jobs/assistant-professor-of-instruction-in-nursing-non-tenure-tra-ohio-university-724b25/index.html', LF will be replaced by CRLF the next time Git touches it
[02:32:53] [INFO]   [stderr] warning: in the working copy of 'docs/jobs/assistant-professor-of-instruction-in-rhetoric-and-compositi-university-of-texas-at-dallas-e6c4f8/index.html', LF will be replaced by CRLF the next time Git touches it
[02:32:53] [INFO]   [stderr] warning: in the working copy of 'docs/jobs/assistant-professor-of-integrative-physiology-uc-davis-6ed79f/index.html', LF will be replaced by CRLF the next time Git touches it
[02:32:53] [INFO]   [stderr] warning: in the working copy of 'docs/jobs/assistant-professor-of-japanese-language-studies-indiana-university-c582dc/index.html', LF will be replaced by CRLF the next time Git touches it
[02:32:53] [INFO]   [stderr] warning: in the working copy of 'docs/jobs/assistant-professor-of-law-contracts-business-law-or-related-northern-illinois-university-60aa4e/index.html', LF will be replaced by CRLF the next time Git touches it
[02:32:53] [INFO]   [stderr] warning: in the working copy of 'docs/jobs/assistant-professor-of-legal-studies-university-of-georgia-e8c1d8/index.html', LF will be replaced by CRLF the next time Git touches it
[02:32:53] [INFO]   [stderr] warning: in the working copy of 'docs/jobs/assistant-professor-of-library-and-information-science-chicago-state-university-a512e4/index.html', LF will be replaced by CRLF the next time Git touches it
[02:32:53] [INFO]   [stderr] warning: in the working copy of 'docs/jobs/assistant-professor-of-literacy-suny-finger-lakes-community-college-98e4ae/index.html', LF will be replaced by CRLF the next time Git touches it
[02:32:53] [INFO]   [stderr] warning: in the working copy of 'docs/jobs/assistant-professor-of-logistics-and-supply-chain-management-university-of-central-arkansas-bd12f9/index.html', LF will be replaced by CRLF the next time Git touches it
[02:32:53] [INFO]   [stderr] warning: in the working copy of 'docs/jobs/assistant-professor-of-management-2-positions-available-marshall-university-50a20c/index.html', LF will be replaced by CRLF the next time Git touches it
[02:32:53] [INFO]   [stderr] warning: in the working copy of 'docs/jobs/assistant-professor-of-management-california-state-university-bakersfield-7c5125/index.html', LF will be replaced by CRLF the next time Git touches it
[02:32:53] [INFO]   [stderr] warning: in the working copy of 'docs/jobs/assistant-professor-of-marketing-and-international-business-university-of-washington-3840b8/index.html', LF will be replaced by CRLF the next time Git touches it
[02:32:53] [INFO]   [stderr] warning: in the working copy of 'docs/jobs/assistant-professor-of-marketing-california-polytechnic-state-university-560adc/index.html', LF will be replaced by CRLF the next time Git touches it
[02:32:53] [INFO]   [stderr] warning: in the working copy of 'docs/jobs/assistant-professor-of-marketing-sales-california-polytechnic-state-university-b52e3f/index.html', LF will be replaced by CRLF the next time Git touches it
[02:32:53] [INFO]   [stderr] warning: in the working copy of 'docs/jobs/assistant-professor-of-materials-engineering-department-of-m-california-state-university-northridge-00d75a/index.html', LF will be replaced by CRLF the next time Git touches it
[02:32:53] [INFO]   [stderr] warning: in the working copy of 'docs/jobs/assistant-professor-of-mathematical-sciences-two-open-positi-university-of-arkansas-a78642/index.html', LF will be replaced by CRLF the next time Git touches it
[02:32:53] [INFO]   [stderr] warning: in the working copy of 'docs/jobs/assistant-professor-of-mathematics-california-state-university-bakersfield-c3cdc7/index.html', LF will be replaced by CRLF the next time Git touches it
[02:32:53] [INFO]   [stderr] warning: in the working copy of 'docs/jobs/assistant-professor-of-mathematics-chicago-state-university-a3d6e9/index.html', LF will be replaced by CRLF the next time Git touches it
[02:32:53] [INFO]   [stderr] warning: in the working copy of 'docs/jobs/assistant-professor-of-mathematics-college-of-charleston-72d00c/index.html', LF will be replaced by CRLF the next time Git touches it
[02:32:53] [INFO]   [stderr] warning: in the working copy of 'docs/jobs/assistant-professor-of-mathematics-gettysburg-college-6def4c/index.html', LF will be replaced by CRLF the next time Git touches it
[02:32:53] [INFO]   [stderr] warning: in the working copy of 'docs/jobs/assistant-professor-of-mathematics-rhode-island-college-668c07/index.html', LF will be replaced by CRLF the next time Git touches it
[02:32:53] [INFO]   [stderr] warning: in the working copy of 'docs/jobs/assistant-professor-of-mathematics-two-year-term-start-fall-grinnell-college-d0ae99/index.html', LF will be replaced by CRLF the next time Git touches it
[02:32:53] [INFO]   [stderr] warning: in the working copy of 'docs/jobs/assistant-professor-of-mechanical-and-aerospace-engineering-california-state-university-long-beach-c4f5da/index.html', LF will be replaced by CRLF the next time Git touches it
[02:32:53] [INFO]   [stderr] warning: in the working copy of 'docs/jobs/assistant-professor-of-medical-devices-and-diagnostics-henry-keck-graduate-institute-819a7c/index.html', LF will be replaced by CRLF the next time Git touches it
[02:32:53] [INFO]   [stderr] warning: in the working copy of 'docs/jobs/assistant-professor-of-medical-ethics-in-medicine-at-the-col-columbia-university-a24f08/index.html', LF will be replaced by CRLF the next time Git touches it
[02:32:53] [INFO]   [stderr] warning: in the working copy of 'docs/jobs/assistant-professor-of-medical-imaging-oregon-institute-of-technology-ec81ef/index.html', LF will be replaced by CRLF the next time Git touches it
[02:32:53] [INFO]   [stderr] warning: in the working copy of 'docs/jobs/assistant-professor-of-medical-oncology-hematology-marshall-university-3c2df8/index.html', LF will be replaced by CRLF the next time Git touches it
[02:32:53] [INFO]   [stderr] warning: in the working copy of 'docs/jobs/assistant-professor-of-medical-psychology-in-psychiatry-at-c-columbia-university-b08444/index.html', LF will be replaced by CRLF the next time Git touches it
[02:32:53] [INFO]   [stderr] warning: in the working copy of 'docs/jobs/assistant-professor-of-medical-sciences-in-medicine-at-cumc-columbia-university-45926b/index.html', LF will be replaced by CRLF the next time Git touches it
[02:32:53] [INFO]   [stderr] warning: in the working copy of 'docs/jobs/assistant-professor-of-medical-sciences-in-medicine-at-the-c-columbia-university-049cd4/index.html', LF will be replaced by CRLF the next time Git touches it
[02:32:53] [INFO]   [stderr] warning: in the working copy of 'docs/jobs/assistant-professor-of-medical-sciences-in-medicine-at-the-c-columbia-university-3fe072/index.html', LF will be replaced by CRLF the next time Git touches it
[02:32:53] [INFO]   [stderr] warning: in the working copy of 'docs/jobs/assistant-professor-of-medical-sciences-in-medicine-tenure-t-columbia-university-ef9870/index.html', LF will be replaced by CRLF the next time Git touches it
[02:32:53] [INFO]   [stderr] warning: in the working copy of 'docs/jobs/assistant-professor-of-medicine-at-columbia-university-medic-columbia-university-8e46f3/index.html', LF will be replaced by CRLF the next time Git touches it
[02:32:53] [INFO]   [stderr] warning: in the working copy of 'docs/jobs/assistant-professor-of-medicine-at-cumc-associate-professor-columbia-university-dcc73c/index.html', LF will be replaced by CRLF the next time Git touches it
[02:32:53] [INFO]   [stderr] warning: in the working copy of 'docs/jobs/assistant-professor-of-medicine-at-cumc-pulmonary-columbia-university-512955/index.html', LF will be replaced by CRLF the next time Git touches it
[02:32:53] [INFO]   [stderr] warning: in the working copy of 'docs/jobs/assistant-professor-of-medicine-at-cumc-pulmonary-columbia-university-6e9231/index.html', LF will be replaced by CRLF the next time Git touches it
[02:32:53] [INFO]   [stderr] warning: in the working copy of 'docs/jobs/assistant-professor-of-medicine-at-cumc-pulmonary-columbia-university-c5df72/index.html', LF will be replaced by CRLF the next time Git touches it
[02:32:53] [INFO]   [stderr] warning: in the working copy of 'docs/jobs/assistant-professor-of-medicine-at-the-cuimc-columbia-university-5271e7/index.html', LF will be replaced by CRLF the next time Git touches it
[02:32:53] [INFO]   [stderr] warning: in the working copy of 'docs/jobs/assistant-professor-of-medicine-at-the-cumc-columbia-university-c91374/index.html', LF will be replaced by CRLF the next time Git touches it
[02:32:53] [INFO]   [stderr] warning: in the working copy of 'docs/jobs/assistant-professor-of-medicine-at-the-cumc-columbia-university-cd22fa/index.html', LF will be replaced by CRLF the next time Git touches it
[02:32:53] [INFO]   [stderr] warning: in the working copy of 'docs/jobs/assistant-professor-of-medicine-at-the-cumc-endocrinology-columbia-university-f4144d/index.html', LF will be replaced by CRLF the next time Git touches it
[02:32:53] [INFO]   [stderr] warning: in the working copy of 'docs/jobs/assistant-professor-of-medicine-at-the-cumc-geriatrics-and-p-columbia-university-bcb4f7/index.html', LF will be replaced by CRLF the next time Git touches it
[02:32:53] [INFO]   [stderr] warning: in the working copy of 'docs/jobs/assistant-professor-of-medicine-at-the-cumc-geriatrics-and-p-columbia-university-f4c9a4/index.html', LF will be replaced by CRLF the next time Git touches it
[02:32:53] [INFO]   [stderr] warning: in the working copy of 'docs/jobs/assistant-professor-of-medicine-at-the-cumc-pulmonary-columbia-university-f3b27b/index.html', LF will be replaced by CRLF the next time Git touches it
[02:32:53] [INFO]   [stderr] warning: in the working copy of 'docs/jobs/assistant-professor-of-medicine-cardiac-imaging-noninvasive-marshall-university-678122/index.html', LF will be replaced by CRLF the next time Git touches it
[02:32:53] [INFO]   [stderr] warning: in the working copy of 'docs/jobs/assistant-professor-of-medicine-hospital-medicine-nocturnist-rutgers-the-state-university-of-new-jers-9ba54e/index.html', LF will be replaced by CRLF the next time Git touches it
[02:32:53] [INFO]   [stderr] warning: in the working copy of 'docs/jobs/assistant-professor-of-medicine-in-the-center-for-family-and-columbia-university-eb6028/index.html', LF will be replaced by CRLF the next time Git touches it
[02:32:53] [INFO]   [stderr] warning: in the working copy of 'docs/jobs/assistant-professor-of-medicine-infectious-diseases-rutgers-the-state-university-of-new-jers-14e86e/index.html', LF will be replaced by CRLF the next time Git touches it
[02:32:53] [INFO]   [stderr] warning: in the working copy of 'docs/jobs/assistant-professor-of-medicine-infectious-diseases-rutgers-the-state-university-of-new-jers-b51712/index.html', LF will be replaced by CRLF the next time Git touches it
[02:32:53] [INFO]   [stderr] warning: in the working copy of 'docs/jobs/assistant-professor-of-medicine-tenure-track-columbia-university-1b7cf3/index.html', LF will be replaced by CRLF the next time Git touches it
[02:32:53] [INFO]   [stderr] warning: in the working copy of 'docs/jobs/assistant-professor-of-medicine-tenure-track-columbia-university-a10721/index.html', LF will be replaced by CRLF the next time Git touches it
[02:32:53] [INFO]   [stderr] warning: in the working copy of 'docs/jobs/assistant-professor-of-medicine-university-of-rochester-c86570/index.html', LF will be replaced by CRLF the next time Git touches it
[02:32:53] [INFO]   [stderr] warning: in the working copy of 'docs/jobs/assistant-professor-of-music-applied-piano-and-theory-delta-state-university-e70c03/index.html', LF will be replaced by CRLF the next time Git touches it
[02:32:53] [INFO]   [stderr] warning: in the working copy of 'docs/jobs/assistant-professor-of-music-unlv-college-of-fine-arts-university-of-nevada-las-vegas-789ab0/index.html', LF will be replaced by CRLF the next time Git touches it
[02:32:53] [INFO]   [stderr] warning: in the working copy of 'docs/jobs/assistant-professor-of-neurological-sciences-in-neurology-an-columbia-university-fb2a2e/index.html', LF will be replaced by CRLF the next time Git touches it
[02:32:53] [INFO]   [stderr] warning: in the working copy of 'docs/jobs/assistant-professor-of-neurological-surgery-at-cumc-columbia-university-0d8f01/index.html', LF will be replaced by CRLF the next time Git touches it
[02:32:53] [INFO]   [stderr] warning: in the working copy of 'docs/jobs/assistant-professor-of-neurology-at-cumc-columbia-university-14ee14/index.html', LF will be replaced by CRLF the next time Git touches it
[02:32:53] [INFO]   [stderr] warning: in the working copy of 'docs/jobs/assistant-professor-of-neurology-at-cumc-columbia-university-417f8b/index.html', LF will be replaced by CRLF the next time Git touches it
[02:32:53] [INFO]   [stderr] warning: in the working copy of 'docs/jobs/assistant-professor-of-neurology-at-cumc-columbia-university-b70462/index.html', LF will be replaced by CRLF the next time Git touches it
[02:32:53] [INFO]   [stderr] warning: in the working copy of 'docs/jobs/assistant-professor-of-neurology-at-cumc-columbia-university-c62f1e/index.html', LF will be replaced by CRLF the next time Git touches it
[02:32:53] [INFO]   [stderr] warning: in the working copy of 'docs/jobs/assistant-professor-of-neurology-at-cumc-neurohospitalist-columbia-university-4072e3/index.html', LF will be replaced by CRLF the next time Git touches it
[02:32:53] [INFO]   [stderr] warning: in the working copy of 'docs/jobs/assistant-professor-of-neurology-tenure-track-columbia-university-3ab42f/index.html', LF will be replaced by CRLF the next time Git touches it
[02:32:53] [INFO]   [stderr] warning: in the working copy of 'docs/jobs/assistant-professor-of-neuroscience-2-year-term-start-fall-2-grinnell-college-e753fe/index.html', LF will be replaced by CRLF the next time Git touches it
[02:32:53] [INFO]   [stderr] warning: in the working copy of 'docs/jobs/assistant-professor-of-nursing-2557-unc-pembroke-58552c/index.html', LF will be replaced by CRLF the next time Git touches it
[02:32:53] [INFO]   [stderr] warning: in the working copy of 'docs/jobs/assistant-professor-of-nursing-bethel-university-2b1e12/index.html', LF will be replaced by CRLF the next time Git touches it
[02:32:53] [INFO]   [stderr] warning: in the working copy of 'docs/jobs/assistant-professor-of-nursing-california-state-university-bakersfield-e95858/index.html', LF will be replaced by CRLF the next time Git touches it
[02:32:53] [INFO]   [stderr] warning: in the working copy of 'docs/jobs/assistant-professor-of-nursing-ct-state-capital-497d3e/index.html', LF will be replaced by CRLF the next time Git touches it
[02:32:53] [INFO]   [stderr] warning: in the working copy of 'docs/jobs/assistant-professor-of-nursing-ct-state-three-rivers-ef66bf/index.html', LF will be replaced by CRLF the next time Git touches it
[02:32:53] [INFO]   [stderr] warning: in the working copy of 'docs/jobs/assistant-professor-of-nursing-fnp-california-state-university-stanislaus-o-c642fd/index.html', LF will be replaced by CRLF the next time Git touches it
[02:32:53] [INFO]   [stderr] warning: in the working copy of 'docs/jobs/assistant-professor-of-nursing-indiana-state-university-54af26/index.html', LF will be replaced by CRLF the next time Git touches it
[02:32:53] [INFO]   [stderr] warning: in the working copy of 'docs/jobs/assistant-professor-of-nursing-northern-illinois-university-871fd0/index.html', LF will be replaced by CRLF the next time Git touches it
[02:32:53] [INFO]   [stderr] warning: in the working copy of 'docs/jobs/assistant-professor-of-nursing-providence-college-830fce/index.html', LF will be replaced by CRLF the next time Git touches it
[02:32:53] [INFO]   [stderr] warning: in the working copy of 'docs/jobs/assistant-professor-of-nursing-utah-tech-university-bd1b23/index.html', LF will be replaced by CRLF the next time Git touches it
[02:32:53] [INFO]   [stderr] warning: in the working copy of 'docs/jobs/assistant-professor-of-ophthalmology-glaucoma-specialist-marshall-university-0692c4/index.html', LF will be replaced by CRLF the next time Git touches it
[02:32:53] [INFO]   [stderr] warning: in the working copy of 'docs/jobs/assistant-professor-of-organic-chemistry-department-of-chemi-california-state-university-northridge-e4e02d/index.html', LF will be replaced by CRLF the next time Git touches it
[02:32:53] [INFO]   [stderr] warning: in the working copy of 'docs/jobs/assistant-professor-of-organic-chemistry-lehigh-university-3ae46e/index.html', LF will be replaced by CRLF the next time Git touches it
[02:32:53] [INFO]   [stderr] warning: in the working copy of 'docs/jobs/assistant-professor-of-orthopaedic-research-university-of-new-mexico-d85c20/index.html', LF will be replaced by CRLF the next time Git touches it
[02:32:53] [INFO]   [stderr] warning: in the working copy of 'docs/jobs/assistant-professor-of-otolaryngology-head-and-neck-surgery-columbia-university-1dc12b/index.html', LF will be replaced by CRLF the next time Git touches it
[02:32:53] [INFO]   [stderr] warning: in the working copy of 'docs/jobs/assistant-professor-of-otolaryngology-head-and-neck-surgery-columbia-university-70c765/index.html', LF will be replaced by CRLF the next time Git touches it
[02:32:53] [INFO]   [stderr] warning: in the working copy of 'docs/jobs/assistant-professor-of-otolaryngology-head-and-neck-surgery-columbia-university-81ad4c/index.html', LF will be replaced by CRLF the next time Git touches it
[02:32:53] [INFO]   [stderr] warning: in the working copy of 'docs/jobs/assistant-professor-of-otolaryngology-head-and-neck-surgery-columbia-university-c1ec86/index.html', LF will be replaced by CRLF the next time Git touches it
[02:32:53] [INFO]   [stderr] warning: in the working copy of 'docs/jobs/assistant-professor-of-otolaryngology-head-and-neck-surgery-columbia-university-d55c1b/index.html', LF will be replaced by CRLF the next time Git touches it
[02:32:53] [INFO]   [stderr] warning: in the working copy of 'docs/jobs/assistant-professor-of-pathology-marshall-university-ce0448/index.html', LF will be replaced by CRLF the next time Git touches it
[02:32:53] [INFO]   [stderr] warning: in the working copy of 'docs/jobs/assistant-professor-of-pathology-marshall-university-eb24a2/index.html', LF will be replaced by CRLF the next time Git touches it
[02:32:53] [INFO]   [stderr] warning: in the working copy of 'docs/jobs/assistant-professor-of-pediatrics-at-cumc-cardiac-intensivis-columbia-university-de5b86/index.html', LF will be replaced by CRLF the next time Git touches it
[02:32:53] [INFO]   [stderr] warning: in the working copy of 'docs/jobs/assistant-professor-of-pediatrics-at-cumc-cardio-columbia-university-b80e45/index.html', LF will be replaced by CRLF the next time Git touches it
[02:32:53] [INFO]   [stderr] warning: in the working copy of 'docs/jobs/assistant-professor-of-pediatrics-at-cumc-clinical-genetics-columbia-university-8cdec9/index.html', LF will be replaced by CRLF the next time Git touches it
[02:32:53] [INFO]   [stderr] warning: in the working copy of 'docs/jobs/assistant-professor-of-pediatrics-at-cumc-columbia-university-0b25f6/index.html', LF will be replaced by CRLF the next time Git touches it
[02:32:53] [INFO]   [stderr] warning: in the working copy of 'docs/jobs/assistant-professor-of-pediatrics-at-cumc-columbia-university-343fca/index.html', LF will be replaced by CRLF the next time Git touches it
[02:32:53] [INFO]   [stderr] warning: in the working copy of 'docs/jobs/assistant-professor-of-pediatrics-at-cumc-columbia-university-629f17/index.html', LF will be replaced by CRLF the next time Git touches it
[02:32:53] [INFO]   [stderr] warning: in the working copy of 'docs/jobs/assistant-professor-of-pediatrics-at-cumc-columbia-university-699967/index.html', LF will be replaced by CRLF the next time Git touches it
[02:32:53] [INFO]   [stderr] warning: in the working copy of 'docs/jobs/assistant-professor-of-pediatrics-at-cumc-columbia-university-a67387/index.html', LF will be replaced by CRLF the next time Git touches it
[02:32:53] [INFO]   [stderr] warning: in the working copy of 'docs/jobs/assistant-professor-of-pediatrics-at-cumc-columbia-university-bf44aa/index.html', LF will be replaced by CRLF the next time Git touches it
[02:32:53] [INFO]   [stderr] warning: in the working copy of 'docs/jobs/assistant-professor-of-pediatrics-at-cumc-columbia-university-c06004/index.html', LF will be replaced by CRLF the next time Git touches it
[02:32:53] [INFO]   [stderr] warning: in the working copy of 'docs/jobs/assistant-professor-of-pediatrics-at-cumc-columbia-university-ce56a7/index.html', LF will be replaced by CRLF the next time Git touches it
[02:32:53] [INFO]   [stderr] warning: in the working copy of 'docs/jobs/assistant-professor-of-pediatrics-at-cumc-columbia-university-f114b1/index.html', LF will be replaced by CRLF the next time Git touches it
[02:32:53] [INFO]   [stderr] warning: in the working copy of 'docs/jobs/assistant-professor-of-pediatrics-at-cumc-mcac-columbia-university-9db3e2/index.html', LF will be replaced by CRLF the next time Git touches it
[02:32:53] [INFO]   [stderr] warning: in the working copy of 'docs/jobs/assistant-professor-of-pediatrics-at-cumc-newborn-nursery-columbia-university-b11563/index.html', LF will be replaced by CRLF the next time Git touches it
[02:32:53] [INFO]   [stderr] warning: in the working copy of 'docs/jobs/assistant-professor-of-pediatrics-at-cumc-non-invasive-imagi-columbia-university-871f2f/index.html', LF will be replaced by CRLF the next time Git touches it
[02:32:53] [INFO]   [stderr] warning: in the working copy of 'docs/jobs/assistant-professor-of-pharmacology-and-toxicology-rutgers-the-state-university-of-new-jers-2a7a2b/index.html', LF will be replaced by CRLF the next time Git touches it
[02:32:53] [INFO]   [stderr] warning: in the working copy of 'docs/jobs/assistant-professor-of-pharmacy-in-pharmaceutical-sciences-university-of-new-mexico-a87a93/index.html', LF will be replaced by CRLF the next time Git touches it
[02:32:53] [INFO]   [stderr] warning: in the working copy of 'docs/jobs/assistant-professor-of-philosophy-university-of-south-dakota-9395f0/index.html', LF will be replaced by CRLF the next time Git touches it
[02:32:53] [INFO]   [stderr] warning: in the working copy of 'docs/jobs/assistant-professor-of-physical-therapy-clinical-university-of-rochester-d986dc/index.html', LF will be replaced by CRLF the next time Git touches it
[02:32:53] [INFO]   [stderr] warning: in the working copy of 'docs/jobs/assistant-professor-of-physical-therapy-oakland-university-1a4559/index.html', LF will be replaced by CRLF the next time Git touches it
[02:32:53] [INFO]   [stderr] warning: in the working copy of 'docs/jobs/assistant-professor-of-physical-therapy-oakland-university-a9d614/index.html', LF will be replaced by CRLF the next time Git touches it
[02:32:53] [INFO]   [stderr] warning: in the working copy of 'docs/jobs/assistant-professor-of-physical-therapy-research-university-of-rochester-8a6bbc/index.html', LF will be replaced by CRLF the next time Git touches it
[02:32:53] [INFO]   [stderr] warning: in the working copy of 'docs/jobs/assistant-professor-of-physics-and-engineering-physics-tenur-morgan-state-university-6ec383/index.html', LF will be replaced by CRLF the next time Git touches it
[02:32:53] [INFO]   [stderr] warning: in the working copy of 'docs/jobs/assistant-professor-of-physics-carleton-college-ceeea0/index.html', LF will be replaced by CRLF the next time Git touches it
[02:32:53] [INFO]   [stderr] warning: in the working copy of 'docs/jobs/assistant-professor-of-physics-university-of-alaska-system-1cb5c0/index.html', LF will be replaced by CRLF the next time Git touches it
[02:32:53] [INFO]   [stderr] warning: in the working copy of 'docs/jobs/assistant-professor-of-physics-university-of-arkansas-1e16c1/index.html', LF will be replaced by CRLF the next time Git touches it
[02:32:53] [INFO]   [stderr] warning: in the working copy of 'docs/jobs/assistant-professor-of-physiology-in-the-institute-of-human-columbia-university-635724/index.html', LF will be replaced by CRLF the next time Git touches it
[02:32:53] [INFO]   [stderr] warning: in the working copy of 'docs/jobs/assistant-professor-of-plant-pathology-uc-davis-dcfff8/index.html', LF will be replaced by CRLF the next time Git touches it
[02:32:53] [INFO]   [stderr] warning: in the working copy of 'docs/jobs/assistant-professor-of-plastic-surgery-rutgers-the-state-university-of-new-jers-3e9b9e/index.html', LF will be replaced by CRLF the next time Git touches it
[02:32:53] [INFO]   [stderr] warning: in the working copy of 'docs/jobs/assistant-professor-of-policy-analysis-uc-riverside-6b1441/index.html', LF will be replaced by CRLF the next time Git touches it
[02:32:53] [INFO]   [stderr] warning: in the working copy of 'docs/jobs/assistant-professor-of-political-science-university-of-alaska-system-b5f43d/index.html', LF will be replaced by CRLF the next time Git touches it
[02:32:53] [INFO]   [stderr] warning: in the working copy of 'docs/jobs/assistant-professor-of-poultry-avian-physiologist-university-of-georgia-6d5544/index.html', LF will be replaced by CRLF the next time Git touches it
[02:32:53] [INFO]   [stderr] warning: in the working copy of 'docs/jobs/assistant-professor-of-practice-aural-skills-music-theory-sc-western-carolina-university-556a20/index.html', LF will be replaced by CRLF the next time Git touches it
[02:32:53] [INFO]   [stderr] warning: in the working copy of 'docs/jobs/assistant-professor-of-practice-civil-engineering-school-of-western-carolina-university-105ab5/index.html', LF will be replaced by CRLF the next time Git touches it
[02:32:53] [INFO]   [stderr] warning: in the working copy of 'docs/jobs/assistant-professor-of-practice-companion-animal-university-of-nebraska-lincoln-03359e/index.html', LF will be replaced by CRLF the next time Git touches it
[02:32:53] [INFO]   [stderr] warning: in the working copy of 'docs/jobs/assistant-professor-of-practice-emerging-media-arts-animatio-university-of-nebraska-lincoln-bdcfcd/index.html', LF will be replaced by CRLF the next time Git touches it
[02:32:53] [INFO]   [stderr] warning: in the working copy of 'docs/jobs/assistant-professor-of-practice-emerging-media-arts-designin-university-of-nebraska-lincoln-846ed8/index.html', LF will be replaced by CRLF the next time Git touches it
[02:32:53] [INFO]   [stderr] warning: in the working copy of 'docs/jobs/assistant-professor-of-practice-entrepreneurship-south-dakota-school-of-mines-and-technol-79ef6a/index.html', LF will be replaced by CRLF the next time Git touches it
[02:32:53] [INFO]   [stderr] warning: in the working copy of 'docs/jobs/assistant-professor-of-practice-of-art-and-design-north-dakota-state-university-e94e7d/index.html', LF will be replaced by CRLF the next time Git touches it
[02:32:53] [INFO]   [stderr] warning: in the working copy of 'docs/jobs/assistant-professor-of-practice-technical-directing-university-of-arizona-8a5df8/index.html', LF will be replaced by CRLF the next time Git touches it
[02:32:53] [INFO]   [stderr] warning: in the working copy of 'docs/jobs/assistant-professor-of-practice-theatre-technical-director-university-of-nebraska-lincoln-022232/index.html', LF will be replaced by CRLF the next time Git touches it
[02:32:53] [INFO]   [stderr] warning: in the working copy of 'docs/jobs/assistant-professor-of-professional-practice-rutgers-the-state-university-of-new-jers-1a2e95/index.html', LF will be replaced by CRLF the next time Git touches it
[02:32:53] [INFO]   [stderr] warning: in the working copy of 'docs/jobs/assistant-professor-of-professional-practice-rutgers-the-state-university-of-new-jers-81b0f8/index.html', LF will be replaced by CRLF the next time Git touches it
[02:32:53] [INFO]   [stderr] warning: in the working copy of 'docs/jobs/assistant-professor-of-professional-practice-rutgers-the-state-university-of-new-jers-85b4ab/index.html', LF will be replaced by CRLF the next time Git touches it
[02:32:53] [INFO]   [stderr] warning: in the working copy of 'docs/jobs/assistant-professor-of-psychiatry-at-cumc-dcap-columbia-university-7fa4a2/index.html', LF will be replaced by CRLF the next time Git touches it
[02:32:53] [INFO]   [stderr] warning: in the working copy of 'docs/jobs/assistant-professor-of-psychiatry-hs-suny-downstate-health-sciences-universit-c1ef11/index.html', LF will be replaced by CRLF the next time Git touches it
[02:32:53] [INFO]   [stderr] warning: in the working copy of 'docs/jobs/assistant-professor-of-psychology-and-counseling-chicago-state-university-906507/index.html', LF will be replaced by CRLF the next time Git touches it
[02:32:53] [INFO]   [stderr] warning: in the working copy of 'docs/jobs/assistant-professor-of-psychology-bethel-university-3a4c49/index.html', LF will be replaced by CRLF the next time Git touches it
[02:32:53] [INFO]   [stderr] warning: in the working copy of 'docs/jobs/assistant-professor-of-psychology-california-state-university-bakersfield-ea36a2/index.html', LF will be replaced by CRLF the next time Git touches it
[02:32:53] [INFO]   [stderr] warning: in the working copy of 'docs/jobs/assistant-professor-of-psychology-delta-state-university-b6f1f7/index.html', LF will be replaced by CRLF the next time Git touches it
[02:32:53] [INFO]   [stderr] warning: in the working copy of 'docs/jobs/assistant-professor-of-psychology-digital-health-2-positions-university-of-rhode-island-fca97a/index.html', LF will be replaced by CRLF the next time Git touches it
[02:32:53] [INFO]   [stderr] warning: in the working copy of 'docs/jobs/assistant-professor-of-psychology-fayetteville-state-university-65b3dd/index.html', LF will be replaced by CRLF the next time Git touches it
[02:32:53] [INFO]   [stderr] warning: in the working copy of 'docs/jobs/assistant-professor-of-psychology-human-cognition-or-cogniti-uc-davis-aa62a2/index.html', LF will be replaced by CRLF the next time Git touches it
[02:32:53] [INFO]   [stderr] warning: in the working copy of 'docs/jobs/assistant-professor-of-psychology-tenure-track-biola-university-cd2096/index.html', LF will be replaced by CRLF the next time Git touches it
[02:32:53] [INFO]   [stderr] warning: in the working copy of 'docs/jobs/assistant-professor-of-psychology-valencia-campus-university-of-new-mexico-448242/index.html', LF will be replaced by CRLF the next time Git touches it
[02:32:53] [INFO]   [stderr] warning: in the working copy of 'docs/jobs/assistant-professor-of-public-health-in-biostatistics-university-of-rhode-island-2dd6fa/index.html', LF will be replaced by CRLF the next time Git touches it
[02:32:53] [INFO]   [stderr] warning: in the working copy of 'docs/jobs/assistant-professor-of-radiography-ct-state-gateway-984f0b/index.html', LF will be replaced by CRLF the next time Git touches it
[02:32:53] [INFO]   [stderr] warning: in the working copy of 'docs/jobs/assistant-professor-of-rehabilitation-and-regenerative-medic-columbia-university-8d6a6a/index.html', LF will be replaced by CRLF the next time Git touches it
[02:32:53] [INFO]   [stderr] warning: in the working copy of 'docs/jobs/assistant-professor-of-rehabilitation-and-regenerative-medic-columbia-university-8e7bd8/index.html', LF will be replaced by CRLF the next time Git touches it
[02:32:53] [INFO]   [stderr] warning: in the working copy of 'docs/jobs/assistant-professor-of-rehabilitation-and-regenerative-medic-columbia-university-b388c1/index.html', LF will be replaced by CRLF the next time Git touches it
[02:32:53] [INFO]   [stderr] warning: in the working copy of 'docs/jobs/assistant-professor-of-rehabilitation-and-regenerative-medic-columbia-university-f6fe8d/index.html', LF will be replaced by CRLF the next time Git touches it
[02:32:53] [INFO]   [stderr] warning: in the working copy of 'docs/jobs/assistant-professor-of-religion-islam-trinity-university-1e3990/index.html', LF will be replaced by CRLF the next time Git touches it
[02:32:53] [INFO]   [stderr] warning: in the working copy of 'docs/jobs/assistant-professor-of-religious-studies-wellesley-college-95107f/index.html', LF will be replaced by CRLF the next time Git touches it
[02:32:53] [INFO]   [stderr] warning: in the working copy of 'docs/jobs/assistant-professor-of-research-louisiana-state-university-55ccf3/index.html', LF will be replaced by CRLF the next time Git touches it
[02:32:53] [INFO]   [stderr] warning: in the working copy of 'docs/jobs/assistant-professor-of-research-ophthalmology-university-of-southern-california-f9c544/index.html', LF will be replaced by CRLF the next time Git touches it
[02:32:53] [INFO]   [stderr] warning: in the working copy of 'docs/jobs/assistant-professor-of-rural-sociology-the-pennsylvania-state-university-6e05c5/index.html', LF will be replaced by CRLF the next time Git touches it
[02:32:53] [INFO]   [stderr] warning: in the working copy of 'docs/jobs/assistant-professor-of-science-education-department-of-biolo-california-state-university-northridge-69dc06/index.html', LF will be replaced by CRLF the next time Git touches it
[02:32:53] [INFO]   [stderr] warning: in the working copy of 'docs/jobs/assistant-professor-of-science-education-university-of-georgia-2d74df/index.html', LF will be replaced by CRLF the next time Git touches it
[02:32:53] [INFO]   [stderr] warning: in the working copy of 'docs/jobs/assistant-professor-of-social-psychology-california-state-university-northridge-e2805a/index.html', LF will be replaced by CRLF the next time Git touches it
[02:32:53] [INFO]   [stderr] warning: in the working copy of 'docs/jobs/assistant-professor-of-social-work-california-state-university-stanislaus-o-29d74a/index.html', LF will be replaced by CRLF the next time Git touches it
[02:32:53] [INFO]   [stderr] warning: in the working copy of 'docs/jobs/assistant-professor-of-sociology-bethel-university-ced7e3/index.html', LF will be replaced by CRLF the next time Git touches it
[02:32:53] [INFO]   [stderr] warning: in the working copy of 'docs/jobs/assistant-professor-of-sociology-uw-madison-6dc50d/index.html', LF will be replaced by CRLF the next time Git touches it
[02:32:53] [INFO]   [stderr] warning: in the working copy of 'docs/jobs/assistant-professor-of-software-engineering-california-state-university-long-beach-b0bb81/index.html', LF will be replaced by CRLF the next time Git touches it
[02:32:53] [INFO]   [stderr] warning: in the working copy of 'docs/jobs/assistant-professor-of-special-education-san-jose-state-university-4079da/index.html', LF will be replaced by CRLF the next time Git touches it
[02:32:53] [INFO]   [stderr] warning: in the working copy of 'docs/jobs/assistant-professor-of-speech-language-and-hearing-sciences-california-state-university-east-bay-ca5313/index.html', LF will be replaced by CRLF the next time Git touches it
[02:32:53] [INFO]   [stderr] warning: in the working copy of 'docs/jobs/assistant-professor-of-speech-language-and-hearing-sciences-california-state-university-east-bay-cae015/index.html', LF will be replaced by CRLF the next time Git touches it
[02:32:53] [INFO]   [stderr] warning: in the working copy of 'docs/jobs/assistant-professor-of-speech-language-pathology-department-california-state-university-northridge-59b339/index.html', LF will be replaced by CRLF the next time Git touches it
[02:32:53] [INFO]   [stderr] warning: in the working copy of 'docs/jobs/assistant-professor-of-sport-psychology-motor-behavior-and-a-california-state-university-northridge-eab1fa/index.html', LF will be replaced by CRLF the next time Git touches it
[02:32:53] [INFO]   [stderr] warning: in the working copy of 'docs/jobs/assistant-professor-of-statistics-uc-davis-a73de3/index.html', LF will be replaced by CRLF the next time Git touches it
[02:32:53] [INFO]   [stderr] warning: in the working copy of 'docs/jobs/assistant-professor-of-structural-engineering-edbdcd/index.html', LF will be replaced by CRLF the next time Git touches it
[02:32:53] [INFO]   [stderr] warning: in the working copy of 'docs/jobs/assistant-professor-of-studio-art-sculpture-and-new-media-college-of-charleston-0b0be6/index.html', LF will be replaced by CRLF the next time Git touches it
[02:32:53] [INFO]   [stderr] warning: in the working copy of 'docs/jobs/assistant-professor-of-supply-chain-management-louisiana-tech-university-f6af68/index.html', LF will be replaced by CRLF the next time Git touches it
[02:32:53] [INFO]   [stderr] warning: in the working copy of 'docs/jobs/assistant-professor-of-supply-chain-management-scm-california-polytechnic-state-university-e1496f/index.html', LF will be replaced by CRLF the next time Git touches it
[02:32:53] [INFO]   [stderr] warning: in the working copy of 'docs/jobs/assistant-professor-of-surgery-associate-professor-of-surger-university-of-rochester-39fa70/index.html', LF will be replaced by CRLF the next time Git touches it
[02:32:53] [INFO]   [stderr] warning: in the working copy of 'docs/jobs/assistant-professor-of-surgery-at-cumc-or-higher-pediatric-s-columbia-university-7b2433/index.html', LF will be replaced by CRLF the next time Git touches it
[02:32:53] [INFO]   [stderr] warning: in the working copy of 'docs/jobs/assistant-professor-of-surgery-bariatrics-gi-medical-bariatr-university-of-rochester-ba41a3/index.html', LF will be replaced by CRLF the next time Git touches it
[02:32:53] [INFO]   [stderr] warning: in the working copy of 'docs/jobs/assistant-professor-of-surgery-marshall-university-c05c02/index.html', LF will be replaced by CRLF the next time Git touches it
[02:32:53] [INFO]   [stderr] warning: in the working copy of 'docs/jobs/assistant-professor-of-surgery-rutgers-the-state-university-of-new-jers-c79074/index.html', LF will be replaced by CRLF the next time Git touches it
[02:32:53] [INFO]   [stderr] warning: in the working copy of 'docs/jobs/assistant-professor-of-surgery-rutgers-the-state-university-of-new-jers-f52e79/index.html', LF will be replaced by CRLF the next time Git touches it
[02:32:53] [INFO]   [stderr] warning: in the working copy of 'docs/jobs/assistant-professor-of-surgery-trauma-surgeon-marshall-university-9d59e0/index.html', LF will be replaced by CRLF the next time Git touches it
[02:32:53] [INFO]   [stderr] warning: in the working copy of 'docs/jobs/assistant-professor-of-teaching-florida-atlantic-university-1338ee/index.html', LF will be replaced by CRLF the next time Git touches it
[02:32:53] [INFO]   [stderr] warning: in the working copy of 'docs/jobs/assistant-professor-of-teaching-in-aerospace-engineering-uc-merced-34c13a/index.html', LF will be replaced by CRLF the next time Git touches it
[02:32:53] [INFO]   [stderr] warning: in the working copy of 'docs/jobs/assistant-professor-of-teaching-in-applied-animal-science-uc-davis-3dcd44/index.html', LF will be replaced by CRLF the next time Git touches it
[02:32:53] [INFO]   [stderr] warning: in the working copy of 'docs/jobs/assistant-professor-of-teaching-in-the-university-writing-pr-uc-riverside-73f3a1/index.html', LF will be replaced by CRLF the next time Git touches it
[02:32:53] [INFO]   [stderr] warning: in the working copy of 'docs/jobs/assistant-professor-of-teaching-instrumental-music-education-wayne-state-university-a6089a/index.html', LF will be replaced by CRLF the next time Git touches it
[02:32:53] [INFO]   [stderr] warning: in the working copy of 'docs/jobs/assistant-professor-of-teaching-lecturer-10-months-university-at-buffalo-suny-67c8c5/index.html', LF will be replaced by CRLF the next time Git touches it
[02:32:53] [INFO]   [stderr] warning: in the working copy of 'docs/jobs/assistant-professor-of-teaching-of-chicana-o-x-studies-uc-davis-5248de/index.html', LF will be replaced by CRLF the next time Git touches it
[02:32:53] [INFO]   [stderr] warning: in the working copy of 'docs/jobs/assistant-professor-of-the-clinical-and-translational-scienc-university-of-new-mexico-63c2c3/index.html', LF will be replaced by CRLF the next time Git touches it
[02:32:53] [INFO]   [stderr] warning: in the working copy of 'docs/jobs/assistant-professor-of-theater-design-carleton-college-e11224/index.html', LF will be replaced by CRLF the next time Git touches it
[02:32:53] [INFO]   [stderr] warning: in the working copy of 'docs/jobs/assistant-professor-of-theatre-chicago-state-university-7fe92a/index.html', LF will be replaced by CRLF the next time Git touches it
[02:32:53] [INFO]   [stderr] warning: in the working copy of 'docs/jobs/assistant-professor-of-theatre-ntta-long-island-university-1cac24/index.html', LF will be replaced by CRLF the next time Git touches it
[02:32:53] [INFO]   [stderr] warning: in the working copy of 'docs/jobs/assistant-professor-of-vegetable-crop-production-uc-davis-48576e/index.html', LF will be replaced by CRLF the next time Git touches it
[02:32:53] [INFO]   [stderr] warning: in the working copy of 'docs/jobs/assistant-professor-of-writing-and-rhetoric-writing-across-t-oakland-university-9972f6/index.html', LF will be replaced by CRLF the next time Git touches it
[02:32:53] [INFO]   [stderr] warning: in the working copy of 'docs/jobs/assistant-professor-ohio-state-university-ea7536/index.html', LF will be replaced by CRLF the next time Git touches it
[02:32:53] [INFO]   [stderr] warning: in the working copy of 'docs/jobs/assistant-professor-ohio-state-university-ecc392/index.html', LF will be replaced by CRLF the next time Git touches it
[02:32:53] [INFO]   [stderr] warning: in the working copy of 'docs/jobs/assistant-professor-ophthalmologist-retina-specialist-marshall-university-c33658/index.html', LF will be replaced by CRLF the next time Git touches it
[02:32:53] [INFO]   [stderr] warning: in the working copy of 'docs/jobs/assistant-professor-ophthalmology-cornea-specialist-marshall-university-7fd0a8/index.html', LF will be replaced by CRLF the next time Git touches it
[02:32:53] [INFO]   [stderr] warning: in the working copy of 'docs/jobs/assistant-professor-ophthalmology-pediatrics-specialist-marshall-university-47a485/index.html', LF will be replaced by CRLF the next time Git touches it
[02:32:53] [INFO]   [stderr] warning: in the working copy of 'docs/jobs/assistant-professor-or-associate-professor-of-clinical-pract-university-of-washington-53e0e5/index.html', LF will be replaced by CRLF the next time Git touches it
[02:32:53] [INFO]   [stderr] warning: in the working copy of 'docs/jobs/assistant-professor-or-associate-professor-of-computer-scien-columbia-university-27da66/index.html', LF will be replaced by CRLF the next time Git touches it
[02:32:53] [INFO]   [stderr] warning: in the working copy of 'docs/jobs/assistant-professor-or-associate-professor-of-neurology-at-c-columbia-university-02daf6/index.html', LF will be replaced by CRLF the next time Git touches it
[02:32:53] [INFO]   [stderr] warning: in the working copy of 'docs/jobs/assistant-professor-or-associate-professor-of-neurology-tenu-columbia-university-2aba48/index.html', LF will be replaced by CRLF the next time Git touches it
[02:32:53] [INFO]   [stderr] warning: in the working copy of 'docs/jobs/assistant-professor-or-associate-professor-of-obstetrics-and-columbia-university-3f9ad8/index.html', LF will be replaced by CRLF the next time Git touches it
[02:32:53] [INFO]   [stderr] warning: in the working copy of 'docs/jobs/assistant-professor-or-associate-professor-of-pediatrics-at-columbia-university-083c0b/index.html', LF will be replaced by CRLF the next time Git touches it
[02:32:53] [INFO]   [stderr] warning: in the working copy of 'docs/jobs/assistant-professor-or-associate-professor-of-pediatrics-at-columbia-university-136fe4/index.html', LF will be replaced by CRLF the next time Git touches it
[02:32:53] [INFO]   [stderr] warning: in the working copy of 'docs/jobs/assistant-professor-or-associate-professor-of-pediatrics-at-columbia-university-448be0/index.html', LF will be replaced by CRLF the next time Git touches it
[02:32:53] [INFO]   [stderr] warning: in the working copy of 'docs/jobs/assistant-professor-or-associate-professor-or-professor-of-p-columbia-university-006183/index.html', LF will be replaced by CRLF the next time Git touches it
[02:32:53] [INFO]   [stderr] warning: in the working copy of 'docs/jobs/assistant-professor-or-associate-professor-or-professor-of-p-columbia-university-485074/index.html', LF will be replaced by CRLF the next time Git touches it
[02:32:53] [INFO]   [stderr] warning: in the working copy of 'docs/jobs/assistant-professor-or-associate-professor-or-professor-of-p-columbia-university-e80084/index.html', LF will be replaced by CRLF the next time Git touches it
[02:32:53] [INFO]   [stderr] warning: in the working copy of 'docs/jobs/assistant-professor-or-associate-professor-tenure-track-biom-marquette-university-b3fcd3/index.html', LF will be replaced by CRLF the next time Git touches it
[02:32:53] [INFO]   [stderr] warning: in the working copy of 'docs/jobs/assistant-professor-or-associate-professor-tenure-track-marquette-university-2ec0be/index.html', LF will be replaced by CRLF the next time Git touches it
[02:32:53] [INFO]   [stderr] warning: in the working copy of 'docs/jobs/assistant-professor-or-associate-professor-tenure-track-mech-marquette-university-49d6ed/index.html', LF will be replaced by CRLF the next time Git touches it
[02:32:53] [INFO]   [stderr] warning: in the working copy of 'docs/jobs/assistant-professor-or-associate-professor-tenure-track-mech-marquette-university-89e7cd/index.html', LF will be replaced by CRLF the next time Git touches it
[02:32:53] [INFO]   [stderr] warning: in the working copy of 'docs/jobs/assistant-professor-or-instructor-of-computer-science-louisiana-state-university-6ed79f/index.html', LF will be replaced by CRLF the next time Git touches it
[02:32:53] [INFO]   [stderr] warning: in the working copy of 'docs/jobs/assistant-professor-oral-maxillofacial-surgeon-marshall-university-d9202f/index.html', LF will be replaced by CRLF the next time Git touches it
[02:32:53] [INFO]   [stderr] warning: in the working copy of 'docs/jobs/assistant-professor-oregon-institute-of-technology-f7ed93/index.html', LF will be replaced by CRLF the next time Git touches it
[02:32:53] [INFO]   [stderr] warning: in the working copy of 'docs/jobs/assistant-professor-orthopaedic-trauma-adult-reconstruction-university-of-rochester-98049a/index.html', LF will be replaced by CRLF the next time Git touches it
[02:32:53] [INFO]   [stderr] warning: in the working copy of 'docs/jobs/assistant-professor-otolaryngology-rutgers-the-state-university-of-new-jers-53f585/index.html', LF will be replaced by CRLF the next time Git touches it
[02:32:53] [INFO]   [stderr] warning: in the working copy of 'docs/jobs/assistant-professor-pathology-east-tennessee-state-university-24e31e/index.html', LF will be replaced by CRLF the next time Git touches it
[02:32:53] [INFO]   [stderr] warning: in the working copy of 'docs/jobs/assistant-professor-pathology-east-tennessee-state-university-53fb91/index.html', LF will be replaced by CRLF the next time Git touches it
[02:32:53] [INFO]   [stderr] warning: in the working copy of 'docs/jobs/assistant-professor-pathology-marshall-university-820c5b/index.html', LF will be replaced by CRLF the next time Git touches it
[02:32:53] [INFO]   [stderr] warning: in the working copy of 'docs/jobs/assistant-professor-pc-medical-lab-technician-ct-state-housatonic-4fc8c1/index.html', LF will be replaced by CRLF the next time Git touches it
[02:32:53] [INFO]   [stderr] warning: in the working copy of 'docs/jobs/assistant-professor-pc-of-medical-assisting-ct-state-three-rivers-66ea4b/index.html', LF will be replaced by CRLF the next time Git touches it
[02:32:53] [INFO]   [stderr] warning: in the working copy of 'docs/jobs/assistant-professor-pc-of-practical-nursing-ct-state-norwalk-e33cd2/index.html', LF will be replaced by CRLF the next time Git touches it
[02:32:53] [INFO]   [stderr] warning: in the working copy of 'docs/jobs/assistant-professor-pediatric-otolaryngology-rutgers-the-state-university-of-new-jers-e070cf/index.html', LF will be replaced by CRLF the next time Git touches it
[02:32:53] [INFO]   [stderr] warning: in the working copy of 'docs/jobs/assistant-professor-pediatric-surgery-marshall-university-3d3b24/index.html', LF will be replaced by CRLF the next time Git touches it
[02:32:53] [INFO]   [stderr] warning: in the working copy of 'docs/jobs/assistant-professor-pharmaceutics-chicago-state-university-40b7ed/index.html', LF will be replaced by CRLF the next time Git touches it
[02:32:53] [INFO]   [stderr] warning: in the working copy of 'docs/jobs/assistant-professor-philosophy-university-of-new-mexico-696495/index.html', LF will be replaced by CRLF the next time Git touches it
[02:32:53] [INFO]   [stderr] warning: in the working copy of 'docs/jobs/assistant-professor-philosophy-wayne-state-university-53b1f7/index.html', LF will be replaced by CRLF the next time Git touches it
[02:32:53] [INFO]   [stderr] warning: in the working copy of 'docs/jobs/assistant-professor-physician-assistant-pa-program-endicott-college-f1e461/index.html', LF will be replaced by CRLF the next time Git touches it
[02:32:53] [INFO]   [stderr] warning: in the working copy of 'docs/jobs/assistant-professor-physician-assistant-program-indiana-state-university-a5a642/index.html', LF will be replaced by CRLF the next time Git touches it
[02:32:53] [INFO]   [stderr] warning: in the working copy of 'docs/jobs/assistant-professor-physician-assistant-program-marshall-university-ee1f62/index.html', LF will be replaced by CRLF the next time Git touches it
[02:32:53] [INFO]   [stderr] warning: in the working copy of 'docs/jobs/assistant-professor-physician-assistant-studies-long-island-university-e6e546/index.html', LF will be replaced by CRLF the next time Git touches it
[02:32:53] [INFO]   [stderr] warning: in the working copy of 'docs/jobs/assistant-professor-physics-tenure-track-city-college-596045/index.html', LF will be replaced by CRLF the next time Git touches it
[02:32:53] [INFO]   [stderr] warning: in the working copy of 'docs/jobs/assistant-professor-physics-umass-boston-adb00d/index.html', LF will be replaced by CRLF the next time Git touches it
[02:32:53] [INFO]   [stderr] warning: in the working copy of 'docs/jobs/assistant-professor-political-science-international-relation-university-of-nevada-las-vegas-0e09fb/index.html', LF will be replaced by CRLF the next time Git touches it
[02:32:53] [INFO]   [stderr] warning: in the working copy of 'docs/jobs/assistant-professor-position-anthropology-department-california-state-university-chico-2fd455/index.html', LF will be replaced by CRLF the next time Git touches it
[02:32:53] [INFO]   [stderr] warning: in the working copy of 'docs/jobs/assistant-professor-position-in-resource-and-energy-engineer-university-of-texas-at-arlington-7147c3/index.html', LF will be replaced by CRLF the next time Git touches it
[02:32:53] [INFO]   [stderr] warning: in the working copy of 'docs/jobs/assistant-professor-power-systems-umass-boston-903a8d/index.html', LF will be replaced by CRLF the next time Git touches it
[02:32:53] [INFO]   [stderr] warning: in the working copy of 'docs/jobs/assistant-professor-practice-internal-employment-opportunity-oregon-state-university-78bbe8/index.html', LF will be replaced by CRLF the next time Git touches it
[02:32:53] [INFO]   [stderr] warning: in the working copy of 'docs/jobs/assistant-professor-practice-oregon-state-university-848637/index.html', LF will be replaced by CRLF the next time Git touches it
[02:32:53] [INFO]   [stderr] warning: in the working copy of 'docs/jobs/assistant-professor-principal-faculty-master-of-science-in-p-keck-graduate-institute-57507c/index.html', LF will be replaced by CRLF the next time Git touches it
[02:32:53] [INFO]   [stderr] warning: in the working copy of 'docs/jobs/assistant-professor-principal-faculty-master-of-science-in-p-keck-graduate-institute-5deafb/index.html', LF will be replaced by CRLF the next time Git touches it
[02:32:53] [INFO]   [stderr] warning: in the working copy of 'docs/jobs/assistant-professor-psychology-social-science-brooklyn-college-e2c6fb/index.html', LF will be replaced by CRLF the next time Git touches it
[02:32:53] [INFO]   [stderr] warning: in the working copy of 'docs/jobs/assistant-professor-public-health-sciences-the-pennsylvania-state-university-d92f9e/index.html', LF will be replaced by CRLF the next time Git touches it
[02:32:53] [INFO]   [stderr] warning: in the working copy of 'docs/jobs/assistant-professor-qe9855-university-of-south-dakota-3ab436/index.html', LF will be replaced by CRLF the next time Git touches it
[02:32:53] [INFO]   [stderr] warning: in the working copy of 'docs/jobs/assistant-professor-radiochemistry-department-of-chemistry-a-university-of-nevada-las-vegas-928b8c/index.html', LF will be replaced by CRLF the next time Git touches it
[02:32:53] [INFO]   [stderr] warning: in the working copy of 'docs/jobs/assistant-professor-radiologic-science-oregon-institute-of-technology-7678af/index.html', LF will be replaced by CRLF the next time Git touches it
[02:32:53] [INFO]   [stderr] warning: in the working copy of 'docs/jobs/assistant-professor-reading-and-elementary-ed-unc-charlotte-e75d9a/index.html', LF will be replaced by CRLF the next time Git touches it
[02:32:53] [INFO]   [stderr] warning: in the working copy of 'docs/jobs/assistant-professor-regional-spine-university-of-rochester-7549a3/index.html', LF will be replaced by CRLF the next time Git touches it
[02:32:53] [INFO]   [stderr] warning: in the working copy of 'docs/jobs/assistant-professor-research-louisiana-state-university-0f9939/index.html', LF will be replaced by CRLF the next time Git touches it
[02:32:53] [INFO]   [stderr] warning: in the working copy of 'docs/jobs/assistant-professor-rheumatology-physician-scientist-suny-upstate-medical-university-ef2a80/index.html', LF will be replaced by CRLF the next time Git touches it
[02:32:53] [INFO]   [stderr] warning: in the working copy of 'docs/jobs/assistant-professor-row-crop-entomologist-university-of-georgia-52f6c9/index.html', LF will be replaced by CRLF the next time Git touches it
[02:32:53] [INFO]   [stderr] warning: in the working copy of 'docs/jobs/assistant-professor-rutgers-the-state-university-of-new-jers-087635/index.html', LF will be replaced by CRLF the next time Git touches it
[02:32:53] [INFO]   [stderr] warning: in the working copy of 'docs/jobs/assistant-professor-rutgers-the-state-university-of-new-jers-4384c0/index.html', LF will be replaced by CRLF the next time Git touches it
[02:32:53] [INFO]   [stderr] warning: in the working copy of 'docs/jobs/assistant-professor-rutgers-the-state-university-of-new-jers-531d09/index.html', LF will be replaced by CRLF the next time Git touches it
[02:32:53] [INFO]   [stderr] warning: in the working copy of 'docs/jobs/assistant-professor-rutgers-the-state-university-of-new-jers-62798c/index.html', LF will be replaced by CRLF the next time Git touches it
[02:32:53] [INFO]   [stderr] warning: in the working copy of 'docs/jobs/assistant-professor-rutgers-the-state-university-of-new-jers-c9f486/index.html', LF will be replaced by CRLF the next time Git touches it
[02:32:53] [INFO]   [stderr] warning: in the working copy of 'docs/jobs/assistant-professor-rutgers-the-state-university-of-new-jers-e4d591/index.html', LF will be replaced by CRLF the next time Git touches it
[02:32:53] [INFO]   [stderr] warning: in the working copy of 'docs/jobs/assistant-professor-school-of-accountancy-california-state-university-fullerton-0fc123/index.html', LF will be replaced by CRLF the next time Git touches it
[02:32:53] [INFO]   [stderr] warning: in the working copy of 'docs/jobs/assistant-professor-school-of-architecture-t-te-multiple-pos-university-of-arizona-8f42f2/index.html', LF will be replaced by CRLF the next time Git touches it
[02:32:53] [INFO]   [stderr] warning: in the working copy of 'docs/jobs/assistant-professor-school-of-architecture-t-te-updated-university-of-arizona-5696b4/index.html', LF will be replaced by CRLF the next time Git touches it
[02:32:53] [INFO]   [stderr] warning: in the working copy of 'docs/jobs/assistant-professor-school-of-nursing-undergraduate-program-endicott-college-a12472/index.html', LF will be replaced by CRLF the next time Git touches it
[02:32:53] [INFO]   [stderr] warning: in the working copy of 'docs/jobs/assistant-professor-school-of-nursing-university-of-central-arkansas-13da8e/index.html', LF will be replaced by CRLF the next time Git touches it
[02:32:53] [INFO]   [stderr] warning: in the working copy of 'docs/jobs/assistant-professor-school-of-nursing-university-of-central-arkansas-7c1df9/index.html', LF will be replaced by CRLF the next time Git touches it
[02:32:53] [INFO]   [stderr] warning: in the working copy of 'docs/jobs/assistant-professor-school-of-nursing-university-of-central-arkansas-f27b98/index.html', LF will be replaced by CRLF the next time Git touches it
[02:32:53] [INFO]   [stderr] warning: in the working copy of 'docs/jobs/assistant-professor-school-of-theatre-and-dance-tenure-track-western-michigan-university-ee27ec/index.html', LF will be replaced by CRLF the next time Git touches it
[02:32:53] [INFO]   [stderr] warning: in the working copy of 'docs/jobs/assistant-professor-second-language-corpus-linguistics-university-of-hawaii-system-ece0bf/index.html', LF will be replaced by CRLF the next time Git touches it
[02:32:53] [INFO]   [stderr] warning: in the working copy of 'docs/jobs/assistant-professor-seton-hall-university-20759e/index.html', LF will be replaced by CRLF the next time Git touches it
[02:32:53] [INFO]   [stderr] warning: in the working copy of 'docs/jobs/assistant-professor-seton-hall-university-eb00b3/index.html', LF will be replaced by CRLF the next time Git touches it
[02:32:53] [INFO]   [stderr] warning: in the working copy of 'docs/jobs/assistant-professor-simons-empire-faculty-fellow-electrical-university-at-buffalo-suny-5c308d/index.html', LF will be replaced by CRLF the next time Git touches it
[02:32:53] [INFO]   [stderr] warning: in the working copy of 'docs/jobs/assistant-professor-spa-university-of-new-mexico-147f13/index.html', LF will be replaced by CRLF the next time Git touches it
[02:32:53] [INFO]   [stderr] warning: in the working copy of 'docs/jobs/assistant-professor-spanish-linguistics-auburn-university-at-montgomery-2a758c/index.html', LF will be replaced by CRLF the next time Git touches it
[02:32:53] [INFO]   [stderr] warning: in the working copy of 'docs/jobs/assistant-professor-special-education-murray-state-university-f958be/index.html', LF will be replaced by CRLF the next time Git touches it
[02:32:53] [INFO]   [stderr] warning: in the working copy of 'docs/jobs/assistant-professor-special-education-san-jose-state-university-9933c7/index.html', LF will be replaced by CRLF the next time Git touches it
[02:32:53] [INFO]   [stderr] warning: in the working copy of 'docs/jobs/assistant-professor-spinal-cord-injury-faculty-position-uc-davis-d4084b/index.html', LF will be replaced by CRLF the next time Git touches it
[02:32:53] [INFO]   [stderr] warning: in the working copy of 'docs/jobs/assistant-professor-spine-columbia-university-7b185e/index.html', LF will be replaced by CRLF the next time Git touches it
[02:32:53] [INFO]   [stderr] warning: in the working copy of 'docs/jobs/assistant-professor-sport-leadership-in-administration-umass-boston-dc7565/index.html', LF will be replaced by CRLF the next time Git touches it
[02:32:53] [INFO]   [stderr] warning: in the working copy of 'docs/jobs/assistant-professor-student-media-adviser-north-carolina-central-university-ccf70d/index.html', LF will be replaced by CRLF the next time Git touches it
[02:32:53] [INFO]   [stderr] warning: in the working copy of 'docs/jobs/assistant-professor-suny-canton-55723f/index.html', LF will be replaced by CRLF the next time Git touches it
[02:32:53] [INFO]   [stderr] warning: in the working copy of 'docs/jobs/assistant-professor-suny-canton-7bcf35/index.html', LF will be replaced by CRLF the next time Git touches it
[02:32:53] [INFO]   [stderr] warning: in the working copy of 'docs/jobs/assistant-professor-suny-canton-96c265/index.html', LF will be replaced by CRLF the next time Git touches it
[02:32:53] [INFO]   [stderr] warning: in the working copy of 'docs/jobs/assistant-professor-suny-canton-d691c9/index.html', LF will be replaced by CRLF the next time Git touches it
[02:32:53] [INFO]   [stderr] warning: in the working copy of 'docs/jobs/assistant-professor-suny-upstate-medical-university-02be1b/index.html', LF will be replaced by CRLF the next time Git touches it
[02:32:53] [INFO]   [stderr] warning: in the working copy of 'docs/jobs/assistant-professor-suny-upstate-medical-university-6f546e/index.html', LF will be replaced by CRLF the next time Git touches it
[02:32:53] [INFO]   [stderr] warning: in the working copy of 'docs/jobs/assistant-professor-suny-upstate-medical-university-ba2155/index.html', LF will be replaced by CRLF the next time Git touches it
[02:32:53] [INFO]   [stderr] warning: in the working copy of 'docs/jobs/assistant-professor-suny-upstate-medical-university-c596a0/index.html', LF will be replaced by CRLF the next time Git touches it
[02:32:53] [INFO]   [stderr] warning: in the working copy of 'docs/jobs/assistant-professor-supply-chain-concentration-morgan-state-university-a9aae2/index.html', LF will be replaced by CRLF the next time Git touches it
[02:32:53] [INFO]   [stderr] warning: in the working copy of 'docs/jobs/assistant-professor-supply-chain-management-university-of-maryland-college-park-4192bd/index.html', LF will be replaced by CRLF the next time Git touches it
[02:32:53] [INFO]   [stderr] warning: in the working copy of 'docs/jobs/assistant-professor-surgical-technology-brooklyn-college-6285c5/index.html', LF will be replaced by CRLF the next time Git touches it
[02:32:53] [INFO]   [stderr] warning: in the working copy of 'docs/jobs/assistant-professor-sustainable-food-aquaculture-umass-boston-30a505/index.html', LF will be replaced by CRLF the next time Git touches it
[02:32:53] [INFO]   [stderr] warning: in the working copy of 'docs/jobs/assistant-professor-tcl-obstetrics-and-gynecology-suny-downstate-health-sciences-universit-21fb79/index.html', LF will be replaced by CRLF the next time Git touches it
[02:32:53] [INFO]   [stderr] warning: in the working copy of 'docs/jobs/assistant-professor-teaching-law-school-wayne-state-university-b78057/index.html', LF will be replaced by CRLF the next time Git touches it
[02:32:53] [INFO]   [stderr] warning: in the working copy of 'docs/jobs/assistant-professor-teaching-mathematics-wayne-state-university-60bc87/index.html', LF will be replaced by CRLF the next time Git touches it
[02:32:53] [INFO]   [stderr] warning: in the working copy of 'docs/jobs/assistant-professor-teaching-track-organic-chemistry-departm-university-of-washington-565e57/index.html', LF will be replaced by CRLF the next time Git touches it
[02:32:53] [INFO]   [stderr] warning: in the working copy of 'docs/jobs/assistant-professor-tenure-tenure-track-college-of-nursing-wayne-state-university-76763a/index.html', LF will be replaced by CRLF the next time Git touches it
[02:32:53] [INFO]   [stderr] warning: in the working copy of 'docs/jobs/assistant-professor-tenure-track-advanced-manufacturing-in-m-university-of-washington-7928b0/index.html', LF will be replaced by CRLF the next time Git touches it
[02:32:53] [INFO]   [stderr] warning: in the working copy of 'docs/jobs/assistant-professor-tenure-track-artificial-intelligence-and-uc-san-diego-2c8840/index.html', LF will be replaced by CRLF the next time Git touches it
[02:32:53] [INFO]   [stderr] warning: in the working copy of 'docs/jobs/assistant-professor-tenure-track-biochemistry-department-of-university-of-washington-4b960d/index.html', LF will be replaced by CRLF the next time Git touches it
[02:32:53] [INFO]   [stderr] warning: in the working copy of 'docs/jobs/assistant-professor-tenure-track-business-university-of-new-mexico-8a2a5f/index.html', LF will be replaced by CRLF the next time Git touches it
[02:32:53] [INFO]   [stderr] warning: in the working copy of 'docs/jobs/assistant-professor-tenure-track-columbia-university-97cac8/index.html', LF will be replaced by CRLF the next time Git touches it
[02:32:53] [INFO]   [stderr] warning: in the working copy of 'docs/jobs/assistant-professor-tenure-track-columbia-university-ce5291/index.html', LF will be replaced by CRLF the next time Git touches it
[02:32:53] [INFO]   [stderr] warning: in the working copy of 'docs/jobs/assistant-professor-tenure-track-combinatorics-department-of-baylor-university-d1d5c2/index.html', LF will be replaced by CRLF the next time Git touches it
[02:32:53] [INFO]   [stderr] warning: in the working copy of 'docs/jobs/assistant-professor-tenure-track-department-of-microbiology-university-of-washington-9b7d11/index.html', LF will be replaced by CRLF the next time Git touches it
[02:32:53] [INFO]   [stderr] warning: in the working copy of 'docs/jobs/assistant-professor-tenure-track-department-of-psychology-an-baylor-university-ba2b11/index.html', LF will be replaced by CRLF the next time Git touches it
[02:32:53] [INFO]   [stderr] warning: in the working copy of 'docs/jobs/assistant-professor-tenure-track-in-informatics-information-university-of-washington-c9b9ea/index.html', LF will be replaced by CRLF the next time Git touches it
[02:32:53] [INFO]   [stderr] warning: in the working copy of 'docs/jobs/assistant-professor-tenure-track-mathematics-city-college-d825d8/index.html', LF will be replaced by CRLF the next time Git touches it
[02:32:53] [INFO]   [stderr] warning: in the working copy of 'docs/jobs/assistant-professor-tenure-track-mechanical-engineering-me-university-of-new-mexico-75b6c2/index.html', LF will be replaced by CRLF the next time Git touches it
[02:32:53] [INFO]   [stderr] warning: in the working copy of 'docs/jobs/assistant-professor-tenure-track-mechanical-engineering-university-of-washington-29427f/index.html', LF will be replaced by CRLF the next time Git touches it
[02:32:53] [INFO]   [stderr] warning: in the working copy of 'docs/jobs/assistant-professor-tenure-track-mechanical-system-design-ay-f09262/index.html', LF will be replaced by CRLF the next time Git touches it
[02:32:53] [INFO]   [stderr] warning: in the working copy of 'docs/jobs/assistant-professor-tenure-track-mechatronics-ay-176351/index.html', LF will be replaced by CRLF the next time Git touches it
[02:32:53] [INFO]   [stderr] warning: in the working copy of 'docs/jobs/assistant-professor-tenure-track-morgan-state-university-3a6d01/index.html', LF will be replaced by CRLF the next time Git touches it
[02:32:53] [INFO]   [stderr] warning: in the working copy of 'docs/jobs/assistant-professor-tenure-track-nursing-fairleigh-dickinson-university-e9bda0/index.html', LF will be replaced by CRLF the next time Git touches it
[02:32:53] [INFO]   [stderr] warning: in the working copy of 'docs/jobs/assistant-professor-tenure-track-ophthalmology-413201-unc-chapel-hill-4c2c04/index.html', LF will be replaced by CRLF the next time Git touches it
[02:32:53] [INFO]   [stderr] warning: in the working copy of 'docs/jobs/assistant-professor-tenure-track-or-associate-professor-with-university-of-washington-3a3c75/index.html', LF will be replaced by CRLF the next time Git touches it
[02:32:53] [INFO]   [stderr] warning: in the working copy of 'docs/jobs/assistant-professor-tenure-track-physician-associate-studies-commonwealth-university-42cc67/index.html', LF will be replaced by CRLF the next time Git touches it
[02:32:53] [INFO]   [stderr] warning: in the working copy of 'docs/jobs/assistant-professor-tenure-track-plant-pathology-vegetable-p-cornell-university-bc5bf4/index.html', LF will be replaced by CRLF the next time Git touches it
[02:32:53] [INFO]   [stderr] warning: in the working copy of 'docs/jobs/assistant-professor-tenure-track-prosthodontics-indiana-university-09fc88/index.html', LF will be replaced by CRLF the next time Git touches it
[02:32:53] [INFO]   [stderr] warning: in the working copy of 'docs/jobs/assistant-professor-tenure-track-robotics-in-mechanical-engi-university-of-washington-e36ae0/index.html', LF will be replaced by CRLF the next time Git touches it
[02:32:53] [INFO]   [stderr] warning: in the working copy of 'docs/jobs/assistant-professor-tenure-track-speech-language-pathology-commonwealth-university-412e07/index.html', LF will be replaced by CRLF the next time Git touches it
[02:32:53] [INFO]   [stderr] warning: in the working copy of 'docs/jobs/assistant-professor-tenure-track-sustainable-biology-and-env-seton-hall-university-a242bc/index.html', LF will be replaced by CRLF the next time Git touches it
[02:32:53] [INFO]   [stderr] warning: in the working copy of 'docs/jobs/assistant-professor-tenure-track-theatre-and-speech-directin-city-college-a84a43/index.html', LF will be replaced by CRLF the next time Git touches it
[02:32:53] [INFO]   [stderr] warning: in the working copy of 'docs/jobs/assistant-professor-theoretical-computational-chemistry-uc-riverside-8acd86/index.html', LF will be replaced by CRLF the next time Git touches it
[02:32:53] [INFO]   [stderr] warning: in the working copy of 'docs/jobs/assistant-professor-transplantation-biology-and-immunology-m-university-of-washington-1c316d/index.html', LF will be replaced by CRLF the next time Git touches it
[02:32:53] [INFO]   [stderr] warning: in the working copy of 'docs/jobs/assistant-professor-umass-boston-6a10b2/index.html', LF will be replaced by CRLF the next time Git touches it
[02:32:53] [INFO]   [stderr] warning: in the working copy of 'docs/jobs/assistant-professor-university-of-florida-4c4516/index.html', LF will be replaced by CRLF the next time Git touches it
[02:32:53] [INFO]   [stderr] warning: in the working copy of 'docs/jobs/assistant-professor-university-of-florida-f1c2c2/index.html', LF will be replaced by CRLF the next time Git touches it
[02:32:53] [INFO]   [stderr] warning: in the working copy of 'docs/jobs/assistant-professor-university-of-georgia-1f8510/index.html', LF will be replaced by CRLF the next time Git touches it
[02:32:53] [INFO]   [stderr] warning: in the working copy of 'docs/jobs/assistant-professor-university-of-georgia-442d33/index.html', LF will be replaced by CRLF the next time Git touches it
[02:32:53] [INFO]   [stderr] warning: in the working copy of 'docs/jobs/assistant-professor-university-of-georgia-5e92d7/index.html', LF will be replaced by CRLF the next time Git touches it
[02:32:53] [INFO]   [stderr] warning: in the working copy of 'docs/jobs/assistant-professor-university-of-georgia-89dcc8/index.html', LF will be replaced by CRLF the next time Git touches it
[02:32:53] [INFO]   [stderr] warning: in the working copy of 'docs/jobs/assistant-professor-university-of-georgia-9ed3f3/index.html', LF will be replaced by CRLF the next time Git touches it
[02:32:53] [INFO]   [stderr] warning: in the working copy of 'docs/jobs/assistant-professor-university-of-georgia-e47df3/index.html', LF will be replaced by CRLF the next time Git touches it
[02:32:53] [INFO]   [stderr] warning: in the working copy of 'docs/jobs/assistant-professor-university-of-georgia-f901ed/index.html', LF will be replaced by CRLF the next time Git touches it
[02:32:53] [INFO]   [stderr] warning: in the working copy of 'docs/jobs/assistant-professor-university-of-hawaii-system-117c4d/index.html', LF will be replaced by CRLF the next time Git touches it
[02:32:53] [INFO]   [stderr] warning: in the working copy of 'docs/jobs/assistant-professor-university-of-hawaii-system-334a18/index.html', LF will be replaced by CRLF the next time Git touches it
[02:32:53] [INFO]   [stderr] warning: in the working copy of 'docs/jobs/assistant-professor-university-of-hawaii-system-d512c3/index.html', LF will be replaced by CRLF the next time Git touches it
[02:32:53] [INFO]   [stderr] warning: in the working copy of 'docs/jobs/assistant-professor-university-of-maryland-college-park-319d9c/index.html', LF will be replaced by CRLF the next time Git touches it
[02:32:53] [INFO]   [stderr] warning: in the working copy of 'docs/jobs/assistant-professor-university-of-maryland-college-park-9b8769/index.html', LF will be replaced by CRLF the next time Git touches it
[02:32:53] [INFO]   [stderr] warning: in the working copy of 'docs/jobs/assistant-professor-university-of-maryland-college-park-e0e1ab/index.html', LF will be replaced by CRLF the next time Git touches it
[02:32:53] [INFO]   [stderr] warning: in the working copy of 'docs/jobs/assistant-professor-university-of-miami-09bc71/index.html', LF will be replaced by CRLF the next time Git touches it
[02:32:53] [INFO]   [stderr] warning: in the working copy of 'docs/jobs/assistant-professor-university-of-mississippi-ee21db/index.html', LF will be replaced by CRLF the next time Git touches it
[02:32:53] [INFO]   [stderr] warning: in the working copy of 'docs/jobs/assistant-professor-university-of-nebraska-lincoln-9d16b7/index.html', LF will be replaced by CRLF the next time Git touches it
[02:32:53] [INFO]   [stderr] warning: in the working copy of 'docs/jobs/assistant-professor-university-of-rochester-040512/index.html', LF will be replaced by CRLF the next time Git touches it
[02:32:53] [INFO]   [stderr] warning: in the working copy of 'docs/jobs/assistant-professor-university-of-rochester-27574c/index.html', LF will be replaced by CRLF the next time Git touches it
[02:32:53] [INFO]   [stderr] warning: in the working copy of 'docs/jobs/assistant-professor-university-of-rochester-3d112e/index.html', LF will be replaced by CRLF the next time Git touches it
[02:32:53] [INFO]   [stderr] warning: in the working copy of 'docs/jobs/assistant-professor-university-of-rochester-6a14a3/index.html', LF will be replaced by CRLF the next time Git touches it
[02:32:53] [INFO]   [stderr] warning: in the working copy of 'docs/jobs/assistant-professor-university-of-rochester-9ac03f/index.html', LF will be replaced by CRLF the next time Git touches it
[02:32:53] [INFO]   [stderr] warning: in the working copy of 'docs/jobs/assistant-professor-university-of-rochester-b3b685/index.html', LF will be replaced by CRLF the next time Git touches it
[02:32:53] [INFO]   [stderr] warning: in the working copy of 'docs/jobs/assistant-professor-university-of-texas-at-arlington-058b44/index.html', LF will be replaced by CRLF the next time Git touches it
[02:32:53] [INFO]   [stderr] warning: in the working copy of 'docs/jobs/assistant-professor-university-of-texas-at-arlington-9c1857/index.html', LF will be replaced by CRLF the next time Git touches it
[02:32:53] [INFO]   [stderr] warning: in the working copy of 'docs/jobs/assistant-professor-urban-planning-umass-boston-8e69bb/index.html', LF will be replaced by CRLF the next time Git touches it
[02:32:53] [INFO]   [stderr] warning: in the working copy of 'docs/jobs/assistant-professor-urology-recon-university-of-rochester-df5455/index.html', LF will be replaced by CRLF the next time Git touches it
[02:32:53] [INFO]   [stderr] warning: in the working copy of 'docs/jobs/assistant-professor-vascular-neurology-rutgers-the-state-university-of-new-jers-d8ce95/index.html', LF will be replaced by CRLF the next time Git touches it
[02:32:53] [INFO]   [stderr] warning: in the working copy of 'docs/jobs/assistant-professor-vascular-surgery-marshall-university-a304ab/index.html', LF will be replaced by CRLF the next time Git touches it
[02:32:53] [INFO]   [stderr] warning: in the working copy of 'docs/jobs/assistant-professor-vertebrate-functional-morphologist-california-state-university-northridge-e4fdf9/index.html', LF will be replaced by CRLF the next time Git touches it
[02:32:53] [INFO]   [stderr] warning: in the working copy of 'docs/jobs/assistant-professor-veterinary-technology-suny-ulster-6444ce/index.html', LF will be replaced by CRLF the next time Git touches it
[02:32:53] [INFO]   [stderr] warning: in the working copy of 'docs/jobs/assistant-professor-virology-lineberger-compr-cancer-center-unc-chapel-hill-711f87/index.html', LF will be replaced by CRLF the next time Git touches it
[02:32:53] [INFO]   [stderr] warning: in the working copy of 'docs/jobs/assistant-professor-wildlife-conservation-and-management-southern-illinois-university-carbondale-2a6195/index.html', LF will be replaced by CRLF the next time Git touches it
[02:32:53] [INFO]   [stderr] warning: in the working copy of 'docs/jobs/assistant-professor-without-tenure-by-reason-of-funding-wot-university-of-washington-70f344/index.html', LF will be replaced by CRLF the next time Git touches it
[02:32:53] [INFO]   [stderr] warning: in the working copy of 'docs/jobs/assistant-professor-without-tenure-cardiac-aortic-surgeon-su-university-of-washington-1afc4f/index.html', LF will be replaced by CRLF the next time Git touches it
[02:32:53] [INFO]   [stderr] warning: in the working copy of 'docs/jobs/assistant-professor-without-tenure-department-of-pediatrics-university-of-washington-cf9d3c/index.html', LF will be replaced by CRLF the next time Git touches it
[02:32:53] [INFO]   [stderr] warning: in the working copy of 'docs/jobs/assistant-professor-without-tenure-department-of-pediatrics-university-of-washington-ef30b1/index.html', LF will be replaced by CRLF the next time Git touches it
[02:32:53] [INFO]   [stderr] warning: in the working copy of 'docs/jobs/assistant-professor-without-tenure-faculty-scientist-departm-university-of-washington-8bbc02/index.html', LF will be replaced by CRLF the next time Git touches it
[02:32:53] [INFO]   [stderr] warning: in the working copy of 'docs/jobs/assistant-professor-without-tenure-psychiatrist-psychiatry-a-university-of-washington-8789cd/index.html', LF will be replaced by CRLF the next time Git touches it
[02:32:53] [INFO]   [stderr] warning: in the working copy of 'docs/jobs/assistant-professor-without-tenure-psychologist-university-of-washington-43c280/index.html', LF will be replaced by CRLF the next time Git touches it
[02:32:53] [INFO]   [stderr] warning: in the working copy of 'docs/jobs/assistant-professor-without-tenure-wot-pediatric-neuro-oncol-university-of-washington-0cf3a3/index.html', LF will be replaced by CRLF the next time Git touches it
[02:32:53] [INFO]   [stderr] warning: in the working copy of 'docs/jobs/assistant-professor-wot-anesthesiology-and-pain-medicine-ane-university-of-washington-34d33f/index.html', LF will be replaced by CRLF the next time Git touches it
[02:32:53] [INFO]   [stderr] warning: in the working copy of 'docs/jobs/assistant-professor-wot-department-of-laboratory-medicine-an-university-of-washington-8c70ba/index.html', LF will be replaced by CRLF the next time Git touches it
[02:32:53] [INFO]   [stderr] warning: in the working copy of 'docs/jobs/assistant-professor-wot-department-of-rehabilitation-medicin-university-of-washington-e83ea3/index.html', LF will be replaced by CRLF the next time Git touches it
[02:32:53] [INFO]   [stderr] warning: in the working copy of 'docs/jobs/assistant-professor-wot-general-internal-medicine-cardiovasc-university-of-washington-a35f27/index.html', LF will be replaced by CRLF the next time Git touches it
[02:32:53] [INFO]   [stderr] warning: in the working copy of 'docs/jobs/assistant-professor-wot-or-associate-professor-wot-division-university-of-washington-76b757/index.html', LF will be replaced by CRLF the next time Git touches it
[02:32:53] [INFO]   [stderr] warning: in the working copy of 'docs/jobs/assistant-professor-wot-or-associate-professor-wot-division-university-of-washington-b1c68a/index.html', LF will be replaced by CRLF the next time Git touches it
[02:32:53] [INFO]   [stderr] warning: in the working copy of 'docs/jobs/assistant-professor-wot-or-associate-professor-wot-spine-ser-university-of-washington-d67609/index.html', LF will be replaced by CRLF the next time Git touches it
[02:32:53] [INFO]   [stderr] warning: in the working copy of 'docs/jobs/assistant-professor-wot-pediatric-anesthesiology-and-pain-me-university-of-washington-ed5610/index.html', LF will be replaced by CRLF the next time Git touches it
[02:32:53] [INFO]   [stderr] warning: in the working copy of 'docs/jobs/assistant-professor-wot-pediatric-otolaryngologist-dept-of-o-university-of-washington-4d3e12/index.html', LF will be replaced by CRLF the next time Git touches it
[02:32:53] [INFO]   [stderr] warning: in the working copy of 'docs/jobs/assistant-professor-wot-pediatric-otolaryngologist-otolaryng-university-of-washington-a186a9/index.html', LF will be replaced by CRLF the next time Git touches it
[02:32:53] [INFO]   [stderr] warning: in the working copy of 'docs/jobs/assistant-professor-wot-radiation-oncology-fhccradiation-onc-university-of-washington-6ff7cd/index.html', LF will be replaced by CRLF the next time Git touches it
[02:32:53] [INFO]   [stderr] warning: in the working copy of 'docs/jobs/assistant-professor-wot-sports-medicine-service-orthopaedic-university-of-washington-40bf2c/index.html', LF will be replaced by CRLF the next time Git touches it
[02:32:53] [INFO]   [stderr] warning: in the working copy of 'docs/jobs/assistant-research-professor-chemistry-the-pennsylvania-state-university-1157b7/index.html', LF will be replaced by CRLF the next time Git touches it
[02:32:53] [INFO]   [stderr] warning: in the working copy of 'docs/jobs/assistant-research-professor-in-infrastructure-engineering-rutgers-the-state-university-of-new-jers-0bc5f1/index.html', LF will be replaced by CRLF the next time Git touches it
[02:32:53] [INFO]   [stderr] warning: in the working copy of 'docs/jobs/assistant-research-professor-maria-research-group-materials-the-pennsylvania-state-university-b7c483/index.html', LF will be replaced by CRLF the next time Git touches it
[02:32:53] [INFO]   [stderr] warning: in the working copy of 'docs/jobs/assistant-research-professor-nuclear-engineering-the-pennsylvania-state-university-b45d3c/index.html', LF will be replaced by CRLF the next time Git touches it
[02:32:53] [INFO]   [stderr] warning: in the working copy of 'docs/jobs/assistant-research-professor-the-pennsylvania-state-university-5bf74d/index.html', LF will be replaced by CRLF the next time Git touches it
[02:32:53] [INFO]   [stderr] warning: in the working copy of 'docs/jobs/assistant-research-professor-the-pennsylvania-state-university-610c06/index.html', LF will be replaced by CRLF the next time Git touches it
[02:32:53] [INFO]   [stderr] warning: in the working copy of 'docs/jobs/assistant-research-professor-the-pennsylvania-state-university-bfaea8/index.html', LF will be replaced by CRLF the next time Git touches it
[02:32:53] [INFO]   [stderr] warning: in the working copy of 'docs/jobs/assistant-research-professor-university-of-maryland-college-park-b62537/index.html', LF will be replaced by CRLF the next time Git touches it
[02:32:53] [INFO]   [stderr] warning: in the working copy of 'docs/jobs/assistant-research-professor-university-of-maryland-college-park-ea4f00/index.html', LF will be replaced by CRLF the next time Git touches it
[02:32:53] [INFO]   [stderr] warning: in the working copy of 'docs/jobs/assistant-teaching-professor-biology-and-biochemistry-syracuse-university-244dfd/index.html', LF will be replaced by CRLF the next time Git touches it
[02:32:53] [INFO]   [stderr] warning: in the working copy of 'docs/jobs/assistant-teaching-professor-calculus-syracuse-university-7ef8c0/index.html', LF will be replaced by CRLF the next time Git touches it
[02:32:53] [INFO]   [stderr] warning: in the working copy of 'docs/jobs/assistant-teaching-professor-chemical-and-biological-enginee-villanova-university-3a6a36/index.html', LF will be replaced by CRLF the next time Git touches it
[02:32:53] [INFO]   [stderr] warning: in the working copy of 'docs/jobs/assistant-teaching-professor-children-s-literature-the-pennsylvania-state-university-ee7343/index.html', LF will be replaced by CRLF the next time Git touches it
[02:32:53] [INFO]   [stderr] warning: in the working copy of 'docs/jobs/assistant-teaching-professor-civil-and-environmental-enginee-unc-charlotte-3a6e13/index.html', LF will be replaced by CRLF the next time Git touches it
[02:32:53] [INFO]   [stderr] warning: in the working copy of 'docs/jobs/assistant-teaching-professor-communication-sciences-and-diso-northern-arizona-university-4db392/index.html', LF will be replaced by CRLF the next time Git touches it
[02:32:53] [INFO]   [stderr] warning: in the working copy of 'docs/jobs/assistant-teaching-professor-cwtapschool-of-social-work-university-of-washington-7cc990/index.html', LF will be replaced by CRLF the next time Git touches it
[02:32:53] [INFO]   [stderr] warning: in the working copy of 'docs/jobs/assistant-teaching-professor-division-of-prosthetics-and-ort-university-of-washington-889025/index.html', LF will be replaced by CRLF the next time Git touches it
[02:32:53] [INFO]   [stderr] warning: in the working copy of 'docs/jobs/assistant-teaching-professor-drexel-university-19a980/index.html', LF will be replaced by CRLF the next time Git touches it
[02:32:53] [INFO]   [stderr] warning: in the working copy of 'docs/jobs/assistant-teaching-professor-for-emergency-and-disaster-heal-university-of-maryland-baltimore-county-d89a8e/index.html', LF will be replaced by CRLF the next time Git touches it
[02:32:53] [INFO]   [stderr] warning: in the working copy of 'docs/jobs/assistant-teaching-professor-general-chemistry-university-of-maryland-baltimore-county-22de05/index.html', LF will be replaced by CRLF the next time Git touches it
[02:32:53] [INFO]   [stderr] warning: in the working copy of 'docs/jobs/assistant-teaching-professor-human-anatomy-and-physiology-villanova-university-36cad3/index.html', LF will be replaced by CRLF the next time Git touches it
[02:32:53] [INFO]   [stderr] warning: in the working copy of 'docs/jobs/assistant-teaching-professor-in-arts-and-humanities-interdis-university-of-washington-65e77b/index.html', LF will be replaced by CRLF the next time Git touches it
[02:32:53] [INFO]   [stderr] warning: in the working copy of 'docs/jobs/assistant-teaching-professor-in-computational-social-science-uc-san-diego-58610d/index.html', LF will be replaced by CRLF the next time Git touches it
[02:32:53] [INFO]   [stderr] warning: in the working copy of 'docs/jobs/assistant-teaching-professor-in-landscape-architecture-commu-university-of-rhode-island-b7d94e/index.html', LF will be replaced by CRLF the next time Git touches it
[02:32:53] [INFO]   [stderr] warning: in the working copy of 'docs/jobs/assistant-teaching-professor-in-music-education-and-music-th-university-of-kansas-16f45f/index.html', LF will be replaced by CRLF the next time Git touches it
[02:32:53] [INFO]   [stderr] warning: in the working copy of 'docs/jobs/assistant-teaching-professor-musical-theater-performance-syracuse-university-7268a5/index.html', LF will be replaced by CRLF the next time Git touches it
[02:32:53] [INFO]   [stderr] warning: in the working copy of 'docs/jobs/assistant-teaching-professor-non-tenure-track-rutgers-the-state-university-of-new-jers-d88cfb/index.html', LF will be replaced by CRLF the next time Git touches it
[02:32:53] [INFO]   [stderr] warning: in the working copy of 'docs/jobs/assistant-teaching-professor-ntt-rutgers-the-state-university-of-new-jers-55d4ca/index.html', LF will be replaced by CRLF the next time Git touches it
[02:32:53] [INFO]   [stderr] warning: in the working copy of 'docs/jobs/assistant-teaching-professor-nursing-michigan-technological-university-9a5cf9/index.html', LF will be replaced by CRLF the next time Git touches it
[02:32:53] [INFO]   [stderr] warning: in the working copy of 'docs/jobs/assistant-teaching-professor-of-aging-studies-university-of-maryland-baltimore-county-b1c9ed/index.html', LF will be replaced by CRLF the next time Git touches it
[02:32:53] [INFO]   [stderr] warning: in the working copy of 'docs/jobs/assistant-teaching-professor-of-art-ceramics-one-year-contra-the-pennsylvania-state-university-f5334a/index.html', LF will be replaced by CRLF the next time Git touches it
[02:32:53] [INFO]   [stderr] warning: in the working copy of 'docs/jobs/assistant-teaching-professor-of-computer-engineering-villanova-university-ac6f4c/index.html', LF will be replaced by CRLF the next time Git touches it
[02:32:53] [INFO]   [stderr] warning: in the working copy of 'docs/jobs/assistant-teaching-professor-of-digital-arts-and-media-desig-the-pennsylvania-state-university-0ac615/index.html', LF will be replaced by CRLF the next time Git touches it
[02:32:53] [INFO]   [stderr] warning: in the working copy of 'docs/jobs/assistant-teaching-professor-of-recreation-park-and-tourism-the-pennsylvania-state-university-5aa23d/index.html', LF will be replaced by CRLF the next time Git touches it
[02:32:53] [INFO]   [stderr] warning: in the working copy of 'docs/jobs/assistant-teaching-professor-of-supply-chain-management-busi-university-of-washington-4035d6/index.html', LF will be replaced by CRLF the next time Git touches it
[02:32:53] [INFO]   [stderr] warning: in the working copy of 'docs/jobs/assistant-teaching-professor-organic-chemistry-university-of-maryland-baltimore-county-0a0f03/index.html', LF will be replaced by CRLF the next time Git touches it
[02:32:53] [INFO]   [stderr] warning: in the working copy of 'docs/jobs/assistant-teaching-professor-public-relations-montclair-state-university-6b3f8f/index.html', LF will be replaced by CRLF the next time Git touches it
[02:32:53] [INFO]   [stderr] warning: in the working copy of 'docs/jobs/assistant-teaching-professor-school-psychology-syracuse-university-7a1056/index.html', LF will be replaced by CRLF the next time Git touches it
[02:32:53] [INFO]   [stderr] warning: in the working copy of 'docs/jobs/assistant-teaching-professor-spmt-colorado-state-university-451c8b/index.html', LF will be replaced by CRLF the next time Git touches it
[02:32:53] [INFO]   [stderr] warning: in the working copy of 'docs/jobs/assistant-teaching-professor-statistics-syracuse-university-d7ff25/index.html', LF will be replaced by CRLF the next time Git touches it
[02:32:53] [INFO]   [stderr] warning: in the working copy of 'docs/jobs/assistant-teaching-professor-supply-chain-management-syracuse-university-d55539/index.html', LF will be replaced by CRLF the next time Git touches it
[02:32:53] [INFO]   [stderr] warning: in the working copy of 'docs/jobs/assistant-teaching-professor-the-pennsylvania-state-university-6f6a4d/index.html', LF will be replaced by CRLF the next time Git touches it
[02:32:53] [INFO]   [stderr] warning: in the working copy of 'docs/jobs/assistant-teaching-professor-university-of-maryland-baltimore-county-624f02/index.html', LF will be replaced by CRLF the next time Git touches it
[02:32:53] [INFO]   [stderr] warning: in the working copy of 'docs/jobs/assistant-teaching-professor-voice-setnor-school-of-music-syracuse-university-41d27e/index.html', LF will be replaced by CRLF the next time Git touches it
[02:32:53] [INFO]   [stderr] warning: in the working copy of 'docs/jobs/associate-chair-of-clinical-operations-and-aso-full-professo-university-of-florida-989df6/index.html', LF will be replaced by CRLF the next time Git touches it
[02:32:53] [INFO]   [stderr] warning: in the working copy of 'docs/jobs/associate-chief-for-clinical-operations-pediatric-critical-c-uc-san-francisco-7124de/index.html', LF will be replaced by CRLF the next time Git touches it
[02:32:53] [INFO]   [stderr] warning: in the working copy of 'docs/jobs/associate-clinical-professor-and-or-lecturer-university-of-maryland-college-park-1ef1e3/index.html', LF will be replaced by CRLF the next time Git touches it
[02:32:53] [INFO]   [stderr] warning: in the working copy of 'docs/jobs/associate-dean-director-of-extension-university-of-vermont-807c9a/index.html', LF will be replaced by CRLF the next time Git touches it
[02:32:53] [INFO]   [stderr] warning: in the working copy of 'docs/jobs/associate-dean-director-of-ui-extension-cals-university-of-idaho-9d82d8/index.html', LF will be replaced by CRLF the next time Git touches it
[02:32:53] [INFO]   [stderr] warning: in the working copy of 'docs/jobs/associate-dean-faculty-and-academic-programs-open-to-archite-university-of-nebraska-lincoln-09f370/index.html', LF will be replaced by CRLF the next time Git touches it
[02:32:53] [INFO]   [stderr] warning: in the working copy of 'docs/jobs/associate-dean-for-academic-affairs-open-to-cehs-and-cehs-ia-university-of-nebraska-lincoln-aa863d/index.html', LF will be replaced by CRLF the next time Git touches it
[02:32:53] [INFO]   [stderr] warning: in the working copy of 'docs/jobs/associate-dean-for-academic-and-student-affairs-continuing-a-uc-davis-106759/index.html', LF will be replaced by CRLF the next time Git touches it
[02:32:53] [INFO]   [stderr] warning: in the working copy of 'docs/jobs/associate-dean-for-assessment-and-educational-innovation-university-of-rochester-69a32c/index.html', LF will be replaced by CRLF the next time Git touches it
[02:32:53] [INFO]   [stderr] warning: in the working copy of 'docs/jobs/associate-dean-for-simulation-and-experiential-learning-sch-unc-chapel-hill-a00106/index.html', LF will be replaced by CRLF the next time Git touches it
[02:32:53] [INFO]   [stderr] warning: in the working copy of 'docs/jobs/associate-dean-for-student-affairs-and-admissions-and-associ-florida-atlantic-university-1aedc2/index.html', LF will be replaced by CRLF the next time Git touches it
[02:32:53] [INFO]   [stderr] warning: in the working copy of 'docs/jobs/associate-dean-for-student-affairs-zucker-school-of-medicine-hofstra-university-f54735/index.html', LF will be replaced by CRLF the next time Git touches it
[02:32:53] [INFO]   [stderr] warning: in the working copy of 'docs/jobs/associate-dean-honors-college-georgia-state-university-8ad7e6/index.html', LF will be replaced by CRLF the next time Git touches it
[02:32:53] [INFO]   [stderr] warning: in the working copy of 'docs/jobs/associate-dean-morgan-state-university-6ad1d3/index.html', LF will be replaced by CRLF the next time Git touches it
[02:32:53] [INFO]   [stderr] warning: in the working copy of 'docs/jobs/associate-dean-of-entry-to-baccalaureate-nursing-practice-di-rutgers-the-state-university-of-new-jers-49f742/index.html', LF will be replaced by CRLF the next time Git touches it
[02:32:53] [INFO]   [stderr] warning: in the working copy of 'docs/jobs/associate-dean-of-faculty-development-and-strategic-initiati-seton-hall-university-8b5953/index.html', LF will be replaced by CRLF the next time Git touches it
[02:32:53] [INFO]   [stderr] warning: in the working copy of 'docs/jobs/associate-dean-research-professor-tenured-college-of-science-university-of-arizona-cda180/index.html', LF will be replaced by CRLF the next time Git touches it
[02:32:53] [INFO]   [stderr] warning: in the working copy of 'docs/jobs/associate-dean-sgjc-morgan-state-university-8ddfba/index.html', LF will be replaced by CRLF the next time Git touches it
[02:32:53] [INFO]   [stderr] warning: in the working copy of 'docs/jobs/associate-director-and-professor-stony-brook-university-suny-915859/index.html', LF will be replaced by CRLF the next time Git touches it
[02:32:53] [INFO]   [stderr] warning: in the working copy of 'docs/jobs/associate-director-for-clinical-research-associate-professor-rutgers-the-state-university-of-new-jers-af74ad/index.html', LF will be replaced by CRLF the next time Git touches it
[02:32:53] [INFO]   [stderr] warning: in the working copy of 'docs/jobs/associate-director-of-faculty-development-lecturer-umass-amherst-476792/index.html', LF will be replaced by CRLF the next time Git touches it
[02:32:53] [INFO]   [stderr] warning: in the working copy of 'docs/jobs/associate-full-professor-and-department-chair-exercise-and-h-umass-boston-9c1f8e/index.html', LF will be replaced by CRLF the next time Git touches it
[02:32:53] [INFO]   [stderr] warning: in the working copy of 'docs/jobs/associate-full-professor-and-department-chairperson-strategi-morgan-state-university-1976f5/index.html', LF will be replaced by CRLF the next time Git touches it
[02:32:53] [INFO]   [stderr] warning: in the working copy of 'docs/jobs/associate-full-professor-and-director-institute-for-communit-umass-boston-9c438e/index.html', LF will be replaced by CRLF the next time Git touches it
[02:32:53] [INFO]   [stderr] warning: in the working copy of 'docs/jobs/associate-full-professor-and-director-of-rddc-university-of-florida-f243ad/index.html', LF will be replaced by CRLF the next time Git touches it
[02:32:53] [INFO]   [stderr] warning: in the working copy of 'docs/jobs/associate-full-professor-associate-dean-faculty-development-university-of-south-florida-ca8bac/index.html', LF will be replaced by CRLF the next time Git touches it
[02:32:53] [INFO]   [stderr] warning: in the working copy of 'docs/jobs/associate-full-professor-clean-energy-and-carbon-neutrality-university-at-buffalo-suny-4d0ede/index.html', LF will be replaced by CRLF the next time Git touches it
[02:32:53] [INFO]   [stderr] warning: in the working copy of 'docs/jobs/associate-full-professor-department-chair-and-program-direct-university-of-rhode-island-080622/index.html', LF will be replaced by CRLF the next time Git touches it
[02:32:53] [INFO]   [stderr] warning: in the working copy of 'docs/jobs/associate-full-professor-dr-j-keith-motley-endowed-chair-spo-umass-boston-86e6ab/index.html', LF will be replaced by CRLF the next time Git touches it
[02:32:53] [INFO]   [stderr] warning: in the working copy of 'docs/jobs/associate-full-professor-finance-columbia-university-cd5d6e/index.html', LF will be replaced by CRLF the next time Git touches it
[02:32:53] [INFO]   [stderr] warning: in the working copy of 'docs/jobs/associate-full-professor-for-public-facing-border-scholarshi-san-diego-state-university-c15570/index.html', LF will be replaced by CRLF the next time Git touches it
[02:32:53] [INFO]   [stderr] warning: in the working copy of 'docs/jobs/associate-full-professor-in-economics-and-finance-of-risk-an-lehigh-university-6c8696/index.html', LF will be replaced by CRLF the next time Git touches it
[02:32:53] [INFO]   [stderr] warning: in the working copy of 'docs/jobs/associate-full-professor-in-physical-activity-and-brain-ment-indiana-university-a04ec3/index.html', LF will be replaced by CRLF the next time Git touches it
[02:32:53] [INFO]   [stderr] warning: in the working copy of 'docs/jobs/associate-full-professor-mind-institute-uc-davis-00f0b8/index.html', LF will be replaced by CRLF the next time Git touches it
[02:32:53] [INFO]   [stderr] warning: in the working copy of 'docs/jobs/associate-full-professor-of-business-communication-and-emerg-montclair-state-university-2390fa/index.html', LF will be replaced by CRLF the next time Git touches it
[02:32:53] [INFO]   [stderr] warning: in the working copy of 'docs/jobs/associate-full-professor-of-native-american-studies-indigeno-uc-davis-a985a6/index.html', LF will be replaced by CRLF the next time Git touches it
[02:32:53] [INFO]   [stderr] warning: in the working copy of 'docs/jobs/associate-full-professor-of-strategic-communication-departme-montclair-state-university-6cc321/index.html', LF will be replaced by CRLF the next time Git touches it
[02:32:53] [INFO]   [stderr] warning: in the working copy of 'docs/jobs/associate-full-professor-of-surgery-burn-unit-medical-direct-uc-san-francisco-1656f2/index.html', LF will be replaced by CRLF the next time Git touches it
[02:32:53] [INFO]   [stderr] warning: in the working copy of 'docs/jobs/associate-full-professor-of-surgery-chief-section-of-colorec-uc-san-francisco-b71ac6/index.html', LF will be replaced by CRLF the next time Git touches it
[02:32:53] [INFO]   [stderr] warning: in the working copy of 'docs/jobs/associate-full-professor-of-teaching-in-epidemiology-uc-davis-1667a3/index.html', LF will be replaced by CRLF the next time Git touches it
[02:32:53] [INFO]   [stderr] warning: in the working copy of 'docs/jobs/associate-full-professor-of-wildlife-health-uc-davis-070c36/index.html', LF will be replaced by CRLF the next time Git touches it
[02:32:53] [INFO]   [stderr] warning: in the working copy of 'docs/jobs/associate-full-professor-pharmaceutical-sciences-university-at-buffalo-suny-e6f861/index.html', LF will be replaced by CRLF the next time Git touches it
[02:32:53] [INFO]   [stderr] warning: in the working copy of 'docs/jobs/associate-full-professor-phd-program-director-human-developm-university-of-rhode-island-396f7c/index.html', LF will be replaced by CRLF the next time Git touches it
[02:32:53] [INFO]   [stderr] warning: in the working copy of 'docs/jobs/associate-full-professor-school-for-the-environment-umass-boston-94d8cc/index.html', LF will be replaced by CRLF the next time Git touches it
[02:32:53] [INFO]   [stderr] warning: in the working copy of 'docs/jobs/associate-full-professor-tenure-tenure-track-college-of-nurs-wayne-state-university-33ef55/index.html', LF will be replaced by CRLF the next time Git touches it
[02:32:53] [INFO]   [stderr] warning: in the working copy of 'docs/jobs/associate-in-discipline-lecturer-in-discipline-columbia-university-950be4/index.html', LF will be replaced by CRLF the next time Git touches it
[02:32:53] [INFO]   [stderr] warning: in the working copy of 'docs/jobs/associate-instructor-english-central-virginia-community-college-5f9cc7/index.html', LF will be replaced by CRLF the next time Git touches it
[02:32:53] [INFO]   [stderr] warning: in the working copy of 'docs/jobs/associate-instructor-hvac-restricted-central-virginia-community-college-6b956f/index.html', LF will be replaced by CRLF the next time Git touches it
[02:32:53] [INFO]   [stderr] warning: in the working copy of 'docs/jobs/associate-instructor-in-bioengineering-engineering-ay-uc-merced-bef3c0/index.html', LF will be replaced by CRLF the next time Git touches it
[02:32:53] [INFO]   [stderr] warning: in the working copy of 'docs/jobs/associate-instructor-in-chemical-and-materials-engineering-e-uc-merced-284f28/index.html', LF will be replaced by CRLF the next time Git touches it
[02:32:53] [INFO]   [stderr] warning: in the working copy of 'docs/jobs/associate-instructor-in-civil-and-environmental-engineering-uc-merced-484743/index.html', LF will be replaced by CRLF the next time Git touches it
[02:32:53] [INFO]   [stderr] warning: in the working copy of 'docs/jobs/associate-instructor-in-electrical-engineering-engineering-a-uc-merced-515b37/index.html', LF will be replaced by CRLF the next time Git touches it
[02:32:53] [INFO]   [stderr] warning: in the working copy of 'docs/jobs/associate-instructor-in-mechanical-engineering-engineering-a-uc-merced-10f841/index.html', LF will be replaced by CRLF the next time Git touches it
[02:32:53] [INFO]   [stderr] warning: in the working copy of 'docs/jobs/associate-instructor-mathematics-central-virginia-community-college-6d1393/index.html', LF will be replaced by CRLF the next time Git touches it
[02:32:53] [INFO]   [stderr] warning: in the working copy of 'docs/jobs/associate-instructor-mathematics-central-virginia-community-college-cf0738/index.html', LF will be replaced by CRLF the next time Git touches it
[02:32:53] [INFO]   [stderr] warning: in the working copy of 'docs/jobs/associate-instructor-welding-central-virginia-community-college-c325a3/index.html', LF will be replaced by CRLF the next time Git touches it
[02:32:53] [INFO]   [stderr] warning: in the working copy of 'docs/jobs/associate-or-assistant-professor-of-economics-william-paterson-university-19e36a/index.html', LF will be replaced by CRLF the next time Git touches it
[02:32:53] [INFO]   [stderr] warning: in the working copy of 'docs/jobs/associate-or-assistant-professor-of-nursing-hofstra-university-7f73ba/index.html', LF will be replaced by CRLF the next time Git touches it
[02:32:53] [INFO]   [stderr] warning: in the working copy of 'docs/jobs/associate-or-full-professor-computational-materials-science-city-college-e2ea79/index.html', LF will be replaced by CRLF the next time Git touches it
[02:32:53] [INFO]   [stderr] warning: in the working copy of 'docs/jobs/associate-or-full-professor-division-head-division-of-cardio-university-of-washington-7dba81/index.html', LF will be replaced by CRLF the next time Git touches it
[02:32:53] [INFO]   [stderr] warning: in the working copy of 'docs/jobs/associate-or-full-professor-division-hematology-and-oncology-university-of-washington-c4310f/index.html', LF will be replaced by CRLF the next time Git touches it
[02:32:53] [INFO]   [stderr] warning: in the working copy of 'docs/jobs/associate-or-full-professor-economics-tenured-university-of-arizona-c9c919/index.html', LF will be replaced by CRLF the next time Git touches it
[02:32:53] [INFO]   [stderr] warning: in the working copy of 'docs/jobs/associate-or-full-professor-empire-innovation-professor-biom-university-at-buffalo-suny-242778/index.html', LF will be replaced by CRLF the next time Git touches it
[02:32:53] [INFO]   [stderr] warning: in the working copy of 'docs/jobs/associate-or-full-professor-gastrointestinal-oncology-medici-university-of-washington-e1abc2/index.html', LF will be replaced by CRLF the next time Git touches it
[02:32:53] [INFO]   [stderr] warning: in the working copy of 'docs/jobs/associate-or-full-professor-hs-clinical-clinical-x-director-uc-san-diego-24c51f/index.html', LF will be replaced by CRLF the next time Git touches it
[02:32:53] [INFO]   [stderr] warning: in the working copy of 'docs/jobs/associate-or-full-professor-hs-clinical-clinical-x-director-uc-san-diego-918da1/index.html', LF will be replaced by CRLF the next time Git touches it
[02:32:53] [INFO]   [stderr] warning: in the working copy of 'docs/jobs/associate-or-full-professor-hs-clinical-clinical-x-in-reside-uc-san-diego-26733e/index.html', LF will be replaced by CRLF the next time Git touches it
[02:32:53] [INFO]   [stderr] warning: in the working copy of 'docs/jobs/associate-or-full-professor-hs-clinical-clinical-x-in-reside-uc-san-diego-7cba3f/index.html', LF will be replaced by CRLF the next time Git touches it
[02:32:53] [INFO]   [stderr] warning: in the working copy of 'docs/jobs/associate-or-full-professor-hs-clinical-clinical-x-in-reside-uc-san-diego-d16151/index.html', LF will be replaced by CRLF the next time Git touches it
[02:32:53] [INFO]   [stderr] warning: in the working copy of 'docs/jobs/associate-or-full-professor-hs-clinical-clinical-x-in-reside-uc-san-diego-fdaff3/index.html', LF will be replaced by CRLF the next time Git touches it
[02:32:53] [INFO]   [stderr] warning: in the working copy of 'docs/jobs/associate-or-full-professor-in-convergent-biology-and-biomed-indiana-university-69b921/index.html', LF will be replaced by CRLF the next time Git touches it
[02:32:53] [INFO]   [stderr] warning: in the working copy of 'docs/jobs/associate-or-full-professor-in-residence-department-of-epide-uc-san-francisco-f23091/index.html', LF will be replaced by CRLF the next time Git touches it
[02:32:53] [INFO]   [stderr] warning: in the working copy of 'docs/jobs/associate-or-full-professor-ladder-in-residence-health-servi-uc-san-diego-568305/index.html', LF will be replaced by CRLF the next time Git touches it
[02:32:53] [INFO]   [stderr] warning: in the working copy of 'docs/jobs/associate-or-full-professor-ladder-rank-in-residence-chief-d-uc-san-diego-653226/index.html', LF will be replaced by CRLF the next time Git touches it
[02:32:53] [INFO]   [stderr] warning: in the working copy of 'docs/jobs/associate-or-full-professor-ladder-rank-in-residence-urology-uc-san-diego-afcfe3/index.html', LF will be replaced by CRLF the next time Git touches it
[02:32:53] [INFO]   [stderr] warning: in the working copy of 'docs/jobs/associate-or-full-professor-of-clinical-practice-uw-pediatri-university-of-washington-f3a42b/index.html', LF will be replaced by CRLF the next time Git touches it
[02:32:53] [INFO]   [stderr] warning: in the working copy of 'docs/jobs/associate-or-full-professor-of-empire-innovation-experimenta-university-at-buffalo-suny-266c7f/index.html', LF will be replaced by CRLF the next time Git touches it
[02:32:53] [INFO]   [stderr] warning: in the working copy of 'docs/jobs/associate-or-full-professor-of-empire-innovation-sustainable-university-at-buffalo-suny-35b5d8/index.html', LF will be replaced by CRLF the next time Git touches it
[02:32:53] [INFO]   [stderr] warning: in the working copy of 'docs/jobs/associate-or-full-professor-of-epidemiology-university-of-florida-0680d0/index.html', LF will be replaced by CRLF the next time Git touches it
[02:32:53] [INFO]   [stderr] warning: in the working copy of 'docs/jobs/associate-or-full-professor-of-philosophy-with-leadership-of-university-of-georgia-1116fc/index.html', LF will be replaced by CRLF the next time Git touches it
[02:32:53] [INFO]   [stderr] warning: in the working copy of 'docs/jobs/associate-or-full-professor-tenured-artificial-intelligence-uc-san-diego-2710aa/index.html', LF will be replaced by CRLF the next time Git touches it
[02:32:53] [INFO]   [stderr] warning: in the working copy of 'docs/jobs/associate-or-full-professor-university-of-georgia-83b4b7/index.html', LF will be replaced by CRLF the next time Git touches it
[02:32:53] [INFO]   [stderr] warning: in the working copy of 'docs/jobs/associate-or-full-professor-university-of-georgia-ae22bf/index.html', LF will be replaced by CRLF the next time Git touches it
[02:32:53] [INFO]   [stderr] warning: in the working copy of 'docs/jobs/associate-or-full-professor-with-tenure-global-health-somsea-university-of-washington-5a5251/index.html', LF will be replaced by CRLF the next time Git touches it
[02:32:53] [INFO]   [stderr] warning: in the working copy of 'docs/jobs/associate-or-full-professor-without-tenure-department-of-ped-university-of-washington-ee4bbe/index.html', LF will be replaced by CRLF the next time Git touches it
[02:32:53] [INFO]   [stderr] warning: in the working copy of 'docs/jobs/associate-or-full-professor-without-tenure-division-head-ped-university-of-washington-aaa892/index.html', LF will be replaced by CRLF the next time Git touches it
[02:32:53] [INFO]   [stderr] warning: in the working copy of 'docs/jobs/associate-or-full-professor-without-tenure-uw-department-of-university-of-washington-0ce6d0/index.html', LF will be replaced by CRLF the next time Git touches it
[02:32:53] [INFO]   [stderr] warning: in the working copy of 'docs/jobs/associate-or-full-professor-without-tenure-uw-pediatric-card-university-of-washington-fa641a/index.html', LF will be replaced by CRLF the next time Git touches it
[02:32:53] [INFO]   [stderr] warning: in the working copy of 'docs/jobs/associate-or-full-professor-without-tenure-uw-pediatrics-university-of-washington-dcc43f/index.html', LF will be replaced by CRLF the next time Git touches it
[02:32:53] [INFO]   [stderr] warning: in the working copy of 'docs/jobs/associate-or-full-professor-without-tenure-wot-division-head-university-of-washington-7771f0/index.html', LF will be replaced by CRLF the next time Git touches it
[02:32:53] [INFO]   [stderr] warning: in the working copy of 'docs/jobs/associate-or-full-professor-without-tenure-wot-division-head-university-of-washington-78ea8f/index.html', LF will be replaced by CRLF the next time Git touches it
[02:32:53] [INFO]   [stderr] warning: in the working copy of 'docs/jobs/associate-or-full-professor-wot-and-chief-of-pediatric-urolo-university-of-washington-efebee/index.html', LF will be replaced by CRLF the next time Git touches it
[02:32:53] [INFO]   [stderr] warning: in the working copy of 'docs/jobs/associate-or-full-professor-wot-department-of-pediatrics-cen-university-of-washington-dded81/index.html', LF will be replaced by CRLF the next time Git touches it
[02:32:53] [INFO]   [stderr] warning: in the working copy of 'docs/jobs/associate-or-full-professor-wot-department-of-pediatrics-dir-university-of-washington-4a60bd/index.html', LF will be replaced by CRLF the next time Git touches it
[02:32:53] [INFO]   [stderr] warning: in the working copy of 'docs/jobs/associate-or-full-professor-wot-emergency-medical-services-e-university-of-washington-750272/index.html', LF will be replaced by CRLF the next time Git touches it
[02:32:53] [INFO]   [stderr] warning: in the working copy of 'docs/jobs/associate-or-full-professor-wot-program-head-phase-i-clinica-university-of-washington-b64275/index.html', LF will be replaced by CRLF the next time Git touches it
[02:32:53] [INFO]   [stderr] warning: in the working copy of 'docs/jobs/associate-or-professor-wot-chief-of-transplant-surgery-at-university-of-washington-426a18/index.html', LF will be replaced by CRLF the next time Git touches it
[02:32:53] [INFO]   [stderr] warning: in the working copy of 'docs/jobs/associate-professor-and-vice-chair-of-education-suny-upstate-medical-university-05596a/index.html', LF will be replaced by CRLF the next time Git touches it
[02:32:53] [INFO]   [stderr] warning: in the working copy of 'docs/jobs/associate-professor-electrical-and-computer-engineering-university-of-washington-869ba2/index.html', LF will be replaced by CRLF the next time Git touches it
[02:32:53] [INFO]   [stderr] warning: in the working copy of 'docs/jobs/associate-professor-emergency-medicine-pem-division-director-rutgers-the-state-university-of-new-jers-567002/index.html', LF will be replaced by CRLF the next time Git touches it
[02:32:53] [INFO]   [stderr] warning: in the working copy of 'docs/jobs/associate-professor-gft-neonatology-suny-downstate-health-sciences-universit-3eb506/index.html', LF will be replaced by CRLF the next time Git touches it
[02:32:53] [INFO]   [stderr] warning: in the working copy of 'docs/jobs/associate-professor-history-wayne-state-university-83e883/index.html', LF will be replaced by CRLF the next time Git touches it
[02:32:53] [INFO]   [stderr] warning: in the working copy of 'docs/jobs/associate-professor-msw-program-director-university-of-wyoming-80c972/index.html', LF will be replaced by CRLF the next time Git touches it
[02:32:53] [INFO]   [stderr] warning: in the working copy of 'docs/jobs/associate-professor-music-electrical-engineering-9-month-university-of-arkansas-b96eb1/index.html', LF will be replaced by CRLF the next time Git touches it
[02:32:53] [INFO]   [stderr] warning: in the working copy of 'docs/jobs/associate-professor-non-tenure-track-ntta-of-broadcasting-long-island-university-7b68bd/index.html', LF will be replaced by CRLF the next time Git touches it
[02:32:53] [INFO]   [stderr] warning: in the working copy of 'docs/jobs/associate-professor-nursing-assistant-chair-915-unc-pembroke-e868f3/index.html', LF will be replaced by CRLF the next time Git touches it
[02:32:53] [INFO]   [stderr] warning: in the working copy of 'docs/jobs/associate-professor-nursing-dean-nursing-university-of-rhode-island-5619f0/index.html', LF will be replaced by CRLF the next time Git touches it
[02:32:53] [INFO]   [stderr] warning: in the working copy of 'docs/jobs/associate-professor-of-bioethics-and-humanities-suny-upstate-medical-university-3cf808/index.html', LF will be replaced by CRLF the next time Git touches it
[02:32:53] [INFO]   [stderr] warning: in the working copy of 'docs/jobs/associate-professor-of-clinical-dentistry-university-of-rochester-1fecea/index.html', LF will be replaced by CRLF the next time Git touches it
[02:32:53] [INFO]   [stderr] warning: in the working copy of 'docs/jobs/associate-professor-of-clinical-family-medicine-and-communit-university-of-miami-4e3037/index.html', LF will be replaced by CRLF the next time Git touches it
[02:32:53] [INFO]   [stderr] warning: in the working copy of 'docs/jobs/associate-professor-of-clinical-neurology-general-neurology-university-of-rochester-58b9d4/index.html', LF will be replaced by CRLF the next time Git touches it
[02:32:53] [INFO]   [stderr] warning: in the working copy of 'docs/jobs/associate-professor-of-clinical-neurology-university-of-rochester-64c8bd/index.html', LF will be replaced by CRLF the next time Git touches it
[02:32:53] [INFO]   [stderr] warning: in the working copy of 'docs/jobs/associate-professor-of-clinical-orthopaedics-hand-university-of-miami-688988/index.html', LF will be replaced by CRLF the next time Git touches it
[02:32:53] [INFO]   [stderr] warning: in the working copy of 'docs/jobs/associate-professor-of-clinical-radiology-musculoskeletal-so-university-of-miami-58846a/index.html', LF will be replaced by CRLF the next time Git touches it
[02:32:53] [INFO]   [stderr] warning: in the working copy of 'docs/jobs/associate-professor-of-clinical-surgery-vascular-surgery-university-of-miami-bd273d/index.html', LF will be replaced by CRLF the next time Git touches it
[02:32:53] [INFO]   [stderr] warning: in the working copy of 'docs/jobs/associate-professor-of-educational-leadership-pk-12-educatio-unc-charlotte-95de26/index.html', LF will be replaced by CRLF the next time Git touches it
[02:32:53] [INFO]   [stderr] warning: in the working copy of 'docs/jobs/associate-professor-of-law-columbia-university-1c72fe/index.html', LF will be replaced by CRLF the next time Git touches it
[02:32:53] [INFO]   [stderr] warning: in the working copy of 'docs/jobs/associate-professor-of-medicine-at-cumc-columbia-university-d97033/index.html', LF will be replaced by CRLF the next time Git touches it
[02:32:53] [INFO]   [stderr] warning: in the working copy of 'docs/jobs/associate-professor-of-medicine-at-cumc-director-columbia-university-88bb34/index.html', LF will be replaced by CRLF the next time Git touches it
[02:32:53] [INFO]   [stderr] warning: in the working copy of 'docs/jobs/associate-professor-of-medicine-tenure-track-columbia-university-734fdb/index.html', LF will be replaced by CRLF the next time Git touches it
[02:32:53] [INFO]   [stderr] warning: in the working copy of 'docs/jobs/associate-professor-of-pediatrics-at-cumc-columbia-university-303393/index.html', LF will be replaced by CRLF the next time Git touches it
[02:32:53] [INFO]   [stderr] warning: in the working copy of 'docs/jobs/associate-professor-of-pediatrics-at-cumc-or-full-professor-columbia-university-f43e82/index.html', LF will be replaced by CRLF the next time Git touches it
[02:32:53] [INFO]   [stderr] warning: in the working copy of 'docs/jobs/associate-professor-of-surgery-marshall-university-96c8d5/index.html', LF will be replaced by CRLF the next time Git touches it
[02:32:53] [INFO]   [stderr] warning: in the working copy of 'docs/jobs/associate-professor-of-surgery-section-chief-of-transplant-s-rutgers-the-state-university-of-new-jers-381fdb/index.html', LF will be replaced by CRLF the next time Git touches it
[02:32:53] [INFO]   [stderr] warning: in the working copy of 'docs/jobs/associate-professor-of-transplant-and-hepatobiliary-surgery-rutgers-the-state-university-of-new-jers-6e847c/index.html', LF will be replaced by CRLF the next time Git touches it
[02:32:53] [INFO]   [stderr] warning: in the working copy of 'docs/jobs/associate-professor-of-transplant-and-hepatobiliary-surgery-rutgers-the-state-university-of-new-jers-cdadbf/index.html', LF will be replaced by CRLF the next time Git touches it
[02:32:53] [INFO]   [stderr] warning: in the working copy of 'docs/jobs/associate-professor-of-transplant-surgery-rutgers-the-state-university-of-new-jers-151582/index.html', LF will be replaced by CRLF the next time Git touches it
[02:32:53] [INFO]   [stderr] warning: in the working copy of 'docs/jobs/associate-professor-or-full-professor-without-tenure-departm-university-of-washington-442ac1/index.html', LF will be replaced by CRLF the next time Git touches it
[02:32:53] [INFO]   [stderr] warning: in the working copy of 'docs/jobs/associate-professor-or-professor-associate-dean-of-faculty-a-university-of-nevada-las-vegas-b03a62/index.html', LF will be replaced by CRLF the next time Git touches it
[02:32:53] [INFO]   [stderr] warning: in the working copy of 'docs/jobs/associate-professor-or-professor-director-division-of-nephro-rutgers-the-state-university-of-new-jers-9b31ae/index.html', LF will be replaced by CRLF the next time Git touches it
[02:32:53] [INFO]   [stderr] warning: in the working copy of 'docs/jobs/associate-professor-or-professor-of-anesthesiology-at-cumc-d-columbia-university-5d6709/index.html', LF will be replaced by CRLF the next time Git touches it
[02:32:53] [INFO]   [stderr] warning: in the working copy of 'docs/jobs/associate-professor-or-professor-of-clinical-practice-obcc-m-university-of-washington-891b5c/index.html', LF will be replaced by CRLF the next time Git touches it
[02:32:53] [INFO]   [stderr] warning: in the working copy of 'docs/jobs/associate-professor-orthopaedics-research-stony-brook-university-suny-29e9ea/index.html', LF will be replaced by CRLF the next time Git touches it
[02:32:53] [INFO]   [stderr] warning: in the working copy of 'docs/jobs/associate-professor-ph-d-program-in-philosophy-graduate-center-0cfe34/index.html', LF will be replaced by CRLF the next time Git touches it
[02:32:53] [INFO]   [stderr] warning: in the working copy of 'docs/jobs/associate-professor-ph-d-program-in-theatre-and-performance-graduate-center-1ed690/index.html', LF will be replaced by CRLF the next time Git touches it
[02:32:53] [INFO]   [stderr] warning: in the working copy of 'docs/jobs/associate-professor-professor-and-master-of-social-work-msw-northern-illinois-university-fd61e0/index.html', LF will be replaced by CRLF the next time Git touches it
[02:32:53] [INFO]   [stderr] warning: in the working copy of 'docs/jobs/associate-professor-professor-at-cumc-director-center-for-fa-columbia-university-e86849/index.html', LF will be replaced by CRLF the next time Git touches it
[02:32:53] [INFO]   [stderr] warning: in the working copy of 'docs/jobs/associate-professor-professor-chief-of-surgical-oncology-university-of-vermont-d7ea4c/index.html', LF will be replaced by CRLF the next time Git touches it
[02:32:54] [INFO]   [stderr] warning: in the working copy of 'docs/jobs/associate-professor-professor-department-of-neurology-wayne-state-university-a7c2d0/index.html', LF will be replaced by CRLF the next time Git touches it
[02:32:54] [INFO]   [stderr] warning: in the working copy of 'docs/jobs/associate-professor-professor-of-medicine-tenure-track-cardi-columbia-university-f8e9bf/index.html', LF will be replaced by CRLF the next time Git touches it
[02:32:54] [INFO]   [stderr] warning: in the working copy of 'docs/jobs/associate-professor-professor-of-medicine-tenure-track-endoc-columbia-university-cb0f70/index.html', LF will be replaced by CRLF the next time Git touches it
[02:32:54] [INFO]   [stderr] warning: in the working copy of 'docs/jobs/associate-professor-professor-of-pathology-and-cell-biology-columbia-university-3ba8bc/index.html', LF will be replaced by CRLF the next time Git touches it
[02:32:54] [INFO]   [stderr] warning: in the working copy of 'docs/jobs/associate-professor-professor-schlesinger-grossman-endowed-c-university-of-vermont-137e59/index.html', LF will be replaced by CRLF the next time Git touches it
[02:32:54] [INFO]   [stderr] warning: in the working copy of 'docs/jobs/associate-professor-public-health-program-director-morgan-state-university-775026/index.html', LF will be replaced by CRLF the next time Git touches it
[02:32:54] [INFO]   [stderr] warning: in the working copy of 'docs/jobs/associate-professor-rank-phd-dsw-department-tenure-track-ten-morgan-state-university-5887e6/index.html', LF will be replaced by CRLF the next time Git touches it
[02:32:54] [INFO]   [stderr] warning: in the working copy of 'docs/jobs/associate-professor-tenure-track-special-education-and-liter-western-michigan-university-3b73ca/index.html', LF will be replaced by CRLF the next time Git touches it
[02:32:54] [INFO]   [stderr] warning: in the working copy of 'docs/jobs/associate-professor-tenured-or-tenure-track-marquette-university-2c4a2e/index.html', LF will be replaced by CRLF the next time Git touches it
[02:32:54] [INFO]   [stderr] warning: in the working copy of 'docs/jobs/associate-professor-without-tenure-department-of-pediatrics-university-of-washington-2ff47d/index.html', LF will be replaced by CRLF the next time Git touches it
[02:32:54] [INFO]   [stderr] warning: in the working copy of 'docs/jobs/associate-provost-for-faculty-affairs-university-of-georgia-beb864/index.html', LF will be replaced by CRLF the next time Git touches it
[02:32:54] [INFO]   [stderr] warning: in the working copy of 'docs/jobs/associate-research-professor-bmb-the-pennsylvania-state-university-74046e/index.html', LF will be replaced by CRLF the next time Git touches it
[02:32:54] [INFO]   [stderr] warning: in the working copy of 'docs/jobs/associate-teaching-professor-chemical-and-biological-enginee-villanova-university-fc0373/index.html', LF will be replaced by CRLF the next time Git touches it
[02:32:54] [INFO]   [stderr] warning: in the working copy of 'docs/jobs/asst-assoc-full-professor-of-the-practice-information-techno-university-of-kansas-a85dc7/index.html', LF will be replaced by CRLF the next time Git touches it
[02:32:54] [INFO]   [stderr] warning: in the working copy of 'docs/jobs/asst-assoc-full-research-professor-florida-atlantic-university-2bdcb0/index.html', LF will be replaced by CRLF the next time Git touches it
[02:32:54] [INFO]   [stderr] warning: in the working copy of 'docs/jobs/asst-assoc-professor-agricultural-banking-and-finance-university-of-nebraska-lincoln-20e43b/index.html', LF will be replaced by CRLF the next time Git touches it
[02:32:54] [INFO]   [stderr] warning: in the working copy of 'docs/jobs/asst-assoc-professor-and-or-asst-assoc-professor-of-clinical-uc-davis-08323a/index.html', LF will be replaced by CRLF the next time Git touches it
[02:32:54] [INFO]   [stderr] warning: in the working copy of 'docs/jobs/asst-assoc-professor-in-actuarial-science-statistics-math-ed-indiana-university-3822ce/index.html', LF will be replaced by CRLF the next time Git touches it
[02:32:54] [INFO]   [stderr] warning: in the working copy of 'docs/jobs/asst-assoc-professor-pharmaceutical-sciences-pharmacology-fairleigh-dickinson-university-5d4e27/index.html', LF will be replaced by CRLF the next time Git touches it
[02:32:54] [INFO]   [stderr] warning: in the working copy of 'docs/jobs/asst-professor-agronomy-or-horticulture-plant-sciences-university-of-wyoming-1a1717/index.html', LF will be replaced by CRLF the next time Git touches it
[02:32:54] [INFO]   [stderr] warning: in the working copy of 'docs/jobs/asst-professor-counseling-leadership-advocacy-and-design-university-of-wyoming-5bf0f6/index.html', LF will be replaced by CRLF the next time Git touches it
[02:32:54] [INFO]   [stderr] warning: in the working copy of 'docs/jobs/asst-professor-university-of-south-florida-591daf/index.html', LF will be replaced by CRLF the next time Git touches it
[02:32:54] [INFO]   [stderr] warning: in the working copy of 'docs/jobs/ast-aso-full-professor-and-director-of-the-university-of-flo-university-of-florida-bc11e2/index.html', LF will be replaced by CRLF the next time Git touches it
[02:32:54] [INFO]   [stderr] warning: in the working copy of 'docs/jobs/ast-aso-full-t-cell-research-professor-preston-a-wells-cente-university-of-florida-184d7a/index.html', LF will be replaced by CRLF the next time Git touches it
[02:32:54] [INFO]   [stderr] warning: in the working copy of 'docs/jobs/ast-aso-or-full-professor-university-of-florida-770a0e/index.html', LF will be replaced by CRLF the next time Git touches it
[02:32:54] [INFO]   [stderr] warning: in the working copy of 'docs/jobs/ast-assoc-professor-of-clinical-university-of-miami-6eb43b/index.html', LF will be replaced by CRLF the next time Git touches it
[02:32:54] [INFO]   [stderr] warning: in the working copy of 'docs/jobs/attending-neonatologist-clinical-associate-professor-hs-nicu-suny-downstate-health-sciences-universit-fb8885/index.html', LF will be replaced by CRLF the next time Git touches it
[02:32:54] [INFO]   [stderr] warning: in the working copy of 'docs/jobs/automation-and-robotics-instructor-central-virginia-community-college-4fd694/index.html', LF will be replaced by CRLF the next time Git touches it
[02:32:54] [INFO]   [stderr] warning: in the working copy of 'docs/jobs/autopsy-pathologist-assistant-associate-full-professor-uc-davis-973908/index.html', LF will be replaced by CRLF the next time Git touches it
[02:32:54] [INFO]   [stderr] warning: in the working copy of 'docs/jobs/available-faculty-and-staff-positions-east-texas-a-and-m-university-1d67c2/index.html', LF will be replaced by CRLF the next time Git touches it
[02:32:54] [INFO]   [stderr] warning: in the working copy of 'docs/jobs/aviation-faculty-10-month-community-college-of-baltimore-county-5c3899/index.html', LF will be replaced by CRLF the next time Git touches it
[02:32:54] [INFO]   [stderr] warning: in the working copy of 'docs/jobs/aviation-maintenance-technology-ft-teaching-faculty-9-or-12-central-virginia-community-college-9f37f0/index.html', LF will be replaced by CRLF the next time Git touches it
[02:32:54] [INFO]   [stderr] warning: in the working copy of 'docs/jobs/aviation-non-tenure-track-faculty-gallatin-college-applicant-montana-state-university-f28363/index.html', LF will be replaced by CRLF the next time Git touches it
[02:32:54] [INFO]   [stderr] warning: in the working copy of 'docs/jobs/bachelor-of-science-in-nursing-lecturer-central-michigan-university-e56692/index.html', LF will be replaced by CRLF the next time Git touches it
[02:32:54] [INFO]   [stderr] warning: in the working copy of 'docs/jobs/barbering-instructor-denmark-technical-college-ebb606/index.html', LF will be replaced by CRLF the next time Git touches it
[02:32:54] [INFO]   [stderr] warning: in the working copy of 'docs/jobs/behavioral-science-faculty-uc-san-francisco-c7c540/index.html', LF will be replaced by CRLF the next time Git touches it
[02:32:54] [INFO]   [stderr] warning: in the working copy of 'docs/jobs/bioinformatics-assistant-to-associate-professor-non-tenure-r-rutgers-the-state-university-of-new-jers-1a10b8/index.html', LF will be replaced by CRLF the next time Git touches it
[02:32:54] [INFO]   [stderr] warning: in the working copy of 'docs/jobs/biology-faculty-central-virginia-community-college-0769eb/index.html', LF will be replaced by CRLF the next time Git touches it
[02:32:54] [INFO]   [stderr] warning: in the working copy of 'docs/jobs/biology-faculty-suny-system-75cea1/index.html', LF will be replaced by CRLF the next time Git touches it
[02:32:54] [INFO]   [stderr] warning: in the working copy of 'docs/jobs/biomedical-sciences-ladder-rank-associate-or-full-professor-uc-riverside-af94a2/index.html', LF will be replaced by CRLF the next time Git touches it
[02:32:54] [INFO]   [stderr] warning: in the working copy of 'docs/jobs/biosignals-for-computational-cardiology-faculty-uc-san-francisco-5588df/index.html', LF will be replaced by CRLF the next time Git touches it
[02:32:54] [INFO]   [stderr] warning: in the working copy of 'docs/jobs/biostatistician-med-faculty-open-rank-cuny-school-of-professional-studies-5ac99a/index.html', LF will be replaced by CRLF the next time Git touches it
[02:32:54] [INFO]   [stderr] warning: in the working copy of 'docs/jobs/body-imaging-radiologist-hybrid-on-site-remote-assistant-ass-stony-brook-university-suny-5ae20c/index.html', LF will be replaced by CRLF the next time Git touches it
[02:32:54] [INFO]   [stderr] warning: in the working copy of 'docs/jobs/bookkeeping-and-business-management-non-tenure-track-faculty-montana-state-university-a73114/index.html', LF will be replaced by CRLF the next time Git touches it
[02:32:54] [INFO]   [stderr] warning: in the working copy of 'docs/jobs/brain-metastases-program-director-and-clinical-ast-aso-full-university-of-florida-49d9c8/index.html', LF will be replaced by CRLF the next time Git touches it
[02:32:54] [INFO]   [stderr] warning: in the working copy of 'docs/jobs/breast-imaging-radiologist-hybrid-on-site-remote-assistant-a-stony-brook-university-suny-a84199/index.html', LF will be replaced by CRLF the next time Git touches it
[02:32:54] [INFO]   [stderr] warning: in the working copy of 'docs/jobs/bsn-program-faculty-open-rank-mississippi-university-for-women-44ea88/index.html', LF will be replaced by CRLF the next time Git touches it
[02:32:54] [INFO]   [stderr] warning: in the working copy of 'docs/jobs/bsn-program-faculty-open-rank-mississippi-university-for-women-6a7719/index.html', LF will be replaced by CRLF the next time Git touches it
[02:32:54] [INFO]   [stderr] warning: in the working copy of 'docs/jobs/business-analytics-information-systems-lecturers-part-time-t-university-of-washington-86cfcb/index.html', LF will be replaced by CRLF the next time Git touches it
[02:32:54] [INFO]   [stderr] warning: in the working copy of 'docs/jobs/business-instructor-pool-pennwest-7a6b1a/index.html', LF will be replaced by CRLF the next time Git touches it
[02:32:54] [INFO]   [stderr] warning: in the working copy of 'docs/jobs/business-instructor-suny-niagara-296ec3/index.html', LF will be replaced by CRLF the next time Git touches it
[02:32:54] [INFO]   [stderr] warning: in the working copy of 'docs/jobs/cancer-pharmacology-and-drug-discovery-tenure-track-faculty-rutgers-the-state-university-of-new-jers-97fd41/index.html', LF will be replaced by CRLF the next time Git touches it
[02:32:54] [INFO]   [stderr] warning: in the working copy of 'docs/jobs/cardiac-care-intensivist-clinical-assistant-associate-full-p-university-of-florida-bde6cc/index.html', LF will be replaced by CRLF the next time Git touches it
[02:32:54] [INFO]   [stderr] warning: in the working copy of 'docs/jobs/cardiac-catheterization-lab-director-clinical-assistant-prof-suny-downstate-health-sciences-universit-dbe6ed/index.html', LF will be replaced by CRLF the next time Git touches it
[02:32:54] [INFO]   [stderr] warning: in the working copy of 'docs/jobs/cardiologist-assistant-associate-full-professor-internal-med-stony-brook-university-suny-4cf69f/index.html', LF will be replaced by CRLF the next time Git touches it
[02:32:54] [INFO]   [stderr] warning: in the working copy of 'docs/jobs/cardiologist-assistant-associate-full-professor-internal-med-stony-brook-university-suny-d94be3/index.html', LF will be replaced by CRLF the next time Git touches it
[02:32:54] [INFO]   [stderr] warning: in the working copy of 'docs/jobs/cardiologist-assistant-associate-full-professor-internal-med-stony-brook-university-suny-ea2b31/index.html', LF will be replaced by CRLF the next time Git touches it
[02:32:54] [INFO]   [stderr] warning: in the working copy of 'docs/jobs/cardiology-assistant-professor-clinical-scholar-pathway-university-of-vermont-42a1ad/index.html', LF will be replaced by CRLF the next time Git touches it
[02:32:54] [INFO]   [stderr] warning: in the working copy of 'docs/jobs/cardiothoracic-imaging-faculty-fy2526-ucla-83d584/index.html', LF will be replaced by CRLF the next time Git touches it
[02:32:54] [INFO]   [stderr] warning: in the working copy of 'docs/jobs/cardiothoracic-surgeon-and-assistant-associate-full-professo-university-of-florida-6cd6fc/index.html', LF will be replaced by CRLF the next time Git touches it
[02:32:54] [INFO]   [stderr] warning: in the working copy of 'docs/jobs/career-track-scholarly-assistant-associate-professor-in-acco-washington-state-university-794059/index.html', LF will be replaced by CRLF the next time Git touches it
[02:32:54] [INFO]   [stderr] warning: in the working copy of 'docs/jobs/career-track-scholarly-assistant-professor-and-director-of-i-washington-state-university-c55800/index.html', LF will be replaced by CRLF the next time Git touches it
[02:32:54] [INFO]   [stderr] warning: in the working copy of 'docs/jobs/cdsp-calls-lauren-f-winner-phd-as-visiting-professor-of-wome-church-divinity-school-of-the-pacific-acec44/index.html', LF will be replaced by CRLF the next time Git touches it
[02:32:54] [INFO]   [stderr] warning: in the working copy of 'docs/jobs/cell-and-systems-biology-associate-professor-university-of-miami-b7fb97/index.html', LF will be replaced by CRLF the next time Git touches it
[02:32:54] [INFO]   [stderr] warning: in the working copy of 'docs/jobs/cell-and-systems-biology-professor-university-of-miami-b2c277/index.html', LF will be replaced by CRLF the next time Git touches it
[02:32:54] [INFO]   [stderr] warning: in the working copy of 'docs/jobs/center-for-possible-minds-postdoctoral-fellow-indiana-university-10cb2e/index.html', LF will be replaced by CRLF the next time Git touches it
[02:32:54] [INFO]   [stderr] warning: in the working copy of 'docs/jobs/ceramics-area-lecturer-ucla-517316/index.html', LF will be replaced by CRLF the next time Git touches it
[02:32:54] [INFO]   [stderr] warning: in the working copy of 'docs/jobs/certified-nurse-midwives-open-rank-lecturer-of-obstetrics-an-university-of-new-mexico-ebdc00/index.html', LF will be replaced by CRLF the next time Git touches it
[02:32:54] [INFO]   [stderr] warning: in the working copy of 'docs/jobs/certified-registered-nurse-anesthetist-crna-clinical-faculty-university-at-buffalo-suny-ffc14b/index.html', LF will be replaced by CRLF the next time Git touches it
[02:32:54] [INFO]   [stderr] warning: in the working copy of 'docs/jobs/chair-and-professor-or-associate-professor-university-of-florida-ecf989/index.html', LF will be replaced by CRLF the next time Git touches it
[02:32:54] [INFO]   [stderr] warning: in the working copy of 'docs/jobs/chair-associate-full-professor-department-of-occupational-th-university-of-nevada-las-vegas-063d3f/index.html', LF will be replaced by CRLF the next time Git touches it
[02:32:54] [INFO]   [stderr] warning: in the working copy of 'docs/jobs/chair-at-the-rank-of-professor-in-health-behavior-society-an-rutgers-the-state-university-of-new-jers-62ae6f/index.html', LF will be replaced by CRLF the next time Git touches it
[02:32:54] [INFO]   [stderr] warning: in the working copy of 'docs/jobs/chair-department-of-dermatology-uc-davis-a08ce8/index.html', LF will be replaced by CRLF the next time Git touches it
[02:32:54] [INFO]   [stderr] warning: in the working copy of 'docs/jobs/chair-department-of-emergency-medicine-rutgers-the-state-university-of-new-jers-a7ec7e/index.html', LF will be replaced by CRLF the next time Git touches it
[02:32:54] [INFO]   [stderr] warning: in the working copy of 'docs/jobs/chair-department-of-emergency-medicine-university-of-vermont-9fc6b7/index.html', LF will be replaced by CRLF the next time Git touches it
[02:32:54] [INFO]   [stderr] warning: in the working copy of 'docs/jobs/chair-department-of-pathology-and-laboratory-medicine-university-of-vermont-aae97f/index.html', LF will be replaced by CRLF the next time Git touches it
[02:32:54] [INFO]   [stderr] warning: in the working copy of 'docs/jobs/chair-department-of-radiation-oncology-uc-davis-3c5a57/index.html', LF will be replaced by CRLF the next time Git touches it
[02:32:54] [INFO]   [stderr] warning: in the working copy of 'docs/jobs/chair-teaching-partnerships-open-to-university-libraries-fac-university-of-nebraska-lincoln-951dd4/index.html', LF will be replaced by CRLF the next time Git touches it
[02:32:54] [INFO]   [stderr] warning: in the working copy of 'docs/jobs/chairperson-and-assoc-full-professor-university-of-kansas-d2549a/index.html', LF will be replaced by CRLF the next time Git touches it
[02:32:54] [INFO]   [stderr] warning: in the working copy of 'docs/jobs/chairperson-and-full-professor-university-of-nebraska-lincoln-9cf1b1/index.html', LF will be replaced by CRLF the next time Git touches it
[02:32:54] [INFO]   [stderr] warning: in the working copy of 'docs/jobs/chairperson-assoc-full-clinical-professor-university-of-kansas-5b779f/index.html', LF will be replaced by CRLF the next time Git touches it
[02:32:54] [INFO]   [stderr] warning: in the working copy of 'docs/jobs/chemical-and-biological-engineering-non-tenure-track-faculty-montana-state-university-3e9f1a/index.html', LF will be replaced by CRLF the next time Git touches it
[02:32:54] [INFO]   [stderr] warning: in the working copy of 'docs/jobs/chemistry-and-biochemistry-non-tenure-track-faculty-applican-montana-state-university-0fe8cb/index.html', LF will be replaced by CRLF the next time Git touches it
[02:32:54] [INFO]   [stderr] warning: in the working copy of 'docs/jobs/chemistry-lecturer-9m-mansfield-campus-ohio-state-university-3d653c/index.html', LF will be replaced by CRLF the next time Git touches it
[02:32:54] [INFO]   [stderr] warning: in the working copy of 'docs/jobs/chemistry-post-doctoral-associate-unsupervised-and-generativ-university-of-florida-259a92/index.html', LF will be replaced by CRLF the next time Git touches it
[02:32:54] [INFO]   [stderr] warning: in the working copy of 'docs/jobs/chemistry-visiting-instructor-austin-peay-state-university-a9dfbb/index.html', LF will be replaced by CRLF the next time Git touches it
[02:32:54] [INFO]   [stderr] warning: in the working copy of 'docs/jobs/chief-addiction-medicine-division-associate-or-full-professo-university-of-florida-d11836/index.html', LF will be replaced by CRLF the next time Git touches it
[02:32:54] [INFO]   [stderr] warning: in the working copy of 'docs/jobs/chief-and-associate-full-professor-division-of-reproductive-university-of-florida-023905/index.html', LF will be replaced by CRLF the next time Git touches it
[02:32:54] [INFO]   [stderr] warning: in the working copy of 'docs/jobs/chief-and-associate-full-professor-medicine-hematology-and-m-university-of-florida-93031d/index.html', LF will be replaced by CRLF the next time Git touches it
[02:32:54] [INFO]   [stderr] warning: in the working copy of 'docs/jobs/chief-and-ast-aso-full-professor-pediatric-neuro-oncology-de-university-of-florida-ede239/index.html', LF will be replaced by CRLF the next time Git touches it
[02:32:54] [INFO]   [stderr] warning: in the working copy of 'docs/jobs/chief-and-clinical-associate-full-professor-division-of-pulm-university-of-florida-174623/index.html', LF will be replaced by CRLF the next time Git touches it
[02:32:54] [INFO]   [stderr] warning: in the working copy of 'docs/jobs/chief-of-pediatric-allergy-immunology-and-rheumatology-assoc-university-of-florida-46b8c4/index.html', LF will be replaced by CRLF the next time Git touches it
[02:32:54] [INFO]   [stderr] warning: in the working copy of 'docs/jobs/chief-pharmacy-officer-and-professor-associate-dean-for-prof-uc-san-diego-cb90af/index.html', LF will be replaced by CRLF the next time Git touches it
[02:32:54] [INFO]   [stderr] warning: in the working copy of 'docs/jobs/child-and-adolescent-psychiatry-chief-and-associate-full-pro-university-of-florida-2ba3aa/index.html', LF will be replaced by CRLF the next time Git touches it
[02:32:54] [INFO]   [stderr] warning: in the working copy of 'docs/jobs/child-development-demonstration-lecturer-cddl-department-of-uc-davis-732570/index.html', LF will be replaced by CRLF the next time Git touches it
[02:32:54] [INFO]   [stderr] warning: in the working copy of 'docs/jobs/chinese-non-tenure-track-faculty-applicant-pool-montana-state-university-0afbce/index.html', LF will be replaced by CRLF the next time Git touches it
[02:32:54] [INFO]   [stderr] warning: in the working copy of 'docs/jobs/chiropractic-foundational-sciences-anatomy-and-physiology-pr-campbellsville-university-1cecce/index.html', LF will be replaced by CRLF the next time Git touches it
[02:32:54] [INFO]   [stderr] warning: in the working copy of 'docs/jobs/cinematography-instructor-pool-ucla-extension-ucla-da671f/index.html', LF will be replaced by CRLF the next time Git touches it
[02:32:54] [INFO]   [stderr] warning: in the working copy of 'docs/jobs/civic-science-fellow-center-for-health-communication-school-harvard-university-301a0a/index.html', LF will be replaced by CRLF the next time Git touches it
[02:32:54] [INFO]   [stderr] warning: in the working copy of 'docs/jobs/civil-engineering-construction-engineering-and-management-as-california-state-polytechnic-university-1cf9e1/index.html', LF will be replaced by CRLF the next time Git touches it
[02:32:54] [INFO]   [stderr] warning: in the working copy of 'docs/jobs/civil-engineering-non-tenure-track-faculty-applicant-pool-montana-state-university-b38490/index.html', LF will be replaced by CRLF the next time Git touches it
[02:32:54] [INFO]   [stderr] warning: in the working copy of 'docs/jobs/civil-engineering-structural-engineering-assistant-professor-california-state-polytechnic-university-627853/index.html', LF will be replaced by CRLF the next time Git touches it
[02:32:54] [INFO]   [stderr] warning: in the working copy of 'docs/jobs/civil-survey-engineering-faculty-10-month-community-college-of-baltimore-county-e97027/index.html', LF will be replaced by CRLF the next time Git touches it
[02:32:54] [INFO]   [stderr] warning: in the working copy of 'docs/jobs/classic-hematologist-assistant-associate-full-professor-of-h-uc-davis-c78c31/index.html', LF will be replaced by CRLF the next time Git touches it
[02:32:54] [INFO]   [stderr] warning: in the working copy of 'docs/jobs/clerkship-director-open-rank-teaching-faculty-drexel-university-acf5a8/index.html', LF will be replaced by CRLF the next time Git touches it
[02:32:54] [INFO]   [stderr] warning: in the working copy of 'docs/jobs/clinic-director-and-clinical-assistant-associate-professor-f-university-of-florida-dfae0a/index.html', LF will be replaced by CRLF the next time Git touches it
[02:32:54] [INFO]   [stderr] warning: in the working copy of 'docs/jobs/clinical-academic-breast-radiologist-assistant-associate-pro-university-of-vermont-004246/index.html', LF will be replaced by CRLF the next time Git touches it
[02:32:54] [INFO]   [stderr] warning: in the working copy of 'docs/jobs/clinical-academic-diagnostic-radiologist-assistant-associate-university-of-vermont-384677/index.html', LF will be replaced by CRLF the next time Git touches it
[02:32:54] [INFO]   [stderr] warning: in the working copy of 'docs/jobs/clinical-academic-diagnostic-radiologist-assistant-associate-university-of-vermont-832353/index.html', LF will be replaced by CRLF the next time Git touches it
[02:32:54] [INFO]   [stderr] warning: in the working copy of 'docs/jobs/clinical-academic-diagnostic-radiologist-assistant-associate-university-of-vermont-a4638c/index.html', LF will be replaced by CRLF the next time Git touches it
[02:32:54] [INFO]   [stderr] warning: in the working copy of 'docs/jobs/clinical-academic-diagnostic-radiologist-chief-assistant-ass-university-of-vermont-6dc884/index.html', LF will be replaced by CRLF the next time Git touches it
[02:32:54] [INFO]   [stderr] warning: in the working copy of 'docs/jobs/clinical-academic-neuroradiologist-assistant-associate-profe-university-of-vermont-b22ccd/index.html', LF will be replaced by CRLF the next time Git touches it
[02:32:54] [INFO]   [stderr] warning: in the working copy of 'docs/jobs/clinical-and-preclinical-instructor-yeshiva-university-3cac08/index.html', LF will be replaced by CRLF the next time Git touches it
[02:32:54] [INFO]   [stderr] warning: in the working copy of 'docs/jobs/clinical-and-preclinical-instructor-yeshiva-university-55013b/index.html', LF will be replaced by CRLF the next time Git touches it
[02:32:54] [INFO]   [stderr] warning: in the working copy of 'docs/jobs/clinical-and-preclinical-instructor-yeshiva-university-6eaabe/index.html', LF will be replaced by CRLF the next time Git touches it
[02:32:54] [INFO]   [stderr] warning: in the working copy of 'docs/jobs/clinical-and-preclinical-instructor-yeshiva-university-71fc65/index.html', LF will be replaced by CRLF the next time Git touches it
[02:32:54] [INFO]   [stderr] warning: in the working copy of 'docs/jobs/clinical-aso-ast-full-professor-complex-family-planning-university-of-florida-599f77/index.html', LF will be replaced by CRLF the next time Git touches it
[02:32:54] [INFO]   [stderr] warning: in the working copy of 'docs/jobs/clinical-aso-ast-full-professor-obgyn-academic-specialists-i-university-of-florida-a14059/index.html', LF will be replaced by CRLF the next time Git touches it
[02:32:54] [INFO]   [stderr] warning: in the working copy of 'docs/jobs/clinical-aso-ast-full-professor-obgyn-hospitalist-division-university-of-florida-e19a93/index.html', LF will be replaced by CRLF the next time Git touches it
[02:32:54] [INFO]   [stderr] warning: in the working copy of 'docs/jobs/clinical-assistant-associate-professor-division-of-physical-ohio-state-university-6607a7/index.html', LF will be replaced by CRLF the next time Git touches it
[02:32:54] [INFO]   [stderr] warning: in the working copy of 'docs/jobs/clinical-assistant-associate-professor-division-of-prosthodo-university-of-florida-12423d/index.html', LF will be replaced by CRLF the next time Git touches it
[02:32:54] [INFO]   [stderr] warning: in the working copy of 'docs/jobs/clinical-assistant-associate-professor-pediatric-dentistry-university-of-florida-c6b5a5/index.html', LF will be replaced by CRLF the next time Git touches it
[02:32:54] [INFO]   [stderr] warning: in the working copy of 'docs/jobs/clinical-assistant-faculty-school-of-nursing-eastern-washington-university-400eda/index.html', LF will be replaced by CRLF the next time Git touches it
[02:32:54] [INFO]   [stderr] warning: in the working copy of 'docs/jobs/clinical-assistant-or-associate-professor-behavioral-neurolo-university-at-buffalo-suny-a9d913/index.html', LF will be replaced by CRLF the next time Git touches it
[02:32:54] [INFO]   [stderr] warning: in the working copy of 'docs/jobs/clinical-assistant-or-associate-professor-child-neurologist-university-at-buffalo-suny-29dc78/index.html', LF will be replaced by CRLF the next time Git touches it
[02:32:54] [INFO]   [stderr] warning: in the working copy of 'docs/jobs/clinical-assistant-or-associate-professor-child-neurology-university-at-buffalo-suny-df7f86/index.html', LF will be replaced by CRLF the next time Git touches it
[02:32:54] [INFO]   [stderr] warning: in the working copy of 'docs/jobs/clinical-assistant-or-associate-professor-division-of-geneti-university-at-buffalo-suny-60e453/index.html', LF will be replaced by CRLF the next time Git touches it
[02:32:54] [INFO]   [stderr] warning: in the working copy of 'docs/jobs/clinical-assistant-or-associate-professor-of-medicine-family-university-of-montana-1a2a34/index.html', LF will be replaced by CRLF the next time Git touches it
[02:32:54] [INFO]   [stderr] warning: in the working copy of 'docs/jobs/clinical-assistant-or-associate-professor-stroke-division-de-university-at-buffalo-suny-e82336/index.html', LF will be replaced by CRLF the next time Git touches it
[02:32:54] [INFO]   [stderr] warning: in the working copy of 'docs/jobs/clinical-assistant-or-associate-professor-university-of-kansas-ad5171/index.html', LF will be replaced by CRLF the next time Git touches it
[02:32:54] [INFO]   [stderr] warning: in the working copy of 'docs/jobs/clinical-assistant-or-clinical-associate-faculty-nursing-eastern-washington-university-a64ccb/index.html', LF will be replaced by CRLF the next time Git touches it
[02:32:54] [INFO]   [stderr] warning: in the working copy of 'docs/jobs/clinical-assistant-or-clinical-associate-professor-communica-university-at-buffalo-suny-feaee2/index.html', LF will be replaced by CRLF the next time Git touches it
[02:32:54] [INFO]   [stderr] warning: in the working copy of 'docs/jobs/clinical-assistant-or-clinical-associate-professor-luminal-g-university-of-washington-97de91/index.html', LF will be replaced by CRLF the next time Git touches it
[02:32:54] [INFO]   [stderr] warning: in the working copy of 'docs/jobs/clinical-assistant-professor-cardiology-noninvasive-suny-upstate-medical-university-52f272/index.html', LF will be replaced by CRLF the next time Git touches it
[02:32:54] [INFO]   [stderr] warning: in the working copy of 'docs/jobs/clinical-assistant-professor-educational-health-center-of-wy-university-of-wyoming-743f0e/index.html', LF will be replaced by CRLF the next time Git touches it
[02:32:54] [INFO]   [stderr] warning: in the working copy of 'docs/jobs/clinical-assistant-professor-gastroenterology-suny-upstate-medical-university-f7ddda/index.html', LF will be replaced by CRLF the next time Git touches it
[02:32:54] [INFO]   [stderr] warning: in the working copy of 'docs/jobs/clinical-assistant-professor-general-suny-upstate-medical-university-58802c/index.html', LF will be replaced by CRLF the next time Git touches it
[02:32:54] [INFO]   [stderr] warning: in the working copy of 'docs/jobs/clinical-assistant-professor-generalist-suny-upstate-medical-university-78624e/index.html', LF will be replaced by CRLF the next time Git touches it
[02:32:54] [INFO]   [stderr] warning: in the working copy of 'docs/jobs/clinical-assistant-professor-geriatrics-medicine-suny-upstate-medical-university-a37fb1/index.html', LF will be replaced by CRLF the next time Git touches it
[02:32:54] [INFO]   [stderr] warning: in the working copy of 'docs/jobs/clinical-assistant-professor-hematology-and-oncology-suny-upstate-medical-university-ffde35/index.html', LF will be replaced by CRLF the next time Git touches it
[02:32:54] [INFO]   [stderr] warning: in the working copy of 'docs/jobs/clinical-assistant-professor-hematology-oncology-suny-upstate-medical-university-1805ec/index.html', LF will be replaced by CRLF the next time Git touches it
[02:32:54] [INFO]   [stderr] warning: in the working copy of 'docs/jobs/clinical-assistant-professor-infectious-disease-suny-upstate-medical-university-e63433/index.html', LF will be replaced by CRLF the next time Git touches it
[02:32:54] [INFO]   [stderr] warning: in the working copy of 'docs/jobs/clinical-assistant-professor-laborist-physician-suny-upstate-medical-university-1bae41/index.html', LF will be replaced by CRLF the next time Git touches it
[02:32:54] [INFO]   [stderr] warning: in the working copy of 'docs/jobs/clinical-assistant-professor-marshall-university-6d151a/index.html', LF will be replaced by CRLF the next time Git touches it
[02:32:54] [INFO]   [stderr] warning: in the working copy of 'docs/jobs/clinical-assistant-professor-musculoskeletal-care-suny-upstate-medical-university-b59ba6/index.html', LF will be replaced by CRLF the next time Git touches it
[02:32:54] [INFO]   [stderr] warning: in the working copy of 'docs/jobs/clinical-assistant-professor-north-carolina-central-university-0228b6/index.html', LF will be replaced by CRLF the next time Git touches it
[02:32:54] [INFO]   [stderr] warning: in the working copy of 'docs/jobs/clinical-assistant-professor-north-carolina-central-university-07457c/index.html', LF will be replaced by CRLF the next time Git touches it
[02:32:54] [INFO]   [stderr] warning: in the working copy of 'docs/jobs/clinical-assistant-professor-north-carolina-central-university-4b90d8/index.html', LF will be replaced by CRLF the next time Git touches it
[02:32:54] [INFO]   [stderr] warning: in the working copy of 'docs/jobs/clinical-assistant-professor-north-carolina-central-university-f5f9e7/index.html', LF will be replaced by CRLF the next time Git touches it
[02:32:54] [INFO]   [stderr] warning: in the working copy of 'docs/jobs/clinical-assistant-professor-umass-boston-733cdf/index.html', LF will be replaced by CRLF the next time Git touches it
[02:32:54] [INFO]   [stderr] warning: in the working copy of 'docs/jobs/clinical-assistant-professor-umass-boston-b57aab/index.html', LF will be replaced by CRLF the next time Git touches it
[02:32:54] [INFO]   [stderr] warning: in the working copy of 'docs/jobs/clinical-assistant-professor-university-of-florida-3c9ebb/index.html', LF will be replaced by CRLF the next time Git touches it
[02:32:54] [INFO]   [stderr] warning: in the working copy of 'docs/jobs/clinical-assistant-professor-university-of-florida-bf3c52/index.html', LF will be replaced by CRLF the next time Git touches it
[02:32:54] [INFO]   [stderr] warning: in the working copy of 'docs/jobs/clinical-assistant-professor-university-of-georgia-4112a3/index.html', LF will be replaced by CRLF the next time Git touches it
[02:32:54] [INFO]   [stderr] warning: in the working copy of 'docs/jobs/clinical-assistant-professor-university-of-georgia-7ed665/index.html', LF will be replaced by CRLF the next time Git touches it
[02:32:54] [INFO]   [stderr] warning: in the working copy of 'docs/jobs/clinical-assistant-professor-university-of-rochester-a455f3/index.html', LF will be replaced by CRLF the next time Git touches it
[02:32:54] [INFO]   [stderr] warning: in the working copy of 'docs/jobs/clinical-assistant-professor-university-of-texas-at-arlington-a9bcca/index.html', LF will be replaced by CRLF the next time Git touches it
[02:32:54] [INFO]   [stderr] warning: in the working copy of 'docs/jobs/clinical-faculty-associate-social-work-fordham-university-c2af7d/index.html', LF will be replaced by CRLF the next time Git touches it
[02:32:54] [INFO]   [stderr] warning: in the working copy of 'docs/jobs/clinical-instructor-in-emergency-medicine-university-of-rochester-901810/index.html', LF will be replaced by CRLF the next time Git touches it
[02:32:54] [INFO]   [stderr] warning: in the working copy of 'docs/jobs/clinical-instructor-of-dentistry-general-dentistry-university-of-rochester-ec1d6a/index.html', LF will be replaced by CRLF the next time Git touches it
[02:32:54] [INFO]   [stderr] warning: in the working copy of 'docs/jobs/clinical-instructor-of-dentistry-gpr-university-of-rochester-e9aca0/index.html', LF will be replaced by CRLF the next time Git touches it
[02:32:54] [INFO]   [stderr] warning: in the working copy of 'docs/jobs/clinical-instructor-of-dentistry-orthodontics-5-fte-university-of-rochester-402955/index.html', LF will be replaced by CRLF the next time Git touches it
[02:32:54] [INFO]   [stderr] warning: in the working copy of 'docs/jobs/clinical-professor-all-ranks-graduate-nursing-starting-fall-baylor-university-67f52a/index.html', LF will be replaced by CRLF the next time Git touches it
[02:32:54] [INFO]   [stderr] warning: in the working copy of 'docs/jobs/clinical-psychologist-adolescent-and-adult-dbt-program-instr-columbia-university-e3508c/index.html', LF will be replaced by CRLF the next time Git touches it
[02:32:54] [INFO]   [stderr] warning: in the working copy of 'docs/jobs/clinical-psychologist-child-and-adolescent-psychiatry-divisi-columbia-university-338f0c/index.html', LF will be replaced by CRLF the next time Git touches it
[02:32:54] [INFO]   [stderr] warning: in the working copy of 'docs/jobs/clinical-psychologist-clinical-day-program-assistant-profess-columbia-university-bb23f5/index.html', LF will be replaced by CRLF the next time Git touches it
[02:32:54] [INFO]   [stderr] warning: in the working copy of 'docs/jobs/clip-cuny-language-immersion-program-instructor-one-anticipa-cuny-language-99f0ba/index.html', LF will be replaced by CRLF the next time Git touches it
[02:32:54] [INFO]   [stderr] warning: in the working copy of 'docs/jobs/cna-clinical-instructor-university-of-montana-70b50a/index.html', LF will be replaced by CRLF the next time Git touches it
[02:32:54] [INFO]   [stderr] warning: in the working copy of 'docs/jobs/comprehensive-ophthalmology-assistant-professor-university-of-rochester-7380d1/index.html', LF will be replaced by CRLF the next time Git touches it
[02:32:54] [INFO]   [stderr] warning: in the working copy of 'docs/jobs/consultative-and-non-invasive-cardiologist-assistant-associa-stony-brook-university-suny-69ce6a/index.html', LF will be replaced by CRLF the next time Git touches it
[02:32:54] [INFO]   [stderr] warning: in the working copy of 'docs/jobs/cornea-ophthalmologist-assistant-professor-full-professor-university-of-rochester-b208c5/index.html', LF will be replaced by CRLF the next time Git touches it
[02:32:54] [INFO]   [stderr] warning: in the working copy of 'docs/jobs/cornea-refractive-ophthalmologist-clinical-assistant-profess-stony-brook-university-suny-e252b7/index.html', LF will be replaced by CRLF the next time Git touches it
[02:32:54] [INFO]   [stderr] warning: in the working copy of 'docs/jobs/creative-workshop-instructor-for-adults-university-of-rochester-6e6cba/index.html', LF will be replaced by CRLF the next time Git touches it
[02:32:54] [INFO]   [stderr] warning: in the working copy of 'docs/jobs/creative-workshop-instructor-for-adults-university-of-rochester-d27f4b/index.html', LF will be replaced by CRLF the next time Git touches it
[02:32:54] [INFO]   [stderr] warning: in the working copy of 'docs/jobs/creative-workshop-instructor-for-youth-university-of-rochester-be4e09/index.html', LF will be replaced by CRLF the next time Git touches it
[02:32:54] [INFO]   [stderr] warning: in the working copy of 'docs/jobs/dalal-family-postdoctoral-fellowship-in-ai-ethics-university-of-rochester-70913f/index.html', LF will be replaced by CRLF the next time Git touches it
[02:32:54] [INFO]   [stderr] warning: in the working copy of 'docs/jobs/director-and-professor-associate-professor-flathead-lake-bio-university-of-montana-33c94e/index.html', LF will be replaced by CRLF the next time Git touches it
[02:32:54] [INFO]   [stderr] warning: in the working copy of 'docs/jobs/director-mri-research-all-ranks-assistant-associate-professo-columbia-university-1c38b6/index.html', LF will be replaced by CRLF the next time Git touches it
[02:32:54] [INFO]   [stderr] warning: in the working copy of 'docs/jobs/director-of-clinical-education-clinical-coordinator-clinical-stony-brook-university-suny-32412b/index.html', LF will be replaced by CRLF the next time Git touches it
[02:32:54] [INFO]   [stderr] warning: in the working copy of 'docs/jobs/director-of-molecular-imaging-research-all-ranks-assistant-a-columbia-university-529677/index.html', LF will be replaced by CRLF the next time Git touches it
[02:32:54] [INFO]   [stderr] warning: in the working copy of 'docs/jobs/division-chief-associate-full-professor-surgery-breast-surge-stony-brook-university-suny-b8232a/index.html', LF will be replaced by CRLF the next time Git touches it
[02:32:54] [INFO]   [stderr] warning: in the working copy of 'docs/jobs/doctoral-lecturer-anthropology-city-college-f23352/index.html', LF will be replaced by CRLF the next time Git touches it
[02:32:54] [INFO]   [stderr] warning: in the working copy of 'docs/jobs/donna-strickland-optica-distinguished-professorship-university-of-rochester-d21c1d/index.html', LF will be replaced by CRLF the next time Git touches it
[02:32:54] [INFO]   [stderr] warning: in the working copy of 'docs/jobs/dr-thomas-tam-visiting-professorship-in-asian-american-studi-queens-college-663f88/index.html', LF will be replaced by CRLF the next time Git touches it
[02:32:54] [INFO]   [stderr] warning: in the working copy of 'docs/jobs/eberly-senior-post-doctoral-fellowship-in-quantum-science-university-of-rochester-85ac37/index.html', LF will be replaced by CRLF the next time Git touches it
[02:32:54] [INFO]   [stderr] warning: in the working copy of 'docs/jobs/eco-academic-strategies-and-tactics-as-and-t-head-instructor-university-of-rochester-79b797/index.html', LF will be replaced by CRLF the next time Git touches it
[02:32:54] [INFO]   [stderr] warning: in the working copy of 'docs/jobs/eco-academic-strategies-and-tactics-as-and-t-instructor-university-of-rochester-5d4e32/index.html', LF will be replaced by CRLF the next time Git touches it
[02:32:54] [INFO]   [stderr] warning: in the working copy of 'docs/jobs/eco-head-instructor-writing-university-of-rochester-c10052/index.html', LF will be replaced by CRLF the next time Git touches it
[02:32:54] [INFO]   [stderr] warning: in the working copy of 'docs/jobs/eco-lecture-instructor-university-of-rochester-80e843/index.html', LF will be replaced by CRLF the next time Git touches it
[02:32:54] [INFO]   [stderr] warning: in the working copy of 'docs/jobs/eco-math-instructor-university-of-rochester-12027b/index.html', LF will be replaced by CRLF the next time Git touches it
[02:32:54] [INFO]   [stderr] warning: in the working copy of 'docs/jobs/eco-writing-instructor-university-of-rochester-f063a0/index.html', LF will be replaced by CRLF the next time Git touches it
[02:32:54] [INFO]   [stderr] warning: in the working copy of 'docs/jobs/emergency-medicine-nighthawk-radiologist-hybrid-on-site-remo-stony-brook-university-suny-92ca94/index.html', LF will be replaced by CRLF the next time Git touches it
[02:32:54] [INFO]   [stderr] warning: in the working copy of 'docs/jobs/emergency-radiology-faculty-all-ranks-columbia-university-70025d/index.html', LF will be replaced by CRLF the next time Git touches it
[02:32:54] [INFO]   [stderr] warning: in the working copy of 'docs/jobs/emmanuel-roman-associate-professor-or-professor-of-writing-i-columbia-university-1896cd/index.html', LF will be replaced by CRLF the next time Git touches it
[02:32:54] [INFO]   [stderr] warning: in the working copy of 'docs/jobs/endocrinologist-assistant-associate-professor-internal-medic-stony-brook-university-suny-ad1590/index.html', LF will be replaced by CRLF the next time Git touches it
[02:32:54] [INFO]   [stderr] warning: in the working copy of 'docs/jobs/epidemiologist-research-assistant-associate-full-professor-n-stony-brook-university-suny-ab7568/index.html', LF will be replaced by CRLF the next time Git touches it
[02:32:54] [INFO]   [stderr] warning: in the working copy of 'docs/jobs/facility-director-research-associate-professor-radio-frequen-cuny-advanced-science-research-center-bd04ab/index.html', LF will be replaced by CRLF the next time Git touches it
[02:32:54] [INFO]   [stderr] warning: in the working copy of 'docs/jobs/faculty-all-ranks-assistant-associate-professor-cardiothorac-columbia-university-e055ce/index.html', LF will be replaced by CRLF the next time Git touches it
[02:32:54] [INFO]   [stderr] warning: in the working copy of 'docs/jobs/faculty-all-ranks-assistant-associate-professor-mri-physicis-columbia-university-5fff3e/index.html', LF will be replaced by CRLF the next time Git touches it
[02:32:54] [INFO]   [stderr] warning: in the working copy of 'docs/jobs/faculty-all-ranks-assistant-associate-professor-mri-scientis-columbia-university-57167c/index.html', LF will be replaced by CRLF the next time Git touches it
[02:32:54] [INFO]   [stderr] warning: in the working copy of 'docs/jobs/faculty-all-ranks-assistant-professor-associate-professor-pr-columbia-university-c6ac24/index.html', LF will be replaced by CRLF the next time Git touches it
[02:32:54] [INFO]   [stderr] warning: in the working copy of 'docs/jobs/faculty-all-ranks-assistant-professor-associate-professor-pr-columbia-university-d528cc/index.html', LF will be replaced by CRLF the next time Git touches it
[02:32:54] [INFO]   [stderr] warning: in the working copy of 'docs/jobs/faculty-all-ranks-clinical-instructor-assistant-professor-as-columbia-university-138f35/index.html', LF will be replaced by CRLF the next time Git touches it
[02:32:54] [INFO]   [stderr] warning: in the working copy of 'docs/jobs/faculty-all-ranks-clinical-instructor-assistant-professor-as-columbia-university-2e419d/index.html', LF will be replaced by CRLF the next time Git touches it
[02:32:54] [INFO]   [stderr] warning: in the working copy of 'docs/jobs/faculty-all-ranks-clinical-instructor-assistant-professor-as-columbia-university-4e1428/index.html', LF will be replaced by CRLF the next time Git touches it
[02:32:54] [INFO]   [stderr] warning: in the working copy of 'docs/jobs/faculty-all-ranks-clinical-instructor-assistant-professor-as-columbia-university-7ff7c6/index.html', LF will be replaced by CRLF the next time Git touches it
[02:32:54] [INFO]   [stderr] warning: in the working copy of 'docs/jobs/faculty-all-ranks-clinical-instructor-assistant-professor-as-columbia-university-d14ff5/index.html', LF will be replaced by CRLF the next time Git touches it
[02:32:54] [INFO]   [stderr] warning: in the working copy of 'docs/jobs/faculty-all-ranks-instructor-assistant-professor-associate-p-columbia-university-714fc1/index.html', LF will be replaced by CRLF the next time Git touches it
[02:32:54] [INFO]   [stderr] warning: in the working copy of 'docs/jobs/faculty-all-ranks-instructor-assistant-professor-associate-p-columbia-university-752d55/index.html', LF will be replaced by CRLF the next time Git touches it
[02:32:54] [INFO]   [stderr] warning: in the working copy of 'docs/jobs/faculty-all-ranks-instructor-assistant-professor-associate-p-columbia-university-ba9dee/index.html', LF will be replaced by CRLF the next time Git touches it
[02:32:54] [INFO]   [stderr] warning: in the working copy of 'docs/jobs/faculty-all-ranks-musculoskeletal-radiologist-in-manhattan-o-columbia-university-752dcf/index.html', LF will be replaced by CRLF the next time Git touches it
[02:32:54] [INFO]   [stderr] warning: in the working copy of 'docs/jobs/faculty-assistant-associate-professor-psychiatric-mental-hea-columbia-university-41af0a/index.html', LF will be replaced by CRLF the next time Git touches it
[02:32:54] [INFO]   [stderr] warning: in the working copy of 'docs/jobs/faculty-breast-cancer-university-of-rochester-0bf6c2/index.html', LF will be replaced by CRLF the next time Git touches it
[02:32:54] [INFO]   [stderr] warning: in the working copy of 'docs/jobs/faculty-director-of-breast-medical-oncology-program-university-of-rochester-37d504/index.html', LF will be replaced by CRLF the next time Git touches it
[02:32:54] [INFO]   [stderr] warning: in the working copy of 'docs/jobs/faculty-endocrinology-assistant-professor-university-of-rochester-92537c/index.html', LF will be replaced by CRLF the next time Git touches it
[02:32:54] [INFO]   [stderr] warning: in the working copy of 'docs/jobs/faculty-general-hepatology-university-of-rochester-c12460/index.html', LF will be replaced by CRLF the next time Git touches it
[02:32:54] [INFO]   [stderr] warning: in the working copy of 'docs/jobs/faculty-genitourinary-oncology-university-of-rochester-7df2a8/index.html', LF will be replaced by CRLF the next time Git touches it
[02:32:54] [INFO]   [stderr] warning: in the working copy of 'docs/jobs/faculty-gynecologic-oncology-university-of-rochester-1e82a2/index.html', LF will be replaced by CRLF the next time Git touches it
[02:32:54] [INFO]   [stderr] warning: in the working copy of 'docs/jobs/faculty-hem-onc-regional-university-of-rochester-437c4c/index.html', LF will be replaced by CRLF the next time Git touches it
[02:32:54] [INFO]   [stderr] warning: in the working copy of 'docs/jobs/faculty-medicine-hematology-oncology-regional-university-of-rochester-04d608/index.html', LF will be replaced by CRLF the next time Git touches it
[02:32:54] [INFO]   [stderr] warning: in the working copy of 'docs/jobs/faculty-multiple-myeloma-university-of-rochester-817fe3/index.html', LF will be replaced by CRLF the next time Git touches it
[02:32:54] [INFO]   [stderr] warning: in the working copy of 'docs/jobs/faculty-position-in-energy-storage-and-electrochemical-syste-columbia-university-bdcd68/index.html', LF will be replaced by CRLF the next time Git touches it
[02:32:54] [INFO]   [stderr] warning: in the working copy of 'docs/jobs/faculty-position-in-pediatrics-allergy-and-immunology-university-of-rochester-cf5669/index.html', LF will be replaced by CRLF the next time Git touches it
[02:32:54] [INFO]   [stderr] warning: in the working copy of 'docs/jobs/faculty-stem-cell-transplantation-and-cellular-therapy-university-of-rochester-4a0816/index.html', LF will be replaced by CRLF the next time Git touches it
[02:32:54] [INFO]   [stderr] warning: in the working copy of 'docs/jobs/ft-faculty-pa-plv-non-tenure-track-clinical-asst-clinical-as-pace-university-a6ea2a/index.html', LF will be replaced by CRLF the next time Git touches it
[02:32:54] [INFO]   [stderr] warning: in the working copy of 'docs/jobs/full-time-open-rank-asst-professor-assoc-professor-professor-columbia-university-5125b9/index.html', LF will be replaced by CRLF the next time Git touches it
[02:32:54] [INFO]   [stderr] warning: in the working copy of 'docs/jobs/full-time-open-rank-faculty-position-assistant-associate-or-columbia-university-4ba2d5/index.html', LF will be replaced by CRLF the next time Git touches it
[02:32:54] [INFO]   [stderr] warning: in the working copy of 'docs/jobs/gastroenterologist-assistant-associate-professor-internal-me-stony-brook-university-suny-b31047/index.html', LF will be replaced by CRLF the next time Git touches it
[02:32:54] [INFO]   [stderr] warning: in the working copy of 'docs/jobs/general-internal-medicine-clinician-educator-assistant-assoc-columbia-university-c04a22/index.html', LF will be replaced by CRLF the next time Git touches it
[02:32:54] [INFO]   [stderr] warning: in the working copy of 'docs/jobs/general-medicine-geriatrics-assistant-associate-professor-in-stony-brook-university-suny-4b9b5a/index.html', LF will be replaced by CRLF the next time Git touches it
[02:32:54] [INFO]   [stderr] warning: in the working copy of 'docs/jobs/general-neurologist-assistant-professor-in-neurology-at-the-columbia-university-ec26c3/index.html', LF will be replaced by CRLF the next time Git touches it
[02:32:54] [INFO]   [stderr] warning: in the working copy of 'docs/jobs/gi-hospitalist-assistant-associate-professor-internal-medici-stony-brook-university-suny-c0062d/index.html', LF will be replaced by CRLF the next time Git touches it
[02:32:54] [INFO]   [stderr] warning: in the working copy of 'docs/jobs/gi-pathology-instructor-1-university-of-rochester-86bb21/index.html', LF will be replaced by CRLF the next time Git touches it
[02:32:54] [INFO]   [stderr] warning: in the working copy of 'docs/jobs/glaucoma-ophthalmologist-clinical-assistant-professor-ophtha-stony-brook-university-suny-dd1695/index.html', LF will be replaced by CRLF the next time Git touches it
[02:32:54] [INFO]   [stderr] warning: in the working copy of 'docs/jobs/global-women-s-health-fellowship-clinical-instructor-obgyn-stony-brook-university-suny-f9098b/index.html', LF will be replaced by CRLF the next time Git touches it
[02:32:54] [INFO]   [stderr] warning: in the working copy of 'docs/jobs/hand-surgeon-clinical-assistant-professor-orthopaedics-stony-brook-university-suny-3a01cd/index.html', LF will be replaced by CRLF the next time Git touches it
[02:32:54] [INFO]   [stderr] warning: in the working copy of 'docs/jobs/head-and-neck-oncologic-surgeon-assistant-associate-professo-stony-brook-university-suny-c6cbc4/index.html', LF will be replaced by CRLF the next time Git touches it
[02:32:54] [INFO]   [stderr] warning: in the working copy of 'docs/jobs/health-psychologist-consultation-liaison-division-instructor-columbia-university-7e6ff5/index.html', LF will be replaced by CRLF the next time Git touches it
[02:32:54] [INFO]   [stderr] warning: in the working copy of 'docs/jobs/health-sciences-clinical-professor-all-ranks-school-of-medic-uc-irvine-b51f90/index.html', LF will be replaced by CRLF the next time Git touches it
[02:32:54] [INFO]   [stderr] warning: in the working copy of 'docs/jobs/imaging-sciences-fellow-6-university-of-rochester-fb5957/index.html', LF will be replaced by CRLF the next time Git touches it
[02:32:54] [INFO]   [stderr] warning: in the working copy of 'docs/jobs/infectious-diseases-assistant-professor-physician-scientist-university-of-rochester-1674fb/index.html', LF will be replaced by CRLF the next time Git touches it
[02:32:54] [INFO]   [stderr] warning: in the working copy of 'docs/jobs/infectious-diseases-assistant-professor-university-of-rochester-170eb8/index.html', LF will be replaced by CRLF the next time Git touches it
[02:32:54] [INFO]   [stderr] warning: in the working copy of 'docs/jobs/infectious-diseases-assistant-professor-university-of-rochester-2a7661/index.html', LF will be replaced by CRLF the next time Git touches it
[02:32:54] [INFO]   [stderr] warning: in the working copy of 'docs/jobs/instructor-assistant-associate-professor-at-the-cumc-ambulat-columbia-university-191601/index.html', LF will be replaced by CRLF the next time Git touches it
[02:32:54] [INFO]   [stderr] warning: in the working copy of 'docs/jobs/instructor-assistant-associate-professor-of-medicine-general-columbia-university-382fd5/index.html', LF will be replaced by CRLF the next time Git touches it
[02:32:54] [INFO]   [stderr] warning: in the working copy of 'docs/jobs/instructor-assistant-professor-at-cumc-columbia-university-82c881/index.html', LF will be replaced by CRLF the next time Git touches it
[02:32:54] [INFO]   [stderr] warning: in the working copy of 'docs/jobs/instructor-assistant-professor-at-the-cumc-hospitalist-allen-columbia-university-2b9b2a/index.html', LF will be replaced by CRLF the next time Git touches it
[02:32:54] [INFO]   [stderr] warning: in the working copy of 'docs/jobs/instructor-assistant-professor-director-interprofessional-si-columbia-university-3d8556/index.html', LF will be replaced by CRLF the next time Git touches it
[02:32:54] [INFO]   [stderr] warning: in the working copy of 'docs/jobs/instructor-assistant-professor-non-tenured-masters-direct-en-columbia-university-d15572/index.html', LF will be replaced by CRLF the next time Git touches it
[02:32:54] [INFO]   [stderr] warning: in the working copy of 'docs/jobs/instructor-assistant-professor-of-medicine-at-cumc-columbia-university-659418/index.html', LF will be replaced by CRLF the next time Git touches it
[02:32:54] [INFO]   [stderr] warning: in the working copy of 'docs/jobs/instructor-assistant-professor-simulation-educator-columbia-university-906888/index.html', LF will be replaced by CRLF the next time Git touches it
[02:32:54] [INFO]   [stderr] warning: in the working copy of 'docs/jobs/instructor-fellow-position-highland-women-s-health-university-of-rochester-5d3826/index.html', LF will be replaced by CRLF the next time Git touches it
[02:32:54] [INFO]   [stderr] warning: in the working copy of 'docs/jobs/instructor-fellowship-126920-university-of-rochester-f937f9/index.html', LF will be replaced by CRLF the next time Git touches it
[02:32:54] [INFO]   [stderr] warning: in the working copy of 'docs/jobs/instructor-fellowship-126924-university-of-rochester-f70306/index.html', LF will be replaced by CRLF the next time Git touches it
[02:32:54] [INFO]   [stderr] warning: in the working copy of 'docs/jobs/instructor-fellowship-126930-university-of-rochester-16e2ab/index.html', LF will be replaced by CRLF the next time Git touches it
[02:32:54] [INFO]   [stderr] warning: in the working copy of 'docs/jobs/instructor-fellowship-127849-university-of-rochester-3a9991/index.html', LF will be replaced by CRLF the next time Git touches it
[02:32:54] [INFO]   [stderr] warning: in the working copy of 'docs/jobs/instructor-fellowship-128086-university-of-rochester-0a7cdb/index.html', LF will be replaced by CRLF the next time Git touches it
[02:32:54] [INFO]   [stderr] warning: in the working copy of 'docs/jobs/instructor-in-medicine-assistant-professor-of-medicine-at-th-columbia-university-64f37d/index.html', LF will be replaced by CRLF the next time Git touches it
[02:32:54] [INFO]   [stderr] warning: in the working copy of 'docs/jobs/instructor-in-medicine-at-the-cuimc-center-for-glomerular-di-columbia-university-5cc906/index.html', LF will be replaced by CRLF the next time Git touches it
[02:32:54] [INFO]   [stderr] warning: in the working copy of 'docs/jobs/instructor-in-medicine-at-the-cuimc-kidney-pancreas-transpla-columbia-university-9a08c8/index.html', LF will be replaced by CRLF the next time Git touches it
[02:32:54] [INFO]   [stderr] warning: in the working copy of 'docs/jobs/instructor-in-medicine-at-the-cumc-columbia-university-4cfe4e/index.html', LF will be replaced by CRLF the next time Git touches it
[02:32:54] [INFO]   [stderr] warning: in the working copy of 'docs/jobs/instructor-in-neurology-columbia-university-919e03/index.html', LF will be replaced by CRLF the next time Git touches it
[02:32:54] [INFO]   [stderr] warning: in the working copy of 'docs/jobs/instructor-in-pediatrics-at-cumc-columbia-university-5a877d/index.html', LF will be replaced by CRLF the next time Git touches it
[02:32:54] [INFO]   [stderr] warning: in the working copy of 'docs/jobs/instructor-in-pediatrics-at-cumc-columbia-university-8833f4/index.html', LF will be replaced by CRLF the next time Git touches it
[02:32:54] [INFO]   [stderr] warning: in the working copy of 'docs/jobs/instructor-in-pediatrics-at-cumc-columbia-university-cb18df/index.html', LF will be replaced by CRLF the next time Git touches it
[02:32:54] [INFO]   [stderr] warning: in the working copy of 'docs/jobs/instructor-in-pediatrics-at-cumc-columbia-university-e8f1fe/index.html', LF will be replaced by CRLF the next time Git touches it
[02:32:54] [INFO]   [stderr] warning: in the working copy of 'docs/jobs/instructor-in-pediatrics-at-cumc-columbia-university-fb38a1/index.html', LF will be replaced by CRLF the next time Git touches it
[02:32:54] [INFO]   [stderr] warning: in the working copy of 'docs/jobs/instructor-of-clinical-nursing-university-of-rochester-704efd/index.html', LF will be replaced by CRLF the next time Git touches it
[02:32:54] [INFO]   [stderr] warning: in the working copy of 'docs/jobs/instructor-of-clinical-university-of-rochester-1908c1/index.html', LF will be replaced by CRLF the next time Git touches it
[02:32:54] [INFO]   [stderr] warning: in the working copy of 'docs/jobs/instructor-of-pediatrics-at-cumc-non-invasive-imaging-columbia-university-8f482c/index.html', LF will be replaced by CRLF the next time Git touches it
[02:32:54] [INFO]   [stderr] warning: in the working copy of 'docs/jobs/instructor-or-assistant-professor-in-medical-psychology-in-p-columbia-university-fb442b/index.html', LF will be replaced by CRLF the next time Git touches it
[02:32:54] [INFO]   [stderr] warning: in the working copy of 'docs/jobs/instructor-university-of-rochester-493c5d/index.html', LF will be replaced by CRLF the next time Git touches it
[02:32:54] [INFO]   [stderr] warning: in the working copy of 'docs/jobs/instructor-university-of-rochester-966bc6/index.html', LF will be replaced by CRLF the next time Git touches it
[02:32:54] [INFO]   [stderr] warning: in the working copy of 'docs/jobs/instructor-university-of-rochester-b20fc5/index.html', LF will be replaced by CRLF the next time Git touches it
[02:32:54] [INFO]   [stderr] warning: in the working copy of 'docs/jobs/instructor-university-of-rochester-eb7190/index.html', LF will be replaced by CRLF the next time Git touches it
[02:32:54] [INFO]   [stderr] warning: in the working copy of 'docs/jobs/interventional-bronchoscopist-assistant-associate-full-profe-stony-brook-university-suny-072725/index.html', LF will be replaced by CRLF the next time Git touches it
[02:32:54] [INFO]   [stderr] warning: in the working copy of 'docs/jobs/interventional-consultative-cardiologist-assistant-associate-stony-brook-university-suny-65300b/index.html', LF will be replaced by CRLF the next time Git touches it
[02:32:54] [INFO]   [stderr] warning: in the working copy of 'docs/jobs/interventional-psychiatrist-clinical-assistant-associate-pro-stony-brook-university-suny-55d3d1/index.html', LF will be replaced by CRLF the next time Git touches it
[02:32:54] [INFO]   [stderr] warning: in the working copy of 'docs/jobs/joseph-fels-ritt-assistant-professorships-columbia-university-e03d03/index.html', LF will be replaced by CRLF the next time Git touches it
[02:32:54] [INFO]   [stderr] warning: in the working copy of 'docs/jobs/junior-neuroscience-medical-faculty-open-rank-basic-or-clini-cuny-school-of-professional-studies-18d60b/index.html', LF will be replaced by CRLF the next time Git touches it
[02:32:54] [INFO]   [stderr] warning: in the working copy of 'docs/jobs/lecturer-agricultural-and-resource-economics-uc-davis-dce6b7/index.html', LF will be replaced by CRLF the next time Git touches it
[02:32:54] [INFO]   [stderr] warning: in the working copy of 'docs/jobs/lecturer-doctoral-sch-urban-policy-and-planning-upp-school-o-hunter-college-babf4c/index.html', LF will be replaced by CRLF the next time Git touches it
[02:32:54] [INFO]   [stderr] warning: in the working copy of 'docs/jobs/lecturer-doctoral-schedule-the-department-of-physical-therap-hunter-college-57447c/index.html', LF will be replaced by CRLF the next time Git touches it
[02:32:54] [INFO]   [stderr] warning: in the working copy of 'docs/jobs/lecturer-environmental-science-and-policy-uc-davis-a15e67/index.html', LF will be replaced by CRLF the next time Git touches it
[02:32:54] [INFO]   [stderr] warning: in the working copy of 'docs/jobs/lecturer-environmental-science-and-policy-uc-davis-bec098/index.html', LF will be replaced by CRLF the next time Git touches it
[02:32:54] [INFO]   [stderr] warning: in the working copy of 'docs/jobs/lecturer-for-department-of-human-ecology-landscape-and-envir-uc-davis-f23626/index.html', LF will be replaced by CRLF the next time Git touches it
[02:32:54] [INFO]   [stderr] warning: in the working copy of 'docs/jobs/lecturer-full-time-non-tenure-track-health-human-performance-baylor-university-d4d08d/index.html', LF will be replaced by CRLF the next time Git touches it
[02:32:54] [INFO]   [stderr] warning: in the working copy of 'docs/jobs/lecturer-in-chinese-language-columbia-university-480ee5/index.html', LF will be replaced by CRLF the next time Git touches it
[02:32:54] [INFO]   [stderr] warning: in the working copy of 'docs/jobs/lecturer-in-discipline-columbia-science-fellow-columbia-university-b0b4d5/index.html', LF will be replaced by CRLF the next time Git touches it
[02:32:54] [INFO]   [stderr] warning: in the working copy of 'docs/jobs/lecturer-in-discipline-columbia-university-46f8e8/index.html', LF will be replaced by CRLF the next time Git touches it
[02:32:54] [INFO]   [stderr] warning: in the working copy of 'docs/jobs/lecturer-in-discipline-columbia-university-520818/index.html', LF will be replaced by CRLF the next time Git touches it
[02:32:54] [INFO]   [stderr] warning: in the working copy of 'docs/jobs/lecturer-in-discipline-columbia-university-87aa4e/index.html', LF will be replaced by CRLF the next time Git touches it
[02:32:54] [INFO]   [stderr] warning: in the working copy of 'docs/jobs/lecturer-in-discipline-columbia-university-89197e/index.html', LF will be replaced by CRLF the next time Git touches it
[02:32:54] [INFO]   [stderr] warning: in the working copy of 'docs/jobs/lecturer-in-discipline-columbia-university-89b0f4/index.html', LF will be replaced by CRLF the next time Git touches it
[02:32:54] [INFO]   [stderr] warning: in the working copy of 'docs/jobs/lecturer-in-discipline-columbia-university-991e2f/index.html', LF will be replaced by CRLF the next time Git touches it
[02:32:54] [INFO]   [stderr] warning: in the working copy of 'docs/jobs/lecturer-in-discipline-limited-term-uwp-lectureship-columbia-university-7c3ae3/index.html', LF will be replaced by CRLF the next time Git touches it
[02:32:54] [INFO]   [stderr] warning: in the working copy of 'docs/jobs/lecturer-in-discipline-or-senior-lecturer-in-discipline-deci-columbia-university-04eb7d/index.html', LF will be replaced by CRLF the next time Git touches it
[02:32:54] [INFO]   [stderr] warning: in the working copy of 'docs/jobs/lecturer-in-discipline-or-senior-lecturer-in-discipline-in-e-columbia-university-1bbde7/index.html', LF will be replaced by CRLF the next time Git touches it
[02:32:54] [INFO]   [stderr] warning: in the working copy of 'docs/jobs/lecturer-in-discipline-or-senior-lecturer-in-discipline-in-m-columbia-university-0c08be/index.html', LF will be replaced by CRLF the next time Git touches it
[02:32:54] [INFO]   [stderr] warning: in the working copy of 'docs/jobs/lecturer-in-discipline-or-senior-lecturer-in-discipline-mana-columbia-university-60be31/index.html', LF will be replaced by CRLF the next time Git touches it
[02:32:54] [INFO]   [stderr] warning: in the working copy of 'docs/jobs/lecturer-in-genetic-counseling-in-pediatrics-at-the-columbia-columbia-university-2d4251/index.html', LF will be replaced by CRLF the next time Git touches it
[02:32:54] [INFO]   [stderr] warning: in the working copy of 'docs/jobs/lecturer-in-hebrew-columbia-university-f6e4b6/index.html', LF will be replaced by CRLF the next time Git touches it
[02:32:54] [INFO]   [stderr] warning: in the working copy of 'docs/jobs/lecturer-in-korean-language-columbia-university-e875cf/index.html', LF will be replaced by CRLF the next time Git touches it
[02:32:54] [INFO]   [stderr] warning: in the working copy of 'docs/jobs/lecturer-in-modern-chinese-history-columbia-university-e4d494/index.html', LF will be replaced by CRLF the next time Git touches it
[02:32:54] [INFO]   [stderr] warning: in the working copy of 'docs/jobs/lecturer-in-rehabilitation-and-regenerative-medicine-physica-columbia-university-c2ebc2/index.html', LF will be replaced by CRLF the next time Git touches it
[02:32:54] [INFO]   [stderr] warning: in the working copy of 'docs/jobs/lecturer-in-sanskrit-and-tamil-languages-columbia-university-0f04e3/index.html', LF will be replaced by CRLF the next time Git touches it
[02:32:54] [INFO]   [stderr] warning: in the working copy of 'docs/jobs/lecturer-in-the-discipline-of-climate-columbia-university-a25ead/index.html', LF will be replaced by CRLF the next time Git touches it
[02:32:54] [INFO]   [stderr] warning: in the working copy of 'docs/jobs/lecturer-in-the-discipline-of-writing-open-genre-columbia-university-4e0a81/index.html', LF will be replaced by CRLF the next time Git touches it
[02:32:54] [INFO]   [stderr] warning: in the working copy of 'docs/jobs/lecturer-instructor-assistant-professor-in-genetic-counselin-columbia-university-fcca31/index.html', LF will be replaced by CRLF the next time Git touches it
[02:32:54] [INFO]   [stderr] warning: in the working copy of 'docs/jobs/lecturer-lecturer-doctoral-schedule-simulation-nurse-bronx-community-college-8c0065/index.html', LF will be replaced by CRLF the next time Git touches it
[02:32:54] [INFO]   [stderr] warning: in the working copy of 'docs/jobs/lecturer-or-assistant-professor-of-genetic-counseling-in-obs-columbia-university-d6dd92/index.html', LF will be replaced by CRLF the next time Git touches it
[02:32:54] [INFO]   [stderr] warning: in the working copy of 'docs/jobs/lecturer-pool-recruitment-uc-davis-5c6a51/index.html', LF will be replaced by CRLF the next time Git touches it
[02:32:54] [INFO]   [stderr] warning: in the working copy of 'docs/jobs/lecturer-radiologic-technology-and-medical-imaging-brooklyn-college-29f04c/index.html', LF will be replaced by CRLF the next time Git touches it
[02:32:54] [INFO]   [stderr] warning: in the working copy of 'docs/jobs/lecturer-urban-sustainability-city-college-fc1fc7/index.html', LF will be replaced by CRLF the next time Git touches it
[02:32:54] [INFO]   [stderr] warning: in the working copy of 'docs/jobs/legal-research-fellow-ii-columbia-university-7145df/index.html', LF will be replaced by CRLF the next time Git touches it
[02:32:54] [INFO]   [stderr] warning: in the working copy of 'docs/jobs/librarian-coordinator-for-special-academic-programs-and-outr-bronx-community-college-2b67a5/index.html', LF will be replaced by CRLF the next time Git touches it
[02:32:54] [INFO]   [stderr] warning: in the working copy of 'docs/jobs/med-peds-transitional-care-faculty-position-university-of-rochester-1bc31e/index.html', LF will be replaced by CRLF the next time Git touches it
[02:32:54] [INFO]   [stderr] warning: in the working copy of 'docs/jobs/musculoskeletal-radiologist-hybrid-on-site-remote-assistant-stony-brook-university-suny-62d94a/index.html', LF will be replaced by CRLF the next time Git touches it
[02:32:54] [INFO]   [stderr] warning: in the working copy of 'docs/jobs/musculoskeletal-radiologist-hybrid-on-site-remote-new-york-a-stony-brook-university-suny-cb5275/index.html', LF will be replaced by CRLF the next time Git touches it
[02:32:54] [INFO]   [stderr] warning: in the working copy of 'docs/jobs/museum-studies-director-and-associate-full-professor-university-of-kansas-a548f2/index.html', LF will be replaced by CRLF the next time Git touches it
[02:32:54] [INFO]   [stderr] warning: in the working copy of 'docs/jobs/neuro-oncologist-all-ranks-assistant-associate-professor-of-columbia-university-6258f6/index.html', LF will be replaced by CRLF the next time Git touches it
[02:32:54] [INFO]   [stderr] warning: in the working copy of 'docs/jobs/neuro-oncologist-clinical-trialist-associate-professor-profe-columbia-university-8e5a46/index.html', LF will be replaced by CRLF the next time Git touches it
[02:32:54] [INFO]   [stderr] warning: in the working copy of 'docs/jobs/neuro-ophthalmologist-assistant-professor-full-professor-university-of-rochester-73e2d2/index.html', LF will be replaced by CRLF the next time Git touches it
[02:32:54] [INFO]   [stderr] warning: in the working copy of 'docs/jobs/neuro-ophthalmologist-clinical-assistant-associate-professor-stony-brook-university-suny-807328/index.html', LF will be replaced by CRLF the next time Git touches it
[02:32:54] [INFO]   [stderr] warning: in the working copy of 'docs/jobs/neurologist-movement-disorders-clinical-assistant-associate-stony-brook-university-suny-95f9f9/index.html', LF will be replaced by CRLF the next time Git touches it
[02:32:54] [INFO]   [stderr] warning: in the working copy of 'docs/jobs/neurologist-neuromuscular-clinical-assistant-associate-full-stony-brook-university-suny-7e2245/index.html', LF will be replaced by CRLF the next time Git touches it
[02:32:54] [INFO]   [stderr] warning: in the working copy of 'docs/jobs/neuroradiologist-assistant-associate-full-professor-radiolog-stony-brook-university-suny-5d7ee9/index.html', LF will be replaced by CRLF the next time Git touches it
[02:32:54] [INFO]   [stderr] warning: in the working copy of 'docs/jobs/neuroradiologist-assistant-associate-full-professor-radiolog-stony-brook-university-suny-a0c1a6/index.html', LF will be replaced by CRLF the next time Git touches it
[02:32:54] [INFO]   [stderr] warning: in the working copy of 'docs/jobs/neuroradiologist-assistant-associate-full-professor-radiolog-stony-brook-university-suny-c9f5e9/index.html', LF will be replaced by CRLF the next time Git touches it
[02:32:54] [INFO]   [stderr] warning: in the working copy of 'docs/jobs/non-tenure-track-lecturer-data-mining-science-cybersecurity-fordham-university-3c5b99/index.html', LF will be replaced by CRLF the next time Git touches it
[02:32:54] [INFO]   [stderr] warning: in the working copy of 'docs/jobs/nuclear-medicine-radiologist-faculty-all-ranks-assistant-ass-columbia-university-7f7b03/index.html', LF will be replaced by CRLF the next time Git touches it
[02:32:54] [INFO]   [stderr] warning: in the working copy of 'docs/jobs/nurse-practitioner-clinical-instructor-obgyn-general-obstetr-stony-brook-university-suny-574280/index.html', LF will be replaced by CRLF the next time Git touches it
[02:32:54] [INFO]   [stderr] warning: in the working copy of 'docs/jobs/nurse-practitioner-clinical-instructor-obgyn-general-obstetr-stony-brook-university-suny-fd3dc1/index.html', LF will be replaced by CRLF the next time Git touches it
[02:32:54] [INFO]   [stderr] warning: in the working copy of 'docs/jobs/nurse-practitioner-clinical-instructor-pediatrics-pediatric-stony-brook-university-suny-2a7d36/index.html', LF will be replaced by CRLF the next time Git touches it
[02:32:54] [INFO]   [stderr] warning: in the working copy of 'docs/jobs/nurse-practitioner-clinical-instructor-pediatrics-pediatric-stony-brook-university-suny-5df815/index.html', LF will be replaced by CRLF the next time Git touches it
[02:32:54] [INFO]   [stderr] warning: in the working copy of 'docs/jobs/nurse-practitioner-clinical-instructor-pediatrics-pediatric-stony-brook-university-suny-7b750a/index.html', LF will be replaced by CRLF the next time Git touches it
[02:32:54] [INFO]   [stderr] warning: in the working copy of 'docs/jobs/nurse-practitioner-fnp-or-np-physician-assistant-clinical-in-stony-brook-university-suny-8f03bd/index.html', LF will be replaced by CRLF the next time Git touches it
[02:32:54] [INFO]   [stderr] warning: in the working copy of 'docs/jobs/nurse-practitioner-instructor-assistant-professor-associate-columbia-university-16936d/index.html', LF will be replaced by CRLF the next time Git touches it
[02:32:54] [INFO]   [stderr] warning: in the working copy of 'docs/jobs/nurse-practitioner-physician-assistant-clinical-instructor-i-stony-brook-university-suny-699caa/index.html', LF will be replaced by CRLF the next time Git touches it
[02:32:54] [INFO]   [stderr] warning: in the working copy of 'docs/jobs/obgyn-research-associate-chair-assistant-prof-associate-prof-university-of-rochester-151712/index.html', LF will be replaced by CRLF the next time Git touches it
[02:32:54] [INFO]   [stderr] warning: in the working copy of 'docs/jobs/oncologist-and-or-hematologist-assistant-associate-full-prof-stony-brook-university-suny-5926e6/index.html', LF will be replaced by CRLF the next time Git touches it
[02:32:54] [INFO]   [stderr] warning: in the working copy of 'docs/jobs/open-rank-assistant-associate-professor-of-dermatology-columbia-university-4d3d72/index.html', LF will be replaced by CRLF the next time Git touches it
[02:32:54] [INFO]   [stderr] warning: in the working copy of 'docs/jobs/open-rank-assistant-professor-associate-professor-professor-columbia-university-64c70e/index.html', LF will be replaced by CRLF the next time Git touches it
[02:32:54] [INFO]   [stderr] warning: in the working copy of 'docs/jobs/open-rank-assistant-professor-associate-professor-professor-columbia-university-b192e9/index.html', LF will be replaced by CRLF the next time Git touches it
[02:32:54] [INFO]   [stderr] warning: in the working copy of 'docs/jobs/open-rank-assistant-professor-associate-professor-professor-columbia-university-d5e116/index.html', LF will be replaced by CRLF the next time Git touches it
[02:32:54] [INFO]   [stderr] warning: in the working copy of 'docs/jobs/open-rank-assistant-professor-associate-professor-professor-columbia-university-dece87/index.html', LF will be replaced by CRLF the next time Git touches it
[02:32:54] [INFO]   [stderr] warning: in the working copy of 'docs/jobs/open-rank-associate-clinical-professor-of-law-clinical-profe-columbia-university-7bb91f/index.html', LF will be replaced by CRLF the next time Git touches it
[02:32:54] [INFO]   [stderr] warning: in the working copy of 'docs/jobs/open-rank-associate-professor-of-dermatology-tenure-track-te-columbia-university-91b9f6/index.html', LF will be replaced by CRLF the next time Git touches it
[02:32:54] [INFO]   [stderr] warning: in the working copy of 'docs/jobs/open-rank-associate-professor-or-full-professor-and-director-columbia-university-e4ac22/index.html', LF will be replaced by CRLF the next time Git touches it
[02:32:54] [INFO]   [stderr] warning: in the working copy of 'docs/jobs/open-rank-associate-research-scientist-instructor-assistant-columbia-university-86e0b5/index.html', LF will be replaced by CRLF the next time Git touches it
[02:32:54] [INFO]   [stderr] warning: in the working copy of 'docs/jobs/open-rank-faculty-position-assistant-associate-or-full-profe-columbia-university-5e1bd5/index.html', LF will be replaced by CRLF the next time Git touches it
[02:32:54] [INFO]   [stderr] warning: in the working copy of 'docs/jobs/open-rank-faculty-position-assistant-professor-associate-pro-columbia-university-3b9ee4/index.html', LF will be replaced by CRLF the next time Git touches it
[02:32:54] [INFO]   [stderr] warning: in the working copy of 'docs/jobs/open-rank-faculty-position-assistant-professor-associate-pro-columbia-university-73747a/index.html', LF will be replaced by CRLF the next time Git touches it
[02:32:54] [INFO]   [stderr] warning: in the working copy of 'docs/jobs/open-rank-faculty-position-in-aerospace-engineering-columbia-university-912677/index.html', LF will be replaced by CRLF the next time Git touches it
[02:32:54] [INFO]   [stderr] warning: in the working copy of 'docs/jobs/open-rank-faculty-position-in-industrial-engineering-and-ope-columbia-university-46530c/index.html', LF will be replaced by CRLF the next time Git touches it
[02:32:54] [INFO]   [stderr] warning: in the working copy of 'docs/jobs/open-rank-faculty-position-in-materials-science-and-engineer-columbia-university-892912/index.html', LF will be replaced by CRLF the next time Git touches it
[02:32:54] [INFO]   [stderr] warning: in the working copy of 'docs/jobs/open-rank-instructor-assistant-professor-associate-professor-columbia-university-8a87b5/index.html', LF will be replaced by CRLF the next time Git touches it
[02:32:54] [INFO]   [stderr] warning: in the working copy of 'docs/jobs/open-rank-instructor-assistant-professor-associate-professor-columbia-university-998fe2/index.html', LF will be replaced by CRLF the next time Git touches it
[02:32:54] [INFO]   [stderr] warning: in the working copy of 'docs/jobs/open-rank-lamont-research-assistant-associate-or-professor-columbia-university-6ce146/index.html', LF will be replaced by CRLF the next time Git touches it
[02:32:54] [INFO]   [stderr] warning: in the working copy of 'docs/jobs/open-rank-lecturer-in-discipline-or-senior-lecturer-in-disci-columbia-university-09490c/index.html', LF will be replaced by CRLF the next time Git touches it
[02:32:54] [INFO]   [stderr] warning: in the working copy of 'docs/jobs/open-rank-non-tenured-assistant-professor-associate-professo-columbia-university-e80de0/index.html', LF will be replaced by CRLF the next time Git touches it
[02:32:54] [INFO]   [stderr] warning: in the working copy of 'docs/jobs/open-rank-tenure-eligible-faculty-position-in-health-humanit-university-of-rochester-58b9a7/index.html', LF will be replaced by CRLF the next time Git touches it
[02:32:54] [INFO]   [stderr] warning: in the working copy of 'docs/jobs/open-rank-tenure-eligible-faculty-position-in-health-humanit-university-of-rochester-db8ae8/index.html', LF will be replaced by CRLF the next time Git touches it
[02:32:54] [INFO]   [stderr] warning: in the working copy of 'docs/jobs/open-rank-tenure-track-assistant-professor-assistant-profess-columbia-university-d34d1c/index.html', LF will be replaced by CRLF the next time Git touches it
[02:32:54] [INFO]   [stderr] warning: in the working copy of 'docs/jobs/open-rank-visiting-professor-of-law-visiting-associate-profe-columbia-university-d23f8d/index.html', LF will be replaced by CRLF the next time Git touches it
[02:32:54] [INFO]   [stderr] warning: in the working copy of 'docs/jobs/open-track-arnold-a-saltzman-professor-in-war-and-peace-stud-columbia-university-a662f0/index.html', LF will be replaced by CRLF the next time Git touches it
[02:32:54] [INFO]   [stderr] warning: in the working copy of 'docs/jobs/optometrist-instructor-in-optometric-sciences-columbia-university-bd1275/index.html', LF will be replaced by CRLF the next time Git touches it
[02:32:54] [INFO]   [stderr] warning: in the working copy of 'docs/jobs/oral-and-craniofacial-sciences-assistant-to-associate-profes-university-of-rochester-7d9edf/index.html', LF will be replaced by CRLF the next time Git touches it
[02:32:54] [INFO]   [stderr] warning: in the working copy of 'docs/jobs/pain-management-physician-clinical-assistant-associate-full-stony-brook-university-suny-478086/index.html', LF will be replaced by CRLF the next time Git touches it
[02:32:54] [INFO]   [stderr] warning: in the working copy of 'docs/jobs/palliative-care-faculty-asst-prof-of-clinical-university-of-rochester-a452d6/index.html', LF will be replaced by CRLF the next time Git touches it
[02:32:54] [INFO]   [stderr] warning: in the working copy of 'docs/jobs/part-time-lecturer-in-communication-school-of-communication-stony-brook-university-suny-ab4bb1/index.html', LF will be replaced by CRLF the next time Git touches it
[02:32:54] [INFO]   [stderr] warning: in the working copy of 'docs/jobs/part-time-lecturer-in-public-policy-non-senate-introductory-ucla-e48c27/index.html', LF will be replaced by CRLF the next time Git touches it
[02:32:54] [INFO]   [stderr] warning: in the working copy of 'docs/jobs/part-time-lecturer-in-public-policy-non-senate-ucla-ad84aa/index.html', LF will be replaced by CRLF the next time Git touches it
[02:32:54] [INFO]   [stderr] warning: in the working copy of 'docs/jobs/part-time-lecturer-stony-brook-university-suny-f9c678/index.html', LF will be replaced by CRLF the next time Git touches it
[02:32:54] [INFO]   [stderr] warning: in the working copy of 'docs/jobs/pediatric-dental-faculty-ft-university-of-rochester-b67849/index.html', LF will be replaced by CRLF the next time Git touches it
[02:32:54] [INFO]   [stderr] warning: in the working copy of 'docs/jobs/pediatric-emergency-medicine-physician-assistant-associate-p-stony-brook-university-suny-1dc11e/index.html', LF will be replaced by CRLF the next time Git touches it
[02:32:54] [INFO]   [stderr] warning: in the working copy of 'docs/jobs/pediatric-endocrinologist-clinical-assistant-associate-profe-stony-brook-university-suny-e83493/index.html', LF will be replaced by CRLF the next time Git touches it
[02:32:54] [INFO]   [stderr] warning: in the working copy of 'docs/jobs/pediatric-general-dx-radiologist-assistant-associate-full-pr-stony-brook-university-suny-174112/index.html', LF will be replaced by CRLF the next time Git touches it
[02:32:54] [INFO]   [stderr] warning: in the working copy of 'docs/jobs/pediatric-general-dx-radiologist-assistant-associate-full-pr-stony-brook-university-suny-851226/index.html', LF will be replaced by CRLF the next time Git touches it
[02:32:54] [INFO]   [stderr] warning: in the working copy of 'docs/jobs/pediatric-neurologist-assistant-associate-full-professor-neu-stony-brook-university-suny-d84001/index.html', LF will be replaced by CRLF the next time Git touches it
[02:32:54] [INFO]   [stderr] warning: in the working copy of 'docs/jobs/pediatric-ophthalmologist-clinical-assistant-professor-ophth-stony-brook-university-suny-5263a6/index.html', LF will be replaced by CRLF the next time Git touches it
[02:32:54] [INFO]   [stderr] warning: in the working copy of 'docs/jobs/pediatric-pulmonologist-assistant-associate-professor-pediat-stony-brook-university-suny-6d0770/index.html', LF will be replaced by CRLF the next time Git touches it
[02:32:54] [INFO]   [stderr] warning: in the working copy of 'docs/jobs/pediatrician-assistant-professor-pediatrics-pediatric-emerge-stony-brook-university-suny-c68c73/index.html', LF will be replaced by CRLF the next time Git touches it
[02:32:54] [INFO]   [stderr] warning: in the working copy of 'docs/jobs/physician-scientist-scientist-assistant-associate-full-profe-stony-brook-university-suny-63717f/index.html', LF will be replaced by CRLF the next time Git touches it
[02:32:54] [INFO]   [stderr] warning: in the working copy of 'docs/jobs/piano-instructor-eastman-community-music-school-university-of-rochester-f73c46/index.html', LF will be replaced by CRLF the next time Git touches it
[02:32:54] [INFO]   [stderr] warning: in the working copy of 'docs/jobs/post-doctoral-research-associate-university-of-rochester-46e6b3/index.html', LF will be replaced by CRLF the next time Git touches it
[02:32:54] [INFO]   [stderr] warning: in the working copy of 'docs/jobs/postdoctoral-associate-university-of-rochester-a0dd14/index.html', LF will be replaced by CRLF the next time Git touches it
[02:32:54] [INFO]   [stderr] warning: in the working copy of 'docs/jobs/postdoctoral-research-fellow-columbia-university-02250b/index.html', LF will be replaced by CRLF the next time Git touches it
[02:32:54] [INFO]   [stderr] warning: in the working copy of 'docs/jobs/postdoctoral-research-scholar-associate-research-scholar-columbia-university-c6f263/index.html', LF will be replaced by CRLF the next time Git touches it
[02:32:54] [INFO]   [stderr] warning: in the working copy of 'docs/jobs/postdoctoral-research-scholar-columbia-university-6471c2/index.html', LF will be replaced by CRLF the next time Git touches it
[02:32:54] [INFO]   [stderr] warning: in the working copy of 'docs/jobs/postdoctoral-research-scholar-columbia-university-77a22b/index.html', LF will be replaced by CRLF the next time Git touches it
[02:32:54] [INFO]   [stderr] warning: in the working copy of 'docs/jobs/postdoctoral-research-scholar-columbia-university-d9311a/index.html', LF will be replaced by CRLF the next time Git touches it
[02:32:54] [INFO]   [stderr] warning: in the working copy of 'docs/jobs/postdoctoral-research-scholar-columbia-university-f55260/index.html', LF will be replaced by CRLF the next time Git touches it
[02:32:54] [INFO]   [stderr] warning: in the working copy of 'docs/jobs/postdoctoral-research-scientist-arg-columbia-university-6c79b7/index.html', LF will be replaced by CRLF the next time Git touches it
[02:32:54] [INFO]   [stderr] warning: in the working copy of 'docs/jobs/postdoctoral-research-scientist-arg-columbia-university-cf9cb0/index.html', LF will be replaced by CRLF the next time Git touches it
[02:32:54] [INFO]   [stderr] warning: in the working copy of 'docs/jobs/postdoctoral-research-scientist-clinical-genetics-columbia-university-bc0faf/index.html', LF will be replaced by CRLF the next time Git touches it
[02:32:54] [INFO]   [stderr] warning: in the working copy of 'docs/jobs/postdoctoral-research-scientist-columbia-university-00cd04/index.html', LF will be replaced by CRLF the next time Git touches it
[02:32:54] [INFO]   [stderr] warning: in the working copy of 'docs/jobs/postdoctoral-research-scientist-columbia-university-07ef95/index.html', LF will be replaced by CRLF the next time Git touches it
[02:32:54] [INFO]   [stderr] warning: in the working copy of 'docs/jobs/postdoctoral-research-scientist-columbia-university-10afb4/index.html', LF will be replaced by CRLF the next time Git touches it
[02:32:54] [INFO]   [stderr] warning: in the working copy of 'docs/jobs/postdoctoral-research-scientist-columbia-university-11ffa1/index.html', LF will be replaced by CRLF the next time Git touches it
[02:32:54] [INFO]   [stderr] warning: in the working copy of 'docs/jobs/postdoctoral-research-scientist-columbia-university-13316f/index.html', LF will be replaced by CRLF the next time Git touches it
[02:32:54] [INFO]   [stderr] warning: in the working copy of 'docs/jobs/postdoctoral-research-scientist-columbia-university-1a85e0/index.html', LF will be replaced by CRLF the next time Git touches it
[02:32:54] [INFO]   [stderr] warning: in the working copy of 'docs/jobs/postdoctoral-research-scientist-columbia-university-295cee/index.html', LF will be replaced by CRLF the next time Git touches it
[02:32:54] [INFO]   [stderr] warning: in the working copy of 'docs/jobs/postdoctoral-research-scientist-columbia-university-2fbd21/index.html', LF will be replaced by CRLF the next time Git touches it
[02:32:54] [INFO]   [stderr] warning: in the working copy of 'docs/jobs/postdoctoral-research-scientist-columbia-university-332030/index.html', LF will be replaced by CRLF the next time Git touches it
[02:32:54] [INFO]   [stderr] warning: in the working copy of 'docs/jobs/postdoctoral-research-scientist-columbia-university-335b62/index.html', LF will be replaced by CRLF the next time Git touches it
[02:32:54] [INFO]   [stderr] warning: in the working copy of 'docs/jobs/postdoctoral-research-scientist-columbia-university-36c064/index.html', LF will be replaced by CRLF the next time Git touches it
[02:32:54] [INFO]   [stderr] warning: in the working copy of 'docs/jobs/postdoctoral-research-scientist-columbia-university-36d860/index.html', LF will be replaced by CRLF the next time Git touches it
[02:32:54] [INFO]   [stderr] warning: in the working copy of 'docs/jobs/postdoctoral-research-scientist-columbia-university-3e2e39/index.html', LF will be replaced by CRLF the next time Git touches it
[02:32:54] [INFO]   [stderr] warning: in the working copy of 'docs/jobs/postdoctoral-research-scientist-columbia-university-42fc80/index.html', LF will be replaced by CRLF the next time Git touches it
[02:32:54] [INFO]   [stderr] warning: in the working copy of 'docs/jobs/postdoctoral-research-scientist-columbia-university-442d8d/index.html', LF will be replaced by CRLF the next time Git touches it
[02:32:54] [INFO]   [stderr] warning: in the working copy of 'docs/jobs/postdoctoral-research-scientist-columbia-university-6067c4/index.html', LF will be replaced by CRLF the next time Git touches it
[02:32:54] [INFO]   [stderr] warning: in the working copy of 'docs/jobs/postdoctoral-research-scientist-columbia-university-6367cc/index.html', LF will be replaced by CRLF the next time Git touches it
[02:32:54] [INFO]   [stderr] warning: in the working copy of 'docs/jobs/postdoctoral-research-scientist-columbia-university-829baf/index.html', LF will be replaced by CRLF the next time Git touches it
[02:32:54] [INFO]   [stderr] warning: in the working copy of 'docs/jobs/postdoctoral-research-scientist-columbia-university-8645cc/index.html', LF will be replaced by CRLF the next time Git touches it
[02:32:54] [INFO]   [stderr] warning: in the working copy of 'docs/jobs/postdoctoral-research-scientist-columbia-university-8de3fa/index.html', LF will be replaced by CRLF the next time Git touches it
[02:32:54] [INFO]   [stderr] warning: in the working copy of 'docs/jobs/postdoctoral-research-scientist-columbia-university-8e71c1/index.html', LF will be replaced by CRLF the next time Git touches it
[02:32:54] [INFO]   [stderr] warning: in the working copy of 'docs/jobs/postdoctoral-research-scientist-columbia-university-90ae21/index.html', LF will be replaced by CRLF the next time Git touches it
[02:32:54] [INFO]   [stderr] warning: in the working copy of 'docs/jobs/postdoctoral-research-scientist-columbia-university-91acdb/index.html', LF will be replaced by CRLF the next time Git touches it
[02:32:54] [INFO]   [stderr] warning: in the working copy of 'docs/jobs/postdoctoral-research-scientist-columbia-university-9706d7/index.html', LF will be replaced by CRLF the next time Git touches it
[02:32:54] [INFO]   [stderr] warning: in the working copy of 'docs/jobs/postdoctoral-research-scientist-columbia-university-9876e1/index.html', LF will be replaced by CRLF the next time Git touches it
[02:32:54] [INFO]   [stderr] warning: in the working copy of 'docs/jobs/postdoctoral-research-scientist-columbia-university-9b484f/index.html', LF will be replaced by CRLF the next time Git touches it
[02:32:54] [INFO]   [stderr] warning: in the working copy of 'docs/jobs/postdoctoral-research-scientist-columbia-university-9d08ad/index.html', LF will be replaced by CRLF the next time Git touches it
[02:32:54] [INFO]   [stderr] warning: in the working copy of 'docs/jobs/postdoctoral-research-scientist-columbia-university-a327a4/index.html', LF will be replaced by CRLF the next time Git touches it
[02:32:54] [INFO]   [stderr] warning: in the working copy of 'docs/jobs/postdoctoral-research-scientist-columbia-university-a49fc3/index.html', LF will be replaced by CRLF the next time Git touches it
[02:32:54] [INFO]   [stderr] warning: in the working copy of 'docs/jobs/postdoctoral-research-scientist-columbia-university-a80bc4/index.html', LF will be replaced by CRLF the next time Git touches it
[02:32:54] [INFO]   [stderr] warning: in the working copy of 'docs/jobs/postdoctoral-research-scientist-columbia-university-b129f1/index.html', LF will be replaced by CRLF the next time Git touches it
[02:32:54] [INFO]   [stderr] warning: in the working copy of 'docs/jobs/postdoctoral-research-scientist-columbia-university-b54656/index.html', LF will be replaced by CRLF the next time Git touches it
[02:32:54] [INFO]   [stderr] warning: in the working copy of 'docs/jobs/postdoctoral-research-scientist-columbia-university-b821f1/index.html', LF will be replaced by CRLF the next time Git touches it
[02:32:54] [INFO]   [stderr] warning: in the working copy of 'docs/jobs/postdoctoral-research-scientist-columbia-university-bb82ae/index.html', LF will be replaced by CRLF the next time Git touches it
[02:32:54] [INFO]   [stderr] warning: in the working copy of 'docs/jobs/postdoctoral-research-scientist-columbia-university-be636c/index.html', LF will be replaced by CRLF the next time Git touches it
[02:32:54] [INFO]   [stderr] warning: in the working copy of 'docs/jobs/postdoctoral-research-scientist-columbia-university-c39332/index.html', LF will be replaced by CRLF the next time Git touches it
[02:32:54] [INFO]   [stderr] warning: in the working copy of 'docs/jobs/postdoctoral-research-scientist-columbia-university-c3fb18/index.html', LF will be replaced by CRLF the next time Git touches it
[02:32:54] [INFO]   [stderr] warning: in the working copy of 'docs/jobs/postdoctoral-research-scientist-columbia-university-c5524d/index.html', LF will be replaced by CRLF the next time Git touches it
[02:32:54] [INFO]   [stderr] warning: in the working copy of 'docs/jobs/postdoctoral-research-scientist-columbia-university-c55d91/index.html', LF will be replaced by CRLF the next time Git touches it
[02:32:54] [INFO]   [stderr] warning: in the working copy of 'docs/jobs/postdoctoral-research-scientist-columbia-university-c89324/index.html', LF will be replaced by CRLF the next time Git touches it
[02:32:54] [INFO]   [stderr] warning: in the working copy of 'docs/jobs/postdoctoral-research-scientist-columbia-university-c94ca4/index.html', LF will be replaced by CRLF the next time Git touches it
[02:32:54] [INFO]   [stderr] warning: in the working copy of 'docs/jobs/postdoctoral-research-scientist-columbia-university-ca34de/index.html', LF will be replaced by CRLF the next time Git touches it
[02:32:54] [INFO]   [stderr] warning: in the working copy of 'docs/jobs/postdoctoral-research-scientist-columbia-university-cec022/index.html', LF will be replaced by CRLF the next time Git touches it
[02:32:54] [INFO]   [stderr] warning: in the working copy of 'docs/jobs/postdoctoral-research-scientist-columbia-university-cf5951/index.html', LF will be replaced by CRLF the next time Git touches it
[02:32:54] [INFO]   [stderr] warning: in the working copy of 'docs/jobs/postdoctoral-research-scientist-columbia-university-cf6389/index.html', LF will be replaced by CRLF the next time Git touches it
[02:32:54] [INFO]   [stderr] warning: in the working copy of 'docs/jobs/postdoctoral-research-scientist-columbia-university-d1a295/index.html', LF will be replaced by CRLF the next time Git touches it
[02:32:54] [INFO]   [stderr] warning: in the working copy of 'docs/jobs/postdoctoral-research-scientist-columbia-university-d4f1eb/index.html', LF will be replaced by CRLF the next time Git touches it
[02:32:54] [INFO]   [stderr] warning: in the working copy of 'docs/jobs/postdoctoral-research-scientist-columbia-university-d6a2ca/index.html', LF will be replaced by CRLF the next time Git touches it
[02:32:54] [INFO]   [stderr] warning: in the working copy of 'docs/jobs/postdoctoral-research-scientist-columbia-university-d872ad/index.html', LF will be replaced by CRLF the next time Git touches it
[02:32:54] [INFO]   [stderr] warning: in the working copy of 'docs/jobs/postdoctoral-research-scientist-columbia-university-e0d083/index.html', LF will be replaced by CRLF the next time Git touches it
[02:32:54] [INFO]   [stderr] warning: in the working copy of 'docs/jobs/postdoctoral-research-scientist-columbia-university-e1996d/index.html', LF will be replaced by CRLF the next time Git touches it
[02:32:54] [INFO]   [stderr] warning: in the working copy of 'docs/jobs/postdoctoral-research-scientist-columbia-university-f6a188/index.html', LF will be replaced by CRLF the next time Git touches it
[02:32:54] [INFO]   [stderr] warning: in the working copy of 'docs/jobs/postdoctoral-research-scientist-dr-chang-lee-s-lab-columbia-university-96e4e9/index.html', LF will be replaced by CRLF the next time Git touches it
[02:32:54] [INFO]   [stderr] warning: in the working copy of 'docs/jobs/postdoctoral-research-scientist-experimental-columbia-university-cb725c/index.html', LF will be replaced by CRLF the next time Git touches it
[02:32:54] [INFO]   [stderr] warning: in the working copy of 'docs/jobs/postdoctoral-research-scientist-ferrari-lab-columbia-university-7d5b65/index.html', LF will be replaced by CRLF the next time Git touches it
[02:32:54] [INFO]   [stderr] warning: in the working copy of 'docs/jobs/postdoctoral-research-scientist-in-theoretical-computational-columbia-university-7d10f7/index.html', LF will be replaced by CRLF the next time Git touches it
[02:32:54] [INFO]   [stderr] warning: in the working copy of 'docs/jobs/postdoctoral-research-scientist-on-artificial-intelligence-a-columbia-university-064309/index.html', LF will be replaced by CRLF the next time Git touches it
[02:32:54] [INFO]   [stderr] warning: in the working copy of 'docs/jobs/postdoctoral-research-scientist-on-artificial-intelligence-i-columbia-university-168ef0/index.html', LF will be replaced by CRLF the next time Git touches it
[02:32:54] [INFO]   [stderr] warning: in the working copy of 'docs/jobs/postdoctoral-scholar-earth-and-climate-sciences-tufts-university-d57b4a/index.html', LF will be replaced by CRLF the next time Git touches it
[02:32:54] [INFO]   [stderr] warning: in the working copy of 'docs/jobs/postdoctoral-scholar-immuno-virology-and-vaccine-development-uc-irvine-85e411/index.html', LF will be replaced by CRLF the next time Git touches it
[02:32:54] [INFO]   [stderr] warning: in the working copy of 'docs/jobs/postdoctoral-scholar-psychology-tufts-university-ddc758/index.html', LF will be replaced by CRLF the next time Git touches it
[02:32:54] [INFO]   [stderr] warning: in the working copy of 'docs/jobs/postdoctoral-scholar-tufts-university-2f8d52/index.html', LF will be replaced by CRLF the next time Git touches it
[02:32:54] [INFO]   [stderr] warning: in the working copy of 'docs/jobs/postdoctoral-scholar-tufts-university-fae9f6/index.html', LF will be replaced by CRLF the next time Git touches it
[02:32:54] [INFO]   [stderr] warning: in the working copy of 'docs/jobs/postdoctoral-scholars-fellows-ophthalmology-and-visual-scien-uc-irvine-1e90c9/index.html', LF will be replaced by CRLF the next time Git touches it
[02:32:54] [INFO]   [stderr] warning: in the working copy of 'docs/jobs/primary-care-physician-medical-associates-of-penfield-assist-university-of-rochester-7e4ded/index.html', LF will be replaced by CRLF the next time Git touches it
[02:32:54] [INFO]   [stderr] warning: in the working copy of 'docs/jobs/primary-care-physician-perry-assistant-professor-of-clinical-university-of-rochester-79db36/index.html', LF will be replaced by CRLF the next time Git touches it
[02:32:54] [INFO]   [stderr] warning: in the working copy of 'docs/jobs/professor-and-chair-department-of-microbiology-and-immunolog-columbia-university-f35e1a/index.html', LF will be replaced by CRLF the next time Git touches it
[02:32:54] [INFO]   [stderr] warning: in the working copy of 'docs/jobs/professor-and-chair-department-of-pediatrics-columbia-university-73f9d8/index.html', LF will be replaced by CRLF the next time Git touches it
[02:32:54] [INFO]   [stderr] warning: in the working copy of 'docs/jobs/professor-and-chair-department-of-systems-biology-columbia-university-d3650f/index.html', LF will be replaced by CRLF the next time Git touches it
[02:32:54] [INFO]   [stderr] warning: in the working copy of 'docs/jobs/professor-and-director-of-the-center-for-radiation-research-columbia-university-1fb1ca/index.html', LF will be replaced by CRLF the next time Git touches it
[02:32:54] [INFO]   [stderr] warning: in the working copy of 'docs/jobs/professor-and-director-of-the-institute-for-cancer-genetics-columbia-university-bbd948/index.html', LF will be replaced by CRLF the next time Git touches it
[02:32:54] [INFO]   [stderr] warning: in the working copy of 'docs/jobs/professor-associate-professor-assistant-professor-gynecologi-university-of-rochester-8dbe38/index.html', LF will be replaced by CRLF the next time Git touches it
[02:32:54] [INFO]   [stderr] warning: in the working copy of 'docs/jobs/professor-associate-professor-assistant-professor-university-of-rochester-4614f8/index.html', LF will be replaced by CRLF the next time Git touches it
[02:32:54] [INFO]   [stderr] warning: in the working copy of 'docs/jobs/professor-associate-professor-assistant-professor-university-of-rochester-d99b93/index.html', LF will be replaced by CRLF the next time Git touches it
[02:32:54] [INFO]   [stderr] warning: in the working copy of 'docs/jobs/professor-in-the-practice-of-international-and-public-affair-columbia-university-8f38c7/index.html', LF will be replaced by CRLF the next time Git touches it
[02:32:54] [INFO]   [stderr] warning: in the working copy of 'docs/jobs/professor-of-clinical-associate-professor-of-clinical-assist-university-of-rochester-0b702c/index.html', LF will be replaced by CRLF the next time Git touches it
[02:32:54] [INFO]   [stderr] warning: in the working copy of 'docs/jobs/professor-of-clinical-associate-professor-of-clinical-assist-university-of-rochester-0f2b31/index.html', LF will be replaced by CRLF the next time Git touches it
[02:32:54] [INFO]   [stderr] warning: in the working copy of 'docs/jobs/professor-of-clinical-associate-professor-of-clinical-assist-university-of-rochester-1e1f74/index.html', LF will be replaced by CRLF the next time Git touches it
[02:32:54] [INFO]   [stderr] warning: in the working copy of 'docs/jobs/professor-of-clinical-associate-professor-of-clinical-assist-university-of-rochester-41d078/index.html', LF will be replaced by CRLF the next time Git touches it
[02:32:54] [INFO]   [stderr] warning: in the working copy of 'docs/jobs/professor-of-clinical-associate-professor-of-clinical-assist-university-of-rochester-517c55/index.html', LF will be replaced by CRLF the next time Git touches it
[02:32:54] [INFO]   [stderr] warning: in the working copy of 'docs/jobs/professor-of-clinical-associate-professor-of-clinical-assist-university-of-rochester-550c53/index.html', LF will be replaced by CRLF the next time Git touches it
[02:32:54] [INFO]   [stderr] warning: in the working copy of 'docs/jobs/professor-of-clinical-associate-professor-of-clinical-assist-university-of-rochester-56d1c9/index.html', LF will be replaced by CRLF the next time Git touches it
[02:32:54] [INFO]   [stderr] warning: in the working copy of 'docs/jobs/professor-of-clinical-associate-professor-of-clinical-assist-university-of-rochester-903a26/index.html', LF will be replaced by CRLF the next time Git touches it
[02:32:54] [INFO]   [stderr] warning: in the working copy of 'docs/jobs/professor-of-clinical-associate-professor-of-clinical-assist-university-of-rochester-903cd7/index.html', LF will be replaced by CRLF the next time Git touches it
[02:32:54] [INFO]   [stderr] warning: in the working copy of 'docs/jobs/professor-of-clinical-associate-professor-of-clinical-assist-university-of-rochester-9ffff4/index.html', LF will be replaced by CRLF the next time Git touches it
[02:32:54] [INFO]   [stderr] warning: in the working copy of 'docs/jobs/professor-of-clinical-associate-professor-of-clinical-assist-university-of-rochester-a40849/index.html', LF will be replaced by CRLF the next time Git touches it
[02:32:54] [INFO]   [stderr] warning: in the working copy of 'docs/jobs/professor-of-clinical-associate-professor-of-clinical-assist-university-of-rochester-c1d3cf/index.html', LF will be replaced by CRLF the next time Git touches it
[02:32:54] [INFO]   [stderr] warning: in the working copy of 'docs/jobs/professor-of-clinical-associate-professor-of-clinical-assist-university-of-rochester-c245b9/index.html', LF will be replaced by CRLF the next time Git touches it
[02:32:54] [INFO]   [stderr] warning: in the working copy of 'docs/jobs/professor-of-clinical-associate-professor-of-clinical-assist-university-of-rochester-c71479/index.html', LF will be replaced by CRLF the next time Git touches it
[02:32:54] [INFO]   [stderr] warning: in the working copy of 'docs/jobs/professor-of-clinical-associate-professor-of-clinical-assist-university-of-rochester-cb66fe/index.html', LF will be replaced by CRLF the next time Git touches it
[02:32:54] [INFO]   [stderr] warning: in the working copy of 'docs/jobs/professor-of-clinical-associate-professor-of-clinical-assist-university-of-rochester-dfc05e/index.html', LF will be replaced by CRLF the next time Git touches it
[02:32:54] [INFO]   [stderr] warning: in the working copy of 'docs/jobs/professor-of-clinical-associate-professor-of-clinical-assist-university-of-rochester-e931b9/index.html', LF will be replaced by CRLF the next time Git touches it
[02:32:54] [INFO]   [stderr] warning: in the working copy of 'docs/jobs/professor-of-clinical-associate-professor-of-clinical-assist-university-of-rochester-f26896/index.html', LF will be replaced by CRLF the next time Git touches it
[02:32:54] [INFO]   [stderr] warning: in the working copy of 'docs/jobs/professor-of-clinical-associate-professor-of-clinical-assist-university-of-rochester-fbb5d9/index.html', LF will be replaced by CRLF the next time Git touches it
[02:32:54] [INFO]   [stderr] warning: in the working copy of 'docs/jobs/professor-of-journalism-phd-program-communications-tenure-tr-columbia-university-02f7b8/index.html', LF will be replaced by CRLF the next time Git touches it
[02:32:54] [INFO]   [stderr] warning: in the working copy of 'docs/jobs/professor-of-law-columbia-university-878637/index.html', LF will be replaced by CRLF the next time Git touches it
[02:32:54] [INFO]   [stderr] warning: in the working copy of 'docs/jobs/professor-of-music-leadership-open-rank-and-director-institu-university-of-rochester-bc4b48/index.html', LF will be replaced by CRLF the next time Git touches it
[02:32:54] [INFO]   [stderr] warning: in the working copy of 'docs/jobs/professor-of-neurology-division-chief-university-of-rochester-2926b3/index.html', LF will be replaced by CRLF the next time Git touches it
[02:32:54] [INFO]   [stderr] warning: in the working copy of 'docs/jobs/professor-of-obstetrics-and-gynecology-at-cumc-columbia-university-869fac/index.html', LF will be replaced by CRLF the next time Git touches it
[02:32:54] [INFO]   [stderr] warning: in the working copy of 'docs/jobs/professor-of-professional-practice-decision-risk-and-operati-columbia-university-aa82a3/index.html', LF will be replaced by CRLF the next time Git touches it
[02:32:54] [INFO]   [stderr] warning: in the working copy of 'docs/jobs/professor-or-associate-professor-program-administration-queens-college-58a5e1/index.html', LF will be replaced by CRLF the next time Git touches it
[02:32:54] [INFO]   [stderr] warning: in the working copy of 'docs/jobs/program-director-nurse-practitioner-programs-open-rank-assoc-university-of-rochester-9db440/index.html', LF will be replaced by CRLF the next time Git touches it
[02:32:54] [INFO]   [stderr] warning: in the working copy of 'docs/jobs/prosthodontist-clinical-assistant-associate-full-professor-s-stony-brook-university-suny-f90983/index.html', LF will be replaced by CRLF the next time Git touches it
[02:32:54] [INFO]   [stderr] warning: in the working copy of 'docs/jobs/psychiatrist-clinical-assistant-associate-professor-psychiat-stony-brook-university-suny-19a38b/index.html', LF will be replaced by CRLF the next time Git touches it
[02:32:54] [INFO]   [stderr] warning: in the working copy of 'docs/jobs/psychiatrist-clinical-assistant-associate-professor-psychiat-stony-brook-university-suny-447e1b/index.html', LF will be replaced by CRLF the next time Git touches it
[02:32:54] [INFO]   [stderr] warning: in the working copy of 'docs/jobs/psychiatrist-clinical-assistant-associate-professor-psychiat-stony-brook-university-suny-8121e4/index.html', LF will be replaced by CRLF the next time Git touches it
[02:32:54] [INFO]   [stderr] warning: in the working copy of 'docs/jobs/psychologist-clinical-assistant-associate-professor-psychiat-stony-brook-university-suny-cd9e41/index.html', LF will be replaced by CRLF the next time Git touches it
[02:32:54] [INFO]   [stderr] warning: in the working copy of 'docs/jobs/psychologist-or-psychiatrist-assistant-associate-full-profes-stony-brook-university-suny-001d7e/index.html', LF will be replaced by CRLF the next time Git touches it
[02:32:54] [INFO]   [stderr] warning: in the working copy of 'docs/jobs/psychology-lecturer-pool-ad-uc-irvine-048a09/index.html', LF will be replaced by CRLF the next time Git touches it
[02:32:54] [INFO]   [stderr] warning: in the working copy of 'docs/jobs/psychology-temporary-lecturers-uc-davis-13a258/index.html', LF will be replaced by CRLF the next time Git touches it
[02:32:54] [INFO]   [stderr] warning: in the working copy of 'docs/jobs/pulmonologist-intensivist-sleep-specialist-assistant-associa-stony-brook-university-suny-498414/index.html', LF will be replaced by CRLF the next time Git touches it
[02:32:54] [INFO]   [stderr] warning: in the working copy of 'docs/jobs/registered-dietician-clinical-instructor-family-population-a-stony-brook-university-suny-962894/index.html', LF will be replaced by CRLF the next time Git touches it
[02:32:54] [INFO]   [stderr] warning: in the working copy of 'docs/jobs/regular-lecturer-non-tenure-track-american-politics-departme-baylor-university-d737a2/index.html', LF will be replaced by CRLF the next time Git touches it
[02:32:54] [INFO]   [stderr] warning: in the working copy of 'docs/jobs/rei-division-director-assistant-professor-associate-professo-university-of-rochester-7b4860/index.html', LF will be replaced by CRLF the next time Git touches it
[02:32:54] [INFO]   [stderr] warning: in the working copy of 'docs/jobs/research-assistant-professor-dinney-lab-university-of-rochester-1a6d73/index.html', LF will be replaced by CRLF the next time Git touches it
[02:32:54] [INFO]   [stderr] warning: in the working copy of 'docs/jobs/research-assistant-professor-mcconkey-lab-university-of-rochester-a1c52c/index.html', LF will be replaced by CRLF the next time Git touches it
[02:32:54] [INFO]   [stderr] warning: in the working copy of 'docs/jobs/research-assistant-professor-neuroscience-university-of-rochester-9e903a/index.html', LF will be replaced by CRLF the next time Git touches it
[02:32:54] [INFO]   [stderr] warning: in the working copy of 'docs/jobs/research-assistant-professor-supportive-care-in-cancer-university-of-rochester-28a1b2/index.html', LF will be replaced by CRLF the next time Git touches it
[02:32:54] [INFO]   [stderr] warning: in the working copy of 'docs/jobs/research-assistant-professor-university-of-rochester-2e726f/index.html', LF will be replaced by CRLF the next time Git touches it
[02:32:54] [INFO]   [stderr] warning: in the working copy of 'docs/jobs/research-assistant-professor-university-of-rochester-6394e2/index.html', LF will be replaced by CRLF the next time Git touches it
[02:32:54] [INFO]   [stderr] warning: in the working copy of 'docs/jobs/research-assistant-professor-university-of-rochester-6c4f62/index.html', LF will be replaced by CRLF the next time Git touches it
[02:32:54] [INFO]   [stderr] warning: in the working copy of 'docs/jobs/research-faculty-position-open-rank-university-of-rochester-c3a54f/index.html', LF will be replaced by CRLF the next time Git touches it
[02:32:54] [INFO]   [stderr] warning: in the working copy of 'docs/jobs/residency-program-director-clinical-assistant-associate-prof-stony-brook-university-suny-37cca7/index.html', LF will be replaced by CRLF the next time Git touches it
[02:32:54] [INFO]   [stderr] warning: in the working copy of 'docs/jobs/retina-ophthalmologist-assistant-professor-full-professor-university-of-rochester-68dfcb/index.html', LF will be replaced by CRLF the next time Git touches it
[02:32:54] [INFO]   [stderr] warning: in the working copy of 'docs/jobs/rheumatologist-assistant-associate-professor-internal-medici-stony-brook-university-suny-65d357/index.html', LF will be replaced by CRLF the next time Git touches it
[02:32:54] [INFO]   [stderr] warning: in the working copy of 'docs/jobs/rheumatologist-associate-professor-university-of-rochester-28baec/index.html', LF will be replaced by CRLF the next time Git touches it
[02:32:54] [INFO]   [stderr] warning: in the working copy of 'docs/jobs/scholarly-professor-family-population-and-preventive-medicin-stony-brook-university-suny-5c0911/index.html', LF will be replaced by CRLF the next time Git touches it
[02:32:54] [INFO]   [stderr] warning: in the working copy of 'docs/jobs/school-of-nursing-clinical-instructor-clinical-assistant-pro-stony-brook-university-suny-5e3633/index.html', LF will be replaced by CRLF the next time Git touches it
[02:32:54] [INFO]   [stderr] warning: in the working copy of 'docs/jobs/senior-lecturer-of-south-and-west-asia-university-of-rochester-3f5b00/index.html', LF will be replaced by CRLF the next time Git touches it
[02:32:54] [INFO]   [stderr] warning: in the working copy of 'docs/jobs/senior-lecturer-or-lecturer-in-discipline-accounting-columbia-university-c64851/index.html', LF will be replaced by CRLF the next time Git touches it
[02:32:54] [INFO]   [stderr] warning: in the working copy of 'docs/jobs/senior-pediatric-physician-scientist-assistant-associate-ful-stony-brook-university-suny-458cd7/index.html', LF will be replaced by CRLF the next time Git touches it
[02:32:54] [INFO]   [stderr] warning: in the working copy of 'docs/jobs/senior-radiochemist-all-ranks-assistant-associate-professor-columbia-university-945f32/index.html', LF will be replaced by CRLF the next time Git touches it
[02:32:54] [INFO]   [stderr] warning: in the working copy of 'docs/jobs/senior-tenured-faculty-high-energy-density-hed-science-university-of-rochester-0fe2a0/index.html', LF will be replaced by CRLF the next time Git touches it
[02:32:54] [INFO]   [stderr] warning: in the working copy of 'docs/jobs/suny-prodig-plus-fellow-mechanical-engineering-college-of-en-stony-brook-university-suny-b41f8e/index.html', LF will be replaced by CRLF the next time Git touches it
[02:32:54] [INFO]   [stderr] warning: in the working copy of 'docs/jobs/surgical-pathologist-associate-full-professor-pathology-anat-stony-brook-university-suny-c49701/index.html', LF will be replaced by CRLF the next time Git touches it
[02:32:54] [INFO]   [stderr] warning: in the working copy of 'docs/jobs/surgical-pathologist-senior-gi-pathologist-associate-full-pr-stony-brook-university-suny-e82a2b/index.html', LF will be replaced by CRLF the next time Git touches it
[02:32:54] [INFO]   [stderr] warning: in the working copy of 'docs/jobs/tenure-track-assistant-professor-associate-professor-profess-university-of-rochester-d4e208/index.html', LF will be replaced by CRLF the next time Git touches it
[02:32:54] [INFO]   [stderr] warning: in the working copy of 'docs/jobs/tenure-track-faculty-position-wilmot-cancer-institute-university-of-rochester-8681cb/index.html', LF will be replaced by CRLF the next time Git touches it
[02:32:54] [INFO]   [stderr] warning: in the working copy of 'docs/jobs/tenured-mathematics-professor-simons-center-for-geometry-and-stony-brook-university-suny-b620de/index.html', LF will be replaced by CRLF the next time Git touches it
[02:32:54] [INFO]   [stderr] warning: in the working copy of 'docs/jobs/tenured-physics-professor-simons-center-for-geometry-and-phy-stony-brook-university-suny-663aac/index.html', LF will be replaced by CRLF the next time Git touches it
[02:32:54] [INFO]   [stderr] warning: in the working copy of 'docs/jobs/term-assistant-professor-in-applied-physics-and-applied-math-columbia-university-919969/index.html', LF will be replaced by CRLF the next time Git touches it
[02:32:54] [INFO]   [stderr] warning: in the working copy of 'docs/jobs/the-byllye-avery-endowed-professor-for-sexual-and-reproducti-cuny-school-of-professional-studies-594faa/index.html', LF will be replaced by CRLF the next time Git touches it
[02:32:54] [INFO]   [stderr] warning: in the working copy of 'docs/jobs/the-tang-center-postdoctoral-research-scholar-in-early-china-columbia-university-2ab4b9/index.html', LF will be replaced by CRLF the next time Git touches it
[02:32:54] [INFO]   [stderr] warning: in the working copy of 'docs/jobs/urban-planning-and-public-policy-lecturer-uc-irvine-b27e0f/index.html', LF will be replaced by CRLF the next time Git touches it
[02:32:54] [INFO]   [stderr] warning: in the working copy of 'docs/jobs/vice-chair-for-clinical-affairs-associate-professor-professo-columbia-university-64ae9e/index.html', LF will be replaced by CRLF the next time Git touches it
[02:32:54] [INFO]   [stderr] warning: in the working copy of 'docs/jobs/vice-chair-for-genomic-pathology-associate-professor-profess-columbia-university-e9f3ce/index.html', LF will be replaced by CRLF the next time Git touches it
[02:32:54] [INFO]   [stderr] warning: in the working copy of 'docs/jobs/vice-chair-for-research-associate-full-professor-emergency-m-stony-brook-university-suny-833c45/index.html', LF will be replaced by CRLF the next time Git touches it
[02:32:54] [INFO]   [stderr] warning: in the working copy of 'docs/jobs/visiting-assistant-or-associate-professor-decision-risk-and-columbia-university-3fce38/index.html', LF will be replaced by CRLF the next time Git touches it
[02:32:54] [INFO]   [stderr] warning: in the working copy of 'docs/jobs/visiting-assistant-professor-visiting-associate-professor-vi-columbia-university-3afab2/index.html', LF will be replaced by CRLF the next time Git touches it
[02:32:54] [INFO]   [stderr] warning: in the working copy of 'docs/jobs/visiting-associate-professor-or-professor-decision-risk-and-columbia-university-0f0dea/index.html', LF will be replaced by CRLF the next time Git touches it
[02:32:54] [INFO]   [stderr] warning: in the working copy of 'docs/jobs/visiting-associate-professor-university-of-rochester-c484de/index.html', LF will be replaced by CRLF the next time Git touches it
[02:32:54] [INFO]   [stderr] warning: in the working copy of 'docs/jobs/visiting-instructor-of-mathematics-full-time-antioch-college-b83d1b/index.html', LF will be replaced by CRLF the next time Git touches it
[02:32:54] [INFO]   [stderr] warning: in the working copy of 'docs/jobs/visiting-instructor-research-ocular-genetics-university-of-rochester-fd3d19/index.html', LF will be replaced by CRLF the next time Git touches it
[02:32:54] [INFO]   [stderr] warning: in the working copy of 'docs/jobs/voice-instructor-soprano-alto-eastman-community-music-school-university-of-rochester-e8b5e4/index.html', LF will be replaced by CRLF the next time Git touches it
[02:32:54] [INFO]   [stderr] warning: in the working copy of 'docs/jobs/voice-instructor-tenor-baritone-bass-eastman-community-music-university-of-rochester-2916df/index.html', LF will be replaced by CRLF the next time Git touches it
[02:32:54] [INFO]   [stderr] warning: in the working copy of 'docs/policy-excluded-colleges.json', LF will be replaced by CRLF the next time Git touches it
[02:32:54] [INFO]   [stderr] warning: in the working copy of 'docs/robots.txt', LF will be replaced by CRLF the next time Git touches it
[02:32:54] [INFO]   [stderr] warning: in the working copy of 'docs/sitemap.xml', LF will be replaced by CRLF the next time Git touches it
[02:32:54] [INFO]   [stderr] warning: in the working copy of 'generated/coverage-report.json', LF will be replaced by CRLF the next time Git touches it
[02:32:54] [INFO]   [stderr] warning: in the working copy of 'generated/policy-excluded-colleges.json', LF will be replaced by CRLF the next time Git touches it
[02:32:54] [INFO]   [stderr] warning: in the working copy of 'public/assets/index-B1Fe9rZq.css', LF will be replaced by CRLF the next time Git touches it
[02:32:54] [INFO]   [stderr] warning: in the working copy of 'public/data/chunks/ak.json', LF will be replaced by CRLF the next time Git touches it
[02:32:54] [INFO]   [stderr] warning: in the working copy of 'public/data/chunks/al.json', LF will be replaced by CRLF the next time Git touches it
[02:32:54] [INFO]   [stderr] warning: in the working copy of 'public/data/chunks/ar.json', LF will be replaced by CRLF the next time Git touches it
[02:32:54] [INFO]   [stderr] warning: in the working copy of 'public/data/chunks/az.json', LF will be replaced by CRLF the next time Git touches it
[02:32:54] [INFO]   [stderr] warning: in the working copy of 'public/data/chunks/ca-private.json', LF will be replaced by CRLF the next time Git touches it
[02:32:54] [INFO]   [stderr] warning: in the working copy of 'public/data/chunks/claremont-colleges.json', LF will be replaced by CRLF the next time Git touches it
[02:32:54] [INFO]   [stderr] warning: in the working copy of 'public/data/chunks/claremont.json', LF will be replaced by CRLF the next time Git touches it
[02:32:54] [INFO]   [stderr] warning: in the working copy of 'public/data/chunks/co.json', LF will be replaced by CRLF the next time Git touches it
[02:32:54] [INFO]   [stderr] warning: in the working copy of 'public/data/chunks/csu.json', LF will be replaced by CRLF the next time Git touches it
[02:32:54] [INFO]   [stderr] warning: in the working copy of 'public/data/chunks/ct-state.json', LF will be replaced by CRLF the next time Git touches it
[02:32:54] [INFO]   [stderr] warning: in the working copy of 'public/data/chunks/ct.json', LF will be replaced by CRLF the next time Git touches it
[02:32:54] [INFO]   [stderr] warning: in the working copy of 'public/data/chunks/de.json', LF will be replaced by CRLF the next time Git touches it
[02:32:54] [INFO]   [stderr] warning: in the working copy of 'public/data/chunks/fl.json', LF will be replaced by CRLF the next time Git touches it
[02:32:54] [INFO]   [stderr] warning: in the working copy of 'public/data/chunks/ga.json', LF will be replaced by CRLF the next time Git touches it
[02:32:54] [INFO]   [stderr] warning: in the working copy of 'public/data/chunks/hi.json', LF will be replaced by CRLF the next time Git touches it
[02:32:54] [INFO]   [stderr] warning: in the working copy of 'public/data/chunks/ia.json', LF will be replaced by CRLF the next time Git touches it
[02:32:54] [INFO]   [stderr] warning: in the working copy of 'public/data/chunks/id.json', LF will be replaced by CRLF the next time Git touches it
[02:32:54] [INFO]   [stderr] warning: in the working copy of 'public/data/chunks/il.json', LF will be replaced by CRLF the next time Git touches it
[02:32:54] [INFO]   [stderr] warning: in the working copy of 'public/data/chunks/in.json', LF will be replaced by CRLF the next time Git touches it
[02:32:54] [INFO]   [stderr] warning: in the working copy of 'public/data/chunks/ks.json', LF will be replaced by CRLF the next time Git touches it
[02:32:54] [INFO]   [stderr] warning: in the working copy of 'public/data/chunks/ky.json', LF will be replaced by CRLF the next time Git touches it
[02:32:54] [INFO]   [stderr] warning: in the working copy of 'public/data/chunks/la.json', LF will be replaced by CRLF the next time Git touches it
[02:32:54] [INFO]   [stderr] warning: in the working copy of 'public/data/chunks/ma.json', LF will be replaced by CRLF the next time Git touches it
[02:32:54] [INFO]   [stderr] warning: in the working copy of 'public/data/chunks/md.json', LF will be replaced by CRLF the next time Git touches it
[02:32:54] [INFO]   [stderr] warning: in the working copy of 'public/data/chunks/me.json', LF will be replaced by CRLF the next time Git touches it
[02:32:54] [INFO]   [stderr] warning: in the working copy of 'public/data/chunks/mi.json', LF will be replaced by CRLF the next time Git touches it
[02:32:54] [INFO]   [stderr] warning: in the working copy of 'public/data/chunks/mn.json', LF will be replaced by CRLF the next time Git touches it
[02:32:54] [INFO]   [stderr] warning: in the working copy of 'public/data/chunks/mo.json', LF will be replaced by CRLF the next time Git touches it
[02:32:54] [INFO]   [stderr] warning: in the working copy of 'public/data/chunks/ms.json', LF will be replaced by CRLF the next time Git touches it
[02:32:54] [INFO]   [stderr] warning: in the working copy of 'public/data/chunks/mt.json', LF will be replaced by CRLF the next time Git touches it
[02:32:54] [INFO]   [stderr] warning: in the working copy of 'public/data/chunks/nc.json', LF will be replaced by CRLF the next time Git touches it
[02:32:54] [INFO]   [stderr] warning: in the working copy of 'public/data/chunks/nd.json', LF will be replaced by CRLF the next time Git touches it
[02:32:54] [INFO]   [stderr] warning: in the working copy of 'public/data/chunks/ne.json', LF will be replaced by CRLF the next time Git touches it
[02:32:54] [INFO]   [stderr] warning: in the working copy of 'public/data/chunks/nh.json', LF will be replaced by CRLF the next time Git touches it
[02:32:54] [INFO]   [stderr] warning: in the working copy of 'public/data/chunks/nj.json', LF will be replaced by CRLF the next time Git touches it
[02:32:54] [INFO]   [stderr] warning: in the working copy of 'public/data/chunks/nm.json', LF will be replaced by CRLF the next time Git touches it
[02:32:54] [INFO]   [stderr] warning: in the working copy of 'public/data/chunks/nv.json', LF will be replaced by CRLF the next time Git touches it
[02:32:54] [INFO]   [stderr] warning: in the working copy of 'public/data/chunks/ny.json', LF will be replaced by CRLF the next time Git touches it
[02:32:54] [INFO]   [stderr] warning: in the working copy of 'public/data/chunks/oh.json', LF will be replaced by CRLF the next time Git touches it
[02:32:54] [INFO]   [stderr] warning: in the working copy of 'public/data/chunks/ok.json', LF will be replaced by CRLF the next time Git touches it
[02:32:54] [INFO]   [stderr] warning: in the working copy of 'public/data/chunks/or.json', LF will be replaced by CRLF the next time Git touches it
[02:32:54] [INFO]   [stderr] warning: in the working copy of 'public/data/chunks/pa.json', LF will be replaced by CRLF the next time Git touches it
[02:32:54] [INFO]   [stderr] warning: in the working copy of 'public/data/chunks/ri.json', LF will be replaced by CRLF the next time Git touches it
[02:32:54] [INFO]   [stderr] warning: in the working copy of 'public/data/chunks/sc.json', LF will be replaced by CRLF the next time Git touches it
[02:32:54] [INFO]   [stderr] warning: in the working copy of 'public/data/chunks/sd.json', LF will be replaced by CRLF the next time Git touches it
[02:32:54] [INFO]   [stderr] warning: in the working copy of 'public/data/chunks/tn.json', LF will be replaced by CRLF the next time Git touches it
[02:32:54] [INFO]   [stderr] warning: in the working copy of 'public/data/chunks/tx.json', LF will be replaced by CRLF the next time Git touches it
[02:32:54] [INFO]   [stderr] warning: in the working copy of 'public/data/chunks/uc.json', LF will be replaced by CRLF the next time Git touches it
[02:32:54] [INFO]   [stderr] warning: in the working copy of 'public/data/chunks/umass.json', LF will be replaced by CRLF the next time Git touches it
[02:32:54] [INFO]   [stderr] warning: in the working copy of 'public/data/chunks/ut.json', LF will be replaced by CRLF the next time Git touches it
[02:32:54] [INFO]   [stderr] warning: in the working copy of 'public/data/chunks/va.json', LF will be replaced by CRLF the next time Git touches it
[02:32:54] [INFO]   [stderr] warning: in the working copy of 'public/data/chunks/vt.json', LF will be replaced by CRLF the next time Git touches it
[02:32:54] [INFO]   [stderr] warning: in the working copy of 'public/data/chunks/wa.json', LF will be replaced by CRLF the next time Git touches it
[02:32:54] [INFO]   [stderr] warning: in the working copy of 'public/data/chunks/wi.json', LF will be replaced by CRLF the next time Git touches it
[02:32:54] [INFO]   [stderr] warning: in the working copy of 'public/data/chunks/wv.json', LF will be replaced by CRLF the next time Git touches it
[02:32:54] [INFO]   [stderr] warning: in the working copy of 'public/data/chunks/wy.json', LF will be replaced by CRLF the next time Git touches it
[02:32:54] [INFO]   [stderr] warning: in the working copy of 'public/data/jobs-manifest.json', LF will be replaced by CRLF the next time Git touches it
[02:32:54] [INFO]   [stderr] warning: in the working copy of 'public/data/site-stats.json', LF will be replaced by CRLF the next time Git touches it
[02:32:54] [INFO]   [stderr] warning: in the working copy of 'public/jobs.json', LF will be replaced by CRLF the next time Git touches it
[02:32:54] [INFO]   [stderr] warning: in the working copy of 'public/policy-excluded-colleges.json', LF will be replaced by CRLF the next time Git touches it
[02:32:54] [INFO]   [stderr] warning: in the working copy of 'public/robots.txt', LF will be replaced by CRLF the next time Git touches it
[02:32:54] [INFO]   [stderr] warning: in the working copy of 'public/sitemap.xml', LF will be replaced by CRLF the next time Git touches it
[02:32:54] [INFO]   [stderr] warning: in the working copy of 'web-vue/public/policy-excluded-colleges.json', LF will be replaced by CRLF the next time Git touches it
[02:32:54] [INFO]   [stderr] warning: in the working copy of 'docs/jobs/academic-wage-professor-of-practice-in-innovation-and-entrep-oregon-state-university-aee718/index.html', LF will be replaced by CRLF the next time Git touches it
[02:32:54] [INFO]   [stderr] warning: in the working copy of 'docs/jobs/anthropology-lecturer-pool-uc-santa-cruz-9f9e80/index.html', LF will be replaced by CRLF the next time Git touches it
[02:32:54] [INFO]   [stderr] warning: in the working copy of 'docs/jobs/applied-mathematics-department-adjunct-professor-pool-uc-santa-cruz-a541ce/index.html', LF will be replaced by CRLF the next time Git touches it
[02:32:54] [INFO]   [stderr] warning: in the working copy of 'docs/jobs/applied-mathematics-department-lecturer-pool-uc-santa-cruz-7d890d/index.html', LF will be replaced by CRLF the next time Git touches it
[02:32:54] [INFO]   [stderr] warning: in the working copy of 'docs/jobs/art-and-design-games-and-playable-media-program-lecturer-poo-uc-santa-cruz-800237/index.html', LF will be replaced by CRLF the next time Git touches it
[02:32:54] [INFO]   [stderr] warning: in the working copy of 'docs/jobs/art-department-2d-visual-art-lecturer-pool-uc-santa-cruz-f65ebc/index.html', LF will be replaced by CRLF the next time Git touches it
[02:32:54] [INFO]   [stderr] warning: in the working copy of 'docs/jobs/art-department-3d-visual-art-lecturer-pool-uc-santa-cruz-af9c73/index.html', LF will be replaced by CRLF the next time Git touches it
[02:32:54] [INFO]   [stderr] warning: in the working copy of 'docs/jobs/art-department-4d-visual-art-lecturer-pool-uc-santa-cruz-ae969f/index.html', LF will be replaced by CRLF the next time Git touches it
[02:32:54] [INFO]   [stderr] warning: in the working copy of 'docs/jobs/art-department-visual-art-theory-and-writing-lecturer-pool-uc-santa-cruz-9211cb/index.html', LF will be replaced by CRLF the next time Git touches it
[02:32:54] [INFO]   [stderr] warning: in the working copy of 'docs/jobs/assist-assoc-professor-of-human-medicine-health-programs-fix-michigan-state-university-8eaf06/index.html', LF will be replaced by CRLF the next time Git touches it
[02:32:54] [INFO]   [stderr] warning: in the working copy of 'docs/jobs/assist-assoc-professor-of-osteopathic-medicine-health-progra-michigan-state-university-0ad028/index.html', LF will be replaced by CRLF the next time Git touches it
[02:32:54] [INFO]   [stderr] warning: in the working copy of 'docs/jobs/assist-assoc-professor-of-osteopathic-medicine-health-progra-michigan-state-university-356a2d/index.html', LF will be replaced by CRLF the next time Git touches it
[02:32:54] [INFO]   [stderr] warning: in the working copy of 'docs/jobs/assist-assoc-professor-of-osteopathic-medicine-health-progra-michigan-state-university-68ebf8/index.html', LF will be replaced by CRLF the next time Git touches it
[02:32:54] [INFO]   [stderr] warning: in the working copy of 'docs/jobs/assist-assoc-professor-of-osteopathic-medicine-health-progra-michigan-state-university-90b321/index.html', LF will be replaced by CRLF the next time Git touches it
[02:32:54] [INFO]   [stderr] warning: in the working copy of 'docs/jobs/assist-assoc-professor-of-veterinary-medicine-health-program-michigan-state-university-7bbac8/index.html', LF will be replaced by CRLF the next time Git touches it
[02:32:54] [INFO]   [stderr] warning: in the working copy of 'docs/jobs/assistant-adjunct-professorship-ucla-cc616e/index.html', LF will be replaced by CRLF the next time Git touches it
[02:32:54] [INFO]   [stderr] warning: in the working copy of 'docs/jobs/assistant-associate-full-professor-marketing-virginia-tech-cb7772/index.html', LF will be replaced by CRLF the next time Git touches it
[02:32:54] [INFO]   [stderr] warning: in the working copy of 'docs/jobs/assistant-associate-full-professor-of-engineering-tenure-sys-michigan-state-university-1e707c/index.html', LF will be replaced by CRLF the next time Git touches it
[02:32:54] [INFO]   [stderr] warning: in the working copy of 'docs/jobs/assistant-associate-full-professor-of-human-medicine-tenure-michigan-state-university-326266/index.html', LF will be replaced by CRLF the next time Git touches it
[02:32:54] [INFO]   [stderr] warning: in the working copy of 'docs/jobs/assistant-associate-full-professor-of-law-tenure-system-michigan-state-university-5f7bbb/index.html', LF will be replaced by CRLF the next time Git touches it
[02:32:54] [INFO]   [stderr] warning: in the working copy of 'docs/jobs/assistant-associate-full-professor-of-natural-science-tenure-michigan-state-university-32c56f/index.html', LF will be replaced by CRLF the next time Git touches it
[02:32:54] [INFO]   [stderr] warning: in the working copy of 'docs/jobs/assistant-associate-full-professor-of-natural-science-tenure-michigan-state-university-60443e/index.html', LF will be replaced by CRLF the next time Git touches it
[02:32:54] [INFO]   [stderr] warning: in the working copy of 'docs/jobs/assistant-associate-full-professor-of-natural-science-tenure-michigan-state-university-67aaef/index.html', LF will be replaced by CRLF the next time Git touches it
[02:32:54] [INFO]   [stderr] warning: in the working copy of 'docs/jobs/assistant-associate-full-professor-of-natural-science-tenure-michigan-state-university-943182/index.html', LF will be replaced by CRLF the next time Git touches it
[02:32:54] [INFO]   [stderr] warning: in the working copy of 'docs/jobs/assistant-associate-full-professor-of-natural-science-tenure-michigan-state-university-dc43f1/index.html', LF will be replaced by CRLF the next time Git touches it
[02:32:54] [INFO]   [stderr] warning: in the working copy of 'docs/jobs/assistant-associate-full-professor-of-veterinary-medicine-he-michigan-state-university-1d531a/index.html', LF will be replaced by CRLF the next time Git touches it
[02:32:54] [INFO]   [stderr] warning: in the working copy of 'docs/jobs/assistant-associate-full-professor-of-veterinary-medicine-he-michigan-state-university-a88ed0/index.html', LF will be replaced by CRLF the next time Git touches it
[02:32:54] [INFO]   [stderr] warning: in the working copy of 'docs/jobs/assistant-associate-full-professor-university-of-florida-44dd86/index.html', LF will be replaced by CRLF the next time Git touches it
[02:32:54] [INFO]   [stderr] warning: in the working copy of 'docs/jobs/assistant-associate-full-professor-university-of-florida-6b4964/index.html', LF will be replaced by CRLF the next time Git touches it
[02:32:54] [INFO]   [stderr] warning: in the working copy of 'docs/jobs/assistant-associate-full-professor-university-tenure-line-de-stanford-university-cb2132/index.html', LF will be replaced by CRLF the next time Git touches it
[02:32:54] [INFO]   [stderr] warning: in the working copy of 'docs/jobs/assistant-associate-or-full-professor-division-of-vascular-s-stanford-university-3d9bc0/index.html', LF will be replaced by CRLF the next time Git touches it
[02:32:54] [INFO]   [stderr] warning: in the working copy of 'docs/jobs/assistant-associate-or-full-professor-of-epidemiology-university-of-florida-877b85/index.html', LF will be replaced by CRLF the next time Git touches it
[02:32:54] [INFO]   [stderr] warning: in the working copy of 'docs/jobs/assistant-associate-or-full-professor-of-pathology-surgical-stanford-university-b709ed/index.html', LF will be replaced by CRLF the next time Git touches it
[02:32:54] [INFO]   [stderr] warning: in the working copy of 'docs/jobs/assistant-associate-or-full-professor-on-the-clinical-practi-university-of-washington-8aea22/index.html', LF will be replaced by CRLF the next time Git touches it
[02:32:54] [INFO]   [stderr] warning: in the working copy of 'docs/jobs/assistant-associate-or-full-professor-university-medical-lin-stanford-university-209264/index.html', LF will be replaced by CRLF the next time Git touches it
[02:32:54] [INFO]   [stderr] warning: in the working copy of 'docs/jobs/assistant-associate-or-full-professor-university-of-florida-c8e091/index.html', LF will be replaced by CRLF the next time Git touches it
[02:32:54] [INFO]   [stderr] warning: in the working copy of 'docs/jobs/assistant-associate-or-professor-in-thoracic-surgery-university-of-florida-439227/index.html', LF will be replaced by CRLF the next time Git touches it
[02:32:54] [INFO]   [stderr] warning: in the working copy of 'docs/jobs/assistant-associate-professor-elizabeth-city-state-university-c43fc8/index.html', LF will be replaced by CRLF the next time Git touches it
[02:32:54] [INFO]   [stderr] warning: in the working copy of 'docs/jobs/assistant-associate-professor-family-medicine-physician-rowa-rowan-university-0158ce/index.html', LF will be replaced by CRLF the next time Git touches it
[02:32:54] [INFO]   [stderr] warning: in the working copy of 'docs/jobs/assistant-associate-professor-in-accounting-and-information-virginia-tech-823c39/index.html', LF will be replaced by CRLF the next time Git touches it
[02:32:54] [INFO]   [stderr] warning: in the working copy of 'docs/jobs/assistant-associate-professor-in-molecular-virology-virginia-tech-039966/index.html', LF will be replaced by CRLF the next time Git touches it
[02:32:54] [INFO]   [stderr] warning: in the working copy of 'docs/jobs/assistant-associate-professor-of-business-tenure-system-michigan-state-university-4b8208/index.html', LF will be replaced by CRLF the next time Git touches it
[02:32:54] [INFO]   [stderr] warning: in the working copy of 'docs/jobs/assistant-associate-professor-of-business-tenure-system-michigan-state-university-90652c/index.html', LF will be replaced by CRLF the next time Git touches it
[02:32:54] [INFO]   [stderr] warning: in the working copy of 'docs/jobs/assistant-associate-professor-of-counselor-education-adams-state-university-ab350c/index.html', LF will be replaced by CRLF the next time Git touches it
[02:32:54] [INFO]   [stderr] warning: in the working copy of 'docs/jobs/assistant-associate-professor-of-human-medicine-tenure-syste-michigan-state-university-5aadc3/index.html', LF will be replaced by CRLF the next time Git touches it
[02:32:54] [INFO]   [stderr] warning: in the working copy of 'docs/jobs/assistant-associate-professor-of-pratice-virginia-tech-806992/index.html', LF will be replaced by CRLF the next time Git touches it
[02:32:54] [INFO]   [stderr] warning: in the working copy of 'docs/jobs/assistant-associate-professor-of-small-animal-medicine-shrei-rowan-university-871104/index.html', LF will be replaced by CRLF the next time Git touches it
[02:32:54] [INFO]   [stderr] warning: in the working copy of 'docs/jobs/assistant-associate-professor-rutgers-the-state-university-of-new-jers-f9de52/index.html', LF will be replaced by CRLF the next time Git touches it
[02:32:54] [INFO]   [stderr] warning: in the working copy of 'docs/jobs/assistant-chief-flight-instructor-delta-state-university-2331e1/index.html', LF will be replaced by CRLF the next time Git touches it
[02:32:54] [INFO]   [stderr] warning: in the working copy of 'docs/jobs/assistant-clinical-professor-auburn-university-at-montgomery-947b42/index.html', LF will be replaced by CRLF the next time Git touches it
[02:32:54] [INFO]   [stderr] warning: in the working copy of 'docs/jobs/assistant-clinical-professor-nursing-resource-center-coordin-auburn-university-at-montgomery-234780/index.html', LF will be replaced by CRLF the next time Git touches it
[02:32:54] [INFO]   [stderr] warning: in the working copy of 'docs/jobs/assistant-or-associate-professor-occupational-therapy-998205-drake-university-75ab6d/index.html', LF will be replaced by CRLF the next time Git touches it
[02:32:54] [INFO]   [stderr] warning: in the working copy of 'docs/jobs/assistant-or-associate-professor-of-pharmacology-drake-university-bdbc73/index.html', LF will be replaced by CRLF the next time Git touches it
[02:32:54] [INFO]   [stderr] warning: in the working copy of 'docs/jobs/assistant-or-associate-professor-ohio-state-university-4a76d7/index.html', LF will be replaced by CRLF the next time Git touches it
[02:32:54] [INFO]   [stderr] warning: in the working copy of 'docs/jobs/assistant-professor-associate-professor-or-professor-of-anes-stanford-university-3d0a1f/index.html', LF will be replaced by CRLF the next time Git touches it
[02:32:54] [INFO]   [stderr] warning: in the working copy of 'docs/jobs/assistant-professor-associate-professor-professor-aah-con-nu-east-carolina-university-b841b7/index.html', LF will be replaced by CRLF the next time Git touches it
[02:32:54] [INFO]   [stderr] warning: in the working copy of 'docs/jobs/assistant-professor-cardiac-surgeon-suny-upstate-medical-university-bf589b/index.html', LF will be replaced by CRLF the next time Git touches it
[02:32:54] [INFO]   [stderr] warning: in the working copy of 'docs/jobs/assistant-professor-clinical-assistant-professor-associate-p-east-carolina-university-2fc7ae/index.html', LF will be replaced by CRLF the next time Git touches it
[02:32:54] [INFO]   [stderr] warning: in the working copy of 'docs/jobs/assistant-professor-continuing-track-and-artistic-director-d-university-of-delaware-8632a3/index.html', LF will be replaced by CRLF the next time Git touches it
[02:32:54] [INFO]   [stderr] warning: in the working copy of 'docs/jobs/assistant-professor-department-of-earth-system-science-stanford-university-b1bcd8/index.html', LF will be replaced by CRLF the next time Git touches it
[02:32:54] [INFO]   [stderr] warning: in the working copy of 'docs/jobs/assistant-professor-department-of-neurosurgery-functional-ne-university-of-florida-e4232a/index.html', LF will be replaced by CRLF the next time Git touches it
[02:32:54] [INFO]   [stderr] warning: in the working copy of 'docs/jobs/assistant-professor-education-suny-plattsburgh-e20495/index.html', LF will be replaced by CRLF the next time Git touches it
[02:32:54] [INFO]   [stderr] warning: in the working copy of 'docs/jobs/assistant-professor-in-biomedical-engineering-umass-lowell-bbc78f/index.html', LF will be replaced by CRLF the next time Git touches it
[02:32:54] [INFO]   [stderr] warning: in the working copy of 'docs/jobs/assistant-professor-in-experimental-biochemistry-california-state-university-fullerton-9f793b/index.html', LF will be replaced by CRLF the next time Git touches it
[02:32:54] [INFO]   [stderr] warning: in the working copy of 'docs/jobs/assistant-professor-in-experimental-physical-chemistry-california-state-university-fullerton-781bdd/index.html', LF will be replaced by CRLF the next time Git touches it
[02:32:54] [INFO]   [stderr] warning: in the working copy of 'docs/jobs/assistant-professor-in-health-education-university-of-new-mexico-c3b374/index.html', LF will be replaced by CRLF the next time Git touches it
[02:32:54] [INFO]   [stderr] warning: in the working copy of 'docs/jobs/assistant-professor-in-international-business-school-of-mana-university-of-michigan-c6eff4/index.html', LF will be replaced by CRLF the next time Git touches it
[02:32:54] [INFO]   [stderr] warning: in the working copy of 'docs/jobs/assistant-professor-in-psychology-school-psychology-california-state-university-chico-bbf74c/index.html', LF will be replaced by CRLF the next time Git touches it
[02:32:54] [INFO]   [stderr] warning: in the working copy of 'docs/jobs/assistant-professor-in-structural-geology-and-geomechanics-stanford-university-bc20d8/index.html', LF will be replaced by CRLF the next time Git touches it
[02:32:54] [INFO]   [stderr] warning: in the working copy of 'docs/jobs/assistant-professor-instructor-of-education-survey-of-except-southwestern-university-ee90c6/index.html', LF will be replaced by CRLF the next time Git touches it
[02:32:54] [INFO]   [stderr] warning: in the working copy of 'docs/jobs/assistant-professor-instructor-of-education-the-child-and-th-southwestern-university-22e70e/index.html', LF will be replaced by CRLF the next time Git touches it
[02:32:54] [INFO]   [stderr] warning: in the working copy of 'docs/jobs/assistant-professor-of-accounting-university-of-alaska-system-cd4969/index.html', LF will be replaced by CRLF the next time Git touches it
[02:32:54] [INFO]   [stderr] warning: in the working copy of 'docs/jobs/assistant-professor-of-agriculture-and-nat-resources-fixed-t-michigan-state-university-d0d5d0/index.html', LF will be replaced by CRLF the next time Git touches it
[02:32:54] [INFO]   [stderr] warning: in the working copy of 'docs/jobs/assistant-professor-of-agriculture-and-nat-resources-tenure-michigan-state-university-49617d/index.html', LF will be replaced by CRLF the next time Git touches it
[02:32:54] [INFO]   [stderr] warning: in the working copy of 'docs/jobs/assistant-professor-of-agriculture-and-nat-resources-tenure-michigan-state-university-dddbc9/index.html', LF will be replaced by CRLF the next time Git touches it
[02:32:54] [INFO]   [stderr] warning: in the working copy of 'docs/jobs/assistant-professor-of-alaska-native-studies-and-rural-devel-university-of-alaska-system-e82039/index.html', LF will be replaced by CRLF the next time Git touches it
[02:32:54] [INFO]   [stderr] warning: in the working copy of 'docs/jobs/assistant-professor-of-arts-and-letters-tenure-system-michigan-state-university-01c124/index.html', LF will be replaced by CRLF the next time Git touches it
[02:32:54] [INFO]   [stderr] warning: in the working copy of 'docs/jobs/assistant-professor-of-business-fixed-term-michigan-state-university-184d78/index.html', LF will be replaced by CRLF the next time Git touches it
[02:32:54] [INFO]   [stderr] warning: in the working copy of 'docs/jobs/assistant-professor-of-clinical-psychology-seattle-pacific-university-ba056e/index.html', LF will be replaced by CRLF the next time Git touches it
[02:32:54] [INFO]   [stderr] warning: in the working copy of 'docs/jobs/assistant-professor-of-communication-arts-sciences-tenure-sy-michigan-state-university-39e970/index.html', LF will be replaced by CRLF the next time Git touches it
[02:32:54] [INFO]   [stderr] warning: in the working copy of 'docs/jobs/assistant-professor-of-communication-arts-sciences-tenure-sy-michigan-state-university-3c04ac/index.html', LF will be replaced by CRLF the next time Git touches it
[02:32:54] [INFO]   [stderr] warning: in the working copy of 'docs/jobs/assistant-professor-of-communication-arts-sciences-tenure-sy-michigan-state-university-61dd2a/index.html', LF will be replaced by CRLF the next time Git touches it
[02:32:54] [INFO]   [stderr] warning: in the working copy of 'docs/jobs/assistant-professor-of-early-childhood-education-university-of-alaska-system-3a03bb/index.html', LF will be replaced by CRLF the next time Git touches it
[02:32:54] [INFO]   [stderr] warning: in the working copy of 'docs/jobs/assistant-professor-of-education-fixed-term-michigan-state-university-94fa26/index.html', LF will be replaced by CRLF the next time Git touches it
[02:32:54] [INFO]   [stderr] warning: in the working copy of 'docs/jobs/assistant-professor-of-human-medicine-health-programs-michigan-state-university-26cd9a/index.html', LF will be replaced by CRLF the next time Git touches it
[02:32:54] [INFO]   [stderr] warning: in the working copy of 'docs/jobs/assistant-professor-of-human-medicine-health-programs-michigan-state-university-3c035a/index.html', LF will be replaced by CRLF the next time Git touches it
[02:32:54] [INFO]   [stderr] warning: in the working copy of 'docs/jobs/assistant-professor-of-international-relations-university-of-florida-43cb79/index.html', LF will be replaced by CRLF the next time Git touches it
[02:32:54] [INFO]   [stderr] warning: in the working copy of 'docs/jobs/assistant-professor-of-mathematics-university-of-new-mexico-408c1d/index.html', LF will be replaced by CRLF the next time Git touches it
[02:32:54] [INFO]   [stderr] warning: in the working copy of 'docs/jobs/assistant-professor-of-music-university-of-maryland-baltimore-county-77f0f8/index.html', LF will be replaced by CRLF the next time Git touches it
[02:32:54] [INFO]   [stderr] warning: in the working copy of 'docs/jobs/assistant-professor-of-natural-science-tenure-system-michigan-state-university-770584/index.html', LF will be replaced by CRLF the next time Git touches it
[02:32:54] [INFO]   [stderr] warning: in the working copy of 'docs/jobs/assistant-professor-of-natural-science-tenure-system-michigan-state-university-ae0dfd/index.html', LF will be replaced by CRLF the next time Git touches it
[02:32:55] [INFO]   [stderr] warning: in the working copy of 'docs/jobs/assistant-professor-of-osteopathic-medicine-health-programs-michigan-state-university-6c72b3/index.html', LF will be replaced by CRLF the next time Git touches it
[02:32:55] [INFO]   [stderr] warning: in the working copy of 'docs/jobs/assistant-professor-of-pathology-research-structural-and-com-stanford-university-0ec543/index.html', LF will be replaced by CRLF the next time Git touches it
[02:32:55] [INFO]   [stderr] warning: in the working copy of 'docs/jobs/assistant-professor-of-philosophy-uw-madison-6e6c07/index.html', LF will be replaced by CRLF the next time Git touches it
[02:32:55] [INFO]   [stderr] warning: in the working copy of 'docs/jobs/assistant-professor-of-piano-studies-university-of-richmond-7b0cc4/index.html', LF will be replaced by CRLF the next time Git touches it
[02:32:55] [INFO]   [stderr] warning: in the working copy of 'docs/jobs/assistant-professor-of-practice-architecture-iowa-state-university-f9482d/index.html', LF will be replaced by CRLF the next time Git touches it
[02:32:55] [INFO]   [stderr] warning: in the working copy of 'docs/jobs/assistant-professor-of-practice-fixed-term-north-dakota-state-university-3240fd/index.html', LF will be replaced by CRLF the next time Git touches it
[02:32:55] [INFO]   [stderr] warning: in the working copy of 'docs/jobs/assistant-professor-of-practice-virginia-tech-e4bcd4/index.html', LF will be replaced by CRLF the next time Git touches it
[02:32:55] [INFO]   [stderr] warning: in the working copy of 'docs/jobs/assistant-professor-of-social-science-fixed-term-michigan-state-university-257add/index.html', LF will be replaced by CRLF the next time Git touches it
[02:32:55] [INFO]   [stderr] warning: in the working copy of 'docs/jobs/assistant-professor-of-social-science-fixed-term-michigan-state-university-8b3a05/index.html', LF will be replaced by CRLF the next time Git touches it
[02:32:55] [INFO]   [stderr] warning: in the working copy of 'docs/jobs/assistant-professor-of-social-science-fixed-term-michigan-state-university-df2972/index.html', LF will be replaced by CRLF the next time Git touches it
[02:32:55] [INFO]   [stderr] warning: in the working copy of 'docs/jobs/assistant-professor-of-veterinary-medicine-health-programs-michigan-state-university-f49974/index.html', LF will be replaced by CRLF the next time Git touches it
[02:32:55] [INFO]   [stderr] warning: in the working copy of 'docs/jobs/assistant-professor-or-associate-professor-medical-physics-stanford-university-202300/index.html', LF will be replaced by CRLF the next time Git touches it
[02:32:55] [INFO]   [stderr] warning: in the working copy of 'docs/jobs/assistant-professor-professor-nursing-university-of-michigan-d20e63/index.html', LF will be replaced by CRLF the next time Git touches it
[02:32:55] [INFO]   [stderr] warning: in the working copy of 'docs/jobs/assistant-professor-school-counselor-eastern-michigan-university-b7efed/index.html', LF will be replaced by CRLF the next time Git touches it
[02:32:55] [INFO]   [stderr] warning: in the working copy of 'docs/jobs/assistant-professor-school-of-music-university-of-delaware-38ec04/index.html', LF will be replaced by CRLF the next time Git touches it
[02:32:55] [INFO]   [stderr] warning: in the working copy of 'docs/jobs/assistant-professor-virginia-tech-8995b4/index.html', LF will be replaced by CRLF the next time Git touches it
[02:32:55] [INFO]   [stderr] warning: in the working copy of 'docs/jobs/assistant-teaching-professor-of-creativity-college-of-the-ar-rowan-university-dff9ff/index.html', LF will be replaced by CRLF the next time Git touches it
[02:32:55] [INFO]   [stderr] warning: in the working copy of 'docs/jobs/assoc-professor-nursing-university-of-michigan-59dd60/index.html', LF will be replaced by CRLF the next time Git touches it
[02:32:55] [INFO]   [stderr] warning: in the working copy of 'docs/jobs/assoc-professor-professor-nursing-university-of-michigan-cab0b0/index.html', LF will be replaced by CRLF the next time Git touches it
[02:32:55] [INFO]   [stderr] warning: in the working copy of 'docs/jobs/associate-full-professor-in-mechanical-engineering-university-of-delaware-f21a79/index.html', LF will be replaced by CRLF the next time Git touches it
[02:32:55] [INFO]   [stderr] warning: in the working copy of 'docs/jobs/associate-full-professor-of-human-medicine-tenure-system-michigan-state-university-1e62e1/index.html', LF will be replaced by CRLF the next time Git touches it
[02:32:55] [INFO]   [stderr] warning: in the working copy of 'docs/jobs/associate-full-professor-of-human-medicine-tenure-system-michigan-state-university-705132/index.html', LF will be replaced by CRLF the next time Git touches it
[02:32:55] [INFO]   [stderr] warning: in the working copy of 'docs/jobs/associate-full-professor-of-human-medicine-tenure-system-michigan-state-university-bbfa05/index.html', LF will be replaced by CRLF the next time Git touches it
[02:32:55] [INFO]   [stderr] warning: in the working copy of 'docs/jobs/associate-full-professor-of-human-medicine-tenure-system-michigan-state-university-d57bf3/index.html', LF will be replaced by CRLF the next time Git touches it
[02:32:55] [INFO]   [stderr] warning: in the working copy of 'docs/jobs/associate-full-professor-of-nursing-michigan-state-university-9d8eab/index.html', LF will be replaced by CRLF the next time Git touches it
[02:32:55] [INFO]   [stderr] warning: in the working copy of 'docs/jobs/associate-professor-of-osteopathic-medicine-tenure-system-michigan-state-university-e8a9a4/index.html', LF will be replaced by CRLF the next time Git touches it
[02:32:55] [INFO]   [stderr] warning: in the working copy of 'docs/jobs/associate-provost-for-faculty-affairs-and-budget-please-use-bowie-state-university-d0130b/index.html', LF will be replaced by CRLF the next time Git touches it
[02:32:55] [INFO]   [stderr] warning: in the working copy of 'docs/jobs/associate-vice-provost-of-faculty-affairs-eastern-washington-university-7ddee1/index.html', LF will be replaced by CRLF the next time Git touches it
[02:32:55] [INFO]   [stderr] warning: in the working copy of 'docs/jobs/asst-professor-nursing-university-of-michigan-1d4283/index.html', LF will be replaced by CRLF the next time Git touches it
[02:32:55] [INFO]   [stderr] warning: in the working copy of 'docs/jobs/ast-asc-full-professor-health-program-of-osteopathic-medicin-michigan-state-university-de8c36/index.html', LF will be replaced by CRLF the next time Git touches it
[02:32:55] [INFO]   [stderr] warning: in the working copy of 'docs/jobs/ast-asc-full-professor-health-program-of-osteopathic-medicin-michigan-state-university-e19970/index.html', LF will be replaced by CRLF the next time Git touches it
[02:32:55] [INFO]   [stderr] warning: in the working copy of 'docs/jobs/ast-asc-full-professor-health-program-of-veterinary-medicine-michigan-state-university-9db4b1/index.html', LF will be replaced by CRLF the next time Git touches it
[02:32:55] [INFO]   [stderr] warning: in the working copy of 'docs/jobs/ast-asc-full-professor-health-programs-of-human-medicine-fix-michigan-state-university-f0784c/index.html', LF will be replaced by CRLF the next time Git touches it
[02:32:55] [INFO]   [stderr] warning: in the working copy of 'docs/jobs/ast-asc-full-professor-of-human-medicine-fixed-term-michigan-state-university-1fe781/index.html', LF will be replaced by CRLF the next time Git touches it
[02:32:55] [INFO]   [stderr] warning: in the working copy of 'docs/jobs/ast-asc-full-professor-of-natural-science-tenure-system-michigan-state-university-615c36/index.html', LF will be replaced by CRLF the next time Git touches it
[02:32:55] [INFO]   [stderr] warning: in the working copy of 'docs/jobs/ast-asc-professor-of-human-medicine-health-programs-fixed-te-michigan-state-university-064bcf/index.html', LF will be replaced by CRLF the next time Git touches it
[02:32:55] [INFO]   [stderr] warning: in the working copy of 'docs/jobs/ast-asc-professor-of-law-fixed-term-michigan-state-university-6da888/index.html', LF will be replaced by CRLF the next time Git touches it
[02:32:55] [INFO]   [stderr] warning: in the working copy of 'docs/jobs/ast-inst-inst-ast-professor-of-communication-arts-sciences-f-michigan-state-university-78bf82/index.html', LF will be replaced by CRLF the next time Git touches it
[02:32:55] [INFO]   [stderr] warning: in the working copy of 'docs/jobs/ast-inst-inst-ast-professor-of-communication-arts-sciences-f-michigan-state-university-fbb79f/index.html', LF will be replaced by CRLF the next time Git touches it
[02:32:55] [INFO]   [stderr] warning: in the working copy of 'docs/jobs/ast-inst-instructor-of-agriculture-and-nat-resources-fixed-t-michigan-state-university-3b3338/index.html', LF will be replaced by CRLF the next time Git touches it
[02:32:55] [INFO]   [stderr] warning: in the working copy of 'docs/jobs/ast-instructor-instructor-of-communication-arts-sciences-fix-michigan-state-university-f99a25/index.html', LF will be replaced by CRLF the next time Git touches it
[02:32:55] [INFO]   [stderr] warning: in the working copy of 'docs/jobs/astronomy-and-astrophysics-lecturer-pool-uc-santa-cruz-6bdc83/index.html', LF will be replaced by CRLF the next time Git touches it
[02:32:55] [INFO]   [stderr] warning: in the working copy of 'docs/jobs/biomolecular-engineering-department-adjunct-professor-pool-uc-santa-cruz-47d532/index.html', LF will be replaced by CRLF the next time Git touches it
[02:32:55] [INFO]   [stderr] warning: in the working copy of 'docs/jobs/biomolecular-engineering-department-lecturer-pool-uc-santa-cruz-83c4e9/index.html', LF will be replaced by CRLF the next time Git touches it
[02:32:55] [INFO]   [stderr] warning: in the working copy of 'docs/jobs/cal-teach-science-and-math-education-lecturer-pool-uc-santa-cruz-89a912/index.html', LF will be replaced by CRLF the next time Git touches it
[02:32:55] [INFO]   [stderr] warning: in the working copy of 'docs/jobs/cardiothoracic-imaging-radiologist-assistant-associate-full-stony-brook-university-suny-e41f44/index.html', LF will be replaced by CRLF the next time Git touches it
[02:32:55] [INFO]   [stderr] warning: in the working copy of 'docs/jobs/chemical-engineering-assistant-associate-full-professor-iowa-state-university-5363ef/index.html', LF will be replaced by CRLF the next time Git touches it
[02:32:55] [INFO]   [stderr] warning: in the working copy of 'docs/jobs/chemistry-and-biochemistry-department-lecturer-pool-uc-santa-cruz-5e1f7a/index.html', LF will be replaced by CRLF the next time Git touches it
[02:32:55] [INFO]   [stderr] warning: in the working copy of 'docs/jobs/chemistry-lecturer-uw-madison-91eeaf/index.html', LF will be replaced by CRLF the next time Git touches it
[02:32:55] [INFO]   [stderr] warning: in the working copy of 'docs/jobs/chest-imaging-radiologist-hybrid-on-site-remote-assistant-as-stony-brook-university-suny-10284e/index.html', LF will be replaced by CRLF the next time Git touches it
[02:32:55] [INFO]   [stderr] warning: in the working copy of 'docs/jobs/lecturer-university-of-miami-9c6924/index.html', LF will be replaced by CRLF the next time Git touches it
[02:32:55] [INFO]   [stderr] warning: in the working copy of 'docs/jobs/multiple-open-rank-and-open-track-faculty-position-s-assista-columbia-university-ff1191/index.html', LF will be replaced by CRLF the next time Git touches it
[02:32:55] [INFO]   [stderr] warning: in the working copy of 'docs/jobs/psychiatrist-clinical-assistant-associate-professor-psychiat-stony-brook-university-suny-d5deac/index.html', LF will be replaced by CRLF the next time Git touches it
[02:32:55] [INFO]   [stderr] warning: in the working copy of 'docs/jobs/time-faculty-department-of-experiential-engineering-educatio-rowan-university-802586/index.html', LF will be replaced by CRLF the next time Git touches it
[02:32:55] [OK] git add succeeded.
[02:32:55] [INFO] Running: C:\Program Files\Git\cmd\git.exe commit -F C:\Users\StevenAzeka\AppData\Local\Temp\tmp7F15.tmp
[02:32:57] [INFO]   [main 0f3da8e] Daily scrape update 2026-06-18
[02:32:57] [INFO]    524 files changed, 93319 insertions(+), 92682 deletions(-)
[02:32:57] [INFO]    delete mode 100644 docs/jobs/academic-professional-track-non-tenure-clinical-assistant-as-texas-a-and-m-university-411c2a/index.html
[02:32:57] [INFO]    delete mode 100644 docs/jobs/academic-professional-track-non-tenure-professor-of-the-prac-texas-a-and-m-university-2df7cf/index.html
[02:32:57] [INFO]    create mode 100644 docs/jobs/academic-wage-professor-of-practice-in-innovation-and-entrep-oregon-state-university-aee718/index.html
[02:32:57] [INFO]    delete mode 100644 docs/jobs/acom-assistant-associate-professor-of-physiology-alabama-college-of-osteopathic-medicine-5a5d6d/index.html
[02:32:57] [INFO]    create mode 100644 docs/jobs/anthropology-lecturer-pool-uc-santa-cruz-9f9e80/index.html
[02:32:57] [INFO]    create mode 100644 docs/jobs/applied-mathematics-department-adjunct-professor-pool-uc-santa-cruz-a541ce/index.html
[02:32:57] [INFO]    rename docs/jobs/{applied-mathematics-department-lecturer-pool-uc-santa-cruz-d55cee => applied-mathematics-department-lecturer-pool-uc-santa-cruz-7d890d}/index.html (55%)
[02:32:57] [INFO]    delete mode 100644 docs/jobs/archives-and-special-collections-public-services-fellow-amherst-college-548bbe/index.html
[02:32:57] [INFO]    rename docs/jobs/{art-and-design-games-and-playable-media-program-lecturer-poo-uc-santa-cruz-42d2a8 => art-and-design-games-and-playable-media-program-lecturer-poo-uc-santa-cruz-800237}/index.html (53%)
[02:32:57] [INFO]    rename docs/jobs/{art-department-2d-visual-art-lecturer-pool-uc-santa-cruz-11b941 => art-department-2d-visual-art-lecturer-pool-uc-santa-cruz-f65ebc}/index.html (72%)
[02:32:57] [INFO]    rename docs/jobs/{art-department-3d-visual-art-lecturer-pool-uc-santa-cruz-8d6cb9 => art-department-3d-visual-art-lecturer-pool-uc-santa-cruz-af9c73}/index.html (72%)
[02:32:57] [INFO]    rename docs/jobs/{art-department-4d-visual-art-lecturer-pool-uc-santa-cruz-60bf7d => art-department-4d-visual-art-lecturer-pool-uc-santa-cruz-ae969f}/index.html (54%)
[02:32:57] [INFO]    rename docs/jobs/{art-department-visual-art-theory-and-writing-lecturer-pool-uc-santa-cruz-eb5eab => art-department-visual-art-theory-and-writing-lecturer-pool-uc-santa-cruz-9211cb}/index.html (53%)
[02:32:57] [INFO]    delete mode 100644 docs/jobs/art-instructors-metals-and-fibers-evergreen-colorado-state-university-387686/index.html
[02:32:57] [INFO]    create mode 100644 docs/jobs/assist-assoc-professor-of-human-medicine-health-programs-fix-michigan-state-university-8eaf06/index.html
[02:32:57] [INFO]    create mode 100644 docs/jobs/assist-assoc-professor-of-osteopathic-medicine-health-progra-michigan-state-university-0ad028/index.html
[02:32:57] [INFO]    create mode 100644 docs/jobs/assist-assoc-professor-of-osteopathic-medicine-health-progra-michigan-state-university-356a2d/index.html
[02:32:57] [INFO]    create mode 100644 docs/jobs/assist-assoc-professor-of-osteopathic-medicine-health-progra-michigan-state-university-68ebf8/index.html
[02:32:57] [INFO]    create mode 100644 docs/jobs/assist-assoc-professor-of-osteopathic-medicine-health-progra-michigan-state-university-90b321/index.html
[02:32:57] [INFO]    create mode 100644 docs/jobs/assist-assoc-professor-of-veterinary-medicine-health-program-michigan-state-university-7bbac8/index.html
[02:32:57] [INFO]    create mode 100644 docs/jobs/assistant-adjunct-professorship-ucla-cc616e/index.html
[02:32:57] [INFO]    create mode 100644 docs/jobs/assistant-associate-full-professor-marketing-virginia-tech-cb7772/index.html
[02:32:57] [INFO]    delete mode 100644 docs/jobs/assistant-associate-full-professor-of-clinical-medicine-heal-uc-irvine-9d2ac2/index.html
[02:32:57] [INFO]    create mode 100644 docs/jobs/assistant-associate-full-professor-of-engineering-tenure-sys-michigan-state-university-1e707c/index.html
[02:32:57] [INFO]    create mode 100644 docs/jobs/assistant-associate-full-professor-of-human-medicine-tenure-michigan-state-university-326266/index.html
[02:32:57] [INFO]    create mode 100644 docs/jobs/assistant-associate-full-professor-of-law-tenure-system-michigan-state-university-5f7bbb/index.html
[02:32:57] [INFO]    create mode 100644 docs/jobs/assistant-associate-full-professor-of-natural-science-tenure-michigan-state-university-32c56f/index.html
[02:32:57] [INFO]    create mode 100644 docs/jobs/assistant-associate-full-professor-of-natural-science-tenure-michigan-state-university-60443e/index.html
[02:32:57] [INFO]    create mode 100644 docs/jobs/assistant-associate-full-professor-of-natural-science-tenure-michigan-state-university-67aaef/index.html
[02:32:57] [INFO]    create mode 100644 docs/jobs/assistant-associate-full-professor-of-natural-science-tenure-michigan-state-university-943182/index.html
[02:32:57] [INFO]    create mode 100644 docs/jobs/assistant-associate-full-professor-of-natural-science-tenure-michigan-state-university-dc43f1/index.html
[02:32:57] [INFO]    create mode 100644 docs/jobs/assistant-associate-full-professor-of-veterinary-medicine-he-michigan-state-university-1d531a/index.html
[02:32:57] [INFO]    create mode 100644 docs/jobs/assistant-associate-full-professor-of-veterinary-medicine-he-michigan-state-university-a88ed0/index.html
[02:32:57] [INFO]    create mode 100644 docs/jobs/assistant-associate-full-professor-university-of-florida-44dd86/index.html
[02:32:57] [INFO]    create mode 100644 docs/jobs/assistant-associate-full-professor-university-of-florida-6b4964/index.html
[02:32:57] [INFO]    create mode 100644 docs/jobs/assistant-associate-full-professor-university-tenure-line-de-stanford-university-cb2132/index.html
[02:32:57] [INFO]    create mode 100644 docs/jobs/assistant-associate-or-full-professor-division-of-vascular-s-stanford-university-3d9bc0/index.html
[02:32:57] [INFO]    create mode 100644 docs/jobs/assistant-associate-or-full-professor-of-epidemiology-university-of-florida-877b85/index.html
[02:32:57] [INFO]    create mode 100644 docs/jobs/assistant-associate-or-full-professor-of-pathology-surgical-stanford-university-b709ed/index.html
[02:32:57] [INFO]    create mode 100644 docs/jobs/assistant-associate-or-full-professor-on-the-clinical-practi-university-of-washington-8aea22/index.html
[02:32:57] [INFO]    create mode 100644 docs/jobs/assistant-associate-or-full-professor-university-medical-lin-stanford-university-209264/index.html
[02:32:57] [INFO]    create mode 100644 docs/jobs/assistant-associate-or-full-professor-university-of-florida-c8e091/index.html
[02:32:57] [INFO]    create mode 100644 docs/jobs/assistant-associate-or-professor-in-thoracic-surgery-university-of-florida-439227/index.html
[02:32:57] [INFO]    delete mode 100644 docs/jobs/assistant-associate-professor-cybersecurity-university-of-nebraska-omaha-87a3f4/index.html
[02:32:57] [INFO]    create mode 100644 docs/jobs/assistant-associate-professor-elizabeth-city-state-university-c43fc8/index.html
[02:32:57] [INFO]    create mode 100644 docs/jobs/assistant-associate-professor-family-medicine-physician-rowa-rowan-university-0158ce/index.html
[02:32:57] [INFO]    create mode 100644 docs/jobs/assistant-associate-professor-in-accounting-and-information-virginia-tech-823c39/index.html
[02:32:57] [INFO]    create mode 100644 docs/jobs/assistant-associate-professor-in-molecular-virology-virginia-tech-039966/index.html
[02:32:57] [INFO]    delete mode 100644 docs/jobs/assistant-associate-professor-in-potato-sugarbeet-pathology-north-dakota-state-university-a7b517/index.html
[02:32:57] [INFO]    delete mode 100644 docs/jobs/assistant-associate-professor-in-residence-athletic-training-university-of-nevada-las-vegas-aef109/index.html
[02:32:57] [INFO]    delete mode 100644 docs/jobs/assistant-associate-professor-marketing-manhattan-university-379132/index.html
[02:32:57] [INFO]    delete mode 100644 docs/jobs/assistant-associate-professor-of-biomedical-sciences-alabama-college-of-osteopathic-medicine-d6d0e8/index.html
[02:32:57] [INFO]    create mode 100644 docs/jobs/assistant-associate-professor-of-business-tenure-system-michigan-state-university-4b8208/index.html
[02:32:57] [INFO]    create mode 100644 docs/jobs/assistant-associate-professor-of-business-tenure-system-michigan-state-university-90652c/index.html
[02:32:57] [INFO]    delete mode 100644 docs/jobs/assistant-associate-professor-of-clinical-university-of-miami-dc3780/index.html
[02:32:57] [INFO]    create mode 100644 docs/jobs/assistant-associate-professor-of-counselor-education-adams-state-university-ab350c/index.html
[02:32:57] [INFO]    create mode 100644 docs/jobs/assistant-associate-professor-of-human-medicine-tenure-syste-michigan-state-university-5aadc3/index.html
[02:32:57] [INFO]    delete mode 100644 docs/jobs/assistant-associate-professor-of-internal-medicine-and-pedia-alabama-college-of-osteopathic-medicine-fdcc71/index.html
[02:32:57] [INFO]    create mode 100644 docs/jobs/assistant-associate-professor-of-pratice-virginia-tech-806992/index.html
[02:32:57] [INFO]    create mode 100644 docs/jobs/assistant-associate-professor-of-small-animal-medicine-shrei-rowan-university-871104/index.html
[02:32:57] [INFO]    create mode 100644 docs/jobs/assistant-associate-professor-rutgers-the-state-university-of-new-jers-f9de52/index.html
[02:32:57] [INFO]    delete mode 100644 docs/jobs/assistant-associate-teaching-professor-of-social-work-full-t-university-of-southern-california-5b3a50/index.html
[02:32:57] [INFO]    create mode 100644 docs/jobs/assistant-chief-flight-instructor-delta-state-university-2331e1/index.html
[02:32:57] [INFO]    create mode 100644 docs/jobs/assistant-clinical-professor-auburn-university-at-montgomery-947b42/index.html
[02:32:57] [INFO]    delete mode 100644 docs/jobs/assistant-clinical-professor-in-physical-therapy-indiana-university-ee6295/index.html
[02:32:57] [INFO]    create mode 100644 docs/jobs/assistant-clinical-professor-nursing-resource-center-coordin-auburn-university-at-montgomery-234780/index.html
[02:32:57] [INFO]    create mode 100644 docs/jobs/assistant-or-associate-professor-occupational-therapy-998205-drake-university-75ab6d/index.html
[02:32:57] [INFO]    delete mode 100644 docs/jobs/assistant-or-associate-professor-of-clinical-neurological-su-university-of-southern-california-b7a65c/index.html
[02:32:57] [INFO]    create mode 100644 docs/jobs/assistant-or-associate-professor-of-pharmacology-drake-university-bdbc73/index.html
[02:32:57] [INFO]    create mode 100644 docs/jobs/assistant-or-associate-professor-ohio-state-university-4a76d7/index.html
[02:32:57] [INFO]    delete mode 100644 docs/jobs/assistant-professor-associate-professor-or-professor-collect-southern-illinois-university-carbondale-b3e0f0/index.html
[02:32:57] [INFO]    create mode 100644 docs/jobs/assistant-professor-associate-professor-or-professor-of-anes-stanford-university-3d0a1f/index.html
[02:32:57] [INFO]    rename docs/jobs/{assistant-professor-associate-professor-professor-aah-con-nu-east-carolina-university-b80d9d => assistant-professor-associate-professor-professor-aah-con-nu-east-carolina-university-b841b7}/index.html (81%)
[02:32:57] [INFO]    delete mode 100644 docs/jobs/assistant-professor-biology-cumberland-university-315fcc/index.html
[02:32:57] [INFO]    rename docs/jobs/{clinical-assistant-professor-suny-upstate-medical-university-8d79a0 => assistant-professor-cardiac-surgeon-suny-upstate-medical-university-bf589b}/index.html (56%)
[02:32:57] [INFO]    create mode 100644 docs/jobs/assistant-professor-clinical-assistant-professor-associate-p-east-carolina-university-2fc7ae/index.html
[02:32:57] [INFO]    create mode 100644 docs/jobs/assistant-professor-continuing-track-and-artistic-director-d-university-of-delaware-8632a3/index.html
[02:32:57] [INFO]    delete mode 100644 docs/jobs/assistant-professor-data-science-notice-of-filing-uw-system-comprehensives-55cce3/index.html
[02:32:57] [INFO]    create mode 100644 docs/jobs/assistant-professor-department-of-earth-system-science-stanford-university-b1bcd8/index.html
[02:32:57] [INFO]    create mode 100644 docs/jobs/assistant-professor-department-of-neurosurgery-functional-ne-university-of-florida-e4232a/index.html
[02:32:57] [INFO]    delete mode 100644 docs/jobs/assistant-professor-department-of-resource-economics-umass-amherst-c6a304/index.html
[02:32:57] [INFO]    delete mode 100644 docs/jobs/assistant-professor-digital-technology-machine-learning-and-nc-state-university-dcf603/index.html
[02:32:57] [INFO]    rename docs/jobs/{assistant-professor-education-suny-plattsburgh-900116 => assistant-professor-education-suny-plattsburgh-e20495}/index.html (97%)
[02:32:57] [INFO]    delete mode 100644 docs/jobs/assistant-professor-english-university-of-nevada-las-vegas-aaddbd/index.html
[02:32:57] [INFO]    delete mode 100644 docs/jobs/assistant-professor-graphic-design-san-jose-state-university-dfd879/index.html
[02:32:57] [INFO]    create mode 100644 docs/jobs/assistant-professor-in-biomedical-engineering-umass-lowell-bbc78f/index.html
[02:32:57] [INFO]    create mode 100644 docs/jobs/assistant-professor-in-experimental-biochemistry-california-state-university-fullerton-9f793b/index.html
[02:32:57] [INFO]    create mode 100644 docs/jobs/assistant-professor-in-experimental-physical-chemistry-california-state-university-fullerton-781bdd/index.html
[02:32:57] [INFO]    create mode 100644 docs/jobs/assistant-professor-in-health-education-university-of-new-mexico-c3b374/index.html
[02:32:57] [INFO]    rename docs/jobs/{assistant-professor-of-political-science-and-international-r-knox-college-d7c88d => assistant-professor-in-international-business-school-of-mana-university-of-michigan-c6eff4}/index.html (57%)
[02:32:57] [INFO]    create mode 100644 docs/jobs/assistant-professor-in-psychology-school-psychology-california-state-university-chico-bbf74c/index.html
[02:32:57] [INFO]    create mode 100644 docs/jobs/assistant-professor-in-structural-geology-and-geomechanics-stanford-university-bc20d8/index.html
[02:32:57] [INFO]    create mode 100644 docs/jobs/assistant-professor-instructor-of-education-survey-of-except-southwestern-university-ee90c6/index.html
[02:32:57] [INFO]    create mode 100644 docs/jobs/assistant-professor-instructor-of-education-the-child-and-th-southwestern-university-22e70e/index.html
[02:32:57] [INFO]    delete mode 100644 docs/jobs/assistant-professor-marshall-university-cb8dfe/index.html
[02:32:57] [INFO]    delete mode 100644 docs/jobs/assistant-professor-mechanical-engineering-manhattan-university-63d4c4/index.html
[02:32:57] [INFO]    create mode 100644 docs/jobs/assistant-professor-of-accounting-university-of-alaska-system-cd4969/index.html
[02:32:57] [INFO]    delete mode 100644 docs/jobs/assistant-professor-of-aerospace-engineering-florida-institute-of-technology-4e3910/index.html
[02:32:57] [INFO]    create mode 100644 docs/jobs/assistant-professor-of-agriculture-and-nat-resources-fixed-t-michigan-state-university-d0d5d0/index.html
[02:32:57] [INFO]    create mode 100644 docs/jobs/assistant-professor-of-agriculture-and-nat-resources-tenure-michigan-state-university-49617d/index.html
[02:32:57] [INFO]    create mode 100644 docs/jobs/assistant-professor-of-agriculture-and-nat-resources-tenure-michigan-state-university-dddbc9/index.html
[02:32:57] [INFO]    create mode 100644 docs/jobs/assistant-professor-of-alaska-native-studies-and-rural-devel-university-of-alaska-system-e82039/index.html
[02:32:57] [INFO]    create mode 100644 docs/jobs/assistant-professor-of-arts-and-letters-tenure-system-michigan-state-university-01c124/index.html
[02:32:57] [INFO]    create mode 100644 docs/jobs/assistant-professor-of-business-fixed-term-michigan-state-university-184d78/index.html
[02:32:57] [INFO]    create mode 100644 docs/jobs/assistant-professor-of-clinical-psychology-seattle-pacific-university-ba056e/index.html
[02:32:57] [INFO]    create mode 100644 docs/jobs/assistant-professor-of-communication-arts-sciences-tenure-sy-michigan-state-university-39e970/index.html
[02:32:57] [INFO]    create mode 100644 docs/jobs/assistant-professor-of-communication-arts-sciences-tenure-sy-michigan-state-university-3c04ac/index.html
[02:32:57] [INFO]    create mode 100644 docs/jobs/assistant-professor-of-communication-arts-sciences-tenure-sy-michigan-state-university-61dd2a/index.html
[02:32:57] [INFO]    delete mode 100644 docs/jobs/assistant-professor-of-computer-information-systems-louisiana-tech-university-49b87d/index.html
[02:32:57] [INFO]    delete mode 100644 docs/jobs/assistant-professor-of-counseling-and-therapy-program-direct-manhattan-university-8e666b/index.html
[02:32:57] [INFO]    create mode 100644 docs/jobs/assistant-professor-of-early-childhood-education-university-of-alaska-system-3a03bb/index.html
[02:32:57] [INFO]    create mode 100644 docs/jobs/assistant-professor-of-education-fixed-term-michigan-state-university-94fa26/index.html
[02:32:57] [INFO]    delete mode 100644 docs/jobs/assistant-professor-of-elementary-education-university-of-mississippi-41127e/index.html
[02:32:57] [INFO]    delete mode 100644 docs/jobs/assistant-professor-of-finance-the-pennsylvania-state-university-9a65f4/index.html
[02:32:57] [INFO]    create mode 100644 docs/jobs/assistant-professor-of-human-medicine-health-programs-michigan-state-university-26cd9a/index.html
[02:32:57] [INFO]    create mode 100644 docs/jobs/assistant-professor-of-human-medicine-health-programs-michigan-state-university-3c035a/index.html
[02:32:57] [INFO]    create mode 100644 docs/jobs/assistant-professor-of-international-relations-university-of-florida-43cb79/index.html
[02:32:57] [INFO]    delete mode 100644 docs/jobs/assistant-professor-of-marine-biology-college-of-fisheries-a-university-of-alaska-system-5f4477/index.html
[02:32:57] [INFO]    create mode 100644 docs/jobs/assistant-professor-of-mathematics-university-of-new-mexico-408c1d/index.html
[02:32:57] [INFO]    create mode 100644 docs/jobs/assistant-professor-of-music-university-of-maryland-baltimore-county-77f0f8/index.html
[02:32:57] [INFO]    create mode 100644 docs/jobs/assistant-professor-of-natural-science-tenure-system-michigan-state-university-770584/index.html
[02:32:57] [INFO]    create mode 100644 docs/jobs/assistant-professor-of-natural-science-tenure-system-michigan-state-university-ae0dfd/index.html
[02:32:57] [INFO]    delete mode 100644 docs/jobs/assistant-professor-of-nursing-university-of-new-hampshire-system-a17d56/index.html
[02:32:57] [INFO]    create mode 100644 docs/jobs/assistant-professor-of-osteopathic-medicine-health-programs-michigan-state-university-6c72b3/index.html
[02:32:57] [INFO]    create mode 100644 docs/jobs/assistant-professor-of-pathology-research-structural-and-com-stanford-university-0ec543/index.html
[02:32:57] [INFO]    create mode 100644 docs/jobs/assistant-professor-of-philosophy-uw-madison-6e6c07/index.html
[02:32:57] [INFO]    create mode 100644 docs/jobs/assistant-professor-of-piano-studies-university-of-richmond-7b0cc4/index.html
[02:32:57] [INFO]    create mode 100644 docs/jobs/assistant-professor-of-practice-architecture-iowa-state-university-f9482d/index.html
[02:32:57] [INFO]    create mode 100644 docs/jobs/assistant-professor-of-practice-fixed-term-north-dakota-state-university-3240fd/index.html
[02:32:57] [INFO]    create mode 100644 docs/jobs/assistant-professor-of-practice-virginia-tech-e4bcd4/index.html
[02:32:57] [INFO]    delete mode 100644 docs/jobs/assistant-professor-of-psychology-tenure-track-manhattan-university-8d78fd/index.html
[02:32:57] [INFO]    delete mode 100644 docs/jobs/assistant-professor-of-public-relations-appalachian-state-university-63a5d3/index.html
[02:32:57] [INFO]    create mode 100644 docs/jobs/assistant-professor-of-social-science-fixed-term-michigan-state-university-257add/index.html
[02:32:57] [INFO]    create mode 100644 docs/jobs/assistant-professor-of-social-science-fixed-term-michigan-state-university-8b3a05/index.html
[02:32:57] [INFO]    create mode 100644 docs/jobs/assistant-professor-of-social-science-fixed-term-michigan-state-university-df2972/index.html
[02:32:57] [INFO]    delete mode 100644 docs/jobs/assistant-professor-of-special-education-suny-new-paltz-155caa/index.html
[02:32:57] [INFO]    delete mode 100644 docs/jobs/assistant-professor-of-special-education-suny-new-paltz-93e58f/index.html
[02:32:57] [INFO]    delete mode 100644 docs/jobs/assistant-professor-of-special-education-teaching-students-w-william-paterson-university-9a81ef/index.html
[02:32:57] [INFO]    delete mode 100644 docs/jobs/assistant-professor-of-sport-medicine-campbellsville-university-248945/index.html
[02:32:58] [INFO]    delete mode 100644 docs/jobs/assistant-professor-of-supply-chain-management-lee-business-university-of-nevada-las-vegas-cbd766/index.html
[02:32:58] [INFO]    delete mode 100644 docs/jobs/assistant-professor-of-theatre-scenic-design-appalachian-state-university-204733/index.html
[02:32:58] [INFO]    create mode 100644 docs/jobs/assistant-professor-of-veterinary-medicine-health-programs-michigan-state-university-f49974/index.html
[02:32:58] [INFO]    create mode 100644 docs/jobs/assistant-professor-or-associate-professor-medical-physics-stanford-university-202300/index.html
[02:32:58] [INFO]    create mode 100644 docs/jobs/assistant-professor-professor-nursing-university-of-michigan-d20e63/index.html
[02:32:58] [INFO]    delete mode 100644 docs/jobs/assistant-professor-respiratory-care-sciences-boise-state-university-9b4190/index.html
[02:32:58] [INFO]    create mode 100644 docs/jobs/assistant-professor-school-counselor-eastern-michigan-university-b7efed/index.html
[02:32:58] [INFO]    create mode 100644 docs/jobs/assistant-professor-school-of-music-university-of-delaware-38ec04/index.html
[02:32:58] [INFO]    delete mode 100644 docs/jobs/assistant-professor-tenure-track-accounting-fall-2026-commonwealth-university-08558f/index.html
[02:32:58] [INFO]    create mode 100644 docs/jobs/assistant-professor-virginia-tech-8995b4/index.html
[02:32:58] [INFO]    create mode 100644 docs/jobs/assistant-teaching-professor-of-creativity-college-of-the-ar-rowan-university-dff9ff/index.html
[02:32:58] [INFO]    create mode 100644 docs/jobs/assoc-professor-nursing-university-of-michigan-59dd60/index.html
[02:32:58] [INFO]    create mode 100644 docs/jobs/assoc-professor-professor-nursing-university-of-michigan-cab0b0/index.html
[02:32:58] [INFO]    delete mode 100644 docs/jobs/associate-faculty-anatomy-and-physiology-big-bend-community-college-a0752e/index.html
[02:32:58] [INFO]    delete mode 100644 docs/jobs/associate-faculty-art-big-bend-community-college-e1bc4d/index.html
[02:32:58] [INFO]    delete mode 100644 docs/jobs/associate-faculty-biology-big-bend-community-college-ea1278/index.html
[02:32:58] [INFO]    delete mode 100644 docs/jobs/associate-faculty-chemistry-big-bend-community-college-1cff67/index.html
[02:32:58] [INFO]    delete mode 100644 docs/jobs/associate-faculty-communication-big-bend-community-college-466f6e/index.html
[02:32:58] [INFO]    delete mode 100644 docs/jobs/associate-faculty-ela-english-language-acquisition-big-bend-community-college-09e113/index.html
[02:32:58] [INFO]    delete mode 100644 docs/jobs/associate-faculty-environmental-science-big-bend-community-college-8ddc4d/index.html
[02:32:58] [INFO]    delete mode 100644 docs/jobs/associate-faculty-ged-hs-beda-programs-big-bend-community-college-dc5c68/index.html
[02:32:58] [INFO]    delete mode 100644 docs/jobs/associate-faculty-manufacturing-process-technology-mpt-big-bend-community-college-a05677/index.html
[02:32:58] [INFO]    create mode 100644 docs/jobs/associate-full-professor-in-mechanical-engineering-university-of-delaware-f21a79/index.html
[02:32:58] [INFO]    create mode 100644 docs/jobs/associate-full-professor-of-human-medicine-tenure-system-michigan-state-university-1e62e1/index.html
[02:32:58] [INFO]    create mode 100644 docs/jobs/associate-full-professor-of-human-medicine-tenure-system-michigan-state-university-705132/index.html
[02:32:58] [INFO]    create mode 100644 docs/jobs/associate-full-professor-of-human-medicine-tenure-system-michigan-state-university-bbfa05/index.html
[02:32:58] [INFO]    create mode 100644 docs/jobs/associate-full-professor-of-human-medicine-tenure-system-michigan-state-university-d57bf3/index.html
[02:32:58] [INFO]    create mode 100644 docs/jobs/associate-full-professor-of-nursing-michigan-state-university-9d8eab/index.html
[02:32:58] [INFO]    create mode 100644 docs/jobs/associate-professor-of-osteopathic-medicine-tenure-system-michigan-state-university-e8a9a4/index.html
[02:32:58] [INFO]    delete mode 100644 docs/jobs/associate-professor-or-professor-school-of-law-university-at-buffalo-suny-5d6ebc/index.html
[02:32:58] [INFO]    create mode 100644 docs/jobs/associate-provost-for-faculty-affairs-and-budget-please-use-bowie-state-university-d0130b/index.html
[02:32:58] [INFO]    create mode 100644 docs/jobs/associate-vice-provost-of-faculty-affairs-eastern-washington-university-7ddee1/index.html
[02:32:58] [INFO]    rename docs/jobs/{clinical-assistant-professor-clinical-associate-professor-cl-university-of-michigan-c6ce18 => asst-professor-nursing-university-of-michigan-1d4283}/index.html (65%)
[02:32:58] [INFO]    create mode 100644 docs/jobs/ast-asc-full-professor-health-program-of-osteopathic-medicin-michigan-state-university-de8c36/index.html
[02:32:58] [INFO]    create mode 100644 docs/jobs/ast-asc-full-professor-health-program-of-osteopathic-medicin-michigan-state-university-e19970/index.html
[02:32:58] [INFO]    create mode 100644 docs/jobs/ast-asc-full-professor-health-program-of-veterinary-medicine-michigan-state-university-9db4b1/index.html
[02:32:58] [INFO]    create mode 100644 docs/jobs/ast-asc-full-professor-health-programs-of-human-medicine-fix-michigan-state-university-f0784c/index.html
[02:32:58] [INFO]    create mode 100644 docs/jobs/ast-asc-full-professor-of-human-medicine-fixed-term-michigan-state-university-1fe781/index.html
[02:32:58] [INFO]    create mode 100644 docs/jobs/ast-asc-full-professor-of-natural-science-tenure-system-michigan-state-university-615c36/index.html
[02:32:58] [INFO]    create mode 100644 docs/jobs/ast-asc-professor-of-human-medicine-health-programs-fixed-te-michigan-state-university-064bcf/index.html
[02:32:58] [INFO]    create mode 100644 docs/jobs/ast-asc-professor-of-law-fixed-term-michigan-state-university-6da888/index.html
[02:32:58] [INFO]    create mode 100644 docs/jobs/ast-inst-inst-ast-professor-of-communication-arts-sciences-f-michigan-state-university-78bf82/index.html
[02:32:58] [INFO]    create mode 100644 docs/jobs/ast-inst-inst-ast-professor-of-communication-arts-sciences-f-michigan-state-university-fbb79f/index.html
[02:32:58] [INFO]    create mode 100644 docs/jobs/ast-inst-instructor-of-agriculture-and-nat-resources-fixed-t-michigan-state-university-3b3338/index.html
[02:32:58] [INFO]    create mode 100644 docs/jobs/ast-instructor-instructor-of-communication-arts-sciences-fix-michigan-state-university-f99a25/index.html
[02:32:58] [INFO]    rename docs/jobs/{astronomy-and-astrophysics-lecturer-pool-uc-santa-cruz-bfdc55 => astronomy-and-astrophysics-lecturer-pool-uc-santa-cruz-6bdc83}/index.html (54%)
[02:32:58] [INFO]    delete mode 100644 docs/jobs/biology-lecturer-9m-mansfield-campus-ohio-state-university-d7c5d5/index.html
[02:32:58] [INFO]    create mode 100644 docs/jobs/biomolecular-engineering-department-adjunct-professor-pool-uc-santa-cruz-47d532/index.html
[02:32:58] [INFO]    rename docs/jobs/{biomolecular-engineering-department-lecturer-pool-uc-santa-cruz-6ad0d4 => biomolecular-engineering-department-lecturer-pool-uc-santa-cruz-83c4e9}/index.html (53%)
[02:32:58] [INFO]    delete mode 100644 docs/jobs/breast-gyn-instructor-university-of-rochester-b938ce/index.html
[02:32:58] [INFO]    delete mode 100644 docs/jobs/cal-teach-science-and-math-education-lecturer-pool-uc-santa-cruz-4625fd/index.html
[02:32:58] [INFO]    create mode 100644 docs/jobs/cal-teach-science-and-math-education-lecturer-pool-uc-santa-cruz-89a912/index.html
[02:32:58] [INFO]    delete mode 100644 docs/jobs/cardiologist-assistant-associate-full-professor-internal-med-stony-brook-university-suny-6878e6/index.html
[02:32:58] [INFO]    rename docs/jobs/{clinical-assistant-professor-neuro-otology-suny-upstate-medical-university-3dc0fe => cardiothoracic-imaging-radiologist-assistant-associate-full-stony-brook-university-suny-e41f44}/index.html (58%)
[02:32:58] [INFO]    delete mode 100644 docs/jobs/cas-full-time-lecturer-department-of-writing-studies-university-of-miami-0623ca/index.html
[02:32:58] [INFO]    create mode 100644 docs/jobs/chemical-engineering-assistant-associate-full-professor-iowa-state-university-5363ef/index.html
[02:32:58] [INFO]    rename docs/jobs/{chemistry-and-biochemistry-department-lecturer-pool-uc-santa-cruz-76f619 => chemistry-and-biochemistry-department-lecturer-pool-uc-santa-cruz-5e1f7a}/index.html (71%)
[02:32:58] [INFO]    create mode 100644 docs/jobs/chemistry-lecturer-uw-madison-91eeaf/index.html
[02:32:58] [INFO]    rename docs/jobs/{clinical-assistant-professor-of-nursing-two-open-positions-university-of-arkansas-197227 => chest-imaging-radiologist-hybrid-on-site-remote-assistant-as-stony-brook-university-suny-10284e}/index.html (58%)
[02:32:58] [INFO]    delete mode 100644 docs/jobs/clinical-assistant-associate-or-full-professor-hs-restorativ-university-at-buffalo-suny-97b12b/index.html
[02:32:58] [INFO]    delete mode 100644 docs/jobs/clinical-assistant-associate-or-full-professor-university-of-georgia-b8f9db/index.html
[02:32:58] [INFO]    delete mode 100644 docs/jobs/clinical-assistant-associate-or-full-professor-uw-department-university-of-washington-960c09/index.html
[02:32:58] [INFO]    delete mode 100644 docs/jobs/clinical-assistant-associate-professor-12-months-suny-upstate-medical-university-bdd925/index.html
[02:32:58] [INFO]    delete mode 100644 docs/jobs/clinical-assistant-associate-professor-and-program-director-fairleigh-dickinson-university-1f6300/index.html
[02:32:58] [INFO]    delete mode 100644 docs/jobs/clinical-assistant-associate-professor-andrology-university-of-florida-70b0db/index.html
[02:32:58] [INFO]    delete mode 100644 docs/jobs/clinical-assistant-associate-professor-department-of-general-marquette-university-c4ffbd/index.html
[02:32:58] [INFO]    delete mode 100644 docs/jobs/clinical-assistant-associate-professor-endourology-university-of-florida-3b0b4b/index.html
[02:32:58] [INFO]    delete mode 100644 docs/jobs/clinical-assistant-associate-professor-family-medicine-university-of-florida-3562a4/index.html
[02:32:58] [INFO]    delete mode 100644 docs/jobs/clinical-assistant-associate-professor-family-medicine-university-of-florida-caa0d3/index.html
[02:32:58] [INFO]    delete mode 100644 docs/jobs/clinical-assistant-associate-professor-periodontics-marquette-university-0ef26a/index.html
[02:32:58] [INFO]    delete mode 100644 docs/jobs/clinical-assistant-associate-professor-pharmacology-fairleigh-dickinson-university-f5a6db/index.html
[02:32:58] [INFO]    delete mode 100644 docs/jobs/clinical-assistant-associate-professor-university-of-florida-f6582b/index.html
[02:32:58] [INFO]    delete mode 100644 docs/jobs/clinical-assistant-associate-professor-university-of-vermont-f18af7/index.html
[02:32:58] [INFO]    delete mode 100644 docs/jobs/clinical-assistant-associate-professor-urologic-oncologist-university-of-florida-1588b0/index.html
[02:32:58] [INFO]    delete mode 100644 docs/jobs/clinical-assistant-clinical-associate-or-clinical-professor-university-of-washington-ea0814/index.html
[02:32:58] [INFO]    delete mode 100644 docs/jobs/clinical-assistant-clinical-associate-or-clinical-professor-university-of-washington-ff08d4/index.html
[02:32:58] [INFO]    delete mode 100644 docs/jobs/clinical-assistant-professor-12-month-chicago-state-university-4aea9a/index.html
[02:32:58] [INFO]    delete mode 100644 docs/jobs/clinical-assistant-professor-12-month-chicago-state-university-d09b6e/index.html
[02:32:58] [INFO]    delete mode 100644 docs/jobs/clinical-assistant-professor-12-months-suny-upstate-medical-university-3cb65f/index.html
[02:32:58] [INFO]    delete mode 100644 docs/jobs/clinical-assistant-professor-12mo-diagnostic-medical-sonogra-suny-downstate-health-sciences-universit-27fa96/index.html
[02:32:58] [INFO]    delete mode 100644 docs/jobs/clinical-assistant-professor-a-umass-boston-71b11e/index.html
[02:32:58] [INFO]    delete mode 100644 docs/jobs/clinical-assistant-professor-aah-cahs-occupational-therapy-east-carolina-university-911e9b/index.html
[02:32:58] [INFO]    delete mode 100644 docs/jobs/clinical-assistant-professor-abdominal-radiologist-suny-upstate-medical-university-eb7271/index.html
[02:32:58] [INFO]    delete mode 100644 docs/jobs/clinical-assistant-professor-ambulatory-care-psych-rutgers-the-state-university-of-new-jers-e923d8/index.html
[02:32:58] [INFO]    delete mode 100644 docs/jobs/clinical-assistant-professor-ambulatory-care-rutgers-the-state-university-of-new-jers-b8ad2a/index.html
[02:32:58] [INFO]    delete mode 100644 docs/jobs/clinical-assistant-professor-assistant-director-experiential-university-of-wyoming-2a52eb/index.html
[02:32:58] [INFO]    delete mode 100644 docs/jobs/clinical-assistant-professor-assistant-professor-clinical-as-east-carolina-university-66d2a0/index.html
[02:32:58] [INFO]    delete mode 100644 docs/jobs/clinical-assistant-professor-assistant-professor-clinical-as-east-carolina-university-76fbc8/index.html
[02:32:58] [INFO]    delete mode 100644 docs/jobs/clinical-assistant-professor-assistant-professor-clinical-as-east-carolina-university-d1cbc6/index.html
[02:32:58] [INFO]    delete mode 100644 docs/jobs/clinical-assistant-professor-assistant-professor-clinical-as-east-carolina-university-d746c1/index.html
[02:32:58] [INFO]    delete mode 100644 docs/jobs/clinical-assistant-professor-associate-professor-or-professo-university-of-texas-at-dallas-aa666d/index.html
[02:32:58] [INFO]    delete mode 100644 docs/jobs/clinical-assistant-professor-associates-degree-registered-nu-idaho-state-university-e009a6/index.html
[02:32:58] [INFO]    delete mode 100644 docs/jobs/clinical-assistant-professor-binghamton-university-suny-f31a29/index.html
[02:32:58] [INFO]    delete mode 100644 docs/jobs/clinical-assistant-professor-board-certified-behavior-analys-university-of-florida-6222de/index.html
[02:32:58] [INFO]    delete mode 100644 docs/jobs/clinical-assistant-professor-cardio-thoracic-radiologist-suny-upstate-medical-university-5fe71e/index.html
[02:32:58] [INFO]    delete mode 100644 docs/jobs/clinical-assistant-professor-child-psychiatrist-suny-upstate-medical-university-f075c7/index.html
[02:32:58] [INFO]    delete mode 100644 docs/jobs/clinical-assistant-professor-clinical-associate-professor-eh-east-carolina-university-855eda/index.html
[02:32:58] [INFO]    delete mode 100644 docs/jobs/clinical-assistant-professor-clinical-associate-professor-ge-university-of-washington-b29c61/index.html
[02:32:58] [INFO]    delete mode 100644 docs/jobs/clinical-assistant-professor-clinical-associate-professor-or-university-of-washington-4ca7de/index.html
[02:32:58] [INFO]    delete mode 100644 docs/jobs/clinical-assistant-professor-clinical-associate-professor-or-university-of-washington-719714/index.html
[02:32:58] [INFO]    delete mode 100644 docs/jobs/clinical-assistant-professor-clinical-associate-professor-suny-upstate-medical-university-3c8d5c/index.html
[02:32:58] [INFO]    delete mode 100644 docs/jobs/clinical-assistant-professor-community-engagement-indiana-university-a28288/index.html
[02:32:58] [INFO]    delete mode 100644 docs/jobs/clinical-assistant-professor-complex-spine-neurosurgeon-suny-upstate-medical-university-06e218/index.html
[02:32:58] [INFO]    delete mode 100644 docs/jobs/clinical-assistant-professor-critical-care-rutgers-the-state-university-of-new-jers-4d20e6/index.html
[02:32:58] [INFO]    delete mode 100644 docs/jobs/clinical-assistant-professor-dental-hygiene-indiana-university-5ea07a/index.html
[02:32:58] [INFO]    delete mode 100644 docs/jobs/clinical-assistant-professor-department-of-prosthodontics-indiana-university-88bc3b/index.html
[02:32:58] [INFO]    delete mode 100644 docs/jobs/clinical-assistant-professor-director-clinical-laboratory-fairleigh-dickinson-university-8691b0/index.html
[02:32:58] [INFO]    delete mode 100644 docs/jobs/clinical-assistant-professor-director-stem-cell-and-cellular-suny-upstate-medical-university-4c456e/index.html
[02:32:58] [INFO]    delete mode 100644 docs/jobs/clinical-assistant-professor-ehh-bsom-radiation-oncology-east-carolina-university-09a0c8/index.html
[02:32:58] [INFO]    delete mode 100644 docs/jobs/clinical-assistant-professor-endocrine-suny-upstate-medical-university-4adbe4/index.html
[02:32:58] [INFO]    delete mode 100644 docs/jobs/clinical-assistant-professor-faculty-two-positions-departmen-marquette-university-f6d153/index.html
[02:32:58] [INFO]    delete mode 100644 docs/jobs/clinical-assistant-professor-family-medicine-1786-idaho-state-university-cc01ac/index.html
[02:32:58] [INFO]    delete mode 100644 docs/jobs/clinical-assistant-professor-for-the-pa-program-didactic-pha-fairleigh-dickinson-university-34f0d4/index.html
[02:32:58] [INFO]    delete mode 100644 docs/jobs/clinical-assistant-professor-general-dentist-suny-upstate-medical-university-f998ef/index.html
[02:32:58] [INFO]    delete mode 100644 docs/jobs/clinical-assistant-professor-general-pediatrician-suny-upstate-medical-university-7a5e44/index.html
[02:32:58] [INFO]    delete mode 100644 docs/jobs/clinical-assistant-professor-gynecologic-oncology-division-p-suny-upstate-medical-university-0a0971/index.html
[02:32:58] [INFO]    delete mode 100644 docs/jobs/clinical-assistant-professor-headache-medicine-suny-upstate-medical-university-02a7b0/index.html
[02:32:58] [INFO]    delete mode 100644 docs/jobs/clinical-assistant-professor-health-and-human-services-university-at-buffalo-suny-b96406/index.html
[02:32:58] [INFO]    delete mode 100644 docs/jobs/clinical-assistant-professor-hospitalist-suny-upstate-medical-university-8367b5/index.html
[02:32:58] [INFO]    delete mode 100644 docs/jobs/clinical-assistant-professor-hospitalist-suny-upstate-medical-university-f62692/index.html
[02:32:58] [INFO]    delete mode 100644 docs/jobs/clinical-assistant-professor-hospitalist-university-of-florida-de13c3/index.html
[02:32:58] [INFO]    delete mode 100644 docs/jobs/clinical-assistant-professor-hs-on-call-attending-urology-suny-downstate-health-sciences-universit-f507ac/index.html
[02:32:58] [INFO]    delete mode 100644 docs/jobs/clinical-assistant-professor-hs-psychiatry-suny-downstate-health-sciences-universit-992947/index.html
[02:32:58] [INFO]    delete mode 100644 docs/jobs/clinical-assistant-professor-hs-surgery-suny-downstate-health-sciences-universit-38bfaa/index.html
[02:32:58] [INFO]    delete mode 100644 docs/jobs/clinical-assistant-professor-hs-surgery-suny-downstate-health-sciences-universit-f1cc44/index.html
[02:32:58] [INFO]    delete mode 100644 docs/jobs/clinical-assistant-professor-hs-transplant-surgery-suny-downstate-health-sciences-universit-f7cae8/index.html
[02:32:58] [INFO]    delete mode 100644 docs/jobs/clinical-assistant-professor-hs-university-at-buffalo-suny-8ba947/index.html
[02:32:58] [INFO]    delete mode 100644 docs/jobs/clinical-assistant-professor-in-athletic-training-northern-illinois-university-335faa/index.html
[02:32:58] [INFO]    delete mode 100644 docs/jobs/clinical-assistant-professor-in-community-engagement-indiana-university-6b5441/index.html
[02:32:58] [INFO]    delete mode 100644 docs/jobs/clinical-assistant-professor-inpatient-psychiatry-rutgers-the-state-university-of-new-jers-18a9c1/index.html
[02:32:58] [INFO]    delete mode 100644 docs/jobs/clinical-assistant-professor-inpatient-psychiatry-suny-upstate-medical-university-e5fad9/index.html
[02:32:58] [INFO]    delete mode 100644 docs/jobs/clinical-assistant-professor-large-animal-surgery-uw-madison-407be3/index.html
[02:32:58] [INFO]    delete mode 100644 docs/jobs/clinical-assistant-professor-maternal-fetal-medicine-suny-upstate-medical-university-a25b62/index.html
[02:32:58] [INFO]    delete mode 100644 docs/jobs/clinical-assistant-professor-medical-critical-care-rutgers-the-state-university-of-new-jers-c50695/index.html
[02:32:58] [INFO]    delete mode 100644 docs/jobs/clinical-assistant-professor-mental-health-counseling-mhc-ma-yeshiva-university-e3425d/index.html
[02:32:58] [INFO]    delete mode 100644 docs/jobs/clinical-assistant-professor-nephrology-suny-upstate-medical-university-c1ff0b/index.html
[02:32:58] [INFO]    delete mode 100644 docs/jobs/clinical-assistant-professor-neuro-oncology-suny-upstate-medical-university-2f423d/index.html
[02:32:58] [INFO]    delete mode 100644 docs/jobs/clinical-assistant-professor-neurocritical-care-suny-upstate-medical-university-aa3d68/index.html
[02:32:58] [INFO]    delete mode 100644 docs/jobs/clinical-assistant-professor-neurodevelopmental-pediatrics-suny-upstate-medical-university-c33abb/index.html
[02:32:58] [INFO]    delete mode 100644 docs/jobs/clinical-assistant-professor-neuroradiologist-suny-upstate-medical-university-25fe7e/index.html
[02:32:58] [INFO]    delete mode 100644 docs/jobs/clinical-assistant-professor-neurovascular-suny-upstate-medical-university-20956a/index.html
[02:32:58] [INFO]    delete mode 100644 docs/jobs/clinical-assistant-professor-nuclear-medicine-radiologist-suny-upstate-medical-university-dd3c63/index.html
[02:32:58] [INFO]    delete mode 100644 docs/jobs/clinical-assistant-professor-nursing-2558-unc-pembroke-b8ebdf/index.html
[02:32:58] [INFO]    delete mode 100644 docs/jobs/clinical-assistant-professor-nursing-2678-unc-pembroke-87232f/index.html
[02:32:58] [INFO]    delete mode 100644 docs/jobs/clinical-assistant-professor-nursing-2695-unc-pembroke-b59a3c/index.html
[02:32:58] [INFO]    delete mode 100644 docs/jobs/clinical-assistant-professor-nursing-dean-nursing-university-of-rhode-island-90ce2c/index.html
[02:32:58] [INFO]    delete mode 100644 docs/jobs/clinical-assistant-professor-of-clinical-practice-psychology-university-of-rhode-island-896155/index.html
[02:32:58] [INFO]    delete mode 100644 docs/jobs/clinical-assistant-professor-of-early-childhood-education-university-of-mississippi-96f2cc/index.html
[02:32:58] [INFO]    delete mode 100644 docs/jobs/clinical-assistant-professor-of-family-medicine-practitioner-university-of-southern-california-9e4ed1/index.html
[02:32:58] [INFO]    delete mode 100644 docs/jobs/clinical-assistant-professor-of-higher-education-administrat-university-of-florida-33a019/index.html
[02:32:58] [INFO]    delete mode 100644 docs/jobs/clinical-assistant-professor-of-jewish-studies-and-values-yeshiva-university-9c184f/index.html
[02:32:58] [INFO]    delete mode 100644 docs/jobs/clinical-assistant-professor-of-nursing-dnp-agacnp-crna-hofstra-university-aefca2/index.html
[02:32:58] [INFO]    delete mode 100644 docs/jobs/clinical-assistant-professor-of-nursing-hofstra-university-67402b/index.html
[02:32:58] [INFO]    delete mode 100644 docs/jobs/clinical-assistant-professor-of-nursing-indiana-university-2667f2/index.html
[02:32:58] [INFO]    delete mode 100644 docs/jobs/clinical-assistant-professor-of-pediatrics-clinician-educato-university-of-southern-california-462326/index.html
[02:32:58] [INFO]    delete mode 100644 docs/jobs/clinical-assistant-professor-of-pharmacy-practice-pharmacy-p-university-of-rhode-island-0d6379/index.html
[02:32:58] [INFO]    delete mode 100644 docs/jobs/clinical-assistant-professor-of-school-psychology-university-of-florida-e51adf/index.html
[02:32:58] [INFO]    delete mode 100644 docs/jobs/clinical-assistant-professor-oncology-rutgers-the-state-university-of-new-jers-d1fc83/index.html
[02:32:58] [INFO]    delete mode 100644 docs/jobs/clinical-assistant-professor-or-clinical-associate-professor-unc-chapel-hill-318712/index.html
[02:32:58] [INFO]    delete mode 100644 docs/jobs/clinical-assistant-professor-or-clinical-associate-professor-unc-chapel-hill-8653ea/index.html
[02:32:58] [INFO]    delete mode 100644 docs/jobs/clinical-assistant-professor-or-clinical-associate-professor-university-of-washington-35e250/index.html
[02:32:58] [INFO]    delete mode 100644 docs/jobs/clinical-assistant-professor-or-clinical-associate-professor-university-of-washington-6d756c/index.html
[02:32:58] [INFO]    delete mode 100644 docs/jobs/clinical-assistant-professor-or-clinical-associate-professor-university-of-washington-a433dc/index.html
[02:32:58] [INFO]    delete mode 100644 docs/jobs/clinical-assistant-professor-or-clinical-associate-professor-university-of-washington-f31f00/index.html
[02:32:58] [INFO]    delete mode 100644 docs/jobs/clinical-assistant-professor-or-clinical-instructor-university-of-vermont-937fc8/index.html
[02:32:58] [INFO]    delete mode 100644 docs/jobs/clinical-assistant-professor-oral-and-maxillofacial-surgery-university-of-florida-fd0bb4/index.html
[02:32:58] [INFO]    delete mode 100644 docs/jobs/clinical-assistant-professor-otolaryngology-ent-414401-unc-chapel-hill-b60492/index.html
[02:32:58] [INFO]    delete mode 100644 docs/jobs/clinical-assistant-professor-pa-emory-and-henry-university-559195/index.html
[02:32:58] [INFO]    delete mode 100644 docs/jobs/clinical-assistant-professor-pain-management-anesthesiologis-suny-upstate-medical-university-455466/index.html
[02:32:58] [INFO]    delete mode 100644 docs/jobs/clinical-assistant-professor-pediatric-cardiac-critical-care-university-of-florida-fdb970/index.html
[02:32:58] [INFO]    delete mode 100644 docs/jobs/clinical-assistant-professor-pediatric-neurology-suny-upstate-medical-university-b98444/index.html
[02:32:58] [INFO]    delete mode 100644 docs/jobs/clinical-assistant-professor-pediatric-palliative-care-suny-upstate-medical-university-cff0f3/index.html
[02:32:58] [INFO]    delete mode 100644 docs/jobs/clinical-assistant-professor-pediatric-radiologist-suny-upstate-medical-university-2e6323/index.html
[02:32:58] [INFO]    delete mode 100644 docs/jobs/clinical-assistant-professor-pediatrics-internal-medicine-pr-suny-upstate-medical-university-5b1746/index.html
[02:32:58] [INFO]    delete mode 100644 docs/jobs/clinical-assistant-professor-pediatrics-internal-medicine-suny-upstate-medical-university-2a2e26/index.html
[02:32:58] [INFO]    delete mode 100644 docs/jobs/clinical-assistant-professor-periodontology-university-of-florida-d04b04/index.html
[02:32:58] [INFO]    delete mode 100644 docs/jobs/clinical-assistant-professor-primary-care-internal-medicine-suny-upstate-medical-university-3e06f9/index.html
[02:32:58] [INFO]    delete mode 100644 docs/jobs/clinical-assistant-professor-principal-faculty-emory-and-henry-university-2550b5/index.html
[02:32:58] [INFO]    delete mode 100644 docs/jobs/clinical-assistant-professor-psychiatrist-adult-outpatient-suny-upstate-medical-university-0cf37a/index.html
[02:32:58] [INFO]    delete mode 100644 docs/jobs/clinical-assistant-professor-pulmonary-critical-care-and-sle-university-of-washington-7ed093/index.html
[02:32:58] [INFO]    delete mode 100644 docs/jobs/clinical-assistant-professor-pulmonary-suny-upstate-medical-university-4d08b8/index.html
[02:32:58] [INFO]    delete mode 100644 docs/jobs/clinical-assistant-professor-rheumatologist-clinician-educat-suny-upstate-medical-university-7e3c9c/index.html
[02:32:58] [INFO]    delete mode 100644 docs/jobs/clinical-assistant-professor-safety-and-construction-science-university-of-new-hampshire-system-a0a763/index.html
[02:32:58] [INFO]    delete mode 100644 docs/jobs/clinical-assistant-professor-school-of-nursing-7567-idaho-state-university-79e371/index.html
[02:32:58] [INFO]    delete mode 100644 docs/jobs/clinical-assistant-professor-suny-upstate-medical-university-21c962/index.html
[02:32:58] [INFO]    delete mode 100644 docs/jobs/clinical-assistant-professor-suny-upstate-medical-university-24512d/index.html
[02:32:58] [INFO]    delete mode 100644 docs/jobs/clinical-assistant-professor-suny-upstate-medical-university-2873e6/index.html
[02:32:58] [INFO]    delete mode 100644 docs/jobs/clinical-assistant-professor-suny-upstate-medical-university-2971a9/index.html
[02:32:58] [INFO]    delete mode 100644 docs/jobs/clinical-assistant-professor-suny-upstate-medical-university-306adf/index.html
[02:32:58] [INFO]    delete mode 100644 docs/jobs/clinical-assistant-professor-suny-upstate-medical-university-3a5967/index.html
[02:32:58] [INFO]    delete mode 100644 docs/jobs/clinical-assistant-professor-suny-upstate-medical-university-463ae4/index.html
[02:32:58] [INFO]    delete mode 100644 docs/jobs/clinical-assistant-professor-suny-upstate-medical-university-6011fe/index.html
[02:32:58] [INFO]    delete mode 100644 docs/jobs/clinical-assistant-professor-suny-upstate-medical-university-709de4/index.html
[02:32:58] [INFO]    delete mode 100644 docs/jobs/clinical-assistant-professor-suny-upstate-medical-university-87b00f/index.html
[02:32:58] [INFO]    delete mode 100644 docs/jobs/clinical-assistant-professor-suny-upstate-medical-university-8cb371/index.html
[02:32:58] [INFO]    delete mode 100644 docs/jobs/clinical-assistant-professor-suny-upstate-medical-university-ac2f96/index.html
[02:32:58] [INFO]    delete mode 100644 docs/jobs/clinical-assistant-professor-suny-upstate-medical-university-c140a6/index.html
[02:32:58] [INFO]    delete mode 100644 docs/jobs/clinical-assistant-professor-suny-upstate-medical-university-cf715e/index.html
[02:32:58] [INFO]    delete mode 100644 docs/jobs/clinical-assistant-professor-suny-upstate-medical-university-e1bb8e/index.html
[02:32:58] [INFO]    delete mode 100644 docs/jobs/clinical-assistant-professor-surgical-critical-care-rutgers-the-state-university-of-new-jers-9769dc/index.html
[02:32:58] [INFO]    delete mode 100644 docs/jobs/clinical-assistant-professor-tcl-obstetrics-and-gynecology-suny-downstate-health-sciences-universit-b0c568/index.html
[02:32:58] [INFO]    delete mode 100644 docs/jobs/clinical-assistant-professor-tcl-obstetrics-and-gynecology-suny-downstate-health-sciences-universit-d8c3af/index.html
[02:32:58] [INFO]    delete mode 100644 docs/jobs/clinical-assistant-professor-teaching-hospitalist-family-med-idaho-state-university-4dbb6c/index.html
[02:32:58] [INFO]    delete mode 100644 docs/jobs/clinical-assistant-professor-trauma-acs-surgeon-suny-upstate-medical-university-ac6197/index.html
[02:32:58] [INFO]    delete mode 100644 docs/jobs/clinical-assistant-professor-university-of-new-hampshire-system-a69ad4/index.html
[02:32:58] [INFO]    delete mode 100644 docs/jobs/clinical-assistant-professor-university-of-southern-california-9da333/index.html
[02:32:58] [INFO]    delete mode 100644 docs/jobs/clinical-assistant-professor-urologic-oncologist-university-of-florida-8a28f3/index.html
[02:32:58] [INFO]    delete mode 100644 docs/jobs/clinical-assistant-professor-urology-414101-unc-chapel-hill-7bff0b/index.html
[02:32:58] [INFO]    delete mode 100644 docs/jobs/clinical-assistant-professor-urology-414101-unc-chapel-hill-9fbba7/index.html
[02:32:58] [INFO]    delete mode 100644 docs/jobs/clinical-assistant-professor-vascular-surgery-suny-upstate-medical-university-6228ad/index.html
[02:32:58] [INFO]    delete mode 100644 docs/jobs/clinical-assistant-professor-women-s-imaging-radiologist-suny-upstate-medical-university-616483/index.html
[02:32:58] [INFO]    delete mode 100644 docs/jobs/course-instructor-alder-graduate-school-of-education-a2e187/index.html
[02:32:58] [INFO]    rename docs/jobs/{clinical-assistant-professor-suny-upstate-medical-university-ab6f3a => lecturer-university-of-miami-9c6924}/index.html (51%)
[02:32:58] [INFO]    create mode 100644 docs/jobs/multiple-open-rank-and-open-track-faculty-position-s-assista-columbia-university-ff1191/index.html
[02:32:58] [INFO]    create mode 100644 docs/jobs/psychiatrist-clinical-assistant-associate-professor-psychiat-stony-brook-university-suny-d5deac/index.html
[02:32:58] [INFO]    delete mode 100644 docs/jobs/research-assistant-professor-supportive-care-in-cancer-university-of-rochester-7dd975/index.html
[02:32:58] [INFO]    create mode 100644 docs/jobs/time-faculty-department-of-experiential-engineering-educatio-rowan-university-802586/index.html
[02:32:58] [OK] git commit succeeded.
[02:32:58] [INFO] Running: C:\Program Files\Git\cmd\git.exe push
[02:33:00] [INFO]   [stderr] To https://github.com/sazeka/Faculty-Jobs.git
[02:33:00] [INFO]   [stderr]  ! [rejected]        main -> main (fetch first)
[02:33:00] [INFO]   [stderr] error: failed to push some refs to 'https://github.com/sazeka/Faculty-Jobs.git'
[02:33:00] [INFO]   [stderr] hint: Updates were rejected because the remote contains work that you do not
[02:33:00] [INFO]   [stderr] hint: have locally. This is usually caused by another repository pushing to
[02:33:00] [INFO]   [stderr] hint: the same ref. If you want to integrate the remote changes, use
[02:33:00] [INFO]   [stderr] hint: 'git pull' before pushing again.
[02:33:00] [INFO]   [stderr] hint: See the 'Note about fast-forwards' in 'git push --help' for details.
[02:33:00] [ERROR] git push FAILED (exit code 1)
[02:33:00] [WARN] Push rejected - fetching and merging remote changes...
[02:33:00] [INFO] Running: C:\Program Files\Git\cmd\git.exe fetch
[02:33:02] [INFO]   [stderr] From https://github.com/sazeka/Faculty-Jobs
[02:33:02] [INFO]   [stderr]    52d3a6e..f5b15b7  main       -> origin/main
[02:33:02] [OK] git fetch succeeded.
[02:33:02] [INFO] Running: C:\Program Files\Git\cmd\git.exe merge -X ours origin/main
[02:33:07] [INFO]   [stderr] warning: in the working copy of 'generated/enrichment-report.json', LF will be replaced by CRLF the next time Git touches it
[02:33:07] [INFO]   [stderr] warning: in the working copy of 'generated/job-descriptions-report.json', LF will be replaced by CRLF the next time Git touches it
[02:33:07] [INFO]   [stderr] warning: in the working copy of 'generated/job-pages.json', LF will be replaced by CRLF the next time Git touches it
[02:33:07] [INFO]   [stderr] warning: in the working copy of 'generated/job-presence-report.json', LF will be replaced by CRLF the next time Git touches it
[02:33:07] [INFO]   [stderr] warning: in the working copy of 'generated/job-presence.json', LF will be replaced by CRLF the next time Git touches it
[02:33:07] [INFO]   [stderr] warning: in the working copy of 'generated/job-url-cache.json', LF will be replaced by CRLF the next time Git touches it
[02:33:07] [INFO]   [stderr] warning: in the working copy of 'generated/job-url-dead.json', LF will be replaced by CRLF the next time Git touches it
[02:33:07] [INFO]   [stderr] warning: in the working copy of 'generated/job-url-report.json', LF will be replaced by CRLF the next time Git touches it
[02:33:07] [INFO]   [stderr] warning: in the working copy of 'generated/live-site-health.json', LF will be replaced by CRLF the next time Git touches it
[02:33:07] [INFO]   [stderr] warning: in the working copy of 'generated/post-quality-report.json', LF will be replaced by CRLF the next time Git touches it
[02:33:07] [INFO]   [stderr] warning: in the working copy of 'web-vue/public/data/chunks/ak.json', LF will be replaced by CRLF the next time Git touches it
[02:33:07] [INFO]   [stderr] warning: in the working copy of 'web-vue/public/data/chunks/al.json', LF will be replaced by CRLF the next time Git touches it
[02:33:07] [INFO]   [stderr] warning: in the working copy of 'web-vue/public/data/chunks/ar.json', LF will be replaced by CRLF the next time Git touches it
[02:33:07] [INFO]   [stderr] warning: in the working copy of 'web-vue/public/data/chunks/az.json', LF will be replaced by CRLF the next time Git touches it
[02:33:07] [INFO]   [stderr] warning: in the working copy of 'web-vue/public/data/chunks/ca-private.json', LF will be replaced by CRLF the next time Git touches it
[02:33:07] [INFO]   [stderr] warning: in the working copy of 'web-vue/public/data/chunks/claremont-colleges.json', LF will be replaced by CRLF the next time Git touches it
[02:33:07] [INFO]   [stderr] warning: in the working copy of 'web-vue/public/data/chunks/claremont.json', LF will be replaced by CRLF the next time Git touches it
[02:33:07] [INFO]   [stderr] warning: in the working copy of 'web-vue/public/data/chunks/co.json', LF will be replaced by CRLF the next time Git touches it
[02:33:07] [INFO]   [stderr] warning: in the working copy of 'web-vue/public/data/chunks/csu.json', LF will be replaced by CRLF the next time Git touches it
[02:33:07] [INFO]   [stderr] warning: in the working copy of 'web-vue/public/data/chunks/ct-state.json', LF will be replaced by CRLF the next time Git touches it
[02:33:07] [INFO]   [stderr] warning: in the working copy of 'web-vue/public/data/chunks/ct.json', LF will be replaced by CRLF the next time Git touches it
[02:33:07] [INFO]   [stderr] warning: in the working copy of 'web-vue/public/data/chunks/de.json', LF will be replaced by CRLF the next time Git touches it
[02:33:07] [INFO]   [stderr] warning: in the working copy of 'web-vue/public/data/chunks/fl.json', LF will be replaced by CRLF the next time Git touches it
[02:33:07] [INFO]   [stderr] warning: in the working copy of 'web-vue/public/data/chunks/ga.json', LF will be replaced by CRLF the next time Git touches it
[02:33:07] [INFO]   [stderr] warning: in the working copy of 'web-vue/public/data/chunks/hi.json', LF will be replaced by CRLF the next time Git touches it
[02:33:07] [INFO]   [stderr] warning: in the working copy of 'web-vue/public/data/chunks/ia.json', LF will be replaced by CRLF the next time Git touches it
[02:33:07] [INFO]   [stderr] warning: in the working copy of 'web-vue/public/data/chunks/id.json', LF will be replaced by CRLF the next time Git touches it
[02:33:07] [INFO]   [stderr] warning: in the working copy of 'web-vue/public/data/chunks/il.json', LF will be replaced by CRLF the next time Git touches it
[02:33:07] [INFO]   [stderr] warning: in the working copy of 'web-vue/public/data/chunks/in.json', LF will be replaced by CRLF the next time Git touches it
[02:33:07] [INFO]   [stderr] warning: in the working copy of 'web-vue/public/data/chunks/ks.json', LF will be replaced by CRLF the next time Git touches it
[02:33:07] [INFO]   [stderr] warning: in the working copy of 'web-vue/public/data/chunks/ky.json', LF will be replaced by CRLF the next time Git touches it
[02:33:07] [INFO]   [stderr] warning: in the working copy of 'web-vue/public/data/chunks/la.json', LF will be replaced by CRLF the next time Git touches it
[02:33:07] [INFO]   [stderr] warning: in the working copy of 'web-vue/public/data/chunks/ma.json', LF will be replaced by CRLF the next time Git touches it
[02:33:07] [INFO]   [stderr] warning: in the working copy of 'web-vue/public/data/chunks/md.json', LF will be replaced by CRLF the next time Git touches it
[02:33:07] [INFO]   [stderr] warning: in the working copy of 'web-vue/public/data/chunks/me.json', LF will be replaced by CRLF the next time Git touches it
[02:33:07] [INFO]   [stderr] warning: in the working copy of 'web-vue/public/data/chunks/mi.json', LF will be replaced by CRLF the next time Git touches it
[02:33:07] [INFO]   [stderr] warning: in the working copy of 'web-vue/public/data/chunks/mn.json', LF will be replaced by CRLF the next time Git touches it
[02:33:07] [INFO]   [stderr] warning: in the working copy of 'web-vue/public/data/chunks/mo.json', LF will be replaced by CRLF the next time Git touches it
[02:33:07] [INFO]   [stderr] warning: in the working copy of 'web-vue/public/data/chunks/ms.json', LF will be replaced by CRLF the next time Git touches it
[02:33:07] [INFO]   [stderr] warning: in the working copy of 'web-vue/public/data/chunks/mt.json', LF will be replaced by CRLF the next time Git touches it
[02:33:07] [INFO]   [stderr] warning: in the working copy of 'web-vue/public/data/chunks/nc.json', LF will be replaced by CRLF the next time Git touches it
[02:33:07] [INFO]   [stderr] warning: in the working copy of 'web-vue/public/data/chunks/nd.json', LF will be replaced by CRLF the next time Git touches it
[02:33:07] [INFO]   [stderr] warning: in the working copy of 'web-vue/public/data/chunks/ne.json', LF will be replaced by CRLF the next time Git touches it
[02:33:07] [INFO]   [stderr] warning: in the working copy of 'web-vue/public/data/chunks/nh.json', LF will be replaced by CRLF the next time Git touches it
[02:33:07] [INFO]   [stderr] warning: in the working copy of 'web-vue/public/data/chunks/nj.json', LF will be replaced by CRLF the next time Git touches it
[02:33:07] [INFO]   [stderr] warning: in the working copy of 'web-vue/public/data/chunks/nm.json', LF will be replaced by CRLF the next time Git touches it
[02:33:07] [INFO]   [stderr] warning: in the working copy of 'web-vue/public/data/chunks/nv.json', LF will be replaced by CRLF the next time Git touches it
[02:33:07] [INFO]   [stderr] warning: in the working copy of 'web-vue/public/data/chunks/ny.json', LF will be replaced by CRLF the next time Git touches it
[02:33:07] [INFO]   [stderr] warning: in the working copy of 'web-vue/public/data/chunks/oh.json', LF will be replaced by CRLF the next time Git touches it
[02:33:07] [INFO]   [stderr] warning: in the working copy of 'web-vue/public/data/chunks/ok.json', LF will be replaced by CRLF the next time Git touches it
[02:33:07] [INFO]   [stderr] warning: in the working copy of 'web-vue/public/data/chunks/or.json', LF will be replaced by CRLF the next time Git touches it
[02:33:07] [INFO]   [stderr] warning: in the working copy of 'web-vue/public/data/chunks/pa.json', LF will be replaced by CRLF the next time Git touches it
[02:33:07] [INFO]   [stderr] warning: in the working copy of 'web-vue/public/data/chunks/ri.json', LF will be replaced by CRLF the next time Git touches it
[02:33:07] [INFO]   [stderr] warning: in the working copy of 'web-vue/public/data/chunks/sc.json', LF will be replaced by CRLF the next time Git touches it
[02:33:07] [INFO]   [stderr] warning: in the working copy of 'web-vue/public/data/chunks/sd.json', LF will be replaced by CRLF the next time Git touches it
[02:33:07] [INFO]   [stderr] warning: in the working copy of 'web-vue/public/data/chunks/tn.json', LF will be replaced by CRLF the next time Git touches it
[02:33:07] [INFO]   [stderr] warning: in the working copy of 'web-vue/public/data/chunks/tx.json', LF will be replaced by CRLF the next time Git touches it
[02:33:07] [INFO]   [stderr] warning: in the working copy of 'web-vue/public/data/chunks/uc.json', LF will be replaced by CRLF the next time Git touches it
[02:33:07] [INFO]   [stderr] warning: in the working copy of 'web-vue/public/data/chunks/umass.json', LF will be replaced by CRLF the next time Git touches it
[02:33:07] [INFO]   [stderr] warning: in the working copy of 'web-vue/public/data/chunks/ut.json', LF will be replaced by CRLF the next time Git touches it
[02:33:07] [INFO]   [stderr] warning: in the working copy of 'web-vue/public/data/chunks/va.json', LF will be replaced by CRLF the next time Git touches it
[02:33:07] [INFO]   [stderr] warning: in the working copy of 'web-vue/public/data/chunks/vt.json', LF will be replaced by CRLF the next time Git touches it
[02:33:07] [INFO]   [stderr] warning: in the working copy of 'web-vue/public/data/chunks/wa.json', LF will be replaced by CRLF the next time Git touches it
[02:33:07] [INFO]   [stderr] warning: in the working copy of 'web-vue/public/data/chunks/wi.json', LF will be replaced by CRLF the next time Git touches it
[02:33:07] [INFO]   [stderr] warning: in the working copy of 'web-vue/public/data/chunks/wv.json', LF will be replaced by CRLF the next time Git touches it
[02:33:07] [INFO]   [stderr] warning: in the working copy of 'web-vue/public/data/chunks/wy.json', LF will be replaced by CRLF the next time Git touches it
[02:33:07] [INFO]   [stderr] warning: in the working copy of 'web-vue/public/data/jobs-manifest.json', LF will be replaced by CRLF the next time Git touches it
[02:33:07] [INFO]   [stderr] warning: in the working copy of 'web-vue/public/data/site-stats.json', LF will be replaced by CRLF the next time Git touches it
[02:33:07] [INFO]   [stderr] warning: in the working copy of 'web-vue/public/jobs.json', LF will be replaced by CRLF the next time Git touches it
[02:33:07] [INFO]   [stderr] error: Your local changes to the following files would be overwritten by merge:
[02:33:07] [INFO]   [stderr] 	generated/enrichment-report.json
[02:33:07] [INFO]   [stderr] 	generated/job-descriptions-report.json
[02:33:07] [INFO]   [stderr] 	generated/job-presence-report.json
[02:33:07] [INFO]   [stderr] 	generated/job-presence.json
[02:33:07] [INFO]   [stderr] 	generated/job-url-cache.json
[02:33:07] [INFO]   [stderr] 	generated/job-url-dead.json
[02:33:07] [INFO]   [stderr] 	generated/job-url-report.json
[02:33:07] [INFO]   [stderr] Please commit your changes or stash them before you merge.
[02:33:07] [INFO]   [stderr] Aborting
[02:33:07] [INFO]   [stderr] Merge with strategy ort failed.
[02:33:07] [ERROR] git merge -X ours FAILED (exit code 2)
[02:33:07] [INFO] Running: C:\Program Files\Git\cmd\git.exe push
[02:33:09] [INFO]   [stderr] To https://github.com/sazeka/Faculty-Jobs.git
[02:33:09] [INFO]   [stderr]  ! [rejected]        main -> main (non-fast-forward)
[02:33:09] [INFO]   [stderr] error: failed to push some refs to 'https://github.com/sazeka/Faculty-Jobs.git'
[02:33:09] [INFO]   [stderr] hint: Updates were rejected because the tip of your current branch is behind
[02:33:09] [INFO]   [stderr] hint: its remote counterpart. If you want to integrate the remote changes,
[02:33:09] [INFO]   [stderr] hint: use 'git pull' before pushing again.
[02:33:09] [INFO]   [stderr] hint: See the 'Note about fast-forwards' in 'git push --help' for details.
[02:33:09] [ERROR] git push (retry) FAILED (exit code 1)
[02:33:09] [ERROR] Push failed after merge retry.
[02:33:09] [INFO] 
[02:33:09] [INFO] --------------------------------------------------
[02:33:09] [INFO]   Step 7/8 - Validate job URLs
[02:33:09] [INFO] --------------------------------------------------
[02:33:09] [INFO] Running: C:\Program Files\nodejs\npm.cmd run verify:job-urls
[02:33:38] [INFO]   
[02:33:38] [INFO]   > faculty-jobs@1.0.0 verify:job-urls
[02:33:38] [INFO]   > node scripts/verify-job-urls.js
[02:33:38] [INFO]   
[02:33:38] [INFO]   
[02:33:38] [INFO]   Faculty Atlas - Job URL Validator
[02:33:38] [INFO]     Sample: 8/source | Concurrency: 6 | Recheck: every 7d | Timeout: 12000ms
[02:33:38] [INFO]   
[02:33:38] [INFO]   Loaded 6,424 jobs.
[02:33:38] [INFO]     374 URLs selected to check this run (6050 not sampled or already fresh in cache)
[02:33:38] [INFO]   
[02:33:38] [INFO]   
[02:33:38] [INFO]     Checked 10/374...
[02:33:38] [INFO]     Checked 20/374...
[02:33:38] [INFO]     Checked 30/374...
[02:33:38] [INFO]     Checked 40/374...
[02:33:38] [INFO]     Checked 50/374...
[02:33:38] [INFO]     Checked 60/374...
[02:33:38] [INFO]     Checked 70/374...
[02:33:38] [INFO]     Checked 80/374...
[02:33:38] [INFO]     Checked 90/374...
[02:33:38] [INFO]     Checked 100/374...
[02:33:38] [INFO]     Checked 110/374...
[02:33:38] [INFO]     Checked 120/374...
[02:33:38] [INFO]     Checked 130/374...
[02:33:38] [INFO]     Checked 140/374...
[02:33:38] [INFO]     Checked 150/374...
[02:33:38] [INFO]     Checked 160/374...
[02:33:38] [INFO]     Checked 170/374...
[02:33:38] [INFO]     Checked 180/374...
[02:33:38] [INFO]     Checked 190/374...
[02:33:38] [INFO]     Checked 200/374...
[02:33:38] [INFO]     Checked 210/374...
[02:33:38] [INFO]     Checked 220/374...
[02:33:38] [INFO]     Checked 230/374...
[02:33:38] [INFO]     Checked 240/374...
[02:33:38] [INFO]     Checked 250/374...
[02:33:38] [INFO]     Checked 260/374...
[02:33:38] [INFO]     Checked 270/374...
[02:33:38] [INFO]     Checked 280/374...
[02:33:38] [INFO]     Checked 290/374...
[02:33:38] [INFO]     Checked 300/374...
[02:33:38] [INFO]     Checked 310/374...
[02:33:38] [INFO]     Checked 320/374...
[02:33:38] [INFO]     Checked 330/374...
[02:33:38] [INFO]     Checked 340/374...
[02:33:38] [INFO]     Checked 350/374...
[02:33:38] [INFO]     Checked 360/374...
[02:33:38] [INFO]     Checked 370/374...
[02:33:38] [INFO]     Checked 374/374...
[02:33:38] [INFO]   
[02:33:38] [INFO]   -- Results (this run) --
[02:33:38] [INFO]     OK        : 367
[02:33:38] [INFO]     Dead      : 0  (404/410)
[02:33:38] [INFO]     Redirected: 0  (redirected to homepage)
[02:33:38] [INFO]     Blocked   : 7  (403/405 - assumed live)
[02:33:38] [INFO]     Timeout   : 0
[02:33:38] [INFO]     Other     : 0
[02:33:38] [INFO]   
[02:33:38] [INFO]   -- Overall (from cache) --
[02:33:38] [INFO]     URLs in cache  : 8,365 / 6,424 (130.2% coverage)
[02:33:38] [INFO]     Confirmed dead : 0
[02:33:38] [INFO]   
[02:33:38] [INFO]     Report  : generated\job-url-report.json
[02:33:38] [INFO]     Dead    : generated\job-url-dead.json
[02:33:38] [INFO]     Cache   : generated\job-url-cache.json
[02:33:38] [INFO]   
[02:33:38] [OK] Verify job URLs succeeded.
[02:33:38] [INFO] 
[02:33:38] [INFO] --------------------------------------------------
[02:33:38] [INFO]   Step 8/8 - Monitor live site
[02:33:38] [INFO] --------------------------------------------------
[02:33:38] [INFO] Waiting 30s for GitHub Pages to propagate...
[02:34:08] [INFO] Running: C:\Program Files\nodejs\npm.cmd run monitor:live
[02:34:10] [INFO]   
[02:34:10] [INFO]   > faculty-jobs@1.0.0 monitor:live
[02:34:10] [INFO]   > node scripts/monitor-live-site.js
[02:34:10] [INFO]   
[02:34:10] [INFO]   
[02:34:10] [INFO]   🔍 Faculty Atlas — Live Site Health Check
[02:34:10] [INFO]      Target: https://sazeka.github.io/Faculty-Jobs
[02:34:10] [INFO]      Freshness limit: warn >7d, fail >14d
[02:34:10] [INFO]      Min job count: 500
[02:34:10] [INFO]   
[02:34:10] [INFO]   ── Availability ─────────────────────────────
[02:34:10] [INFO]     ✅ [PASS] Site root reachable: HTTP 200
[02:34:10] [INFO]   
[02:34:10] [INFO]   ── Assets ───────────────────────────────────
[02:34:10] [INFO]     ❌ [FAIL] JS bundle loads: HTTP 404
[02:34:10] [INFO]     ❌ [FAIL] CSS bundle loads: HTTP 404
[02:34:10] [INFO]   
[02:34:10] [INFO]   ── Data ─────────────────────────────────────
[02:34:10] [INFO]     ✅ [PASS] Manifest loads: 56 chunks declared
[02:34:10] [INFO]     ✅ [PASS] Job count meets minimum: 6,276 jobs (min: 500)
[02:34:10] [INFO]     ✅ [PASS] Data freshness: 5.0 days old (scraped 6/13/2026)
[02:34:10] [INFO]   
[02:34:10] [INFO]   ── Chunk spot-check ─────────────────────────
[02:34:10] [INFO]     ✅ [PASS] Chunk nc: 259 jobs
[02:34:10] [INFO]     ✅ [PASS] Chunk ak: 21 jobs
[02:34:10] [INFO]     ✅ [PASS] Chunk nv: 76 jobs
[02:34:10] [INFO]   
[02:34:10] [INFO]   ── Map data ─────────────────────────────────
[02:34:10] [INFO]     ✅ [PASS] College coordinates: 531 entries
[02:34:10] [INFO]   
[02:34:10] [INFO]   ─────────────────────────────────────────────
[02:34:10] [INFO]   ❌ Overall: FAIL  (8 passed, 0 warned, 2 failed) — 0.9s
[02:34:10] [INFO]      Report written to generated/live-site-health.json
[02:34:10] [INFO]   
[02:34:10] [ERROR] Monitor FAILED (exit code 1)
[02:34:10] [INFO] 
[02:34:10] [INFO] ================================================
[02:34:10] [INFO]   [FAILED]  Daily update finished with errors - check log.
[02:34:10] [INFO]   Log: C:\Users\StevenAzeka\OneDrive\Documents\GitHub\Faculty-Jobs\generated\automation-logs\daily-update-2026-06-18_02-00-01.log
[02:34:10] [INFO] ================================================
[02:34:10] [INFO] 
