[02:00:01] [INFO] ================================================
[02:00:01] [INFO]   Faculty Atlas - Daily Update
[02:00:01] [INFO]   Friday, June 12 2026 02:00:01
[02:00:01] [INFO]   Project: C:\Users\StevenAzeka\OneDrive\Documents\GitHub\Faculty-Jobs
[02:00:01] [INFO] ================================================
[02:00:01] [INFO] 
[02:00:01] [INFO] --------------------------------------------------
[02:00:01] [INFO]   Step 1/5 - Scrape jobs
[02:00:01] [INFO] --------------------------------------------------
[02:00:01] [INFO] Running: C:\Program Files\nodejs\npm.cmd run scrape:json
[02:12:05] [INFO]   
[02:12:05] [INFO]   > faculty-jobs@1.0.0 scrape:json
[02:12:05] [INFO]   > node scripts/scrape-to-json.js
[02:12:05] [INFO]   
[02:12:05] [INFO]   🧾 Loaded policy exclusions: 12 institutions
[02:12:05] [INFO]   🏷️  Loaded private for-profit exclusions: 0 institutions
[02:12:05] [INFO]   ↪️  Arizona Christian University override URL applied
[02:12:05] [INFO]   Wesleyan University CT listings scraped: 3 (API)
[02:12:05] [INFO]   University of Hartford CT listings scraped: 16
[02:12:05] [INFO]   Arizona Western College AZ listings scraped: 0
[02:12:05] [INFO]   Community Christian College AZ listings scraped: 0
[02:12:05] [INFO]   Estrella Mountain Community College AZ listings scraped: 0
[02:12:05] [INFO]   Arizona State University Digital Immersion AZ listings scraped: 0
[02:12:05] [INFO]   Arizona State University Campus Immersion AZ listings scraped: 0
[02:12:05] [INFO]   ASU facultypositions listings scraped: 0
[02:12:05] [INFO]   Trinity College CT listings scraped: 5
[02:12:05] [INFO]   Prescott College AZ listings scraped: 0
[02:12:05] [INFO]   Arizona Board of Regents AZ listings scraped: 0
[02:12:05] [INFO]   UMass Lowell listing scraped: 4
[02:12:05] [INFO]   Fairfield University CT listings scraped: 4 (API)
[02:12:05] [INFO]   Eastern Arizona College AZ listings scraped: 0
[02:12:05] [INFO]   UMass Dartmouth listing scraped: 4
[02:12:05] [INFO]   Central Arizona College AZ listings scraped: 1
[02:12:05] [INFO]   Ottawa University-Surprise AZ listings scraped: 0
[02:12:05] [INFO]   Western Maricopa Education Center AZ listings scraped: 0
[02:12:05] [INFO]   Embry-Riddle Aeronautical University-Prescott AZ listings scraped: 0
[02:12:05] [INFO]   Northern Arizona University AZ listings scraped: 11
[02:12:05] [INFO]   ↪️  Cochise County Community College District: generic page hands off to schooljobs
[02:12:05] [INFO]   Connecticut College CT listings scraped: 16
[02:12:05] [INFO]   Yale University CT listings scraped: 0
[02:12:05] [INFO]   ↪️  Coconino Community College: generic page hands off to schooljobs
[02:12:05] [INFO]   University of Connecticut CT listings scraped: 14
[02:12:05] [INFO]   UMass Boston listing scraped: 27
[02:12:05] [INFO]   Quinnipiac University CT listings scraped: 6
[02:12:05] [INFO]   Arizona Christian University AZ listings scraped: 0
[02:12:06] [INFO]   Dine College AZ listings scraped: 0
[02:12:06] [INFO]   Cochise County Community College District AZ listings scraped: 0
[02:12:06] [INFO]   Cochise County Community College District AZ listings scraped: 0
[02:12:06] [INFO]   University of Arizona AZ listings scraped: 8
[02:12:06] [INFO]   Albertus Magnus College CT listings scraped: 0
[02:12:06] [INFO]   Charter Oak State College CT listings scraped: 0
[02:12:06] [INFO]   Coconino Community College AZ listings scraped: 1
[02:12:06] [INFO]   Central Connecticut State University CT listings scraped: 0
[02:12:06] [INFO]   Brandeis University MA listings scraped: 3 (API)
[02:12:06] [INFO]   UMass Amherst page 1: 6 jobs
[02:12:06] [INFO]   Eastern Connecticut State University CT listings scraped: 0
[02:12:06] [INFO]   UMass Amherst total scraped: 6
[02:12:06] [INFO]   University of Bridgeport CT listings scraped: 3
[02:12:06] [INFO]   Amherst College MA listings scraped: 2 (API)
[02:12:06] [INFO]   Connecticut State Community College CT listings scraped: 0
[02:12:06] [INFO]   Mount Holyoke College MA listings scraped: 2 (API)
[02:12:06] [INFO]   Tufts University MA listings scraped: 4 (Jibe API)
[02:12:06] [INFO]   Massachusetts Institute of Technology MA listings scraped: 0 (PeopleClick)
[02:12:06] [INFO]   UC Santa Barbara UC listings scraped: 60
[02:12:06] [INFO]   UC San Diego UC listings scraped: 168
[02:12:06] [INFO]   UC Berkeley UC listings scraped: 154
[02:12:06] [INFO]   UC Santa Cruz UC listings scraped: 86
[02:12:06] [INFO]   UC Riverside UC listings scraped: 90
[02:12:06] [INFO]   UC Merced UC listings scraped: 144
[02:12:06] [INFO]   UCLA UC listings scraped: 240
[02:12:06] [INFO]   UC Davis UC listings scraped: 221
[02:12:06] [INFO]   UC San Francisco UC listings scraped: 372
[02:12:06] [INFO]   UC Irvine UC listings scraped: 312
[02:12:06] [INFO]   Northeastern University MA listings scraped: 3 (API)
[02:12:06] [INFO]   Wellesley College MA listings scraped: 3 (API)
[02:12:06] [INFO]   Boston College MA listings scraped: 0
[02:12:06] [INFO]   Smith College MA listings scraped: 0 (Smith Interfolio page)
[02:12:06] [INFO]   Stanford University CA Private listings scraped: 15
[02:12:06] [INFO]   Boston University MA listings scraped: 0
[02:12:06] [INFO]   Babson College MA listings scraped: 0
[02:12:06] [INFO]   College of the Holy Cross MA listings scraped: 0 (Jobvite)
[02:12:06] [INFO]   Williams College MA listings scraped: 0
[02:12:06] [INFO]   Bentley University MA listings scraped: 3 (API)
[02:12:06] [INFO]   Academy for Jewish Religion California CA Private listings scraped: 0
[02:12:06] [INFO]   University of Southern California CA Private listings scraped: 13 (USC listing)
[02:12:06] [INFO]   ↪️  Alder Graduate School of Education override URL applied
[02:12:06] [INFO]   Springfield College-Regional, Online, and Continuing Education MA listings scraped: 0
[02:12:06] [INFO]   California Institute of Technology CA Private Taleo listings scraped: 0
[02:12:06] [INFO]   ↪️  Signature Healthcare Brockton Hospital School of Nursing: generic page hands off to csod
[02:12:06] [INFO]   Acupuncture and Integrative Medicine College-Berkeley CA Private listings scraped: 0
[02:12:06] [INFO]   Academy of Chinese Culture and Health Sciences CA Private listings scraped: 0
[02:12:06] [INFO]   Alder Graduate School of Education CA Private listings scraped: 1
[02:12:06] [INFO]   Allan Hancock College CA Private listings scraped: 0
[02:12:06] [INFO]   American International College MA listings scraped: 0
[02:12:06] [INFO]   Anna Maria College MA listings scraped: 1
[02:12:06] [INFO]   American Academy of Dramatic Arts-Los Angeles CA Private listings scraped: 0
[02:12:06] [INFO]   American Jewish University CA Private listings scraped: 0
[02:12:06] [INFO]   Assumption University MA listings scraped: 0
[02:12:06] [INFO]   Bard College at Simon's Rock MA listings scraped: 0
[02:12:06] [INFO]   ↪️  American River College: generic page hands off to schooljobs
[02:12:06] [INFO]   CSU listing scraped: 113
[02:12:06] [INFO]   Bay Path University MA listings scraped: 0
[02:12:06] [INFO]   Antioch University-Los Angeles CA Private listings scraped: 0
[02:12:06] [INFO]   Benjamin Franklin Cummings Institute of Technology MA listings scraped: 0
[02:12:06] [INFO]   Signature Healthcare Brockton Hospital School of Nursing MA listings scraped: 0
[02:12:06] [INFO]   Signature Healthcare Brockton Hospital School of Nursing MA listings scraped: 0
[02:12:06] [INFO]   Antioch University-Santa Barbara CA Private listings scraped: 0
[02:12:06] [INFO]   CT Faculty/Teaching results scraped: 24
[02:12:06] [INFO]   Montclair State University NJ listings scraped: 5 (API)
[02:12:06] [INFO]   William Paterson University NJ listings scraped: 6 (API)
[02:12:06] [INFO]   Berklee College of Music MA listings scraped: 0
[02:12:06] [INFO]   Kean University NJ listings scraped: 5 (API)
[02:12:06] [INFO]   American River College CA Private listings scraped: 0
[02:12:06] [INFO]   American River College CA Private listings scraped: 0
[02:12:06] [INFO]   Berkshire Community College MA listings scraped: 0
[02:12:06] [INFO]   ↪️  Boston Architectural College: generic page hands off to paycom
[02:12:06] [INFO]   Stevens Institute of Technology NJ listings scraped: 9 (API)
[02:12:06] [INFO]   Stockton University NJ listings scraped: 0
[02:12:06] [INFO]   ↪️  Antelope Valley Community College District: generic page hands off to schooljobs
[02:12:06] [INFO]   The College of New Jersey NJ listings scraped: 0
[02:12:06] [INFO]   Fairleigh Dickinson University NJ listings scraped: 31
[02:12:06] [INFO]   New Jersey City University NJ listings scraped: 0
[02:12:06] [INFO]   Boston Baptist College MA listings scraped: 0
[02:12:06] [INFO]   Ramapo College of New Jersey NJ listings scraped: 1
[02:12:06] [INFO]   Coalinga College CA Private listings scraped: 0
[02:12:06] [INFO]   Bridgewater State University MA listings scraped: 0
[02:12:06] [INFO]   Princeton University NJ listings scraped: 1
[02:12:06] [INFO]   Rider University NJ listings scraped: 1
[02:12:06] [INFO]   Lemoore College CA Private listings scraped: 0
[02:12:06] [INFO]   Antelope Valley Community College District CA Private listings scraped: 0
[02:12:06] [INFO]   Antelope Valley Community College District CA Private listings scraped: 0
[02:12:06] [INFO]   Boston Architectural College MA listings scraped: 3
[02:12:06] [INFO]   Bristol Community College MA listings scraped: 0
[02:12:06] [INFO]   Saint Peter's University NJ listings scraped: 8
[02:12:06] [INFO]   New Jersey Institute of Technology NJ listings scraped: 4
[02:12:06] [INFO]   Bunker Hill Community College MA listings scraped: 2
[02:12:06] [INFO]   Cambridge College MA listings scraped: 0
[02:12:06] [INFO]   Middlebury Institute of International Studies at Monterey CA Private listings scraped: 0
[02:12:06] [INFO]   Monmouth University NJ listings scraped: 6
[02:12:06] [INFO]   Moorpark College CA Private listings scraped: 0
[02:12:06] [INFO]   Los Angeles County College of Nursing and Allied Health CA Private listings scraped: 0
[02:12:06] [INFO]   Loma Linda University CA Private listings scraped: 0
[02:12:06] [INFO]   Capital Health School of Nursing NJ listings scraped: 0
[02:12:06] [INFO]   Clark University MA listings scraped: 0
[02:12:06] [INFO]   Cape Cod Community College MA listings scraped: 0
[02:12:06] [INFO]   Capital Health School of Radiologic Technology NJ listings scraped: 0
[02:12:06] [INFO]   College of Our Lady of the Elms MA listings scraped: 1
[02:12:06] [INFO]   ↪️  Dean College override URL applied
[02:12:06] [INFO]   Sanford Burnham Prebys Medical Discovery Institute CA Private listings scraped: 2
[02:12:06] [INFO]   Santiago Canyon College CA Private listings scraped: 0
[02:12:06] [INFO]   The Chicago School at Los Angeles CA Private listings scraped: 0
[02:12:06] [INFO]   The Chicago School at Anaheim CA Private listings scraped: 0
[02:12:06] [INFO]   Conway School of Landscape Design MA listings scraped: 0
[02:12:06] [INFO]   Hackensack Meridian School of Medicine NJ listings scraped: 0
[02:12:06] [INFO]   Seton Hall University NJ listings scraped: 19
[02:12:06] [INFO]   Curry College MA listings scraped: 0
[02:12:06] [INFO]   Dean College MA listings scraped: 1
[02:12:06] [INFO]   The Chicago School at San Diego CA Private listings scraped: 0
[02:12:06] [INFO]   Trinity Law School CA Private listings scraped: 0
[02:12:06] [INFO]   Holy Name Medical Center-Sister Claire Tynan School of Nursing NJ listings scraped: 0
[02:12:06] [INFO]   Azusa Pacific University CA Private listings scraped: 3
[02:12:06] [INFO]   Art Center College of Design CA Private listings scraped: 0
[02:12:06] [INFO]   Rutgers, The State University of New Jersey NJ listings scraped: 281
[02:12:06] [INFO]   Emerson College MA listings scraped: 1
[02:12:06] [INFO]   Atlantic Cape Community College NJ listings scraped: 0
[02:12:06] [INFO]   Eastern Nazarene College MA listings scraped: 0
[02:12:06] [INFO]   ↪️  Barstow Community College: generic page hands off to schooljobs
[02:12:06] [INFO]   Bergen Community College NJ listings scraped: 0
[02:12:06] [INFO]   Bakersfield College CA Private listings scraped: 0
[02:12:06] [INFO]   Beth Medrash Govoha NJ listings scraped: 0
[02:12:06] [INFO]   Emmanuel College MA listings scraped: 0
[02:12:06] [INFO]   Berkeley City College CA Private listings scraped: 0
[02:12:06] [INFO]   Bethesda University CA Private listings scraped: 0
[02:12:06] [INFO]   Rowan University NJ listings scraped: 19
[02:12:06] [INFO]   Bloomfield College of Montclair State University NJ listings scraped: 0
[02:12:06] [INFO]   ↪️  Fisher College: generic page hands off to paycom
[02:12:06] [INFO]   ↪️  Biola University: generic page hands off to csod
[02:12:06] [INFO]   Caldwell University NJ listings scraped: 1
[02:12:06] [INFO]   Cabrillo College CA Private listings scraped: 0
[02:12:06] [INFO]   ↪️  Endicott College: generic page hands off to workday
[02:12:06] [INFO]   ↪️  Brookdale Community College: generic page hands off to icims
[02:12:06] [INFO]   Fitchburg State University MA listings scraped: 0
[02:12:06] [INFO]   Endicott College MA listings scraped: 3 (API)
[02:12:06] [INFO]   Barstow Community College CA Private listings scraped: 0
[02:12:06] [INFO]   Barstow Community College CA Private listings scraped: 0
[02:12:06] [INFO]   Camden County College NJ listings scraped: 0
[02:12:06] [INFO]   Centenary University NJ listings scraped: 0
[02:12:06] [INFO]   Brookdale Community College NJ listings scraped: 0
[02:12:06] [INFO]   Brookdale Community College NJ listings scraped: 0
[02:12:06] [INFO]   County College of Morris NJ listings scraped: 1
[02:12:06] [INFO]   Franklin W Olin College of Engineering MA listings scraped: 0
[02:12:06] [INFO]   Drew University NJ listings scraped: 2
[02:12:06] [INFO]   ↪️  Butte College: generic page hands off to schooljobs
[02:12:06] [INFO]   California Baptist University CA Private listings scraped: 0
[02:12:06] [INFO]   Elizabeth City State University NC listings scraped: 5
[02:12:06] [INFO]   Fayetteville State University NC listings scraped: 7
[02:12:06] [INFO]   California College of the Arts CA Private listings scraped: 1
[02:12:06] [INFO]   Appalachian State University NC listings scraped: 24
[02:12:06] [INFO]   Fairleigh Dickinson University-Florham Campus NJ listings scraped: 1
[02:12:06] [INFO]   Fairleigh Dickinson University-Metropolitan Campus NJ listings scraped: 0
[02:12:06] [INFO]   Framingham State University MA listings scraped: 1
[02:12:06] [INFO]   Biola University CA Private listings scraped: 0
[02:12:06] [INFO]   Biola University CA Private listings scraped: 0
[02:12:06] [INFO]   North Carolina A&T State University NC listings scraped: 18
[02:12:06] [INFO]   Felician University NJ listings scraped: 0
[02:12:06] [INFO]   California Institute of Advanced Management CA Private listings scraped: 1
[02:12:06] [INFO]   UNC Asheville NC listings scraped: 1
[02:12:06] [INFO]   ↪️  Essex County College: generic page hands off to peopleadmin
[02:12:06] [INFO]   Essex County College NJ listings scraped: 0
[02:12:06] [INFO]   Essex County College NJ listings scraped: 0
[02:12:06] [INFO]   Fisher College MA listings scraped: 6
[02:12:06] [INFO]   California Institute of the Arts CA Private listings scraped: 0
[02:12:06] [INFO]   California Jazz Conservatory CA Private listings scraped: 0
[02:12:06] [INFO]   Butte College CA Private listings scraped: 2
[02:12:06] [INFO]   California Institute of Integral Studies CA Private listings scraped: 0
[02:12:06] [INFO]   William & Mary VA listings scraped: 0
[02:12:06] [INFO]   NC State University NC listings scraped: 2 (HTTP fallback)
[02:12:06] [INFO]   George Mason University VA listings scraped: 0
[02:12:06] [INFO]   California State Polytechnic University-Humboldt CA Private listings scraped: 2
[02:12:06] [INFO]   California Lutheran University CA Private listings scraped: 0
[02:12:06] [INFO]   University of Virginia VA listings scraped: 0 (Workday search API)
[02:12:06] [INFO]   Old Dominion University VA listings scraped: 22
[02:12:06] [INFO]   California State Polytechnic University-Pomona CA Private listings scraped: 0
[02:12:06] [INFO]   University of Richmond VA listings scraped: 4 (API)
[02:12:06] [INFO]   UNC Charlotte NC listings scraped: 7
[02:12:06] [INFO]   California Polytechnic State University-San Luis Obispo CA Private listings scraped: 0
[02:12:06] [INFO]   California State University-Bakersfield CA Private listings scraped: 0
[02:12:06] [INFO]   UNC Pembroke NC listings scraped: 21
[02:12:06] [INFO]   Washington and Lee University VA listings scraped: 0
[02:12:06] [INFO]   California State University-Chancellors Office CA Private listings scraped: 0
[02:12:06] [INFO]   Hollins University VA listings scraped: 1
[02:12:06] [INFO]   UNC School of the Arts NC listings scraped: 1
[02:12:06] [INFO]   California State University-Channel Islands CA Private listings scraped: 1
[02:12:06] [INFO]   ↪️  California State University-Chico: generic page hands off to pageup
[02:12:06] [INFO]   Centra College VA listings scraped: 0
[02:12:06] [INFO]   UNC Wilmington NC listings scraped: 0
[02:12:06] [INFO]   Virginia Commonwealth University VA listings scraped: 0
[02:12:06] [INFO]   California State University Maritime Academy CA Private listings scraped: 0
[02:12:06] [INFO]   California State University-Chico CA Private listings scraped: 0
[02:12:06] [INFO]   California State University-Chico CA Private listings scraped: 0
[02:12:06] [INFO]   Riverside College of Health Careers VA listings scraped: 0
[02:12:06] [INFO]   ↪️  California State University-East Bay: generic page hands off to pageup
[02:12:06] [INFO]   Appalachian College of Pharmacy VA listings scraped: 2
[02:12:06] [INFO]   Virginia Tech VA listings scraped: 66 (keyword search)
[02:12:06] [INFO]   East Carolina University NC listings scraped: 50
[02:12:06] [INFO]   California State University-Fresno CA Private listings scraped: 0
[02:12:06] [INFO]   Appalachian School of Law VA listings scraped: 1
[02:12:06] [INFO]   Agora University VA listings scraped: 0
[02:12:06] [INFO]   North Carolina Central University NC listings scraped: 19
[02:12:06] [INFO]   California State University-Dominguez Hills CA Private listings scraped: 0
[02:12:06] [INFO]   Winston-Salem State University NC listings scraped: 1
[02:12:06] [INFO]   Averett University VA listings scraped: 1
[02:12:06] [INFO]   ↪️  California State University-Long Beach: generic page hands off to pageup
[02:12:06] [INFO]   Bluefield University VA listings scraped: 0
[02:12:06] [INFO]   California State University-Long Beach CA Private listings scraped: 0
[02:12:06] [INFO]   California State University-Long Beach CA Private listings scraped: 0
[02:12:06] [INFO]   Western Carolina University NC listings scraped: 18
[02:12:06] [INFO]   Ascent College VA listings scraped: 0
[02:12:06] [INFO]   Bon Secours Memorial College of Nursing VA listings scraped: 1
[02:12:06] [INFO]   Wake Forest University NC listings scraped: 2
[02:12:06] [INFO]   Blue Ridge Community College VA listings scraped: 0
[02:12:06] [INFO]   California State University-Fullerton CA Private listings scraped: 0
[02:12:06] [INFO]   Davidson College NC listings scraped: 0 (Workday search API)
[02:12:06] [INFO]   California State University-Los Angeles CA Private listings scraped: 0
[02:12:06] [INFO]   California State University-East Bay CA Private listings scraped: 38
[02:12:06] [INFO]   Bon Secours St Mary's Hospital School of Medical Imaging VA listings scraped: 0
[02:12:06] [INFO]   California State University-Monterey Bay CA Private listings scraped: 0
[02:12:06] [INFO]   UNC Greensboro NC listings scraped: 31
[02:12:06] [INFO]   California State University-Northridge CA Private listings scraped: 0
[02:12:06] [INFO]   Elon University NC listings scraped: 0
[02:12:06] [INFO]   Bryant & Stratton College-Virginia Beach VA listings scraped: 0
[02:12:06] [INFO]   Brightpoint Community College VA listings scraped: 0
[02:12:06] [INFO]   California State University-San Bernardino CA Private listings scraped: 0
[02:12:06] [INFO]   Central Virginia Community College VA listings scraped: 44
[02:12:06] [INFO]   California State University-Sacramento CA Private listings scraped: 1
[02:12:06] [INFO]   ↪️  Bridgewater College: generic page hands off to paycom
[02:12:06] [INFO]   California State University-San Marcos CA Private listings scraped: 0
[02:12:06] [INFO]   Johnson & Wales University-Charlotte NC listings scraped: 0
[02:12:06] [INFO]   Christopher Newport University VA listings scraped: 0
[02:12:06] [INFO]   California State University-Stanislaus CA Private listings scraped: 0
[02:12:06] [INFO]   Danville Community College VA listings scraped: 0
[02:12:06] [INFO]   Duke University NC listings scraped: 25 (keyword search)
[02:12:06] [INFO]   California University of Science and Medicine CA Private listings scraped: 0
[02:12:06] [INFO]   ↪️  Alamance Community College: generic page hands off to schooljobs
[02:12:06] [INFO]   Divine Mercy University VA listings scraped: 0
[02:12:06] [INFO]   California Western School of Law CA Private listings scraped: 0
[02:12:06] [INFO]   Eastern Mennonite University VA listings scraped: 0
[02:12:06] [INFO]   Asheville-Buncombe Technical Community College NC listings scraped: 0
[02:12:06] [INFO]   Canada College CA Private listings scraped: 0
[02:12:06] [INFO]   Alamance Community College NC listings scraped: 2
[02:12:06] [INFO]   Eastern Shore Community College VA listings scraped: 0
[02:12:06] [INFO]   Bridgewater College VA listings scraped: 10
[02:12:06] [INFO]   Harvard University MA listings scraped: 188
[02:12:06] [INFO]   Edward Via College of Osteopathic Medicine VA listings scraped: 0
[02:12:06] [INFO]   ↪️  Barton College: generic page hands off to paycom
[02:12:06] [INFO]   Casa Loma College-Los Angeles CA Private listings scraped: 0
[02:12:06] [INFO]   ↪️  Eastern Virginia Medical School: generic page hands off to icims
[02:12:06] [INFO]   Beaufort County Community College NC listings scraped: 2
[02:12:06] [INFO]   College of Charleston SC listings scraped: 9
[02:12:06] [INFO]   ↪️  Emory & Henry University: generic page hands off to paycom
[02:12:06] [INFO]   CBD College CA Private listings scraped: 0
[02:12:06] [INFO]   Coastal Carolina University SC listings scraped: 10
[02:12:06] [INFO]   Cerritos College CA Private listings scraped: 0
[02:12:06] [INFO]   Cerro Coso Community College CA Private listings scraped: 0
[02:12:06] [INFO]   Eastern Virginia Medical School VA listings scraped: 0
[02:12:06] [INFO]   Eastern Virginia Medical School VA listings scraped: 0
[02:12:06] [INFO]   Ferrum College VA listings scraped: 0
[02:12:06] [INFO]   Winthrop University SC listings scraped: 1
[02:12:06] [INFO]   Furman University SC: API failed, falling back to browser
[02:12:06] [INFO]   Clemson University SC listings scraped: 0
[02:12:06] [INFO]   ↪️  Chabot College: generic page hands off to peopleadmin
[02:12:06] [INFO]   Wofford College SC listings scraped: 2 (API)
[02:12:06] [INFO]   The Citadel SC listings scraped: 0
[02:12:06] [INFO]   Bennett College NC listings scraped: 0
[02:12:06] [INFO]   Belmont Abbey College NC listings scraped: 0
[02:12:06] [INFO]   Barton College NC listings scraped: 6
[02:12:06] [INFO]   Charles R Drew University of Medicine and Science CA Private listings scraped: 0
[02:12:06] [INFO]   Chaffey College CA Private listings scraped: 0
[02:12:06] [INFO]   Chabot College CA Private listings scraped: 3
[02:12:06] [INFO]   University of South Carolina SC listings scraped: 99
[02:12:06] [INFO]   Chapman University CA Private listings scraped: 1
[02:12:06] [INFO]   University of South Carolina-Lancaster SC listings scraped: 0
[02:12:06] [INFO]   Emory & Henry University VA listings scraped: 7
[02:12:06] [INFO]   Bladen Community College NC listings scraped: 1
[02:12:06] [INFO]   University of South Carolina-Salkehatchie SC listings scraped: 0
[02:12:06] [INFO]   Delaware Technical Community College DE listings scraped: 3
[02:12:06] [INFO]   Citrus College CA Private listings scraped: 0
[02:12:06] [INFO]   Brunswick Community College NC listings scraped: 0
[02:12:06] [INFO]   Church Divinity School of the Pacific CA Private listings scraped: 3
[02:12:06] [INFO]   Brevard College NC listings scraped: 0
[02:12:06] [INFO]   Presbyterian College SC listings scraped: 0
[02:12:06] [INFO]   City College of San Francisco CA Private listings scraped: 0
[02:12:06] [INFO]   University of South Carolina-Sumter SC listings scraped: 0
[02:12:06] [INFO]   University of South Carolina-Union SC listings scraped: 0
[02:12:06] [INFO]   Cabarrus College of Health Sciences NC listings scraped: 1
[02:12:06] [INFO]   Claremont Lincoln University CA Private listings scraped: 0
[02:12:06] [INFO]   ↪️  Caldwell Community College and Technical Institute: generic page hands off to schooljobs
[02:12:06] [INFO]   Claremont School of Theology CA Private listings scraped: 0
[02:12:06] [INFO]   Clovis Community College CA Private listings scraped: 0
[02:12:06] [INFO]   Delaware State University DE listings scraped: 1
[02:12:06] [INFO]   ↪️  Coast Community College District Office: generic page hands off to schooljobs
[02:12:06] [INFO]   Aiken Technical College SC listings scraped: 0
[02:12:06] [INFO]   Wilmington University DE Taleo listings scraped: 0
[02:12:06] [INFO]   ↪️  Campbell University: generic page hands off to taleo
[02:12:06] [INFO]   Allen University SC listings scraped: 0
[02:12:06] [INFO]   American College of the Building Arts SC listings scraped: 0
[02:12:06] [INFO]   Caldwell Community College and Technical Institute NC listings scraped: 0
[02:12:06] [INFO]   Caldwell Community College and Technical Institute NC listings scraped: 0
[02:12:06] [INFO]   Cape Fear Community College NC listings scraped: 0
[02:12:06] [INFO]   University of Maryland, College Park MD listings scraped: 63 (API)
[02:12:06] [INFO]   Coastline Community College CA Private listings scraped: 0
[02:12:06] [INFO]   Anderson University SC listings scraped: 1
[02:12:06] [INFO]   College of Marin CA Private listings scraped: 0
[02:12:06] [INFO]   College of Alameda CA Private listings scraped: 0
[02:12:06] [INFO]   Carolina Christian College NC listings scraped: 0
[02:12:06] [INFO]   Morgan State University MD listings scraped: 61
[02:12:06] [INFO]   Johns Hopkins University MD listings scraped: 1
[02:12:06] [INFO]   Campbell University NC Taleo listings scraped: 0
[02:12:06] [INFO]   Campbell University NC listings scraped: 0
[02:12:06] [INFO]   Bob Jones University SC listings scraped: 0
[02:12:06] [INFO]   University of Maryland, Baltimore MD Taleo listings scraped: 9
[02:12:06] [INFO]   Goucher College MD listings scraped: 0
[02:12:06] [INFO]   Central Carolina Technical College SC listings scraped: 0
[02:12:06] [INFO]   Carolina College of Biblical Studies NC listings scraped: 0
[02:12:06] [INFO]   College of the Desert CA Private listings scraped: 0
[02:12:06] [INFO]   Towson University MD Taleo listings scraped: 0
[02:12:06] [INFO]   Carolina University NC listings scraped: 0
[02:12:06] [INFO]   College of San Mateo CA Private listings scraped: 0
[02:12:06] [INFO]   St. Mary's College of Maryland MD listings scraped: 0
[02:12:06] [INFO]   Charleston Southern University SC listings scraped: 1
[02:12:06] [INFO]   Garrett College MD listings scraped: 0
[02:12:06] [INFO]   Furman University SC listings scraped: 0
[02:12:06] [INFO]   ↪️  Carteret Community College: generic page hands off to schooljobs
[02:12:06] [INFO]   Catawba College NC listings scraped: 0
[02:12:06] [INFO]   College of the Canyons CA Private listings scraped: 0
[02:12:06] [INFO]   ↪️  Allegany College of Maryland: generic page hands off to schooljobs
[02:12:06] [INFO]   Citadel Military College of South Carolina SC listings scraped: 0
[02:12:06] [INFO]   Anne Arundel Community College MD listings scraped: 0
[02:12:06] [INFO]   College of the Redwoods CA Private listings scraped: 0
[02:12:06] [INFO]   Catawba Valley Community College NC listings scraped: 1
[02:12:06] [INFO]   College of the Sequoias CA Private listings scraped: 1
[02:12:06] [INFO]   Baltimore City Community College MD listings scraped: 0
[02:12:06] [INFO]   Clinton College SC listings scraped: 2
[02:12:06] [INFO]   Claflin University SC listings scraped: 0
[02:12:06] [INFO]   Allegany College of Maryland MD listings scraped: 0
[02:12:06] [INFO]   Allegany College of Maryland MD listings scraped: 0
[02:12:06] [INFO]   College of the Siskiyous CA Private listings scraped: 1
[02:12:06] [INFO]   Central Carolina Community College NC listings scraped: 0
[02:12:06] [INFO]   Benedict College SC listings scraped: 0
[02:12:06] [INFO]   Bais HaMedrash and Mesivta of Baltimore MD listings scraped: 0
[02:12:06] [INFO]   ↪️  Bowie State University: generic page hands off to workday
[02:12:06] [INFO]   Bowie State University MD listings scraped: 7 (API)
[02:12:06] [INFO]   Compton College CA Private listings scraped: 0
[02:12:06] [INFO]   ↪️  Central Piedmont Community College: generic page hands off to schooljobs
[02:12:06] [INFO]   Coker University SC listings scraped: 0
[02:12:06] [INFO]   Capitol Technology University MD listings scraped: 0
[02:12:06] [INFO]   Columbia International University SC listings scraped: 1
[02:12:06] [INFO]   Converse University SC listings scraped: 0
[02:12:06] [INFO]   Carteret Community College NC listings scraped: 1
[02:12:06] [INFO]   Concordia University-Irvine CA Private listings scraped: 0
[02:12:06] [INFO]   Carroll Community College MD listings scraped: 0
[02:12:06] [INFO]   Coast Community College District Office CA Private listings scraped: 0
[02:12:06] [INFO]   Coast Community College District Office CA Private listings scraped: 0
[02:12:06] [INFO]   Charlotte Christian College and Theological Seminary NC listings scraped: 0
[02:12:06] [INFO]   Contra Costa College CA Private listings scraped: 0
[02:12:06] [INFO]   Contra Costa Community College District Office CA Private listings scraped: 0
[02:12:06] [INFO]   ↪️  College of Southern Maryland: generic page hands off to schooljobs
[02:12:06] [INFO]   Francis Marion University SC listings scraped: 1
[02:12:06] [INFO]   Cecil College MD listings scraped: 0
[02:12:06] [INFO]   Florence-Darlington Technical College SC listings scraped: 1
[02:12:06] [INFO]   ↪️  Copper Mountain Community College: generic page hands off to schooljobs
[02:12:06] [INFO]   Erskine College SC listings scraped: 1
[02:12:06] [INFO]   Chowan University NC listings scraped: 0
[02:12:06] [INFO]   ↪️  Community College of Baltimore County: generic page hands off to schooljobs
[02:12:06] [INFO]   ↪️  Denmark Technical College: generic page hands off to schooljobs
[02:12:06] [INFO]   Chesapeake College MD listings scraped: 0
[02:12:06] [INFO]   Crafton Hills College CA Private listings scraped: 0
[02:12:06] [INFO]   Central Piedmont Community College NC listings scraped: 3
[02:12:06] [INFO]   Cuesta College CA Private listings scraped: 0
[02:12:06] [INFO]   Cleveland Community College NC listings scraped: 0
[02:12:06] [INFO]   ↪️  Cosumnes River College: generic page hands off to schooljobs
[02:12:06] [INFO]   ↪️  Coastal Carolina Community College: generic page hands off to schooljobs
[02:12:06] [INFO]   College of Southern Maryland MD listings scraped: 3
[02:12:06] [INFO]   Copper Mountain Community College CA Private listings scraped: 0
[02:12:06] [INFO]   Copper Mountain Community College CA Private listings scraped: 0
[02:12:06] [INFO]   Frederick Community College MD listings scraped: 0
[02:12:06] [INFO]   Community College of Baltimore County MD listings scraped: 10
[02:12:06] [INFO]   Cuyamaca College CA Private listings scraped: 0
[02:12:06] [INFO]   ↪️  Coppin State University: generic page hands off to workday
[02:12:06] [INFO]   Denmark Technical College SC listings scraped: 2
[02:12:06] [INFO]   ↪️  Craven Community College: generic page hands off to schooljobs
[02:12:06] [INFO]   College of the Albemarle NC listings scraped: 0
[02:12:06] [INFO]   Coppin State University MD listings scraped: 2 (API)
[02:12:06] [INFO]   Cypress College CA Private listings scraped: 0
[02:12:06] [INFO]   Cosumnes River College CA Private listings scraped: 0
[02:12:06] [INFO]   ↪️  Frostburg State University: generic page hands off to workday
[02:12:06] [INFO]   Cosumnes River College CA Private listings scraped: 0
[02:12:06] [INFO]   Frostburg State University MD listings scraped: 6 (API)
[02:12:06] [INFO]   Coastal Carolina Community College NC listings scraped: 0
[02:12:06] [INFO]   Coastal Carolina Community College NC listings scraped: 0
[02:12:06] [INFO]   Rhode Island College RI listings scraped: 4
[02:12:06] [INFO]   Craven Community College NC listings scraped: 0
[02:12:06] [INFO]   Craven Community College NC listings scraped: 0
[02:12:06] [INFO]   De Anza College CA Private listings scraped: 0
[02:12:06] [INFO]   ↪️  Brown University: generic page hands off to workday
[02:12:06] [INFO]   Commonwealth University PA listings scraped: 5
[02:12:06] [INFO]   Cheyney University PA listings scraped: 0
[02:12:06] [INFO]   Diablo Valley College CA Private listings scraped: 0
[02:12:06] [INFO]   Kutztown University PA listings scraped: 0
[02:12:06] [INFO]   Brown University RI listings scraped: 0 (API)
[02:12:06] [INFO]   Brown University RI listings scraped: 0
[02:12:06] [INFO]   ↪️  Davidson-Davie Community College: generic page hands off to schooljobs
[02:12:06] [INFO]   Bryant University RI listings scraped: 0
[02:12:06] [INFO]   Providence College RI listings scraped: 2
[02:12:06] [INFO]   ↪️  Durham Technical Community College: generic page hands off to schooljobs
[02:12:06] [INFO]   Edgecombe Community College NC listings scraped: 2
[02:12:06] [INFO]   DHARMA REALM BUDDHIST UNIVERSITY CA Private listings scraped: 0
[02:12:06] [INFO]   Daybreak University CA Private listings scraped: 0
[02:12:06] [INFO]   PennWest PA listings scraped: 7
[02:12:06] [INFO]   Shippensburg University PA listings scraped: 2
[02:12:06] [INFO]   Rhode Island School of Design RI listings scraped: 3
[02:12:06] [INFO]   Dominican School of Philosophy & Theology CA Private listings scraped: 0
[02:12:06] [INFO]   Millersville University PA listings scraped: 4
[02:12:06] [INFO]   Dominican University of California CA Private listings scraped: 0
[02:12:06] [INFO]   Johnson & Wales University-Providence RI listings scraped: 0
[02:12:06] [INFO]   The Pennsylvania State University PA listings scraped: 34 (API)
[02:12:06] [INFO]   Slippery Rock University PA listings scraped: 3
[02:12:06] [INFO]   West Chester University PA listings scraped: 0
[02:12:06] [INFO]   Salve Regina University RI listings scraped: 4
[02:12:06] [INFO]   College Unbound RI listings scraped: 1
[02:12:06] [INFO]   Durham Technical Community College NC listings scraped: 0
[02:12:06] [INFO]   Durham Technical Community College NC listings scraped: 0
[02:12:06] [INFO]   Davidson-Davie Community College NC listings scraped: 3
[02:12:06] [INFO]   Carnegie Mellon University PA listings scraped: 5 (API)
[02:12:06] [INFO]   ↪️  Fayetteville Technical Community College: generic page hands off to peopleadmin
[02:12:06] [INFO]   East Los Angeles College CA Private listings scraped: 0
[02:12:06] [INFO]   Community College of Rhode Island RI listings scraped: 0
[02:12:06] [INFO]   Fayetteville Technical Community College NC listings scraped: 0
[02:12:06] [INFO]   Fayetteville Technical Community College NC listings scraped: 0
[02:12:06] [INFO]   Downey Adult School CA Private listings scraped: 0
[02:12:06] [INFO]   EDvance College CA Private listings scraped: 0
[02:12:06] [INFO]   East Stroudsburg University PA listings scraped: 0
[02:12:06] [INFO]   Forsyth Technical Community College NC listings scraped: 1
[02:12:06] [INFO]   University of Pennsylvania PA listings scraped: 8 (Workday search API)
[02:12:06] [INFO]   Bucknell University PA listings scraped: 3 (API)
[02:12:06] [INFO]   Gettysburg College PA listings scraped: 16
[02:12:06] [INFO]   Dongguk University Los Angeles CA Private listings scraped: 0
[02:12:06] [INFO]   El Camino Community College District CA Private listings scraped: 0
[02:12:06] [INFO]   Drexel University PA listings scraped: 8
[02:12:06] [INFO]   ↪️  Evergreen Valley College: generic page hands off to peopleadmin
[02:12:06] [INFO]   Dickinson College PA listings scraped: 2 (API)
[02:12:06] [INFO]   Epic Bible College & Graduate School CA Private listings scraped: 0
[02:12:06] [INFO]   UNC-Chapel Hill NC listings scraped: 210
[02:12:06] [INFO]   Franklin & Marshall College PA listings scraped: 2 (Interfolio links page)
[02:12:06] [INFO]   Swarthmore College PA listings scraped: 2
[02:12:06] [INFO]   Evergreen Valley College CA Private listings scraped: 0
[02:12:06] [INFO]   Evergreen Valley College CA Private listings scraped: 0
[02:12:06] [INFO]   University of Rhode Island RI listings scraped: 28
[02:12:06] [INFO]   Central Michigan University MI listings scraped: 10
[02:12:06] [INFO]   Feather River Community College District CA Private listings scraped: 0
[02:12:06] [INFO]   Fielding Graduate University CA Private listings scraped: 1
[02:12:06] [INFO]   Eastern Michigan University MI listings scraped: 1
[02:12:06] [INFO]   Oakland University MI listings scraped: 25
[02:12:06] [INFO]   Foothill College CA Private listings scraped: 1
[02:12:06] [INFO]   ↪️  Folsom Lake College: generic page hands off to schooljobs
[02:12:06] [INFO]   Chicago State University IL listings scraped: 21
[02:12:06] [INFO]   ↪️  Foothill-De Anza Community College District: generic page hands off to taleo
[02:12:06] [INFO]   Franciscan School of Theology CA Private listings scraped: 0
[02:12:06] [INFO]   Governors State University IL listings scraped: 0
[02:12:06] [INFO]   Fresno City College CA Private listings scraped: 0
[02:12:06] [INFO]   Folsom Lake College CA Private listings scraped: 0
[02:12:06] [INFO]   Folsom Lake College CA Private listings scraped: 0
[02:12:06] [INFO]   Fresno Pacific University CA Private listings scraped: 0
[02:12:06] [INFO]   Knox College IL listings scraped: 1
[02:12:06] [INFO]   Northern Illinois University IL listings scraped: 19
[02:12:06] [INFO]   Kalamazoo College MI listings scraped: 0
[02:12:06] [INFO]   Western Michigan University MI listings scraped: 22
[02:12:06] [INFO]   Southern Illinois University Carbondale IL listings scraped: 3
[02:12:06] [INFO]   Fuller Theological Seminary CA Private listings scraped: 0
[02:12:06] [INFO]   University of Illinois Springfield IL listings scraped: 1
[02:12:06] [INFO]   University of Illinois Chicago IL listings scraped: 0
[02:12:06] [INFO]   Adrian College MI listings scraped: 0
[02:12:06] [INFO]   Wayne State University MI listings scraped: 31
[02:12:06] [INFO]   Western Illinois University IL listings scraped: 0
[02:12:06] [INFO]   Southern Illinois University Edwardsville IL listings scraped: 0
[02:12:06] [INFO]   University of Illinois Urbana-Champaign IL listings scraped: 12
[02:12:06] [INFO]   ↪️  Albion College: generic page hands off to interfolio
[02:12:06] [INFO]   Villanova University PA listings scraped: 354
[02:12:06] [INFO]   Cornell University NY listings scraped: 5 (API)
[02:12:06] [INFO]   Claremont McKenna College Claremont listings scraped: 6
[02:12:06] [INFO]   Michigan State University MI listings scraped: 463
[02:12:06] [INFO]   Waiting for CUNY jobs to load...
[02:12:06] [INFO]   Stony Brook University (SUNY) NY listings scraped: 71
[02:12:06] [INFO]   Fordham University NY listings scraped: 30
[02:12:06] [INFO]   Alma College MI listings scraped: 0
[02:12:06] [INFO]   University at Buffalo (SUNY) NY listings scraped: 42
[02:12:06] [INFO]   New York University NY listings scraped: 0
[02:12:06] [INFO]   St. John's directory sub-pages found: 9
[02:12:06] [INFO]   Keck Graduate Institute Claremont listings scraped: 9
[02:12:06] [INFO]   Claremont Colleges listings scraped: 87
[02:12:06] [INFO]   CUNY initial job count: 10
[02:12:06] [INFO]   Southern Oregon University OR listings scraped: 0 (API)
[02:12:06] [INFO]   Foothill-De Anza Community College District CA Private listings scraped: 0
[02:12:06] [INFO]   Whitman College WA listings scraped: 2 (Interfolio links page)
[02:12:06] [INFO]   Washington State University WA listings scraped: 3 (API)
[02:12:06] [INFO]   Syracuse University NY listings scraped: 37
[02:12:06] [INFO]   Pace University NY listings scraped: 8 (SaaS HR API)
[02:12:06] [INFO]   Columbia University NY listings scraped: 574
[02:12:06] [INFO]   Albion College MI listings scraped: 3
[02:12:06] [INFO]   Alpena Community College MI listings scraped: 0
[02:12:06] [INFO]   SUNY System main page listings scraped: 618
[02:12:06] [INFO]   University at Albany (SUNY) NY listings scraped: 1
[02:12:06] [INFO]   University at Albany (SUNY) NY listings scraped: 1
[02:12:06] [INFO]   Binghamton University (SUNY) NY listings scraped: 1
[02:12:06] [INFO]   Evergreen State College WA listings scraped: 2
[02:12:06] [INFO]   Eastern Washington University WA listings scraped: 22
[02:12:06] [INFO]   Binghamton University (SUNY) NY listings scraped: 1
[02:12:06] [INFO]   SUNY total listings scraped: 735
[02:12:06] [INFO]   Pacific Northwest College of Art OR listings scraped: 0
[02:12:06] [INFO]   Reed College OR listings scraped: 0
[02:12:06] [INFO]   Eastern Oregon University OR listings scraped: 21
[02:12:06] [INFO]   George Fox University OR listings scraped: 0
[02:12:06] [INFO]   Oregon Institute of Technology OR listings scraped: 17
[02:12:06] [INFO]   ↪️  University of Portland: generic page hands off to peopleadmin
[02:12:06] [INFO]   Pacific Lutheran University WA listings scraped: 4 (HTTP fallback)
[02:12:06] [INFO]   Willamette University OR listings scraped: 0
[02:12:06] [INFO]   Pacific University OR listings scraped: 0
[02:12:06] [INFO]   Lewis & Clark College OR listings scraped: 0
[02:12:06] [INFO]   Columbia Gorge Community College OR listings scraped: 0
[02:12:06] [INFO]   Bellingham Technical College WA listings scraped: 0
[02:12:06] [INFO]   Chemeketa Community College OR listings scraped: 0
[02:12:06] [INFO]   Saint Martin's University WA listings scraped: 0
[02:12:06] [INFO]   ↪️  University of Puget Sound: generic page hands off to icims
[02:12:06] [INFO]   Corban University OR listings scraped: 0
[02:12:06] [INFO]   ↪️  Big Bend Community College: generic page hands off to schooljobs
[02:12:06] [INFO]   ↪️  Bastyr University: generic page hands off to paycom
[02:12:06] [INFO]   Clackamas Community College OR listings scraped: 0
[02:12:06] [INFO]   ↪️  Whitworth University-Adult Degree Programs: generic page hands off to schooljobs
[02:12:06] [INFO]   ↪️  Whitworth University: generic page hands off to schooljobs
[02:12:06] [INFO]   ↪️  Bates Technical College: generic page hands off to schooljobs
[02:12:06] [INFO]   Clatsop Community College OR listings scraped: 0
[02:12:06] [INFO]   Clover Park Technical College WA listings scraped: 0
[02:12:06] [INFO]   Clark College WA listings scraped: 1
[02:12:06] [INFO]   Mount Angel Seminary OR listings scraped: 0
[02:12:06] [INFO]   University of Washington WA listings scraped: 311
[02:12:06] [INFO]   Long Island University NY listings scraped: 37
[02:12:06] [INFO]   ↪️  Seattle Pacific University: generic page hands off to workday
[02:12:06] [INFO]   Bushnell University OR listings scraped: 0
[02:12:06] [INFO]   Cascadia College WA listings scraped: 0
[02:12:06] [INFO]   Antioch University-Seattle WA listings scraped: 0
[02:12:06] [INFO]   Rochester Institute of Technology NY listings scraped: 5 (API)
[02:12:06] [INFO]   Cornish College of the Arts WA listings scraped: 0
[02:12:06] [INFO]   Centralia College WA listings scraped: 0
[02:12:06] [INFO]   Blue Mountain Community College OR listings scraped: 0
[02:12:06] [INFO]   Seattle Pacific University WA listings scraped: 4 (API)
[02:12:06] [INFO]   Hofstra University NY listings scraped: 42
[02:12:06] [INFO]   Faith International University WA listings scraped: 0
[02:12:06] [INFO]   Central Oregon Community College OR listings scraped: 0
[02:12:06] [INFO]   Columbia Basin College WA listings scraped: 0
[02:12:06] [INFO]   Andrews University MI listings scraped: 1
[02:12:06] [INFO]   Edmonds College WA listings scraped: 0
[02:12:06] [INFO]   Gonzaga University WA listings scraped: 0
[02:12:06] [INFO]   University of Portland OR listings scraped: 0
[02:12:06] [INFO]   University of Portland OR listings scraped: 0
[02:12:06] [INFO]   ↪️  Seattle University: generic page hands off to csod
[02:12:06] [INFO]   University of Rochester NY listings scraped: 361
[02:12:06] [INFO]   University of Puget Sound WA listings scraped: 0
[02:12:06] [INFO]   University of Puget Sound WA listings scraped: 0
[02:12:06] [INFO]   Everett Community College WA listings scraped: 0
[02:12:06] [INFO]   Big Bend Community College WA listings scraped: 0
[02:12:06] [INFO]   Big Bend Community College WA listings scraped: 0
[02:12:06] [INFO]   Whitworth University WA listings scraped: 0
[02:12:06] [INFO]   Whitworth University WA listings scraped: 0
[02:12:06] [INFO]   Bates Technical College WA listings scraped: 0
[02:12:06] [INFO]   Bates Technical College WA listings scraped: 0
[02:12:07] [INFO]   Adelphi University NY Taleo listings scraped: 3
[02:12:07] [INFO]   Whitworth University-Adult Degree Programs WA listings scraped: 0
[02:12:07] [INFO]   Whitworth University-Adult Degree Programs WA listings scraped: 0
[02:12:07] [INFO]   The New School NY listings scraped: 0 (API)
[02:12:07] [INFO]   Aquinas College MI listings scraped: 0
[02:12:07] [INFO]   Bellevue College WA listings scraped: 0
[02:12:07] [INFO]   Baker College MI listings scraped: 0
[02:12:07] [INFO]   Pratt Institute NY listings scraped: 1
[02:12:07] [INFO]   Bastyr University WA listings scraped: 1
[02:12:07] [INFO]   ↪️  Bay de Noc Community College: generic page hands off to peopleadmin
[02:12:07] [INFO]   Bay Mills Community College MI listings scraped: 0
[02:12:07] [INFO]   Bay de Noc Community College MI listings scraped: 0
[02:12:07] [INFO]   Bay de Noc Community College MI listings scraped: 0
[02:12:07] [INFO]   Iona University NY listings scraped: 6
[02:12:07] [INFO]   Manhattan University NY listings scraped: 9
[02:12:07] [INFO]   CUNY jobs extracted from listing: 76
[02:12:07] [INFO]   CUNY jobs after filtering: 51
[02:12:07] [INFO]   Fetching CUNY job descriptions (JS-rendered pages)...
[02:12:07] [INFO]     Fetching CUNY descriptions batch 1/13...
[02:12:07] [INFO]   Seattle University WA listings scraped: 5
[02:12:07] [INFO]   Associated Beth Rivkah Schools NY listings scraped: 0
[02:12:07] [INFO]   Calvin Theological Seminary MI listings scraped: 1
[02:12:07] [INFO]   Belanger School of Nursing NY listings scraped: 0
[02:12:07] [INFO]   Yeshiva University NY listings scraped: 16
[02:12:07] [INFO]   Calvin University MI listings scraped: 0
[02:12:07] [INFO]     Fetching CUNY descriptions batch 2/13...
[02:12:07] [INFO]   Oregon State University OR listings scraped: 298
[02:12:07] [INFO]   Colby College ME listings scraped: 0
[02:12:07] [INFO]   Bowdoin College ME listings scraped: 0
[02:12:07] [INFO]   Bates College ME listings scraped: 1
[02:12:07] [INFO]   Cleary University MI listings scraped: 1
[02:12:07] [INFO]     Fetching CUNY descriptions batch 3/13...
[02:12:07] [INFO]   Elmezzi Graduate School of Molecular Medicine NY listings scraped: 0
[02:12:07] [INFO]   Samaritan Hospital School of Nursing NY listings scraped: 0
[02:12:07] [INFO]   College for Creative Studies MI listings scraped: 0
[02:12:07] [INFO]     Fetching CUNY descriptions batch 4/13...
[02:12:07] [INFO]   St. Peter's Hospital College of Nursing NY listings scraped: 0
[02:12:07] [INFO]   Maine Media College ME listings scraped: 0
[02:12:07] [INFO]   Central Maine Community College ME listings scraped: 0
[02:12:07] [INFO]   College of the Atlantic ME listings scraped: 0
[02:12:07] [INFO]   CVPH Medical Center School of Radiologic Technology NY listings scraped: 0
[02:12:07] [INFO]     Fetching CUNY descriptions batch 5/13...
[02:12:07] [INFO]   Cornerstone University MI listings scraped: 0
[02:12:07] [INFO]   St. John's University NY SilkRoad listings scraped: 2
[02:12:07] [INFO]   Mesivta Torah Vodaath Rabbinical Seminary NY listings scraped: 0
[02:12:07] [INFO]   Memorial Hospital School of Radiation Therapy Technology NY listings scraped: 1
[02:12:07] [INFO]   Concordia University Ann Arbor MI listings scraped: 0
[02:12:07] [INFO]   Eastern Maine Community College ME listings scraped: 0
[02:12:07] [INFO]   Montefiore School of Nursing NY listings scraped: 0
[02:12:07] [INFO]     Fetching CUNY descriptions batch 6/13...
[02:12:07] [INFO]   Cranbrook Academy of Art MI listings scraped: 0
[02:12:07] [INFO]   School of Professional Horticulture, New York Botanical Garden NY listings scraped: 0
[02:12:07] [INFO]   Pomeroy College of Nursing at Crouse Hospital NY listings scraped: 0
[02:12:07] [INFO]     Fetching CUNY descriptions batch 7/13...
[02:12:07] [INFO]   The Ailey School NY listings scraped: 1
[02:12:07] [INFO]   Davenport University MI listings scraped: 1
[02:12:07] [INFO]   Academy for Jewish Religion NY listings scraped: 0
[02:12:07] [INFO]   Albany College of Pharmacy and Health Sciences NY listings scraped: 0
[02:12:07] [INFO]   Delta College MI listings scraped: 0
[02:12:07] [INFO]     Fetching CUNY descriptions batch 8/13...
[02:12:07] [INFO]   Ecumenical Theological Seminary MI listings scraped: 0
[02:12:07] [INFO]   Albany Medical College NY listings scraped: 0
[02:12:07] [INFO]   Albert Einstein College of Medicine NY listings scraped: 0
[02:12:07] [INFO]     Fetching CUNY descriptions batch 9/13...
[02:12:07] [INFO]   Alfred University NY listings scraped: 0
[02:12:07] [INFO]   Albany Law School NY listings scraped: 0
[02:12:07] [INFO]   Ferris State University MI listings scraped: 1
[02:12:07] [INFO]   American Musical and Dramatic Academy NY listings scraped: 0
[02:12:07] [INFO]     Fetching CUNY descriptions batch 10/13...
[02:12:07] [INFO]   American Academy of Dramatic Arts-New York NY listings scraped: 0
[02:12:07] [INFO]   Bard College NY listings scraped: 1
[02:12:07] [INFO]     Fetching CUNY descriptions batch 11/13...
[02:12:07] [INFO]   Barnard College NY listings scraped: 2
[02:12:07] [INFO]   Be'er Yaakov Talmudic Seminary NY listings scraped: 0
[02:12:07] [INFO]   Beth Hamedrash Shaarei Yosher Institute NY listings scraped: 0
[02:12:07] [INFO]     Fetching CUNY descriptions batch 12/13...
[02:12:07] [INFO]   Binghamton University NY listings scraped: 0
[02:12:07] [INFO]   Bank Street College of Education NY listings scraped: 0
[02:12:07] [INFO]   Boricua College NY listings scraped: 0
[02:12:07] [INFO]     Fetching CUNY descriptions batch 13/13...
[02:12:07] [INFO]   University of Maine System ME listings scraped (DOM): 0
[02:12:07] [INFO]   Brooklyn Law School NY listings scraped: 0
[02:12:07] [INFO]   University of New Hampshire System NH listings scraped: 6 (API)
[02:12:07] [INFO]   Bryant & Stratton College-Albany NY listings scraped: 0
[02:12:07] [INFO]   Bryant & Stratton College-Buffalo NY listings scraped: 0
[02:12:07] [INFO]   Bryant & Stratton College-Greece NY listings scraped: 0
[02:12:07] [INFO]   CUNY jobs with descriptions: 51/51
[02:12:07] [INFO]   Bryant & Stratton College-Online NY listings scraped: 0
[02:12:07] [INFO]   Bryant & Stratton College-Syracuse North NY listings scraped: 0
[02:12:07] [INFO]   Canisius University NY listings scraped: 2
[02:12:07] [INFO]   Saint Anselm College NH listings scraped: 0
[02:12:07] [INFO]   Cayuga County Community College NY listings scraped: 0
[02:12:07] [INFO]   Clarkson University NY listings scraped: 1
[02:12:07] [INFO]   Clinton Community College NY listings scraped: 0
[02:12:07] [INFO]   Central Yeshiva Tomchei Tmimim Lubavitz NY listings scraped: 0
[02:12:07] [INFO]   Colgate Rochester Crozer Divinity School NY listings scraped: 0
[02:12:07] [INFO]   College of Staten Island CUNY NY listings scraped: 2
[02:12:07] [INFO]   Colgate University NY listings scraped: 0
[02:12:07] [INFO]   Columbia University in the City of New York NY listings scraped: 2
[02:12:07] [INFO]   Portland State University OR listings scraped: 26
[02:12:07] [INFO]   Columbia-Greene Community College NY listings scraped: 0
[02:12:07] [INFO]   Culinary Institute of America NY listings scraped: 0
[02:12:07] [INFO]   Dartmouth College NH listings scraped: 143
[02:12:07] [INFO]   Minnesota State System MN: API failed, falling back to browser
[02:12:07] [INFO]   CUNY Bernard M Baruch College NY listings scraped: 0
[02:12:07] [INFO]   Carleton College MN listings scraped: 4 (API)
[02:12:07] [INFO]   CUNY Borough of Manhattan Community College NY listings scraped: 0
[02:12:07] [INFO]   Bennington College VT listings scraped: 0
[02:12:07] [INFO]   University of Vermont VT listings scraped: 43
[02:12:07] [INFO]   Champlain College VT listings scraped: 0
[02:12:07] [INFO]   Macalester College MN listings scraped: 1
[02:12:07] [INFO]   Hazelden Betty Ford Graduate School MN listings scraped: 0
[02:12:07] [INFO]   CUNY City College NY listings scraped: 0
[02:12:07] [INFO]   CUNY Bronx Community College NY listings scraped: 0
[02:12:07] [INFO]   CUNY Brooklyn College NY listings scraped: 0
[02:12:07] [INFO]   CUNY Graduate School and University Center NY listings scraped: 0
[02:12:07] [INFO]   Community College of Vermont VT listings scraped: 0
[02:12:07] [INFO]   Alexandria Technical & Community College MN listings scraped: 0
[02:12:07] [INFO]   Adler Graduate School MN listings scraped: 0
[02:12:07] [INFO]   CUNY John Jay College of Criminal Justice NY listings scraped: 1
[02:12:07] [INFO]   CUNY Kingsborough Community College NY listings scraped: 0
[02:12:07] [INFO]   CUNY Hunter College NY listings scraped: 0
[02:12:07] [INFO]   Anoka-Ramsey Community College MN listings scraped: 0
[02:12:07] [INFO]   CUNY LaGuardia Community College NY listings scraped: 0
[02:12:07] [INFO]   Anoka Technical College MN listings scraped: 0
[02:12:07] [INFO]   CUNY New York City College of Technology NY listings scraped: 0
[02:12:07] [INFO]   CUNY Medgar Evers College NY listings scraped: 0
[02:12:07] [INFO]   CUNY Lehman College NY listings scraped: 0
[02:12:07] [INFO]   Augsburg University MN listings scraped: 0
[02:12:07] [INFO]   Bemidji State University MN listings scraped: 0
[02:12:07] [INFO]   CUNY Queensborough Community College NY listings scraped: 0
[02:12:07] [INFO]   CUNY Queens College NY listings scraped: 1
[02:12:07] [INFO]   CUNY School of Law NY listings scraped: 2
[02:12:07] [INFO]   Bethany Global University MN listings scraped: 0
[02:12:07] [INFO]   CUNY Stella and Charles Guttman Community College NY listings scraped: 0
[02:12:07] [INFO]   Bethany Lutheran College MN listings scraped: 0
[02:12:07] [INFO]   CUNY System Office NY listings scraped: 1
[02:12:07] [INFO]   CUNY York College NY listings scraped: 0
[02:12:07] [INFO]   D'Youville University NY listings scraped: 0
[02:12:07] [INFO]   Minnesota State System MN listings scraped: 0
[02:12:07] [INFO]   Daemen University NY listings scraped: 0
[02:12:07] [INFO]   Bethlehem College & Seminary MN listings scraped: 0
[02:12:07] [INFO]   Dominican University New York NY listings scraped: 0
[02:12:07] [INFO]   University of Minnesota MN listings scraped: 0
[02:12:07] [INFO]   Dutchess Community College NY listings scraped: 0
[02:12:07] [INFO]   Elim Bible Institute and College NY listings scraped: 0
[02:12:07] [INFO]   Concordia College at Moorhead MN listings scraped: 0
[02:12:07] [INFO]   College of Saint Benedict MN listings scraped: 0
[02:12:07] [INFO]   Elmira College NY listings scraped: 0
[02:12:07] [INFO]   Central Lakes College-Brainerd MN listings scraped: 0
[02:12:07] [INFO]   Concordia University-Saint Paul MN listings scraped: 0
[02:12:07] [INFO]   Empire State University NY listings scraped: 0
[02:12:07] [INFO]   ↪️  Erie Community College: generic page hands off to workday
[02:12:07] [INFO]   Erie Community College NY: Could not parse Workday URL, falling back to browser
[02:12:07] [INFO]   Elyon College NY listings scraped: 0
[02:12:07] [INFO]   Crown College MN listings scraped: 0
[02:12:07] [INFO]   Saint Michael's College VT listings scraped (DOM): 3
[02:12:07] [INFO]   North Dakota State University ND listings scraped: 7
[02:12:07] [INFO]   Farmingdale State College NY listings scraped: 0
[02:12:07] [INFO]   Dakota County Technical College MN listings scraped: 1
[02:12:07] [INFO]   Excelsior University NY listings scraped: 0
[02:12:07] [INFO]   ↪️  Dunwoody College of Technology: generic page hands off to workday
[02:12:07] [INFO]   Dunwoody College of Technology MN: API failed, falling back to browser
[02:12:07] [INFO]   Fashion Institute of Technology NY listings scraped: 2
[02:12:07] [INFO]   University of Mary ND listings scraped: 1
[02:12:07] [INFO]   Bismarck State College ND listings scraped: 1
[02:12:07] [INFO]   Fond du Lac Tribal and Community College MN listings scraped: 1
[02:12:07] [INFO]   Finger Lakes Community College NY listings scraped: 0
[02:12:07] [INFO]   University of Jamestown ND listings scraped: 0
[02:12:07] [INFO]   University of North Dakota ND listings scraped: 9
[02:12:07] [INFO]   Finger Lakes Health College of Nursing & Health Sciences NY listings scraped: 0
[02:12:07] [INFO]   Dickinson State University ND listings scraped: 0
[02:12:07] [INFO]   Cankdeska Cikana Community College ND listings scraped: 0
[02:12:07] [INFO]   Dakota College at Bottineau ND listings scraped: 0
[02:12:07] [INFO]   University of Michigan MI listings scraped: 236
[02:12:07] [INFO]   Augustana University SD listings scraped: 0 (Workday search API)
[02:12:07] [INFO]   Black Hills State University SD listings scraped: 0
[02:12:07] [INFO]   Dakota Wesleyan University SD listings scraped: 0
[02:12:07] [INFO]   South Dakota Board of Regents SD listings scraped: 43
[02:12:07] [INFO]   Erie Community College NY listings scraped: 0
[02:12:07] [INFO]   Erie Community College NY listings scraped: 0
[02:12:07] [INFO]   University of Northern Iowa IA listings scraped: 1 (API)
[02:12:07] [INFO]   Grinnell College IA listings scraped: 5
[02:12:07] [INFO]   University of Nebraska Omaha NE listings scraped: 14
[02:12:07] [INFO]   University of Nebraska Medical Center NE listings scraped: 0
[02:12:07] [INFO]   Iowa State University IA listings scraped: 4 (API)
[02:12:07] [INFO]   Creighton University NE listings scraped: 1
[02:12:07] [INFO]   University of Iowa IA listings scraped: 6
[02:12:07] [INFO]   Drake University IA listings scraped: 7
[02:12:07] [INFO]   Mercy-St Luke's School of Radiologic Technology IA listings scraped: 0
[02:12:07] [INFO]   Doane University NE listings scraped: 0
[02:12:07] [INFO]   Dunwoody College of Technology MN listings scraped: 0
[02:12:07] [INFO]   Dunwoody College of Technology MN listings scraped: 0
[02:12:07] [INFO]   Nebraska Wesleyan University NE listings scraped: 0
[02:12:07] [INFO]   Bryan College of Health Sciences NE listings scraped: 0
[02:12:07] [INFO]   UnityPoint Health-Des Moines School of Radiologic Technology IA listings scraped: 0
[02:12:07] [INFO]   Allen College IA listings scraped: 0
[02:12:07] [INFO]   Luther College IA listings scraped: 0
[02:12:07] [INFO]   Briar Cliff University IA listings scraped: 0
[02:12:07] [INFO]   CHI Health School of Radiologic Technology NE listings scraped: 0
[02:12:07] [INFO]   Central Community College NE listings scraped: 0
[02:12:07] [INFO]   Central Wyoming College WY listings scraped: 2
[02:12:07] [INFO]   Bellevue University NE listings scraped: 0
[02:12:07] [INFO]   Wyoming Catholic College WY listings scraped: 0
[02:12:07] [INFO]   ↪️  Casper College: generic page hands off to schooljobs
[02:12:07] [INFO]   University of Wyoming WY listings scraped (REST): 25
[02:12:07] [INFO]   Clarke University IA listings scraped: 0
[02:12:07] [INFO]   Buena Vista University IA listings scraped: 0
[02:12:07] [INFO]   Coe College IA listings scraped: 0
[02:12:07] [INFO]   Chadron State College NE listings scraped: 1
[02:12:07] [INFO]   Central College IA listings scraped: 0
[02:12:07] [INFO]   College of Saint Mary NE listings scraped: 0
[02:12:07] [INFO]   Clarkson College NE listings scraped: 0
[02:12:07] [INFO]   University of Nebraska-Lincoln NE listings scraped: 170
[02:12:07] [INFO]   Casper College WY listings scraped: 1
[02:12:07] [INFO]   Des Moines University-Osteopathic Medical Center IA listings scraped: 0
[02:12:07] [INFO]   Des Moines Area Community College IA listings scraped: 0
[02:12:07] [INFO]   Concordia University-Nebraska NE listings scraped: 0
[02:12:07] [INFO]   Cornell College IA listings scraped: 0
[02:12:07] [INFO]   Eastern Wyoming College WY listings scraped: 0
[02:12:07] [INFO]   University of Montana MT listings scraped: 7
[02:12:07] [INFO]   UW-Milwaukee WI listings scraped: 3 (API)
[02:12:07] [INFO]   Divine Word College IA listings scraped: 0
[02:12:07] [INFO]   UW-Madison WI listings scraped: 1 (API)
[02:12:07] [INFO]   UW System Comprehensives WI listings scraped: 8 (API)
[02:12:07] [INFO]   Dordt University IA listings scraped: 0
[02:12:07] [INFO]   Eastern Iowa Community College District IA listings scraped: 0
[02:12:07] [INFO]   Carroll College MT listings scraped: 0
[02:12:07] [INFO]   Ellsworth Community College IA listings scraped: 0
[02:12:07] [INFO]   Aaniiih Nakoda College MT listings scraped: 6
[02:12:07] [INFO]   Emmaus Bible College IA listings scraped: 0
[02:12:07] [INFO]   ↪️  Lawrence University: generic page hands off to peopleadmin
[02:12:07] [INFO]   Rocky Mountain College MT listings scraped: 0
[02:12:07] [INFO]   Alverno College WI listings scraped: 0
[02:12:07] [INFO]   Faith Baptist Bible College and Theological Seminary IA listings scraped: 0
[02:12:07] [INFO]   University of Toledo OH: API failed, falling back to browser
[02:12:07] [INFO]   Marquette University WI listings scraped: 82
[02:12:07] [INFO]   Montana State University MT listings scraped: 101
[02:12:07] [INFO]   Lawrence University WI listings scraped: 0
[02:12:07] [INFO]   Lawrence University WI listings scraped: 0
[02:12:07] [INFO]   St. Norbert College WI listings scraped: 0
[02:12:07] [INFO]   UCCS CO Taleo listings scraped: 1
[02:12:07] [INFO]   CU Anschutz CO Taleo listings scraped: 1
[02:12:07] [INFO]   CU Denver CO Taleo listings scraped: 1
[02:12:07] [INFO]   Ohio State University OH listings scraped: 37 (API)
[02:12:07] [INFO]   CU Boulder CO listings scraped: 1
[02:12:07] [INFO]   Colorado School of Mines CO listings scraped: 10 (API)
[02:12:07] [INFO]   Colorado State University CO listings scraped: 5 (API)
[02:12:07] [INFO]   Kent State University OH listings scraped: 0
[02:12:07] [INFO]   Bellin College WI listings scraped: 1
[02:12:07] [INFO]   Chief Dull Knife College MT listings scraped: 0
[02:12:07] [INFO]   University of Denver CO listings scraped: 0
[02:12:07] [INFO]   ↪️  Blackhawk Technical College: generic page hands off to icims
[02:12:07] [INFO]   Bryant & Stratton College-Wauwatosa WI listings scraped: 0
[02:12:07] [INFO]   Blackfeet Community College MT listings scraped: 0
[02:12:07] [INFO]   ↪️  Adams State University: generic page hands off to workday
[02:12:07] [INFO]   Ohio University OH listings scraped: 41
[02:12:07] [INFO]   Arapahoe Community College CO listings scraped: 1
[02:12:07] [INFO]   Dawson Community College MT listings scraped: 0
[02:12:07] [INFO]   Cleveland State University OH listings scraped: 62
[02:12:07] [INFO]   Aims Community College CO listings scraped: 0
[02:12:07] [INFO]   Adams State University CO listings scraped: 6 (API)
[02:12:07] [INFO]   Carthage College WI listings scraped: 0
[02:12:07] [INFO]   Wright State University OH listings scraped: 0
[02:12:07] [INFO]   Fort Peck Community College MT listings scraped: 0
[02:12:07] [INFO]   ↪️  Chippewa Valley Technical College: generic page hands off to icims
[02:12:07] [INFO]   Blackhawk Technical College WI listings scraped: 0
[02:12:07] [INFO]   Blackhawk Technical College WI listings scraped: 0
[02:12:07] [INFO]   Carroll University WI listings scraped: 0
[02:12:07] [INFO]   University of Cincinnati OH listings scraped: 0
[02:12:07] [INFO]   Colorado Christian University CO listings scraped: 2
[02:12:07] [INFO]   Case Western Reserve University OH listings scraped: 0
[02:12:07] [INFO]   Colorado Mesa University CO listings scraped: 0
[02:12:07] [INFO]   University of Dayton OH listings scraped: 1
[02:12:07] [INFO]   College of Menominee Nation WI listings scraped: 0
[02:12:07] [INFO]   Chippewa Valley Technical College WI listings scraped: 0
[02:12:07] [INFO]   Chippewa Valley Technical College WI listings scraped: 0
[02:12:07] [INFO]   Flathead Valley Community College MT listings scraped: 1
[02:12:07] [INFO]   Casa Loma College - Aurora CO listings scraped: 0
[02:12:07] [INFO]   Concordia University-Wisconsin WI listings scraped: 0
[02:12:07] [INFO]   Edgewood College WI listings scraped: 4
[02:12:07] [INFO]   Colorado Mountain College CO listings scraped: 0
[02:12:07] [INFO]   Colorado Northwestern Community College CO listings scraped: 0
[02:12:07] [INFO]   Denison University OH listings scraped: 0
[02:12:07] [INFO]   Oberlin College OH listings scraped: 61
[02:12:07] [INFO]   Kenyon College OH listings scraped: 0
[02:12:07] [INFO]   Colorado State University Global CO listings scraped: 0
[02:12:07] [INFO]   Fox Valley Technical College WI listings scraped: 0
[02:12:07] [INFO]   Nevada State University NV listings scraped: 4 (API)
[02:12:07] [INFO]   ↪️  Central New Mexico Community College: generic page hands off to workday
[02:12:07] [INFO]   University of Nevada, Reno NV listings scraped: 16 (API)
[02:12:07] [INFO]   University of Nevada, Las Vegas NV listings scraped: 61 (API)
[02:12:07] [INFO]   Colorado State University Pueblo CO listings scraped: 0
[02:12:07] [INFO]   Central New Mexico Community College NM listings scraped: 4 (API)
[02:12:07] [INFO]   Cleveland Clinic Health System-School of Diagnostic Imaging OH listings scraped: 0
[02:12:07] [INFO]   Kent State University at East Liverpool OH listings scraped: 0
[02:12:07] [INFO]   Eastern New Mexico University-Main Campus NM listings scraped: 1
[02:12:07] [INFO]   Community College of Aurora CO listings scraped: 0
[02:12:07] [INFO]   Kent State University at Ashtabula OH listings scraped: 0
[02:12:07] [INFO]   ↪️  Community College of Denver: generic page hands off to schooljobs
[02:12:07] [INFO]   Colorado State University-System Office CO listings scraped: 1
[02:12:07] [INFO]   College of Southern Nevada NV listings scraped: 0
[02:12:07] [INFO]   Kent State University at Geauga OH listings scraped: 0
[02:12:07] [INFO]   Kent State University at Salem OH listings scraped: 0
[02:12:07] [INFO]   Eastern New Mexico University-Roswell Campus NM listings scraped: 1
[02:12:07] [INFO]   Denver Seminary CO listings scraped: 1
[02:12:07] [INFO]   Eastern New Mexico University Ruidoso Branch Community College NM listings scraped: 0
[02:12:07] [INFO]   Kent State University at Stark OH listings scraped: 0
[02:12:07] [INFO]   Weber State University UT listings scraped: 10
[02:12:07] [INFO]   ↪️  Fort Lewis College: generic page hands off to workday
[02:12:07] [INFO]   Fort Lewis College CO listings scraped: 2 (API)
[02:12:07] [INFO]   Kent State University at Tuscarawas OH listings scraped: 0
[02:12:07] [INFO]   Kent State University at Trumbull OH listings scraped: 0
[02:12:07] [INFO]   Front Range Community College CO listings scraped: 0
[02:12:07] [INFO]   Utah Tech University UT listings scraped: 0
[02:12:07] [INFO]   Miami University-Hamilton OH listings scraped: 2
[02:12:07] [INFO]   University of Toledo OH listings scraped: 0
[02:12:07] [INFO]   Southern Utah University UT listings scraped: 2
[02:12:07] [INFO]   Community College of Denver CO listings scraped: 0
[02:12:07] [INFO]   Community College of Denver CO listings scraped: 0
[02:12:07] [INFO]   Utah Valley University UT listings scraped: 1
[02:12:07] [INFO]   Miami University-Middletown OH listings scraped: 2
[02:12:07] [INFO]   Ohio University-Chillicothe Campus OH listings scraped: 0
[02:12:07] [INFO]   Utah State University UT listings scraped: 0
[02:12:07] [INFO]   University of Idaho ID listings scraped: 27
[02:12:07] [INFO]   Ohio University-Eastern Campus OH listings scraped: 0
[02:12:07] [INFO]   Ohio University-Lancaster Campus OH listings scraped: 0
[02:12:07] [INFO]   Lewis-Clark State College ID listings scraped: 2
[02:12:07] [INFO]   Ohio University-Southern Campus OH listings scraped: 0
[02:12:07] [INFO]   Brigham Young University UT listings scraped: 1
[02:12:07] [INFO]   Ohio University-Zanesville Campus OH listings scraped: 0
[02:12:07] [INFO]   Firelands Regional Medical Center School of Nursing OH listings scraped: 0
[02:12:07] [INFO]   Ensign College UT listings scraped: 0
[02:12:07] [INFO]   The College of Idaho ID listings scraped: 0
[02:12:07] [INFO]   Westminster University (Utah) UT listings scraped: 2
[02:12:07] [INFO]   Rabbinical College Telshe OH listings scraped: 0
[02:12:07] [INFO]   Boise Bible College ID listings scraped: 0
[02:12:07] [INFO]   Remington College-Cleveland Campus OH listings scraped: 0
[02:12:07] [INFO]   Air Force Institute of Technology-Graduate School of Engineering & Management OH listings scraped: 0
[02:12:07] [INFO]   Toledo Public Schools Adult and Continuing Education OH listings scraped: 0
[02:12:07] [INFO]   ↪️  College of Eastern Idaho: generic page hands off to schooljobs
[02:12:07] [INFO]   Northwest Nazarene University ID listings scraped: 0
[02:12:07] [INFO]   Brigham Young University-Idaho ID listings scraped: 0
[02:12:07] [INFO]   Antioch College OH listings scraped: 1
[02:12:07] [INFO]   Allegheny Wesleyan College OH listings scraped: 0
[02:12:07] [INFO]   Antioch University OH listings scraped: 0
[02:12:07] [INFO]   College of Eastern Idaho ID listings scraped: 2
[02:12:07] [INFO]   Antioch University-System Administration OH listings scraped: 0
[02:12:07] [INFO]   College of Western Idaho ID listings scraped: 0
[02:12:07] [INFO]   College of Southern Idaho ID listings scraped: 0
[02:12:07] [INFO]   Ashland University OH listings scraped: 0
[02:12:07] [INFO]   Idaho State University ID listings scraped: 17
[02:12:07] [INFO]   Art Academy of Cincinnati OH listings scraped: 0
[02:12:07] [INFO]   Athenaeum of Ohio OH listings scraped: 0
[02:12:07] [INFO]   Aultman College of Nursing and Health Sciences OH listings scraped: 0
[02:12:07] [INFO]   Ball State University IN listings scraped: 0
[02:12:07] [INFO]   Indiana State University IN listings scraped: 7
[02:12:07] [INFO]   Baldwin Wallace University OH listings scraped: 0
[02:12:07] [INFO]   Butler University IN: API failed, falling back to browser
[02:12:07] [INFO]   University of Southern Indiana IN listings scraped: 0
[02:12:07] [INFO]   DePauw University IN listings scraped: 0 (API)
[02:12:07] [INFO]   Bluffton University OH listings scraped: 2
[02:12:07] [INFO]   Bowling Green State University-Firelands OH listings scraped: 1
[02:12:07] [INFO]   ↪️  Bowling Green State University-Main Campus: generic page hands off to schooljobs
[02:12:07] [INFO]   Purdue University IN listings scraped: 0
[02:12:07] [INFO]   Belmont College OH listings scraped: 0
[02:12:07] [INFO]   Bowling Green State University-Main Campus OH listings scraped: 0
[02:12:07] [INFO]   Bowling Green State University-Main Campus OH listings scraped: 0
[02:12:07] [INFO]   Bryant & Stratton College-Parma OH listings scraped: 0
[02:12:07] [INFO]   Wabash College IN listings scraped: 0
[02:12:07] [INFO]   Capital University OH listings scraped: 0
[02:12:07] [INFO]   Indiana University IN listings scraped: 117
[02:12:07] [INFO]   Marian University-Ancilla IN listings scraped: 0
[02:12:07] [INFO]   University of Utah UT listings scraped: 370
[02:12:07] [INFO]   Cedarville University OH listings scraped: 0
[02:12:07] [INFO]   Central Ohio Technical College OH listings scraped: 0
[02:12:07] [INFO]   Central State University OH listings scraped: 0
[02:12:07] [INFO]   Trine University-Regional/Non-Traditional Campuses IN listings scraped: 10
[02:12:07] [INFO]   Cincinnati College of Mortuary Science OH listings scraped: 0
[02:12:07] [INFO]   University of Charleston WV listings scraped: 0
[02:12:07] [INFO]   Anabaptist Mennonite Biblical Seminary IN listings scraped: 0
[02:12:07] [INFO]   Clark State College OH listings scraped: 0
[02:12:07] [INFO]   West Virginia State University WV listings scraped: 1
[02:12:07] [INFO]   Cincinnati State Technical and Community College OH listings scraped: 0
[02:12:07] [INFO]   Bethany Theological Seminary IN listings scraped: 0
[02:12:07] [INFO]   Cleveland Institute of Music OH listings scraped: 0
[02:12:07] [INFO]   Cleveland Institute of Art OH listings scraped: 0
[02:12:07] [INFO]   Marshall University WV listings scraped: 104
[02:12:07] [INFO]   Earlham College IN listings scraped: 0
[02:12:07] [INFO]   West Virginia Wesleyan College WV listings scraped: 0
[02:12:07] [INFO]   Collins Career Technical Center OH listings scraped: 0
[02:12:07] [INFO]   Calumet College of Saint Joseph IN listings scraped: 0
[02:12:07] [INFO]   West Virginia University WV Taleo listings scraped: 13
[02:12:07] [INFO]   Columbus College of Art & Design OH listings scraped: 0
[02:12:07] [INFO]   Columbus State Community College OH listings scraped: 0
[02:12:07] [INFO]   ↪️  Cuyahoga Community College District: generic page hands off to csod
[02:12:07] [INFO]   Bethany College (WV) WV listings scraped: 0
[02:12:07] [INFO]   Mercer County Technical Education Center WV listings scraped: 0
[02:12:07] [INFO]   Franklin College IN listings scraped: 1
[02:12:07] [INFO]   Appalachian Bible College WV listings scraped: 0
[02:12:07] [INFO]   Christian Theological Seminary IN listings scraped: 0
[02:12:07] [INFO]   West Virginia University Hospital Departments of Rad Tech and Nutrition WV listings scraped: 0
[02:12:07] [INFO]   Defiance College OH listings scraped: 1
[02:12:07] [INFO]   Eastern Gateway Community College OH listings scraped: 0
[02:12:07] [INFO]   Edison State Community College OH listings scraped: 0
[02:12:07] [INFO]   Bluefield State University WV listings scraped: 1
[02:12:07] [INFO]   BridgeValley Community & Technical College WV listings scraped: 0
[02:12:07] [INFO]   Butler University IN listings scraped: 0
[02:12:07] [INFO]   Bethany College WV listings scraped: 0
[02:12:07] [INFO]   Franciscan University of Steubenville OH listings scraped: 1
[02:12:07] [INFO]   Concord University WV listings scraped: 1
[02:12:07] [INFO]   Catholic International University WV listings scraped: 0
[02:12:07] [INFO]   Franklin University OH listings scraped: 0
[02:12:07] [INFO]   Concordia Theological Seminary IN listings scraped: 0
[02:12:07] [INFO]   Blue Ridge Community and Technical College WV listings scraped: 0
[02:12:07] [INFO]   Davis & Elkins College WV listings scraped: 0
[02:12:07] [INFO]   Georgia State University GA listings scraped: 27
[02:12:07] [INFO]   Fairmont State University WV listings scraped: 0
[02:12:07] [INFO]   Eastern West Virginia Community and Technical College WV listings scraped: 0
[02:12:07] [INFO]   Cuyahoga Community College District OH listings scraped: 0
[02:12:07] [INFO]   Cuyahoga Community College District OH listings scraped: 0
[02:12:07] [INFO]   Spelman College GA listings scraped: 3
[02:12:07] [INFO]   Fred W Eberle Technical Center WV listings scraped: 0
[02:12:07] [INFO]   University of North Georgia GA listings scraped: 0
[02:12:07] [INFO]   University of Mississippi MS listings scraped: 10 (API)
[02:12:07] [INFO]   University of Alabama AL listings scraped: 0
[02:12:07] [INFO]   University of South Alabama AL listings scraped: 19
[02:12:07] [INFO]   Auburn University AL listings scraped: 0
[02:12:07] [INFO]   Abraham Baldwin Agricultural College GA listings scraped: 0
[02:12:07] [INFO]   Delta State University MS listings scraped: 43
[02:12:07] [INFO]   Agnes Scott College GA listings scraped: 0
[02:12:07] [INFO]   University of Georgia GA listings scraped: 105
[02:12:07] [INFO]   Mississippi University for Women MS listings scraped: 41
[02:12:07] [INFO]   Alcorn State University MS listings scraped: 1
[02:12:07] [INFO]   Millsaps College MS listings scraped: 1
[02:12:07] [INFO]   Alabama A & M University AL listings scraped: 0
[02:12:07] [INFO]   Albany State University GA listings scraped: 0
[02:12:07] [INFO]   ↪️  Alabama College of Osteopathic Medicine override URL applied
[02:12:07] [INFO]   Remington College-Mobile Campus AL listings scraped: 0
[02:12:07] [INFO]   Spring Hill College AL listings scraped: 0
[02:12:07] [INFO]   Belhaven University MS listings scraped: 0
[02:12:07] [INFO]   Blue Mountain Christian University MS listings scraped: 0
[02:12:07] [INFO]   Andrew College GA listings scraped: 0
[02:12:07] [INFO]   Albany Technical College GA listings scraped: 0
[02:12:07] [INFO]   Coahoma Community College MS listings scraped: 0
[02:12:07] [INFO]   Alabama College of Osteopathic Medicine AL listings scraped: 0
[02:12:07] [INFO]   Athens Technical College GA listings scraped: 1
[02:12:07] [INFO]   Alabama State University AL listings scraped: 0
[02:12:07] [INFO]   Board of Trustees-Mississippi State Institutions of Higher Learning MS listings scraped: 0
[02:12:07] [INFO]   ↪️  Auburn University at Montgomery override URL applied
[02:12:07] [INFO]   Amridge University AL listings scraped: 0
[02:12:07] [INFO]   Copiah-Lincoln Community College MS listings scraped: 0
[02:12:07] [INFO]   East Central Community College MS listings scraped: 0
[02:12:07] [INFO]   East Mississippi Community College MS listings scraped: 0
[02:12:07] [INFO]   Athens State University AL listings scraped: 0
[02:12:07] [INFO]   Atlanta's John Marshall Law School GA listings scraped: 3
[02:12:07] [INFO]   Louisiana State University LA listings scraped: 35 (API)
[02:12:07] [INFO]   Atlanta Metropolitan State College GA listings scraped: 0
[02:12:07] [INFO]   ↪️  Auburn University at Montgomery: scraped 50 listings via scrapeJibeApi
[02:12:07] [INFO]   ↪️  Atlanta Technical College: generic page hands off to taleo
[02:12:07] [INFO]   Augusta Technical College GA listings scraped: 0
[02:12:07] [INFO]   Baton Rouge General Medical Center School of Nursing & School of Radiologic Technology LA listings scraped: 0
[02:12:07] [INFO]   Louisiana Tech University LA listings scraped: 4
[02:12:07] [INFO]   Bevill State Community College AL listings scraped: 1
[02:12:07] [INFO]   Dillard University LA listings scraped: 0
[02:12:07] [INFO]   University of Alabama at Birmingham AL listings scraped: 365
[02:12:07] [INFO]   Remington College-Baton Rouge Campus LA listings scraped: 0
[02:12:07] [INFO]   Augusta University GA listings scraped: 2
[02:12:07] [INFO]   Bishop State Community College AL listings scraped: 0
[02:12:07] [INFO]   Berry College GA listings scraped: 1
[02:12:07] [INFO]   Remington College-Shreveport Campus LA listings scraped: 0
[02:12:07] [INFO]   Remington College-Lafayette Campus LA listings scraped: 0
[02:12:07] [INFO]   Coastal Alabama Community College AL listings scraped: 1
[02:12:07] [INFO]   ↪️  Faulkner University override URL applied
[02:12:07] [INFO]   Brenau University GA listings scraped: 0
[02:12:07] [INFO]   The Chicago School at Xavier University of Louisiana LA listings scraped: 0
[02:12:07] [INFO]   Atlanta Technical College GA Taleo listings scraped: 1
[02:12:07] [INFO]   Central Alabama Community College AL listings scraped: 0
[02:12:07] [INFO]   Chattahoochee Valley Community College AL listings scraped: 0
[02:12:07] [INFO]   Enterprise State Community College AL listings scraped: 0
[02:12:07] [INFO]   Brewton-Parker College GA listings scraped: 0
[02:12:07] [INFO]   Bossier Parish Community College LA listings scraped: 0
[02:12:07] [INFO]   Baton Rouge Community College LA listings scraped: 1
[02:12:07] [INFO]   Bridges Christian College LA listings scraped: 0
[02:12:07] [INFO]   Chattahoochee Technical College GA listings scraped: 0
[02:12:07] [INFO]   Faulkner University AL listings scraped: 2
[02:12:07] [INFO]   Beulah Heights University GA listings scraped: 0
[02:12:07] [INFO]   University of Arkansas AR listings scraped: 18 (API)
[02:12:07] [INFO]   Clark Atlanta University GA listings scraped: 0
[02:12:07] [INFO]   Central Georgia Technical College GA listings scraped: 0
[02:12:07] [INFO]   Central Louisiana Technical Community College LA listings scraped: 0
[02:12:07] [INFO]   Centenary College of Louisiana LA listings scraped: 0
[02:12:07] [INFO]   Delgado Community College LA listings scraped: 0
[02:12:07] [INFO]   Clayton State University GA listings scraped: 0
[02:12:07] [INFO]   ↪️  Columbia Theological Seminary override URL applied
[02:12:07] [INFO]   Cossatot Community College of the University of Arkansas AR listings scraped: 0
[02:12:07] [INFO]   University of Arkansas Hope-Texarkana AR listings scraped: 0
[02:12:07] [INFO]   Coastal Pines Technical College GA listings scraped: 0
[02:12:07] [INFO]   University of Central Arkansas AR listings scraped: 46
[02:12:07] [INFO]   Fletcher Technical Community College LA listings scraped: 0
[02:12:07] [INFO]   Franciscan Missionaries of Our Lady University LA listings scraped: 0
[02:12:07] [INFO]   ↪️  University of Arkansas at Little Rock: generic page hands off to workday
[02:12:07] [INFO]   Digital Media Institute LA listings scraped: 0
[02:12:07] [INFO]   Arkansas Baptist College AR listings scraped: 0
[02:12:07] [INFO]   Columbia Theological Seminary GA listings scraped: 0
[02:12:07] [INFO]   College of Coastal Georgia GA listings scraped: 0
[02:12:07] [INFO]   Columbus State University GA listings scraped: 0
[02:12:07] [INFO]   Arkansas Colleges of Health Education AR listings scraped: 0
[02:12:07] [INFO]   University of Arkansas at Little Rock AR listings scraped: 1 (API)
[02:12:07] [INFO]   Baker University KS listings scraped: 1
[02:12:07] [INFO]   Arkansas Northeastern College AR listings scraped: 0
[02:12:07] [INFO]   ↪️  Arkansas State University: generic page hands off to taleo
[02:12:07] [INFO]   College of Athens GA listings scraped: 0
[02:12:07] [INFO]   University of Kansas KS listings scraped: 11
[02:12:07] [INFO]   ↪️  Southwestern College (KS): generic page hands off to paycom
[02:12:07] [INFO]   Allen County Community College KS listings scraped: 0
[02:12:07] [INFO]   Covenant College GA listings scraped: 0
[02:12:07] [INFO]   Dalton State College GA listings scraped: 0
[02:12:07] [INFO]   Arkansas State University System AR listings scraped: 0
[02:12:07] [INFO]   Columbus Technical College GA listings scraped: 0
[02:12:07] [INFO]   Barclay College KS listings scraped: 0
[02:12:07] [INFO]   ↪️  Arkansas State University Three Rivers: generic page hands off to taleo
[02:12:07] [INFO]   University of New Mexico NM listings scraped: 64
[02:12:07] [INFO]   East Georgia State College GA listings scraped: 0
[02:12:07] [INFO]   Emmanuel University GA listings scraped: 0
[02:12:07] [INFO]   Benedictine College KS listings scraped: 4
[02:12:07] [INFO]   Emory University GA listings scraped: 0
[02:12:07] [INFO]   Arkansas State University Mid-South AR listings scraped: 0
[02:12:07] [INFO]   Arkansas State University-Beebe AR listings scraped: 1
[02:12:07] [INFO]   Bethel College-North Newton KS listings scraped: 1
[02:12:07] [INFO]   Barton County Community College KS listings scraped: 0
[02:12:07] [INFO]   Arkansas State University AR Taleo listings scraped: 0
[02:12:07] [INFO]   Arkansas State University AR listings scraped: 0
[02:12:07] [INFO]   Oklahoma State University OK listings scraped: 0
[02:12:07] [INFO]   Cameron University OK listings scraped: 7
[02:12:07] [INFO]   Autry Technology Center OK listings scraped: 0
[02:12:07] [INFO]   Canadian Valley Technology Center OK listings scraped: 1
[02:12:07] [INFO]   ↪️  Emory University-Oxford College: generic page hands off to icims
[02:12:07] [INFO]   Arkansas State University Three Rivers AR Taleo listings scraped: 0
[02:12:07] [INFO]   Arkansas State University Three Rivers AR listings scraped: 0
[02:12:07] [INFO]   ↪️  Arkansas State University-Mountain Home: generic page hands off to taleo
[02:12:07] [INFO]   Butler Community College KS listings scraped: 3
[02:12:07] [INFO]   Cleveland University-Kansas City KS listings scraped: 1
[02:12:07] [INFO]   Central Christian College of Kansas KS listings scraped: 0
[02:12:07] [INFO]   Arkansas Tech University AR listings scraped: 0
[02:12:07] [INFO]   Emory University-Oxford College GA listings scraped: 0
[02:12:07] [INFO]   Emory University-Oxford College GA listings scraped: 0
[02:12:07] [INFO]   Connors State College OK listings scraped: 0
[02:12:07] [INFO]   Fort Valley State University GA listings scraped: 0
[02:12:07] [INFO]   College of the Muscogee Nation OK listings scraped: 0
[02:12:07] [INFO]   Baptist Health College Little Rock AR listings scraped: 0
[02:12:07] [INFO]   Colby Community College KS listings scraped: 0
[02:12:07] [INFO]   Coffeyville Community College KS listings scraped: 0
[02:12:07] [INFO]   Arkansas State University-Newport AR listings scraped: 0
[02:12:07] [INFO]   Washington University in St. Louis MO listings scraped: 1 (API)
[02:12:07] [INFO]   Arkansas State University-Mountain Home AR Taleo listings scraped: 0
[02:12:07] [INFO]   Arkansas State University-Mountain Home AR listings scraped: 0
[02:12:07] [INFO]   ↪️  Crowley's Ridge College override URL applied
[02:12:07] [INFO]   Missouri State University MO listings scraped: 8
[02:12:07] [INFO]   ↪️  Community Care College: generic page hands off to paycom
[02:12:07] [INFO]   Black River Technical College AR listings scraped: 5
[02:12:07] [INFO]   Cloud County Community College KS listings scraped: 0
[02:12:07] [INFO]   East Central University OK listings scraped: 0
[02:12:07] [INFO]   Cowley County Community College KS listings scraped: 0
[02:12:07] [INFO]   Carl Albert State College OK listings scraped: 0
[02:12:07] [INFO]   Central Baptist College AR listings scraped: 0
[02:12:07] [INFO]   ↪️  Ecclesia College override URL applied
[02:12:07] [INFO]   Missouri University of Science and Technology MO listings scraped: 1
[02:12:07] [INFO]   Drury University-College of Continuing Professional Studies MO listings scraped: 1
[02:12:07] [INFO]   Dodge City Community College KS listings scraped: 0
[02:12:07] [INFO]   Champion Christian College AR listings scraped: 0
[02:12:07] [INFO]   ↪️  Urshan Graduate School of Theology: generic page hands off to paycom
[02:12:07] [INFO]   East Arkansas Community College AR listings scraped: 3
[02:12:07] [INFO]   Donnelly College KS listings scraped: 0
[02:12:07] [INFO]   Eastern Oklahoma State College OK listings scraped: 0
[02:12:07] [INFO]   A T Still University of Health Sciences MO listings scraped: 0
[02:12:07] [INFO]   Emporia State University KS listings scraped: 0
[02:12:07] [INFO]   Avila University MO listings scraped: 1
[02:12:07] [INFO]   Aquinas Institute of Theology MO listings scraped: 0
[02:12:07] [INFO]   Family of Faith Christian University OK listings scraped: 0
[02:12:07] [INFO]   Southwestern College (KS) KS listings scraped: 0
[02:12:07] [INFO]   Southwestern College (KS) KS listings scraped: 0
[02:12:07] [INFO]   Ecclesia College AR listings scraped: 0
[02:12:07] [INFO]   Fort Hays State University KS listings scraped: 1
[02:12:07] [INFO]   Community Care College OK listings scraped: 9
[02:12:07] [INFO]   Crowley's Ridge College AR listings scraped: 0
[02:12:07] [INFO]   Flint Hills Technical College KS listings scraped: 0
[02:12:07] [INFO]   Barnes-Jewish College Goldfarb School of Nursing MO listings scraped: 0
[02:12:07] [INFO]   ↪️  Middle Tennessee State University override URL applied
[02:12:07] [INFO]   ↪️  Remington College-Memphis Campus override URL applied
[02:12:07] [INFO]   ↪️  Remington College-Nashville Campus override URL applied
[02:12:07] [INFO]   ↪️  American Baptist College override URL applied
[02:12:07] [INFO]   Fort Hays State University-Northwest Kansas Technical College KS listings scraped: 1
[02:12:07] [INFO]   Calvary University MO listings scraped: 0
[02:12:07] [INFO]   Northern Kentucky University KY listings scraped: 0
[02:12:07] [INFO]   Fort Hays Tech North Central KS listings scraped: 0
[02:12:07] [INFO]   Murray State University KY listings scraped: 24
[02:12:07] [INFO]   Urshan Graduate School of Theology MO listings scraped: 2
[02:12:07] [INFO]   Middle Tennessee State University TN listings scraped: 0
[02:12:07] [INFO]   ↪️  Austin Peay State University override URL applied
[02:12:07] [INFO]   Gateway Community and Technical College KY listings scraped: 0
[02:12:07] [INFO]   Morehead State University KY listings scraped: 35
[02:12:07] [INFO]   ↪️  Remington College-Nashville Campus: scraped 7 listings via scrapeAdpApi
[02:12:07] [INFO]   ↪️  American Baptist College: scraped 1 listings via scrapeAdpApi
[02:12:07] [INFO]   Friends University KS listings scraped: 0
[02:12:07] [INFO]   ↪️  Baptist Health Sciences University override URL applied
[02:12:07] [INFO]   ↪️  Belmont University override URL applied
[02:12:07] [INFO]   Remington College-Memphis Campus TN listings scraped: 0
[02:12:07] [INFO]   ↪️  Bethel University override URL applied
[02:12:07] [INFO]   Central Christian College of the Bible MO listings scraped: 0
[02:12:07] [INFO]   Alice Lloyd College KY listings scraped: 0
[02:12:07] [INFO]   Central Methodist University-College of Liberal Arts and Sciences MO listings scraped: 0
[02:12:07] [INFO]   Hopkinsville Community College KY listings scraped: 0
[02:12:07] [INFO]   Central Methodist University-College of Graduate and Extended Studies MO listings scraped: 0
[02:12:07] [INFO]   ↪️  Asbury Theological Seminary: generic page hands off to paycom
[02:12:07] [INFO]   Bethel University TN listings scraped: 6
[02:12:07] [INFO]   ↪️  Bryan College-Dayton override URL applied
[02:12:07] [INFO]   Fort Scott Community College KS listings scraped: 0
[02:12:07] [INFO]   ↪️  Alaska Pacific University override URL applied
[02:12:07] [INFO]   Asbury University KY listings scraped: 0
[02:12:07] [INFO]   Ashland Community and Technical College KY listings scraped: 0
[02:12:07] [INFO]   ↪️  Austin Peay State University: scraped 7 listings via scrapeOracleCloudApi
[02:12:07] [INFO]   Baptist Health Sciences University TN listings scraped: 1
[02:12:07] [INFO]   ↪️  Chattanooga State Community College override URL applied
[02:12:07] [INFO]   City Vision University MO listings scraped: 0
[02:12:07] [INFO]   Bellarmine University KY listings scraped: 0
[02:12:07] [INFO]   Bolivar Technical College MO listings scraped: 0
[02:12:07] [INFO]   Conception Seminary College MO listings scraped: 0
[02:12:07] [INFO]   College of the Ozarks MO listings scraped: 0
[02:12:07] [INFO]   Big Sandy Community and Technical College KY listings scraped: 0
[02:12:07] [INFO]   Alaska Pacific University AK listings scraped: 1
[02:12:07] [INFO]   Bryan College-Dayton TN listings scraped: 0
[02:12:07] [INFO]   ↪️  Christian Brothers University override URL applied
[02:12:07] [INFO]   Alaska Bible College AK listings scraped: 0
[02:12:07] [INFO]   Berea College KY listings scraped: 0
[02:12:07] [INFO]   Alaska Christian College AK listings scraped: 0
[02:12:07] [INFO]   Bluegrass Community and Technical College KY listings scraped: 0
[02:12:07] [INFO]   Asbury Theological Seminary KY listings scraped: 8
[02:12:07] [INFO]   Concordia Seminary MO listings scraped: 0
[02:12:07] [INFO]   Chattanooga State Community College TN listings scraped: 7
[02:12:07] [INFO]   University of Alaska System AK listings scraped: 22
[02:12:07] [INFO]   Covenant Theological Seminary MO listings scraped: 0
[02:12:07] [INFO]   ↪️  Cleveland State Community College override URL applied
[02:12:07] [INFO]   ↪️  Belmont University: scraped 19 listings via scrapeCsodApi
[02:12:07] [INFO]   ↪️  Columbia State Community College override URL applied
[02:12:07] [INFO]   Carson-Newman University TN listings scraped: 0
[02:12:07] [INFO]   ↪️  Cumberland University override URL applied
[02:12:07] [INFO]   Cottey College MO listings scraped: 0
[02:12:07] [INFO]   Christian Brothers University TN listings scraped: 2
[02:12:07] [INFO]   Brescia University KY listings scraped: 2
[02:12:07] [INFO]   ↪️  Dyersburg State Community College override URL applied
[02:12:07] [INFO]   Centre College KY listings scraped: 0
[02:12:07] [INFO]   ↪️  Cleveland State Community College: generic page hands off to pageup
[02:12:07] [INFO]   ↪️  Campbellsville University: generic page hands off to workday
[02:12:07] [INFO]   Crowder College MO listings scraped: 0
[02:12:07] [INFO]   Chaminade University of Honolulu HI listings scraped: 1
[02:12:07] [INFO]   Columbia State Community College TN listings scraped: 1
[02:12:07] [INFO]   Campbellsville University KY listings scraped: 7 (API)
[02:12:07] [INFO]   ↪️  East Tennessee State University override URL applied
[02:12:07] [INFO]   Culver-Stockton College MO listings scraped: 0
[02:12:07] [INFO]   Brigham Young University-Hawaii HI listings scraped: 0
[02:12:07] [INFO]   University of Hawaii System HI listings scraped: 10
[02:12:07] [INFO]   Texas Tech University TX: API failed, falling back to browser
[02:12:07] [INFO]   Clear Creek Baptist Bible College KY listings scraped: 0
[02:12:07] [INFO]   Eastern Kentucky University KY listings scraped: 0
[02:12:07] [INFO]   Drury University MO listings scraped: 1
[02:12:07] [INFO]   ↪️  Dyersburg State Community College: generic page hands off to pageup
[02:12:07] [INFO]   University of Texas at Austin TX listings scraped: 0 (API)
[02:12:07] [INFO]   Cox College MO listings scraped: 0
[02:12:07] [INFO]   Elizabethtown Community and Technical College KY listings scraped: 0
[02:12:07] [INFO]   Texas A&M University TX listings scraped: 70
[02:12:07] [INFO]   East Central College MO listings scraped: 0
[02:12:07] [INFO]   Cleveland State Community College TN listings scraped: 0
[02:12:07] [INFO]   Cleveland State Community College TN listings scraped: 0
[02:12:07] [INFO]   Dyersburg State Community College TN listings scraped: 0
[02:12:07] [INFO]   Dyersburg State Community College TN listings scraped: 0
[02:12:07] [INFO]   ↪️  Freed-Hardeman University override URL applied
[02:12:07] [INFO]   ↪️  East Tennessee State University: scraped 46 listings via scrapeOracleCloudApi
[02:12:07] [INFO]   Evangel University MO listings scraped: 0
[02:12:07] [INFO]   Frontier Nursing University KY listings scraped: 0
[02:12:07] [INFO]   Evangel University-College of Online Learning MO listings scraped: 0
[02:12:07] [INFO]   Eden Theological Seminary MO listings scraped: 0
[02:12:07] [INFO]   Evangel University-James River Assembly of God Church MO listings scraped: 0
[02:12:07] [INFO]   Freed-Hardeman University TN listings scraped: 6
[02:12:07] [INFO]   ↪️  Cumberland University: scraped 7 listings via scrapePaycomApi
[02:12:07] [INFO]   ↪️  Fisk University: generic page hands off to paycom
[02:12:07] [INFO]   University of Texas at Arlington TX listings scraped: 98
[02:12:07] [INFO]   University of Texas at Dallas TX listings scraped: 100
[02:12:07] [INFO]   University of South Florida FL listings scraped (REST): 25
[02:12:07] [INFO]   University of North Texas TX listings scraped: 0
[02:12:07] [INFO]   Rice University TX listings scraped: 0
[02:12:07] [INFO]   Florida Atlantic University FL listings scraped: 4 (API)
[02:12:07] [INFO]   University of North Florida FL: API failed, falling back to browser
[02:12:07] [INFO]   Baylor University TX listings scraped: 15
[02:12:07] [INFO]   Texas Christian University TX: API failed, falling back to browser
[02:12:07] [INFO]   Florida State University FL listings scraped: 7
[02:12:07] [INFO]   University of Miami FL listings scraped: 38 (API)
[02:12:07] [INFO]   Nova Southeastern University FL listings scraped: 0
[02:12:07] [INFO]   Rollins College FL listings scraped: 0
[02:12:07] [INFO]   Southern Methodist University TX Taleo listings scraped: 0
[02:12:07] [INFO]   Trinity University TX listings scraped: 4 (API)
[02:12:07] [INFO]   Florida International University FL listings scraped: 0
[02:12:07] [INFO]   Eckerd College FL listings scraped: 0
[02:12:07] [INFO]   Stetson University FL listings scraped: 0
[02:12:07] [INFO]   ↪️  Southwestern University: generic page hands off to schooljobs
[02:12:07] [INFO]   New College of Florida FL listings scraped: 0
[02:12:07] [INFO]   Texas Tech University TX listings scraped: 0
[02:12:07] [INFO]   Southwestern University TX listings scraped: 4
[02:12:07] [INFO]   Jacksonville University FL listings scraped: 0
[02:12:07] [INFO]   Florida Southern College FL listings scraped: 11
[02:12:07] [INFO]   Alamo Community College District Central Office TX listings scraped: 0
[02:12:07] [INFO]   Fisk University TN listings scraped: 0
[02:12:07] [INFO]   Fisk University TN listings scraped: 0
[02:12:07] [INFO]   Abilene Christian University-Undergraduate Online TX listings scraped: 0
[02:12:07] [INFO]   Fontbonne University MO listings scraped: 0
[02:12:07] [INFO]   Northeast Lakeview College TX listings scraped: 0
[02:12:07] [INFO]   Laredo College TX listings scraped: 0
[02:12:08] [INFO]   University of North Florida FL listings scraped: 0
[02:12:08] [INFO]   Northwest Vista College TX listings scraped: 0
[02:12:08] [INFO]   Palo Alto College TX listings scraped: 0
[02:12:08] [INFO]   University of Houston TX listings scraped: 460
[02:12:08] [INFO]   Erwin Technical College FL listings scraped: 0
[02:12:08] [INFO]   Remington College-Dallas Campus TX listings scraped: 0
[02:12:08] [INFO]   Remington College-Fort Worth Campus TX listings scraped: 0
[02:12:08] [INFO]   Texas Christian University TX listings scraped: 0
[02:12:08] [INFO]   H W Brewster Technical College FL listings scraped: 0
[02:12:08] [INFO]   Polytechnic University of Puerto Rico-Miami FL listings scraped: 0
[02:12:08] [INFO]   Remington College-North Houston Campus TX listings scraped: 0
[02:12:08] [INFO]   Remington College-Houston Southeast Campus TX listings scraped: 0
[02:12:08] [INFO]   Remington College-Online Dallas TX listings scraped: 0
[02:12:08] [INFO]   Polytechnic University of Puerto Rico-Orlando FL listings scraped: 0
[02:12:08] [INFO]   Orange Technical College-East Campus FL listings scraped: 0
[02:12:08] [INFO]   Orange Technical College-West Campus FL listings scraped: 0
[02:12:08] [INFO]   Southwest College for the Deaf TX listings scraped: 0
[02:12:08] [INFO]   San Antonio College TX listings scraped: 0
[02:12:08] [INFO]   St Philip's College TX listings scraped: 0
[02:12:08] [INFO]   Riveroak Technical College FL listings scraped: 0
[02:12:08] [INFO]   Academy for Five Element Acupuncture FL listings scraped: 0
[02:12:08] [INFO]   Suncoast Technical College FL listings scraped: 0
[02:12:08] [INFO]   The Chicago School at Dallas TX listings scraped: 0
[02:12:08] [INFO]   The Chicago School-College of Nursing TX listings scraped: 0
[02:12:08] [INFO]   Academy for Nursing and Health Occupations FL listings scraped: 0
[02:12:08] [INFO]   Covenant School of Nursing and Allied Health TX listings scraped: 0
[02:12:08] [INFO]   Abilene Christian University TX listings scraped: 0
[02:12:08] [INFO]   Alvin Community College TX listings scraped: 1
[02:12:08] [INFO]   Albizu University-Miami FL listings scraped: 0
[02:12:08] [INFO]   AdventHealth University FL listings scraped: 0
[02:12:08] [INFO]   Ana G. Mendez University FL listings scraped: 0
[02:12:08] [INFO]   Amarillo College TX listings scraped: 0
[02:12:08] [INFO]   Amberton University TX listings scraped: 0
[02:12:08] [INFO]   Angelina College TX listings scraped: 0
[02:12:08] [INFO]   Ave Maria School of Law FL listings scraped: 1
[02:12:08] [INFO]   Atlantic Institute of Oriental Medicine FL listings scraped: 0
[02:12:08] [INFO]   Angelo State University TX listings scraped: 0
[02:12:08] [INFO]   Arlington Baptist University TX listings scraped: 0
[02:12:08] [INFO]   Austin College TX listings scraped: 0
[02:12:08] [INFO]   Ave Maria University FL listings scraped: 0
[02:12:08] [INFO]   Baptist University of Florida FL listings scraped: 0
[02:12:08] [INFO]   Austin Community College District TX listings scraped: 0
[02:12:08] [INFO]   ↪️  Austin Presbyterian Theological Seminary: generic page hands off to paycom
[02:12:08] [INFO]   Bakke Graduate University TX listings scraped: 0
[02:12:08] [INFO]   Barry University FL listings scraped: 4
[02:12:08] [INFO]   Bethune-Cookman University FL listings scraped: 0
[02:12:08] [INFO]   Baptist University of the Americas TX listings scraped: 0
[02:12:08] [INFO]   Baylor College of Medicine TX listings scraped: 1
[02:12:08] [INFO]   Broward College FL listings scraped: 0
[02:12:08] [INFO]   Baptist Missionary Association Theological Seminary TX listings scraped: 0
[02:12:08] [INFO]   Chipola College FL listings scraped: 0
[02:12:08] [INFO]   Brazosport College TX listings scraped: 0
[02:12:08] [INFO]   Beacon College FL listings scraped: 0
[02:12:08] [INFO]   Brite Divinity School TX listings scraped: 3
[02:12:08] [INFO]   Atlantic Technical College FL listings scraped: 0
[02:12:08] [INFO]   ↪️  Blinn College District: generic page hands off to csod
[02:12:08] [INFO]   Daytona State College FL listings scraped: 0
[02:12:08] [INFO]   Austin Presbyterian Theological Seminary TX listings scraped: 0
[02:12:08] [INFO]   Austin Presbyterian Theological Seminary TX listings scraped: 0
[02:12:08] [INFO]   University of Florida FL listings scraped: 268
[02:12:08] [INFO]   Doral College FL listings scraped: 0
[02:12:08] [INFO]   ↪️  Central Texas College: generic page hands off to schooljobs
[02:12:08] [INFO]   College of Central Florida FL listings scraped: 0
[02:12:08] [INFO]   Eastern Florida State College FL listings scraped: 0
[02:12:08] [INFO]   Edward Waters University FL listings scraped: 0
[02:12:08] [INFO]   Embry-Riddle Aeronautical University-Daytona Beach FL listings scraped: 0
[02:12:08] [INFO]   Embry-Riddle Aeronautical University-Worldwide FL listings scraped: 0
[02:12:08] [INFO]   Christ Mission College TX listings scraped: 0
[02:12:08] [INFO]   Flagler College FL listings scraped: 0
[02:12:08] [INFO]   Everglades University FL listings scraped: 0
[02:12:08] [INFO]   Central Texas College TX listings scraped: 1
[02:12:08] [INFO]   Florida Agricultural and Mechanical University FL listings scraped: 0
[02:12:08] [INFO]   Flagler Technical College FL listings scraped: 0
[02:12:08] [INFO]   Florida Gateway College FL listings scraped: 0
[02:12:08] [INFO]   Cisco College TX listings scraped: 0
[02:12:08] [INFO]   Clarendon College TX listings scraped: 0
[02:12:08] [INFO]   Blinn College District TX listings scraped: 11
[02:12:08] [INFO]   Florida College FL listings scraped: 0
[02:12:08] [INFO]   Florida Gulf Coast University FL listings scraped: 1
[02:12:08] [INFO]   ↪️  Florida Institute of Technology: generic page hands off to workday
[02:12:08] [INFO]   ↪️  Florida Institute of Technology-Online: generic page hands off to workday
[02:12:08] [INFO]   Florida Institute of Technology FL listings scraped: 13 (API)
[02:12:08] [INFO]   Florida Institute of Technology-Online FL listings scraped: 13 (API)
[02:12:08] [INFO]   Coastal Bend College TX listings scraped: 0
[02:12:08] [INFO]   College of the Mainland TX listings scraped: 0
[02:12:08] [INFO]   Florida Memorial University FL listings scraped: 0
[02:12:08] [INFO]   Florida Polytechnic University FL listings scraped: 0
[02:12:08] [INFO]   College of Biblical Studies-Houston TX listings scraped: 0
[02:12:08] [INFO]   Florida SouthWestern State College FL listings scraped: 0
[02:12:08] [INFO]   Collin County Community College District TX listings scraped: 1
[02:12:08] [INFO]   Florida State College at Jacksonville FL listings scraped: 0
[02:12:08] [INFO]   Concordia University Texas TX listings scraped: 0
[02:12:08] [INFO]   Commonwealth Institute of Funeral Service TX listings scraped: 0
[02:12:08] [INFO]   Criswell College TX listings scraped: 0
[02:12:08] [INFO]   Fort Myers Technical College FL listings scraped: 0
[02:12:08] [INFO]   Dallas Baptist University TX listings scraped: 0
[02:12:08] [INFO]   Dallas Institute of Funeral Service TX listings scraped: 0
[02:12:08] [INFO]   Dallas Christian College TX listings scraped: 0
[02:12:08] [INFO]   Dallas Theological Seminary TX listings scraped: 0
[02:12:08] [INFO]   Del Mar College TX listings scraped: 0
[02:12:08] [INFO]   East Texas A&M University TX listings scraped: 1
[02:12:08] [INFO]   East Texas Baptist University TX listings scraped: 0
[02:12:08] [INFO]   El Paso Community College TX listings scraped: 0
[02:12:08] [INFO]   Episcopal Theological Seminary of the Southwest TX listings scraped: 0
[02:12:08] [INFO]   Frank Phillips College TX listings scraped: 1
[02:12:08] [INFO]   🔍 Global faculty filter: 11633 → 6560 (removed 5073 non-faculty jobs)
[02:12:08] [INFO]   🧾 Policy exclusions: 6560 → 6532 (removed 28 jobs)
[02:12:08] [INFO]   📡 Calling local summarizer for 6532 jobs
[02:12:08] [INFO]   📦 Using 0 cached summaries, 6532 jobs need AI processing
[02:12:08] [INFO]   📡 Checking 1 summarizer endpoint(s)...
[02:12:08] [INFO]   📡 Summarizer endpoints: 0 active, 1 unreachable
[02:12:08] [INFO]   🔗 Canonicalized job URLs: 731 updated, 0 invalid removed
[02:12:08] [INFO]   ✂️  Normalized 1166 job titles
[02:12:08] [INFO]   🧬 Assigned canonical IDs for 6505 jobs
[02:12:08] [INFO]   🧹 Quality gates dropped 10 listings
[02:12:08] [INFO]   📄 Wrote C:\Users\StevenAzeka\OneDrive\Documents\GitHub\Faculty-Jobs\generated\post-quality-report.json
[02:12:08] [INFO]   ⚰️  Filtered 23 confirmed-dead URL(s) from scrape
[02:12:08] [INFO]   🧬 Preserved enrichment: filled 31143 field(s) across 6265 job(s) (6265 matched previous snapshot)
[02:12:08] [INFO]   ✅ Wrote C:\Users\StevenAzeka\OneDrive\Documents\GitHub\Faculty-Jobs\docs\jobs.json (6472 jobs)
[02:12:08] [INFO]   ✅ Wrote C:\Users\StevenAzeka\OneDrive\Documents\GitHub\Faculty-Jobs\public\jobs.json (6472 jobs)
[02:12:08] [INFO]   ✅ Wrote C:\Users\StevenAzeka\OneDrive\Documents\GitHub\Faculty-Jobs\web-vue\public\jobs.json (6472 jobs)
[02:12:08] [INFO]   [stderr] ❌ Chandler-Gilbert Community College AZ scrape failed: page.goto: net::ERR_NAME_NOT_RESOLVED at https://www.cgc.maricopa.edu/
[02:12:08] [INFO]   [stderr] Call log:
[02:12:08] [INFO]   [stderr] [2m  - navigating to "https://www.cgc.maricopa.edu/", waiting until "domcontentloaded"[22m
[02:12:08] [INFO]   [stderr] 
[02:12:08] [INFO]   [stderr] ❌ Boston Graduate School of Psychoanalysis Inc MA scrape failed: page.goto: net::ERR_CONNECTION_RESET at https://www.bgsp.edu/
[02:12:08] [INFO]   [stderr] Call log:
[02:12:08] [INFO]   [stderr] [2m  - navigating to "https://www.bgsp.edu/", waiting until "domcontentloaded"[22m
[02:12:08] [INFO]   [stderr] 
[02:12:08] [INFO]   [stderr] ❌ America Evangelical University CA Private scrape failed: page.goto: net::ERR_CONNECTION_TIMED_OUT at https://www.aeu.edu/
[02:12:08] [INFO]   [stderr] Call log:
[02:12:08] [INFO]   [stderr] [2m  - navigating to "https://www.aeu.edu/", waiting until "domcontentloaded"[22m
[02:12:08] [INFO]   [stderr] 
[02:12:08] [INFO]   [stderr] ❌ Bais Medrash Toras Chesed NJ scrape failed: page.goto: net::ERR_SSL_VERSION_OR_CIPHER_MISMATCH at https://www.bmtc.edu/
[02:12:08] [INFO]   [stderr] Call log:
[02:12:08] [INFO]   [stderr] [2m  - navigating to "https://www.bmtc.edu/", waiting until "domcontentloaded"[22m
[02:12:08] [INFO]   [stderr] 
[02:12:08] [INFO]   [stderr] ❌ Berkeley School of Theology CA Private scrape failed: page.goto: net::ERR_CONNECTION_RESET at https://www.bst.edu/
[02:12:08] [INFO]   [stderr] Call log:
[02:12:08] [INFO]   [stderr] [2m  - navigating to "https://www.bst.edu/", waiting until "domcontentloaded"[22m
[02:12:08] [INFO]   [stderr] 
[02:12:08] [INFO]   [stderr] ❌ James Madison University VA scrape failed: page.goto: net::ERR_CONNECTION_RESET at https://joblink.jmu.edu/postings/search
[02:12:08] [INFO]   [stderr] Call log:
[02:12:08] [INFO]   [stderr] [2m  - navigating to "https://joblink.jmu.edu/postings/search", waiting until "domcontentloaded"[22m
[02:12:08] [INFO]   [stderr] 
[02:12:08] [INFO]   [stderr] ❌ University of Maryland, Baltimore County MD scrape failed: page.goto: net::ERR_CONNECTION_RESET at https://facultyjobs.umbc.edu/en-us/listing/
[02:12:08] [INFO]   [stderr] Call log:
[02:12:08] [INFO]   [stderr] [2m  - navigating to "https://facultyjobs.umbc.edu/en-us/listing/", waiting until "domcontentloaded"[22m
[02:12:08] [INFO]   [stderr] 
[02:12:08] [INFO]   [stderr] ❌ Carolinas College of Health Sciences NC scrape failed: page.goto: net::ERR_CERT_COMMON_NAME_INVALID at https://www.carolinascollege.edu/
[02:12:08] [INFO]   [stderr] Call log:
[02:12:08] [INFO]   [stderr] [2m  - navigating to "https://www.carolinascollege.edu/", waiting until "domcontentloaded"[22m
[02:12:08] [INFO]   [stderr] 
[02:12:08] [INFO]   [stderr] ❌ Lafayette College PA Lafayette scrape failed: fetch failed
[02:12:08] [INFO]   [stderr] ❌ Foothill-De Anza Community College District CA Private Taleo scrape failed: page.goto: net::ERR_CONNECTION_TIMED_OUT at https://ch.tbe.taleo.net/CH17/ats/careers/jobSearch.jsp?org=FHDA&cws=1
[02:12:08] [INFO]   [stderr] Call log:
[02:12:08] [INFO]   [stderr] [2m  - navigating to "https://ch.tbe.taleo.net/CH17/ats/careers/jobSearch.jsp?org=FHDA&cws=1", waiting until "networkidle"[22m
[02:12:08] [INFO]   [stderr] 
[02:12:08] [INFO]   [stderr] ❌ University of Oregon OR scrape failed: page.goto: net::ERR_CONNECTION_RESET at https://careers.uoregon.edu/en-us/filter/?job-mail-subscribe-privacy=agree&search-keyword=&work-type=faculty%20-%20tenure%20track
[02:12:08] [INFO]   [stderr] Call log:
[02:12:08] [INFO]   [stderr] [2m  - navigating to "https://careers.uoregon.edu/en-us/filter/?job-mail-subscribe-privacy=agree&search-keyword=&work-type=faculty%20-%20tenure%20track", waiting until "domcontentloaded"[22m
[02:12:08] [INFO]   [stderr] 
[02:12:08] [INFO]   [stderr] ❌ Linfield University OR scrape failed: page.goto: net::ERR_NAME_NOT_RESOLVED at https://careers.linfield.edu/
[02:12:08] [INFO]   [stderr] Call log:
[02:12:08] [INFO]   [stderr] [2m  - navigating to "https://careers.linfield.edu/", waiting until "domcontentloaded"[22m
[02:12:08] [INFO]   [stderr] 
[02:12:08] [INFO]   [stderr] ❌ City University of Seattle WA scrape failed: page.goto: net::ERR_NAME_NOT_RESOLVED at https://www.cityu.edu/
[02:12:08] [INFO]   [stderr] Call log:
[02:12:08] [INFO]   [stderr] [2m  - navigating to "https://www.cityu.edu/", waiting until "domcontentloaded"[22m
[02:12:08] [INFO]   [stderr] 
[02:12:08] [INFO]   [stderr] ❌ Marist College NY scrape failed: page.goto: net::ERR_CONNECTION_RESET at https://careers.marist.edu/cw/en-us/filter/?search-keyword=&work-type=full-time&location=poughkeepsie%20ny&category=faculty&job-mail-subscribe-privacy=agree
[02:12:08] [INFO]   [stderr] Call log:
[02:12:08] [INFO]   [stderr] [2m  - navigating to "https://careers.marist.edu/cw/en-us/filter/?search-keyword=&work-type=full-time&location=poughkeepsie%20ny&category=faculty&job-mail-subscribe-privacy=agree", waiting until "domcontentloaded"[22m
[02:12:08] [INFO]   [stderr] 
[02:12:08] [INFO]   [stderr] ❌ CUNY Hostos Community College NY scrape failed: page.goto: net::ERR_CONNECTION_REFUSED at https://www.hostos.cuny.edu/
[02:12:08] [INFO]   [stderr] Call log:
[02:12:08] [INFO]   [stderr] [2m  - navigating to "https://www.hostos.cuny.edu/", waiting until "domcontentloaded"[22m
[02:12:08] [INFO]   [stderr] 
[02:12:08] [INFO]   [stderr] ❌ University of Sioux Falls SD scrape failed: page.goto: net::ERR_CONNECTION_RESET at https://www.usiouxfalls.edu/about/employment
[02:12:08] [INFO]   [stderr] Call log:
[02:12:08] [INFO]   [stderr] [2m  - navigating to "https://www.usiouxfalls.edu/about/employment", waiting until "domcontentloaded"[22m
[02:12:08] [INFO]   [stderr] 
[02:12:08] [INFO]   [stderr] ❌ Beloit College WI scrape failed: page.goto: net::ERR_NAME_NOT_RESOLVED at https://employment.beloit.edu/en-us/listing/
[02:12:08] [INFO]   [stderr] Call log:
[02:12:08] [INFO]   [stderr] [2m  - navigating to "https://employment.beloit.edu/en-us/listing/", waiting until "domcontentloaded"[22m
[02:12:08] [INFO]   [stderr] 
[02:12:08] [INFO]   [stderr] ❌ Colorado College CO scrape failed: page.goto: net::ERR_CONNECTION_RESET at https://jobs.coloradocollege.edu/jobs/search
[02:12:08] [INFO]   [stderr] Call log:
[02:12:08] [INFO]   [stderr] [2m  - navigating to "https://jobs.coloradocollege.edu/jobs/search", waiting until "domcontentloaded"[22m
[02:12:08] [INFO]   [stderr] 
[02:12:08] [INFO]   [stderr] ❌ St. John's College (Santa Fe) NM scrape failed: page.goto: net::ERR_CONNECTION_RESET at https://www.sjc.edu/santa-fe-job-openings
[02:12:08] [INFO]   [stderr] Call log:
[02:12:08] [INFO]   [stderr] [2m  - navigating to "https://www.sjc.edu/santa-fe-job-openings", waiting until "domcontentloaded"[22m
[02:12:08] [INFO]   [stderr] 
[02:12:08] [INFO]   [stderr] ❌ New Mexico State University NM scrape failed: page.goto: net::ERR_CONNECTION_RESET at https://careers.nmsu.edu/faculty/jobs
[02:12:08] [INFO]   [stderr] Call log:
[02:12:08] [INFO]   [stderr] [2m  - navigating to "https://careers.nmsu.edu/faculty/jobs", waiting until "domcontentloaded"[22m
[02:12:08] [INFO]   [stderr] 
[02:12:08] [INFO]   [stderr] ❌ Colorado State University-Fort Collins CO scrape failed: page.goto: net::ERR_CONNECTION_RESET at https://colostate.edu/
[02:12:08] [INFO]   [stderr] Call log:
[02:12:08] [INFO]   [stderr] [2m  - navigating to "https://colostate.edu/", waiting until "domcontentloaded"[22m
[02:12:08] [INFO]   [stderr] 
[02:12:08] [INFO]   [stderr] ❌ University of Notre Dame IN scrape failed: page.goto: net::ERR_SSL_UNRECOGNIZED_NAME_ALERT at https://jobs.nd.edu/
[02:12:08] [INFO]   [stderr] Call log:
[02:12:08] [INFO]   [stderr] [2m  - navigating to "https://jobs.nd.edu/", waiting until "domcontentloaded"[22m
[02:12:08] [INFO]   [stderr] 
[02:12:08] [INFO]   [stderr] ❌ Carver Career Center WV scrape failed: page.goto: net::ERR_CERT_COMMON_NAME_INVALID at https://www.carvercareercenter.edu/
[02:12:08] [INFO]   [stderr] Call log:
[02:12:08] [INFO]   [stderr] [2m  - navigating to "https://www.carvercareercenter.edu/", waiting until "domcontentloaded"[22m
[02:12:08] [INFO]   [stderr] 
[02:12:08] [INFO]   [stderr] ❌ Kennesaw State University GA scrape failed: page.goto: net::ERR_CONNECTION_TIMED_OUT at https://kennesaw.peopleadmin.com/postings/search?utf8=%E2%9C%93&query=&query_v0_posted_at_date=&query_position_type_id%5B%5D=3&commit=Search
[02:12:08] [INFO]   [stderr] Call log:
[02:12:08] [INFO]   [stderr] [2m  - navigating to "https://kennesaw.peopleadmin.com/postings/search?utf8=%E2%9C%93&query=&query_v0_posted_at_date=&query_position_type_id%5B%5D=3&commit=Search", waiting until "domcontentloaded"[22m
[02:12:08] [INFO]   [stderr] 
[02:12:08] [INFO]   [stderr] ❌ Academy of Interactive Entertainment LA scrape failed: page.goto: net::ERR_CONNECTION_REFUSED at https://lafayette.aie.edu/
[02:12:08] [INFO]   [stderr] Call log:
[02:12:08] [INFO]   [stderr] [2m  - navigating to "https://lafayette.aie.edu/", waiting until "domcontentloaded"[22m
[02:12:08] [INFO]   [stderr] 
[02:12:08] [INFO]   [stderr] ❌ Kansas State University KS scrape failed: page.goto: net::ERR_CONNECTION_RESET at https://careers.k-state.edu/jobs/search?query=faculty
[02:12:08] [INFO]   [stderr] Call log:
[02:12:08] [INFO]   [stderr] [2m  - navigating to "https://careers.k-state.edu/jobs/search?query=faculty", waiting until "domcontentloaded"[22m
[02:12:08] [INFO]   [stderr] 
[02:12:08] [INFO]   [stderr] ❌ Bacone College OK scrape failed: page.goto: net::ERR_NAME_NOT_RESOLVED at https://www.bacone.edu/
[02:12:08] [INFO]   [stderr] Call log:
[02:12:08] [INFO]   [stderr] [2m  - navigating to "https://www.bacone.edu/", waiting until "domcontentloaded"[22m
[02:12:08] [INFO]   [stderr] 
[02:12:08] [INFO]   [stderr] ❌ University of Central Florida FL scrape failed: page.goto: net::ERR_CONNECTION_RESET at https://jobs.ucf.edu/
[02:12:08] [INFO]   [stderr] Call log:
[02:12:08] [INFO]   [stderr] [2m  - navigating to "https://jobs.ucf.edu/", waiting until "domcontentloaded"[22m
[02:12:08] [INFO]   [stderr] 
[02:12:08] [INFO]   [stderr] ❌ Dallas College TX scrape failed: page.goto: net::ERR_CONNECTION_RESET at https://www.dallascollege.edu/pages/default.aspx
[02:12:08] [INFO]   [stderr] Call log:
[02:12:08] [INFO]   [stderr] [2m  - navigating to "https://www.dallascollege.edu/pages/default.aspx", waiting until "domcontentloaded"[22m
[02:12:08] [INFO]   [stderr] 
[02:12:08] [INFO]   [stderr] ❌ Dragon Rises College of Oriental Medicine FL scrape failed: page.goto: net::ERR_CERT_AUTHORITY_INVALID at https://www.dragonrises.edu/
[02:12:08] [INFO]   [stderr] Call log:
[02:12:08] [INFO]   [stderr] [2m  - navigating to "https://www.dragonrises.edu/", waiting until "domcontentloaded"[22m
[02:12:08] [INFO]   [stderr] 
[02:12:08] [INFO]   [stderr]    ⚠️  Unreachable: http://127.0.0.1:9000/summarize
[02:12:08] [INFO]   [stderr] ❌ No summarizer endpoints reachable — skipping AI enrichment
[02:12:08] [OK] Scrape succeeded.
[02:12:08] [INFO] 
[02:12:08] [INFO] --------------------------------------------------
[02:12:08] [INFO]   Step 2/8 - Track job presence (stamp firstSeen, purge expired)
[02:12:08] [INFO] --------------------------------------------------
[02:12:08] [INFO] Running: C:\Program Files\nodejs\npm.cmd run agent:job-presence
[02:12:09] [INFO]   
[02:12:09] [INFO]   > faculty-jobs@1.0.0 agent:job-presence
[02:12:09] [INFO]   > node scripts/agent-job-presence.js
[02:12:09] [INFO]   
[02:12:09] [INFO]   
[02:12:09] [INFO]   Faculty Atlas - Job Presence Agent
[02:12:09] [INFO]     Config        : expiry-days=7
[02:12:09] [INFO]   
[02:12:09] [INFO]     Jobs seen today  : 6,472
[02:12:09] [INFO]     Jobs tracked     : 7,188
[02:12:09] [INFO]     Jobs to purge    : 107
[02:12:09] [INFO]   
[02:12:09] [INFO]     Purged listings (absent for >= 7 consecutive scrapes):
[02:12:09] [INFO]       job_5e5ff0082044c04d  (7 misses, last seen 2026-06-07)
[02:12:09] [INFO]       job_6a89d2f29a2732a0  (7 misses, last seen 2026-06-07)
[02:12:09] [INFO]       job_6b6c319a988cbf22  (7 misses, last seen 2026-06-07)
[02:12:09] [INFO]       job_d7338fa44c7e64e1  (7 misses, last seen 2026-06-07)
[02:12:09] [INFO]       job_e3ab9f74469fabcc  (7 misses, last seen 2026-06-07)
[02:12:09] [INFO]       job_09e02843cc2945df  (7 misses, last seen 2026-06-07)
[02:12:09] [INFO]       job_4908325c7a9f889d  (7 misses, last seen 2026-06-07)
[02:12:09] [INFO]       job_b83764333286002b  (7 misses, last seen 2026-06-07)
[02:12:09] [INFO]       job_f9dfca5e22c519ad  (7 misses, last seen 2026-06-07)
[02:12:09] [INFO]       job_bb3a6a68ddbf9bda  (7 misses, last seen 2026-06-07)
[02:12:09] [INFO]       job_c648299d412cbb6b  (7 misses, last seen 2026-06-07)
[02:12:09] [INFO]       job_bec5d81392bf48ad  (7 misses, last seen 2026-06-07)
[02:12:09] [INFO]       job_2ce196397e1a7871  (7 misses, last seen 2026-06-07)
[02:12:09] [INFO]       job_b380fdba249fb0c9  (7 misses, last seen 2026-06-07)
[02:12:09] [INFO]       job_3247b74a7320a20c  (7 misses, last seen 2026-06-07)
[02:12:09] [INFO]       job_8dc91638945765a4  (7 misses, last seen 2026-06-07)
[02:12:09] [INFO]       job_ca8ca1e7f24ae210  (7 misses, last seen 2026-06-07)
[02:12:09] [INFO]       job_a49e229eaea6aead  (7 misses, last seen 2026-06-07)
[02:12:09] [INFO]       job_33a99f5b44377b64  (7 misses, last seen 2026-06-07)
[02:12:09] [INFO]       job_017766ad538e93a6  (7 misses, last seen 2026-06-07)
[02:12:09] [INFO]       job_56588fc9c55c4fd6  (7 misses, last seen 2026-06-07)
[02:12:09] [INFO]       job_7b54147ac6c19539  (7 misses, last seen 2026-06-07)
[02:12:09] [INFO]       job_0618b60dc2c5a146  (7 misses, last seen 2026-06-07)
[02:12:09] [INFO]       job_777e381e68afaa9f  (7 misses, last seen 2026-06-07)
[02:12:09] [INFO]       job_730f3a303dc5ebb8  (7 misses, last seen 2026-06-07)
[02:12:09] [INFO]       job_198ab46831a5546e  (7 misses, last seen 2026-06-07)
[02:12:09] [INFO]       job_54bb68c1ce16959f  (7 misses, last seen 2026-06-07)
[02:12:09] [INFO]       job_836b70f246043fe7  (7 misses, last seen 2026-06-07)
[02:12:09] [INFO]       job_9f5ce6a2384d04b2  (7 misses, last seen 2026-06-07)
[02:12:09] [INFO]       job_c03316428c0532d6  (7 misses, last seen 2026-06-07)
[02:12:09] [INFO]       job_df4de716eaf7ab22  (7 misses, last seen 2026-06-07)
[02:12:09] [INFO]       job_2546371ee9e2adcd  (7 misses, last seen 2026-06-07)
[02:12:09] [INFO]       job_947d2964214d9e8b  (7 misses, last seen 2026-06-07)
[02:12:09] [INFO]       job_089fc54be014dd91  (7 misses, last seen 2026-06-07)
[02:12:09] [INFO]       job_10b0833c731b22c4  (7 misses, last seen 2026-06-07)
[02:12:09] [INFO]       job_7b8971bbe6acb44e  (7 misses, last seen 2026-06-07)
[02:12:09] [INFO]       job_4634f8fa4ac30485  (7 misses, last seen 2026-06-07)
[02:12:09] [INFO]       job_22ad392f24484943  (7 misses, last seen 2026-06-07)
[02:12:09] [INFO]       job_9970a56b57cbe0db  (7 misses, last seen 2026-06-07)
[02:12:09] [INFO]       job_0b4815b0fdf96ac2  (7 misses, last seen 2026-06-07)
[02:12:09] [INFO]       job_7af14d263b838260  (7 misses, last seen 2026-06-07)
[02:12:09] [INFO]       job_9e12840a61908d9b  (7 misses, last seen 2026-06-07)
[02:12:09] [INFO]       job_31f97efaa6869dbe  (7 misses, last seen 2026-06-07)
[02:12:09] [INFO]       job_4b69593460094a2a  (7 misses, last seen 2026-06-07)
[02:12:09] [INFO]       job_d2d0bc6e2f814659  (7 misses, last seen 2026-06-07)
[02:12:09] [INFO]       job_68d4262476b5ace2  (7 misses, last seen 2026-06-07)
[02:12:09] [INFO]       job_5a20940c2f660607  (7 misses, last seen 2026-06-07)
[02:12:09] [INFO]       job_69700fa74d157496  (7 misses, last seen 2026-06-07)
[02:12:09] [INFO]       job_b53410db2ba73e73  (7 misses, last seen 2026-06-07)
[02:12:09] [INFO]       job_69edca62ed59f990  (7 misses, last seen 2026-06-07)
[02:12:09] [INFO]       job_dedc7436d607a492  (7 misses, last seen 2026-06-07)
[02:12:09] [INFO]       job_93b1ddcc0b3c088a  (7 misses, last seen 2026-06-07)
[02:12:09] [INFO]       job_5b29a03d5456f473  (7 misses, last seen 2026-06-07)
[02:12:09] [INFO]       job_8bcccc4cebbc4634  (7 misses, last seen 2026-06-07)
[02:12:09] [INFO]       job_f4f4b0f617c13c72  (7 misses, last seen 2026-06-07)
[02:12:09] [INFO]       job_a26c0ae0d566c6ba  (7 misses, last seen 2026-06-07)
[02:12:09] [INFO]       job_0f1301fae66a0a91  (7 misses, last seen 2026-06-07)
[02:12:09] [INFO]       job_7382ef883857b600  (7 misses, last seen 2026-06-07)
[02:12:09] [INFO]       job_e12e8442a65c81ef  (7 misses, last seen 2026-06-07)
[02:12:09] [INFO]       job_402ec8fd595629a1  (7 misses, last seen 2026-06-07)
[02:12:09] [INFO]       job_a3368459e40b8a25  (7 misses, last seen 2026-06-07)
[02:12:09] [INFO]       job_d8f76f48058b85c8  (7 misses, last seen 2026-06-07)
[02:12:09] [INFO]       job_3ea209768ded6ee3  (7 misses, last seen 2026-06-07)
[02:12:09] [INFO]       job_f0abb1760997dff0  (7 misses, last seen 2026-06-07)
[02:12:09] [INFO]       job_98480b8f33e8e4e4  (7 misses, last seen 2026-06-07)
[02:12:09] [INFO]       job_962aa2d6c647bbac  (7 misses, last seen 2026-06-07)
[02:12:09] [INFO]       job_a568431f9c45b8a2  (7 misses, last seen 2026-06-07)
[02:12:09] [INFO]       job_3fc157f6849ee274  (7 misses, last seen 2026-06-07)
[02:12:09] [INFO]       job_17df3bcfbd4912fc  (7 misses, last seen 2026-06-07)
[02:12:09] [INFO]       job_07d1f78fd2393eb2  (7 misses, last seen 2026-06-07)
[02:12:09] [INFO]       job_5350c1675f875e3f  (7 misses, last seen 2026-06-07)
[02:12:09] [INFO]       job_1c2ab4f06827cdc8  (7 misses, last seen 2026-06-07)
[02:12:09] [INFO]       job_dcdb036fa84a9c0f  (7 misses, last seen 2026-06-07)
[02:12:09] [INFO]       job_a4ca5786531eab73  (7 misses, last seen 2026-06-07)
[02:12:09] [INFO]       job_542b97260a885870  (7 misses, last seen 2026-06-07)
[02:12:09] [INFO]       job_fab5a17c953db143  (7 misses, last seen 2026-06-07)
[02:12:09] [INFO]       job_22e0f4ef271cbf06  (7 misses, last seen 2026-06-07)
[02:12:09] [INFO]       job_9fa2da40ed7a4c80  (7 misses, last seen 2026-06-07)
[02:12:09] [INFO]       job_19f281834ed5e20f  (7 misses, last seen 2026-06-07)
[02:12:09] [INFO]       job_ce9838759a3da466  (7 misses, last seen 2026-06-07)
[02:12:09] [INFO]       job_eb236005516a1427  (7 misses, last seen 2026-06-07)
[02:12:09] [INFO]       job_ae1c4f00007611db  (7 misses, last seen 2026-06-07)
[02:12:09] [INFO]       job_a469417f498deae7  (7 misses, last seen 2026-06-07)
[02:12:09] [INFO]       job_20bf96a837e92101  (7 misses, last seen 2026-06-07)
[02:12:09] [INFO]       job_c67a344c3b14ab42  (7 misses, last seen 2026-06-07)
[02:12:09] [INFO]       job_5e7fd630807c01c8  (7 misses, last seen 2026-06-07)
[02:12:09] [INFO]       job_dca86a0d824786ed  (7 misses, last seen 2026-06-07)
[02:12:09] [INFO]       job_7c41baaf9bbcac58  (7 misses, last seen 2026-06-07)
[02:12:09] [INFO]       job_d37e919c7118d62c  (7 misses, last seen 2026-06-07)
[02:12:09] [INFO]       job_580ab8379a5c6589  (7 misses, last seen 2026-06-07)
[02:12:09] [INFO]       job_a3124790a29c6bf5  (7 misses, last seen 2026-06-07)
[02:12:09] [INFO]       job_4af69234f5f7febf  (7 misses, last seen 2026-06-07)
[02:12:09] [INFO]       job_b9c05d426dad66d8  (7 misses, last seen 2026-06-07)
[02:12:09] [INFO]       job_917ab6a0e373b442  (7 misses, last seen 2026-06-07)
[02:12:09] [INFO]       job_75a1e7a33b1d20c3  (7 misses, last seen 2026-06-07)
[02:12:09] [INFO]       job_477a6fc11d18aaf4  (7 misses, last seen 2026-06-07)
[02:12:09] [INFO]       job_295fe6b046f53f4d  (7 misses, last seen 2026-06-07)
[02:12:09] [INFO]       job_ca93217cff37ab8a  (7 misses, last seen 2026-06-07)
[02:12:09] [INFO]       job_3c6f18fa69147b13  (7 misses, last seen 2026-06-07)
[02:12:09] [INFO]       job_c3cab759bf1b6208  (7 misses, last seen 2026-06-07)
[02:12:09] [INFO]       job_2ead6aec94275f8a  (7 misses, last seen 2026-06-07)
[02:12:09] [INFO]       job_749fe202035e08ed  (7 misses, last seen 2026-06-07)
[02:12:09] [INFO]       job_abcb2f6deb3b13a6  (7 misses, last seen 2026-06-07)
[02:12:09] [INFO]       job_b76fef0f0c443218  (7 misses, last seen 2026-06-07)
[02:12:09] [INFO]       job_89581f6e73134526  (7 misses, last seen 2026-06-07)
[02:12:09] [INFO]       job_6b73de7287c34da8  (7 misses, last seen 2026-06-07)
[02:12:09] [INFO]       job_a9356120b8ff5fdc  (7 misses, last seen 2026-06-07)
[02:12:09] [INFO]     New today        : 115
[02:12:09] [INFO]     New this week    : 1,384
[02:12:09] [INFO]   
[02:12:09] [INFO]     docs/jobs.json updated.
[02:12:09] [INFO]   
[02:12:09] [INFO]     public/jobs.json updated.
[02:12:09] [INFO]     generated/job-presence.json saved.
[02:12:09] [INFO]     generated/job-presence-report.json saved.
[02:12:09] [INFO]     data/site-stats.json saved (docs + public + web-vue).
[02:12:09] [OK] Job presence succeeded.
[02:12:09] [INFO] 
[02:12:09] [INFO] --------------------------------------------------
[02:12:09] [INFO]   Step 3/8 - Enrich new jobs (discipline/positionType/tenureTrack via local Ollama)
[02:12:09] [INFO] --------------------------------------------------
[02:12:09] [INFO] Running: C:\Program Files\nodejs\npm.cmd run agent:enrich -- --max 1500 --batch-size 6
[02:21:33] [INFO]   
[02:21:33] [INFO]   > faculty-jobs@1.0.0 agent:enrich
[02:21:33] [INFO]   > node scripts/agent-job-enrichment.js --max 1500 --batch-size 6
[02:21:33] [INFO]   
[02:21:33] [INFO]   
[02:21:33] [INFO]   Faculty Atlas - Job Enrichment Agent
[02:21:33] [INFO]     Backend: Ollama (qwen2.5:7b @ localhost:11434)
[02:21:33] [INFO]   
[02:21:33] [INFO]     Total jobs       : 6,472
[02:21:33] [INFO]     Already enriched : 5,383
[02:21:33] [INFO]     To process now   : 1,089 (max 1500)
[02:21:33] [INFO]     Batch size       : 6
[02:21:33] [INFO]     Concurrency      : 1
[02:21:33] [INFO]     Batch 1/182 (6 jobs)... done (+6)
[02:21:33] [INFO]     Batch 2/182 (6 jobs)... ERROR: Expected 6 results, got 0
[02:21:33] [INFO]     Batch 3/182 (6 jobs)... done (+6)
[02:21:33] [INFO]     Batch 4/182 (6 jobs)... done (+6)
[02:21:33] [INFO]     Batch 5/182 (6 jobs)... done (+6)
[02:21:33] [INFO]     Batch 6/182 (6 jobs)... ERROR: Expected 6 results, got 0
[02:21:33] [INFO]     Batch 7/182 (6 jobs)... ERROR: Expected 6 results, got 1
[02:21:33] [INFO]     Batch 8/182 (6 jobs)... done (+6)
[02:21:33] [INFO]     Batch 9/182 (6 jobs)... done (+6)
[02:21:33] [INFO]     Batch 10/182 (6 jobs)... done (+6)
[02:21:33] [INFO]     Batch 11/182 (6 jobs)... done (+6)
[02:21:33] [INFO]     Batch 12/182 (6 jobs)... done (+6)
[02:21:33] [INFO]     Batch 13/182 (6 jobs)... done (+6)
[02:21:33] [INFO]     Batch 14/182 (6 jobs)... done (+6)
[02:21:33] [INFO]     Batch 15/182 (6 jobs)... done (+6)
[02:21:33] [INFO]     Batch 16/182 (6 jobs)... done (+6)
[02:21:33] [INFO]     Batch 17/182 (6 jobs)... done (+6)
[02:21:33] [INFO]     Batch 18/182 (6 jobs)... done (+6)
[02:21:33] [INFO]     Batch 19/182 (6 jobs)... done (+6)
[02:21:33] [INFO]     Batch 20/182 (6 jobs)... done (+6)
[02:21:33] [INFO]     Batch 21/182 (6 jobs)... done (+6)
[02:21:33] [INFO]     Batch 22/182 (6 jobs)... done (+6)
[02:21:33] [INFO]     Batch 23/182 (6 jobs)... done (+6)
[02:21:33] [INFO]     Batch 24/182 (6 jobs)... done (+6)
[02:21:33] [INFO]     Batch 25/182 (6 jobs)... done (+6)
[02:21:33] [INFO]     Batch 26/182 (6 jobs)... done (+6)
[02:21:33] [INFO]     Batch 27/182 (6 jobs)... done (+6)
[02:21:33] [INFO]     Batch 28/182 (6 jobs)... ERROR: Expected ',' or '}' after property value in JSON at position 209 (line 1 column 210)
[02:21:33] [INFO]     Batch 29/182 (6 jobs)... done (+6)
[02:21:33] [INFO]     Batch 30/182 (6 jobs)... done (+6)
[02:21:33] [INFO]     Batch 31/182 (6 jobs)... done (+6)
[02:21:33] [INFO]     Batch 32/182 (6 jobs)... done (+6)
[02:21:33] [INFO]     Batch 33/182 (6 jobs)... done (+6)
[02:21:33] [INFO]     Batch 34/182 (6 jobs)... done (+6)
[02:21:33] [INFO]     Batch 35/182 (6 jobs)... ERROR: Expected 6 results, got 1
[02:21:33] [INFO]     Batch 36/182 (6 jobs)... ERROR: Expected 6 results, got 1
[02:21:33] [INFO]     Batch 37/182 (6 jobs)... done (+6)
[02:21:33] [INFO]     Batch 38/182 (6 jobs)... done (+6)
[02:21:33] [INFO]     Batch 39/182 (6 jobs)... ERROR: Expected 6 results, got 5
[02:21:33] [INFO]     Batch 40/182 (6 jobs)... done (+6)
[02:21:33] [INFO]     Batch 41/182 (6 jobs)... done (+6)
[02:21:33] [INFO]     Batch 42/182 (6 jobs)... done (+6)
[02:21:33] [INFO]     Batch 43/182 (6 jobs)... done (+6)
[02:21:33] [INFO]     Batch 44/182 (6 jobs)... done (+6)
[02:21:33] [INFO]     Batch 45/182 (6 jobs)... done (+6)
[02:21:33] [INFO]     Batch 46/182 (6 jobs)... done (+6)
[02:21:33] [INFO]     Batch 47/182 (6 jobs)... ERROR: Expected 6 results, got 2
[02:21:33] [INFO]     Batch 48/182 (6 jobs)... ERROR: Expected 6 results, got 0
[02:21:33] [INFO]     Batch 49/182 (6 jobs)... done (+6)
[02:21:33] [INFO]     Batch 50/182 (6 jobs)... ERROR: Expected 6 results, got 0
[02:21:33] [INFO]     Batch 51/182 (6 jobs)... ERROR: Expected 6 results, got 0
[02:21:33] [INFO]     Batch 52/182 (6 jobs)... ERROR: Expected 6 results, got 0
[02:21:33] [INFO]     Batch 53/182 (6 jobs)... ERROR: Expected 6 results, got 1
[02:21:33] [INFO]     Batch 54/182 (6 jobs)... done (+6)
[02:21:33] [INFO]     Batch 55/182 (6 jobs)... done (+6)
[02:21:33] [INFO]     Batch 56/182 (6 jobs)... done (+6)
[02:21:33] [INFO]     Batch 57/182 (6 jobs)... ERROR: Expected 6 results, got 0
[02:21:33] [INFO]     Batch 58/182 (6 jobs)... ERROR: Expected 6 results, got 0
[02:21:33] [INFO]     Batch 59/182 (6 jobs)... done (+6)
[02:21:33] [INFO]     Batch 60/182 (6 jobs)... done (+6)
[02:21:33] [INFO]     Batch 61/182 (6 jobs)... done (+6)
[02:21:33] [INFO]     Batch 62/182 (6 jobs)... done (+6)
[02:21:33] [INFO]     Batch 63/182 (6 jobs)... done (+6)
[02:21:33] [INFO]     Batch 64/182 (6 jobs)... done (+2)
[02:21:33] [INFO]     Batch 65/182 (6 jobs)... done (+6)
[02:21:33] [INFO]     Batch 66/182 (6 jobs)... done (+6)
[02:21:33] [INFO]     Batch 67/182 (6 jobs)... done (+6)
[02:21:33] [INFO]     Batch 68/182 (6 jobs)... ERROR: Expected 6 results, got 1
[02:21:33] [INFO]     Batch 69/182 (6 jobs)... done (+6)
[02:21:33] [INFO]     Batch 70/182 (6 jobs)... done (+6)
[02:21:33] [INFO]     Batch 71/182 (6 jobs)... ERROR: Expected 6 results, got 5
[02:21:33] [INFO]     Batch 72/182 (6 jobs)... done (+6)
[02:21:33] [INFO]     Batch 73/182 (6 jobs)... done (+6)
[02:21:33] [INFO]     Batch 74/182 (6 jobs)... done (+6)
[02:21:33] [INFO]     Batch 75/182 (6 jobs)... done (+2)
[02:21:33] [INFO]     Batch 76/182 (6 jobs)... done (+6)
[02:21:33] [INFO]     Batch 77/182 (6 jobs)... done (+6)
[02:21:33] [INFO]     Batch 78/182 (6 jobs)... done (+6)
[02:21:33] [INFO]     Batch 79/182 (6 jobs)... done (+6)
[02:21:33] [INFO]     Batch 80/182 (6 jobs)... done (+6)
[02:21:33] [INFO]     Batch 81/182 (6 jobs)... done (+6)
[02:21:33] [INFO]     Batch 82/182 (6 jobs)... done (+6)
[02:21:33] [INFO]     Batch 83/182 (6 jobs)... done (+6)
[02:21:33] [INFO]     Batch 84/182 (6 jobs)... done (+6)
[02:21:33] [INFO]     Batch 85/182 (6 jobs)... done (+6)
[02:21:33] [INFO]     Batch 86/182 (6 jobs)... done (+6)
[02:21:33] [INFO]     Batch 87/182 (6 jobs)... done (+6)
[02:21:33] [INFO]     Batch 88/182 (6 jobs)... done (+6)
[02:21:33] [INFO]     Batch 89/182 (6 jobs)... done (+6)
[02:21:33] [INFO]     Batch 90/182 (6 jobs)... ERROR: Expected 6 results, got 4
[02:21:33] [INFO]     Batch 91/182 (6 jobs)... done (+6)
[02:21:33] [INFO]     Batch 92/182 (6 jobs)... done (+6)
[02:21:33] [INFO]     Batch 93/182 (6 jobs)... done (+6)
[02:21:33] [INFO]     Batch 94/182 (6 jobs)... done (+6)
[02:21:33] [INFO]     Batch 95/182 (6 jobs)... done (+6)
[02:21:33] [INFO]     Batch 96/182 (6 jobs)... ERROR: Expected 6 results, got 5
[02:21:33] [INFO]     Batch 97/182 (6 jobs)... done (+6)
[02:21:33] [INFO]     Batch 98/182 (6 jobs)... done (+6)
[02:21:33] [INFO]     Batch 99/182 (6 jobs)... done (+6)
[02:21:33] [INFO]     Batch 100/182 (6 jobs)... done (+6)
[02:21:33] [INFO]     Batch 101/182 (6 jobs)... done (+6)
[02:21:33] [INFO]     Batch 102/182 (6 jobs)... done (+6)
[02:21:33] [INFO]     Batch 103/182 (6 jobs)... done (+6)
[02:21:33] [INFO]     Batch 104/182 (6 jobs)... done (+6)
[02:21:33] [INFO]     Batch 105/182 (6 jobs)... done (+6)
[02:21:33] [INFO]     Batch 106/182 (6 jobs)... done (+6)
[02:21:33] [INFO]     Batch 107/182 (6 jobs)... done (+6)
[02:21:33] [INFO]     Batch 108/182 (6 jobs)... done (+6)
[02:21:33] [INFO]     Batch 109/182 (6 jobs)... done (+6)
[02:21:33] [INFO]     Batch 110/182 (6 jobs)... ERROR: Expected 6 results, got 1
[02:21:33] [INFO]     Batch 111/182 (6 jobs)... done (+6)
[02:21:33] [INFO]     Batch 112/182 (6 jobs)... done (+6)
[02:21:33] [INFO]     Batch 113/182 (6 jobs)... done (+6)
[02:21:33] [INFO]     Batch 114/182 (6 jobs)... done (+6)
[02:21:33] [INFO]     Batch 115/182 (6 jobs)... done (+6)
[02:21:33] [INFO]     Batch 116/182 (6 jobs)... done (+6)
[02:21:33] [INFO]     Batch 117/182 (6 jobs)... done (+6)
[02:21:33] [INFO]     Batch 118/182 (6 jobs)... done (+6)
[02:21:33] [INFO]     Batch 119/182 (6 jobs)... done (+6)
[02:21:33] [INFO]     Batch 120/182 (6 jobs)... done (+6)
[02:21:33] [INFO]     Batch 121/182 (6 jobs)... done (+6)
[02:21:33] [INFO]     Batch 122/182 (6 jobs)... done (+6)
[02:21:33] [INFO]     Batch 123/182 (6 jobs)... done (+6)
[02:21:33] [INFO]     Batch 124/182 (6 jobs)... done (+6)
[02:21:33] [INFO]     Batch 125/182 (6 jobs)... done (+6)
[02:21:33] [INFO]     Batch 126/182 (6 jobs)... done (+6)
[02:21:33] [INFO]     Batch 127/182 (6 jobs)... ERROR: Expected 6 results, got 1
[02:21:33] [INFO]     Batch 128/182 (6 jobs)... ERROR: Expected 6 results, got 1
[02:21:33] [INFO]     Batch 129/182 (6 jobs)... done (+6)
[02:21:33] [INFO]     Batch 130/182 (6 jobs)... done (+6)
[02:21:33] [INFO]     Batch 131/182 (6 jobs)... ERROR: Expected 6 results, got 5
[02:21:33] [INFO]     Batch 132/182 (6 jobs)... done (+6)
[02:21:33] [INFO]     Batch 133/182 (6 jobs)... done (+6)
[02:21:33] [INFO]     Batch 134/182 (6 jobs)... ERROR: Expected 6 results, got 1
[02:21:33] [INFO]     Batch 135/182 (6 jobs)... ERROR: Expected 6 results, got 1
[02:21:33] [INFO]     Batch 136/182 (6 jobs)... done (+6)
[02:21:33] [INFO]     Batch 137/182 (6 jobs)... done (+6)
[02:21:33] [INFO]     Batch 138/182 (6 jobs)... done (+6)
[02:21:33] [INFO]     Batch 139/182 (6 jobs)... done (+6)
[02:21:33] [INFO]     Batch 140/182 (6 jobs)... done (+6)
[02:21:33] [INFO]     Batch 141/182 (6 jobs)... done (+6)
[02:21:33] [INFO]     Batch 142/182 (6 jobs)... done (+6)
[02:21:33] [INFO]     Batch 143/182 (6 jobs)... done (+6)
[02:21:33] [INFO]     Batch 144/182 (6 jobs)... done (+6)
[02:21:33] [INFO]     Batch 145/182 (6 jobs)... done (+6)
[02:21:33] [INFO]     Batch 146/182 (6 jobs)... done (+6)
[02:21:33] [INFO]     Batch 147/182 (6 jobs)... done (+6)
[02:21:33] [INFO]     Batch 148/182 (6 jobs)... done (+6)
[02:21:33] [INFO]     Batch 149/182 (6 jobs)... done (+6)
[02:21:33] [INFO]     Batch 150/182 (6 jobs)... done (+6)
[02:21:33] [INFO]     Batch 151/182 (6 jobs)... done (+6)
[02:21:33] [INFO]     Batch 152/182 (6 jobs)... done (+6)
[02:21:33] [INFO]     Batch 153/182 (6 jobs)... done (+6)
[02:21:33] [INFO]     Batch 154/182 (6 jobs)... done (+6)
[02:21:33] [INFO]     Batch 155/182 (6 jobs)... done (+6)
[02:21:33] [INFO]     Batch 156/182 (6 jobs)... done (+6)
[02:21:33] [INFO]     Batch 157/182 (6 jobs)... done (+6)
[02:21:33] [INFO]     Batch 158/182 (6 jobs)... done (+6)
[02:21:33] [INFO]     Batch 159/182 (6 jobs)... done (+6)
[02:21:33] [INFO]     Batch 160/182 (6 jobs)... done (+6)
[02:21:33] [INFO]     Batch 161/182 (6 jobs)... done (+6)
[02:21:33] [INFO]     Batch 162/182 (6 jobs)... done (+6)
[02:21:33] [INFO]     Batch 163/182 (6 jobs)... ERROR: Expected 6 results, got 1
[02:21:33] [INFO]     Batch 164/182 (6 jobs)... done (+6)
[02:21:33] [INFO]     Batch 165/182 (6 jobs)... done (+6)
[02:21:33] [INFO]     Batch 166/182 (6 jobs)... done (+6)
[02:21:33] [INFO]     Batch 167/182 (6 jobs)... done (+6)
[02:21:33] [INFO]     Batch 168/182 (6 jobs)... done (+6)
[02:21:33] [INFO]     Batch 169/182 (6 jobs)... done (+6)
[02:21:33] [INFO]     Batch 170/182 (6 jobs)... done (+6)
[02:21:33] [INFO]     Batch 171/182 (6 jobs)... ERROR: Expected 6 results, got 0
[02:21:33] [INFO]     Batch 172/182 (6 jobs)... done (+6)
[02:21:33] [INFO]     Batch 173/182 (6 jobs)... done (+6)
[02:21:33] [INFO]     Batch 174/182 (6 jobs)... done (+6)
[02:21:33] [INFO]     Batch 175/182 (6 jobs)... done (+6)
[02:21:33] [INFO]     Batch 176/182 (6 jobs)... done (+6)
[02:21:33] [INFO]     Batch 177/182 (6 jobs)... done (+6)
[02:21:33] [INFO]     Batch 178/182 (6 jobs)... done (+6)
[02:21:33] [INFO]     Batch 179/182 (6 jobs)... done (+6)
[02:21:33] [INFO]     Batch 180/182 (6 jobs)... done (+6)
[02:21:33] [INFO]     Batch 181/182 (6 jobs)... done (+6)
[02:21:33] [INFO]     Batch 182/182 (3 jobs)... done (+3)
[02:21:33] [INFO]   
[02:21:33] [INFO]     Enriched this run : 919
[02:21:33] [INFO]     Total enriched    : 6,302 / 6,472
[02:21:33] [INFO]     Batch errors      : 27
[02:21:33] [INFO]     Report saved      : generated/enrichment-report.json
[02:21:33] [INFO]   
[02:21:33] [OK] Enrich succeeded.
[02:21:33] [INFO] 
[02:21:33] [INFO] --------------------------------------------------
[02:21:33] [INFO]   Step 4/8 - Backfill descriptions + posting dates (datePosted)
[02:21:33] [INFO] --------------------------------------------------
[02:21:33] [INFO] Running: C:\Program Files\nodejs\npm.cmd run agent:descriptions -- --max 2000 --concurrency 8
[02:32:39] [INFO]   
[02:32:39] [INFO]   > faculty-jobs@1.0.0 agent:descriptions
[02:32:39] [INFO]   > node scripts/agent-job-descriptions.js --max 2000 --concurrency 8
[02:32:39] [INFO]   
[02:32:39] [INFO]   
[02:32:39] [INFO]     Total jobs        : 6,472
[02:32:39] [INFO]     With description  : 667
[02:32:39] [INFO]     Missing (unfetched): 5,805
[02:32:39] [INFO]     To process now    : 2,000 (max 2000)
[02:32:39] [INFO]     Concurrency       : 8
[02:32:39] [INFO]     ...attempted 25/2000 (filled 21)
[02:32:39] [INFO]     ...attempted 50/2000 (filled 44)
[02:32:39] [INFO]     ...attempted 75/2000 (filled 68)
[02:32:39] [INFO]     ...attempted 100/2000 (filled 93)
[02:32:39] [INFO]     ...attempted 125/2000 (filled 118)
[02:32:39] [INFO]     ...attempted 150/2000 (filled 142)
[02:32:39] [INFO]     ...attempted 175/2000 (filled 162)
[02:32:39] [INFO]     ...attempted 200/2000 (filled 186)
[02:32:39] [INFO]     ...attempted 225/2000 (filled 211)
[02:32:39] [INFO]     ...attempted 250/2000 (filled 233)
[02:32:39] [INFO]     ...attempted 275/2000 (filled 256)
[02:32:39] [INFO]     ...attempted 300/2000 (filled 277)
[02:32:39] [INFO]     ...attempted 325/2000 (filled 302)
[02:32:39] [INFO]     ...attempted 350/2000 (filled 324)
[02:32:39] [INFO]     ...attempted 375/2000 (filled 348)
[02:32:39] [INFO]     ...attempted 400/2000 (filled 371)
[02:32:39] [INFO]     ...attempted 425/2000 (filled 392)
[02:32:39] [INFO]     ...attempted 450/2000 (filled 411)
[02:32:39] [INFO]     ...attempted 475/2000 (filled 429)
[02:32:39] [INFO]     ...attempted 500/2000 (filled 447)
[02:32:39] [INFO]     ...attempted 525/2000 (filled 469)
[02:32:39] [INFO]     ...attempted 550/2000 (filled 494)
[02:32:39] [INFO]     ...attempted 575/2000 (filled 512)
[02:32:39] [INFO]     ...attempted 600/2000 (filled 529)
[02:32:39] [INFO]     ...attempted 625/2000 (filled 550)
[02:32:39] [INFO]     ...attempted 650/2000 (filled 571)
[02:32:39] [INFO]     ...attempted 675/2000 (filled 594)
[02:32:39] [INFO]     ...attempted 700/2000 (filled 618)
[02:32:39] [INFO]     ...attempted 725/2000 (filled 639)
[02:32:39] [INFO]     ...attempted 750/2000 (filled 661)
[02:32:39] [INFO]     ...attempted 775/2000 (filled 683)
[02:32:39] [INFO]     ...attempted 800/2000 (filled 706)
[02:32:39] [INFO]     ...attempted 825/2000 (filled 728)
[02:32:39] [INFO]     ...attempted 850/2000 (filled 749)
[02:32:39] [INFO]     ...attempted 875/2000 (filled 770)
[02:32:39] [INFO]     ...attempted 900/2000 (filled 790)
[02:32:39] [INFO]     ...attempted 925/2000 (filled 808)
[02:32:39] [INFO]     ...attempted 950/2000 (filled 832)
[02:32:39] [INFO]     ...attempted 975/2000 (filled 856)
[02:32:39] [INFO]     ...attempted 1000/2000 (filled 880)
[02:32:39] [INFO]     ...attempted 1025/2000 (filled 905)
[02:32:39] [INFO]     ...attempted 1050/2000 (filled 929)
[02:32:39] [INFO]     ...attempted 1075/2000 (filled 951)
[02:32:39] [INFO]     ...attempted 1100/2000 (filled 973)
[02:32:39] [INFO]     ...attempted 1125/2000 (filled 994)
[02:32:39] [INFO]     ...attempted 1150/2000 (filled 1013)
[02:32:39] [INFO]     ...attempted 1175/2000 (filled 1038)
[02:32:39] [INFO]     ...attempted 1200/2000 (filled 1059)
[02:32:39] [INFO]     ...attempted 1225/2000 (filled 1082)
[02:32:39] [INFO]     ...attempted 1250/2000 (filled 1106)
[02:32:39] [INFO]     ...attempted 1275/2000 (filled 1130)
[02:32:39] [INFO]     ...attempted 1300/2000 (filled 1155)
[02:32:39] [INFO]     ...attempted 1325/2000 (filled 1180)
[02:32:39] [INFO]     ...attempted 1350/2000 (filled 1197)
[02:32:39] [INFO]     ...attempted 1375/2000 (filled 1216)
[02:32:39] [INFO]     ...attempted 1400/2000 (filled 1241)
[02:32:39] [INFO]     ...attempted 1425/2000 (filled 1265)
[02:32:39] [INFO]     ...attempted 1450/2000 (filled 1290)
[02:32:39] [INFO]     ...attempted 1475/2000 (filled 1315)
[02:32:39] [INFO]     ...attempted 1500/2000 (filled 1338)
[02:32:39] [INFO]     ...attempted 1525/2000 (filled 1361)
[02:32:39] [INFO]     ...attempted 1550/2000 (filled 1385)
[02:32:39] [INFO]     ...attempted 1575/2000 (filled 1409)
[02:32:39] [INFO]     ...attempted 1600/2000 (filled 1434)
[02:32:39] [INFO]     ...attempted 1625/2000 (filled 1459)
[02:32:39] [INFO]     ...attempted 1650/2000 (filled 1484)
[02:32:39] [INFO]     ...attempted 1675/2000 (filled 1509)
[02:32:39] [INFO]     ...attempted 1700/2000 (filled 1533)
[02:32:39] [INFO]     ...attempted 1725/2000 (filled 1555)
[02:32:39] [INFO]     ...attempted 1750/2000 (filled 1580)
[02:32:39] [INFO]     ...attempted 1775/2000 (filled 1604)
[02:32:39] [INFO]     ...attempted 1800/2000 (filled 1628)
[02:32:39] [INFO]     ...attempted 1825/2000 (filled 1651)
[02:32:39] [INFO]     ...attempted 1850/2000 (filled 1676)
[02:32:39] [INFO]     ...attempted 1875/2000 (filled 1700)
[02:32:39] [INFO]     ...attempted 1900/2000 (filled 1722)
[02:32:39] [INFO]     ...attempted 1925/2000 (filled 1745)
[02:32:39] [INFO]     ...attempted 1950/2000 (filled 1768)
[02:32:39] [INFO]     ...attempted 1975/2000 (filled 1791)
[02:32:39] [INFO]     ...attempted 2000/2000 (filled 1815)
[02:32:39] [INFO]   
[02:32:39] [INFO]     Attempted this run : 2000
[02:32:39] [INFO]     Filled this run    : 1815 (91%)
[02:32:39] [INFO]     datePosted found   : 61 (3%)  [25 via labeled Open Date]
[02:32:39] [INFO]     deadlines found    : 30 (2%)  [+354 rolling/until-filled]
[02:32:39] [INFO]     start dates found  : 11 (1%)
[02:32:39] [INFO]     Total w/ description: 2,482 / 6,472
[02:32:39] [INFO]     Remaining unfetched: 3,805
[02:32:39] [INFO]     Report saved       : generated/job-descriptions-report.json
[02:32:39] [INFO]   
[02:32:39] [OK] Descriptions succeeded.
[02:32:39] [INFO] 
[02:32:39] [INFO] --------------------------------------------------
[02:32:39] [INFO]   Step 5/8 - Build frontend
[02:32:39] [INFO] --------------------------------------------------
[02:32:39] [INFO] Running: C:\Program Files\nodejs\npm.cmd run build:frontend
[02:32:45] [INFO]   
[02:32:45] [INFO]   > faculty-jobs@1.0.0 build:frontend
[02:32:45] [INFO]   > npm run build:coverage && npm run sync:policy-exclusions && npm run sync:web-data && cd web-vue && npm run build && cd .. && node scripts/copy-dist.js && node scripts/generate-sitemap.js && node scripts/inject-og-meta.js
[02:32:45] [INFO]   
[02:32:45] [INFO]   
[02:32:45] [INFO]   > faculty-jobs@1.0.0 build:coverage
[02:32:45] [INFO]   > npm run build:institutions && npm run build:policy-exclusions && npm run sync:policy-exclusions && npm run build:coverage-report
[02:32:45] [INFO]   
[02:32:45] [INFO]   
[02:32:45] [INFO]   > faculty-jobs@1.0.0 build:institutions
[02:32:45] [INFO]   > node scripts/build-institutions-master.js
[02:32:45] [INFO]   
[02:32:45] [INFO]   Enriched 1296/1548 institutions from IPEDS (hd2024.csv)
[02:32:45] [INFO]   Wrote data\institutions-master.json (1548 institutions)
[02:32:45] [INFO]   
[02:32:45] [INFO]   > faculty-jobs@1.0.0 build:policy-exclusions
[02:32:45] [INFO]   > node scripts/generate-policy-exclusions.js
[02:32:45] [INFO]   
[02:32:45] [INFO]   Wrote generated\policy-excluded-colleges.json (12 excluded institutions)
[02:32:45] [INFO]   
[02:32:45] [INFO]   > faculty-jobs@1.0.0 sync:policy-exclusions
[02:32:45] [INFO]   > node scripts/sync-policy-exclusions-web.js
[02:32:45] [INFO]   
[02:32:45] [INFO]   Synced generated\policy-excluded-colleges.json -> web-vue\public\policy-excluded-colleges.json
[02:32:45] [INFO]   Synced generated\policy-excluded-colleges.json -> public\policy-excluded-colleges.json
[02:32:45] [INFO]   Synced generated\policy-excluded-colleges.json -> docs\policy-excluded-colleges.json
[02:32:45] [INFO]   
[02:32:45] [INFO]   > faculty-jobs@1.0.0 build:coverage-report
[02:32:45] [INFO]   > node scripts/generate-coverage-report.js
[02:32:45] [INFO]   
[02:32:45] [INFO]   Wrote generated\coverage-report.json (eligible universe: 1548)
[02:32:45] [INFO]   
[02:32:45] [INFO]   > faculty-jobs@1.0.0 sync:policy-exclusions
[02:32:45] [INFO]   > node scripts/sync-policy-exclusions-web.js
[02:32:45] [INFO]   
[02:32:45] [INFO]   Synced generated\policy-excluded-colleges.json -> web-vue\public\policy-excluded-colleges.json
[02:32:45] [INFO]   Synced generated\policy-excluded-colleges.json -> public\policy-excluded-colleges.json
[02:32:45] [INFO]   Synced generated\policy-excluded-colleges.json -> docs\policy-excluded-colleges.json
[02:32:45] [INFO]   
[02:32:45] [INFO]   > faculty-jobs@1.0.0 sync:web-data
[02:32:45] [INFO]   > node scripts/sync-web-data-files.js
[02:32:45] [INFO]   
[02:32:45] [INFO]   Synced public/jobs.json -> web-vue/public/jobs.json
[02:32:45] [INFO]   Synced public/college-coords.json -> web-vue/public/college-coords.json
[02:32:45] [INFO]   Built web chunk manifest: web-vue/public/data/jobs-manifest.json
[02:32:45] [INFO]   
[02:32:45] [INFO]   > web-vue@0.0.0 build
[02:32:45] [INFO]   > vite build
[02:32:45] [INFO]   
[02:32:45] [INFO]   [36mvite v8.0.0-beta.15 [32mbuilding client environment for production...[36m[39m
[02:32:45] [INFO]   [2K
[02:32:45] [INFO]   transforming...✓ 32 modules transformed.
[02:32:45] [INFO]   rendering chunks...
[02:32:45] [INFO]   computing gzip size...
[02:32:45] [INFO]   dist/index.html                   1.22 kB │ gzip:   0.65 kB
[02:32:45] [INFO]   dist/assets/index-B1Fe9rZq.css   33.18 kB │ gzip:  10.54 kB
[02:32:45] [INFO]   dist/assets/index-b5mNniGz.js   322.52 kB │ gzip: 101.40 kB
[02:32:45] [INFO]   
[02:32:45] [INFO]   [32m✓ built in 379ms[39m
[02:32:45] [INFO]   Copied web-vue/dist → public/ and docs/
[02:32:45] [INFO]   Sitemap written — lastmod: 2026-06-12, 3 URLs
[02:32:45] [INFO]     docs/sitemap.xml  public/sitemap.xml
[02:32:45] [INFO]     docs/robots.txt   public/robots.txt
[02:32:45] [INFO]   inject-og-meta: patched 2 files — 6472 jobs, 440 colleges, 56 sources
[02:32:45] [OK] Build succeeded.
[02:32:45] [INFO] 
[02:32:45] [INFO] --------------------------------------------------
[02:32:45] [INFO]   Step 6/8 - Commit and push
[02:32:45] [INFO] --------------------------------------------------
[02:32:45] [INFO] Running: C:\Program Files\Git\cmd\git.exe add docs/ public/ data/institutions-master.json generated/coverage-report.json generated/policy-excluded-colleges.json web-vue/public/policy-excluded-colleges.json
[02:32:46] [INFO]   [stderr] warning: in the working copy of 'data/institutions-master.json', LF will be replaced by CRLF the next time Git touches it
[02:32:46] [INFO]   [stderr] warning: in the working copy of 'docs/data/chunks/ak.json', LF will be replaced by CRLF the next time Git touches it
[02:32:46] [INFO]   [stderr] warning: in the working copy of 'docs/data/chunks/al.json', LF will be replaced by CRLF the next time Git touches it
[02:32:46] [INFO]   [stderr] warning: in the working copy of 'docs/data/chunks/ar.json', LF will be replaced by CRLF the next time Git touches it
[02:32:46] [INFO]   [stderr] warning: in the working copy of 'docs/data/chunks/az.json', LF will be replaced by CRLF the next time Git touches it
[02:32:46] [INFO]   [stderr] warning: in the working copy of 'docs/data/chunks/ca-private.json', LF will be replaced by CRLF the next time Git touches it
[02:32:46] [INFO]   [stderr] warning: in the working copy of 'docs/data/chunks/claremont-colleges.json', LF will be replaced by CRLF the next time Git touches it
[02:32:46] [INFO]   [stderr] warning: in the working copy of 'docs/data/chunks/claremont.json', LF will be replaced by CRLF the next time Git touches it
[02:32:46] [INFO]   [stderr] warning: in the working copy of 'docs/data/chunks/co.json', LF will be replaced by CRLF the next time Git touches it
[02:32:46] [INFO]   [stderr] warning: in the working copy of 'docs/data/chunks/csu.json', LF will be replaced by CRLF the next time Git touches it
[02:32:46] [INFO]   [stderr] warning: in the working copy of 'docs/data/chunks/ct-state.json', LF will be replaced by CRLF the next time Git touches it
[02:32:46] [INFO]   [stderr] warning: in the working copy of 'docs/data/chunks/ct.json', LF will be replaced by CRLF the next time Git touches it
[02:32:46] [INFO]   [stderr] warning: in the working copy of 'docs/data/chunks/de.json', LF will be replaced by CRLF the next time Git touches it
[02:32:46] [INFO]   [stderr] warning: in the working copy of 'docs/data/chunks/fl.json', LF will be replaced by CRLF the next time Git touches it
[02:32:46] [INFO]   [stderr] warning: in the working copy of 'docs/data/chunks/ga.json', LF will be replaced by CRLF the next time Git touches it
[02:32:46] [INFO]   [stderr] warning: in the working copy of 'docs/data/chunks/hi.json', LF will be replaced by CRLF the next time Git touches it
[02:32:46] [INFO]   [stderr] warning: in the working copy of 'docs/data/chunks/ia.json', LF will be replaced by CRLF the next time Git touches it
[02:32:46] [INFO]   [stderr] warning: in the working copy of 'docs/data/chunks/id.json', LF will be replaced by CRLF the next time Git touches it
[02:32:46] [INFO]   [stderr] warning: in the working copy of 'docs/data/chunks/il.json', LF will be replaced by CRLF the next time Git touches it
[02:32:46] [INFO]   [stderr] warning: in the working copy of 'docs/data/chunks/in.json', LF will be replaced by CRLF the next time Git touches it
[02:32:46] [INFO]   [stderr] warning: in the working copy of 'docs/data/chunks/ks.json', LF will be replaced by CRLF the next time Git touches it
[02:32:46] [INFO]   [stderr] warning: in the working copy of 'docs/data/chunks/ky.json', LF will be replaced by CRLF the next time Git touches it
[02:32:46] [INFO]   [stderr] warning: in the working copy of 'docs/data/chunks/la.json', LF will be replaced by CRLF the next time Git touches it
[02:32:46] [INFO]   [stderr] warning: in the working copy of 'docs/data/chunks/ma.json', LF will be replaced by CRLF the next time Git touches it
[02:32:46] [INFO]   [stderr] warning: in the working copy of 'docs/data/chunks/md.json', LF will be replaced by CRLF the next time Git touches it
[02:32:46] [INFO]   [stderr] warning: in the working copy of 'docs/data/chunks/me.json', LF will be replaced by CRLF the next time Git touches it
[02:32:46] [INFO]   [stderr] warning: in the working copy of 'docs/data/chunks/mi.json', LF will be replaced by CRLF the next time Git touches it
[02:32:46] [INFO]   [stderr] warning: in the working copy of 'docs/data/chunks/mn.json', LF will be replaced by CRLF the next time Git touches it
[02:32:46] [INFO]   [stderr] warning: in the working copy of 'docs/data/chunks/mo.json', LF will be replaced by CRLF the next time Git touches it
[02:32:46] [INFO]   [stderr] warning: in the working copy of 'docs/data/chunks/ms.json', LF will be replaced by CRLF the next time Git touches it
[02:32:46] [INFO]   [stderr] warning: in the working copy of 'docs/data/chunks/mt.json', LF will be replaced by CRLF the next time Git touches it
[02:32:46] [INFO]   [stderr] warning: in the working copy of 'docs/data/chunks/nc.json', LF will be replaced by CRLF the next time Git touches it
[02:32:46] [INFO]   [stderr] warning: in the working copy of 'docs/data/chunks/nd.json', LF will be replaced by CRLF the next time Git touches it
[02:32:46] [INFO]   [stderr] warning: in the working copy of 'docs/data/chunks/ne.json', LF will be replaced by CRLF the next time Git touches it
[02:32:46] [INFO]   [stderr] warning: in the working copy of 'docs/data/chunks/nh.json', LF will be replaced by CRLF the next time Git touches it
[02:32:46] [INFO]   [stderr] warning: in the working copy of 'docs/data/chunks/nj.json', LF will be replaced by CRLF the next time Git touches it
[02:32:46] [INFO]   [stderr] warning: in the working copy of 'docs/data/chunks/nm.json', LF will be replaced by CRLF the next time Git touches it
[02:32:46] [INFO]   [stderr] warning: in the working copy of 'docs/data/chunks/nv.json', LF will be replaced by CRLF the next time Git touches it
[02:32:46] [INFO]   [stderr] warning: in the working copy of 'docs/data/chunks/ny.json', LF will be replaced by CRLF the next time Git touches it
[02:32:46] [INFO]   [stderr] warning: in the working copy of 'docs/data/chunks/oh.json', LF will be replaced by CRLF the next time Git touches it
[02:32:46] [INFO]   [stderr] warning: in the working copy of 'docs/data/chunks/ok.json', LF will be replaced by CRLF the next time Git touches it
[02:32:46] [INFO]   [stderr] warning: in the working copy of 'docs/data/chunks/or.json', LF will be replaced by CRLF the next time Git touches it
[02:32:46] [INFO]   [stderr] warning: in the working copy of 'docs/data/chunks/pa.json', LF will be replaced by CRLF the next time Git touches it
[02:32:46] [INFO]   [stderr] warning: in the working copy of 'docs/data/chunks/ri.json', LF will be replaced by CRLF the next time Git touches it
[02:32:46] [INFO]   [stderr] warning: in the working copy of 'docs/data/chunks/sc.json', LF will be replaced by CRLF the next time Git touches it
[02:32:46] [INFO]   [stderr] warning: in the working copy of 'docs/data/chunks/sd.json', LF will be replaced by CRLF the next time Git touches it
[02:32:46] [INFO]   [stderr] warning: in the working copy of 'docs/data/chunks/tn.json', LF will be replaced by CRLF the next time Git touches it
[02:32:46] [INFO]   [stderr] warning: in the working copy of 'docs/data/chunks/tx.json', LF will be replaced by CRLF the next time Git touches it
[02:32:46] [INFO]   [stderr] warning: in the working copy of 'docs/data/chunks/uc.json', LF will be replaced by CRLF the next time Git touches it
[02:32:46] [INFO]   [stderr] warning: in the working copy of 'docs/data/chunks/umass.json', LF will be replaced by CRLF the next time Git touches it
[02:32:46] [INFO]   [stderr] warning: in the working copy of 'docs/data/chunks/ut.json', LF will be replaced by CRLF the next time Git touches it
[02:32:46] [INFO]   [stderr] warning: in the working copy of 'docs/data/chunks/va.json', LF will be replaced by CRLF the next time Git touches it
[02:32:46] [INFO]   [stderr] warning: in the working copy of 'docs/data/chunks/vt.json', LF will be replaced by CRLF the next time Git touches it
[02:32:46] [INFO]   [stderr] warning: in the working copy of 'docs/data/chunks/wa.json', LF will be replaced by CRLF the next time Git touches it
[02:32:46] [INFO]   [stderr] warning: in the working copy of 'docs/data/chunks/wi.json', LF will be replaced by CRLF the next time Git touches it
[02:32:46] [INFO]   [stderr] warning: in the working copy of 'docs/data/chunks/wv.json', LF will be replaced by CRLF the next time Git touches it
[02:32:46] [INFO]   [stderr] warning: in the working copy of 'docs/data/chunks/wy.json', LF will be replaced by CRLF the next time Git touches it
[02:32:46] [INFO]   [stderr] warning: in the working copy of 'docs/data/jobs-manifest.json', LF will be replaced by CRLF the next time Git touches it
[02:32:46] [INFO]   [stderr] warning: in the working copy of 'docs/data/site-stats.json', LF will be replaced by CRLF the next time Git touches it
[02:32:46] [INFO]   [stderr] warning: in the working copy of 'docs/jobs.json', LF will be replaced by CRLF the next time Git touches it
[02:32:46] [INFO]   [stderr] warning: in the working copy of 'docs/policy-excluded-colleges.json', LF will be replaced by CRLF the next time Git touches it
[02:32:46] [INFO]   [stderr] warning: in the working copy of 'docs/robots.txt', LF will be replaced by CRLF the next time Git touches it
[02:32:46] [INFO]   [stderr] warning: in the working copy of 'docs/sitemap.xml', LF will be replaced by CRLF the next time Git touches it
[02:32:46] [INFO]   [stderr] warning: in the working copy of 'generated/coverage-report.json', LF will be replaced by CRLF the next time Git touches it
[02:32:46] [INFO]   [stderr] warning: in the working copy of 'generated/policy-excluded-colleges.json', LF will be replaced by CRLF the next time Git touches it
[02:32:46] [INFO]   [stderr] warning: in the working copy of 'public/data/chunks/ak.json', LF will be replaced by CRLF the next time Git touches it
[02:32:46] [INFO]   [stderr] warning: in the working copy of 'public/data/chunks/al.json', LF will be replaced by CRLF the next time Git touches it
[02:32:46] [INFO]   [stderr] warning: in the working copy of 'public/data/chunks/ar.json', LF will be replaced by CRLF the next time Git touches it
[02:32:46] [INFO]   [stderr] warning: in the working copy of 'public/data/chunks/az.json', LF will be replaced by CRLF the next time Git touches it
[02:32:46] [INFO]   [stderr] warning: in the working copy of 'public/data/chunks/ca-private.json', LF will be replaced by CRLF the next time Git touches it
[02:32:46] [INFO]   [stderr] warning: in the working copy of 'public/data/chunks/claremont-colleges.json', LF will be replaced by CRLF the next time Git touches it
[02:32:46] [INFO]   [stderr] warning: in the working copy of 'public/data/chunks/claremont.json', LF will be replaced by CRLF the next time Git touches it
[02:32:46] [INFO]   [stderr] warning: in the working copy of 'public/data/chunks/co.json', LF will be replaced by CRLF the next time Git touches it
[02:32:46] [INFO]   [stderr] warning: in the working copy of 'public/data/chunks/csu.json', LF will be replaced by CRLF the next time Git touches it
[02:32:46] [INFO]   [stderr] warning: in the working copy of 'public/data/chunks/ct-state.json', LF will be replaced by CRLF the next time Git touches it
[02:32:46] [INFO]   [stderr] warning: in the working copy of 'public/data/chunks/ct.json', LF will be replaced by CRLF the next time Git touches it
[02:32:46] [INFO]   [stderr] warning: in the working copy of 'public/data/chunks/de.json', LF will be replaced by CRLF the next time Git touches it
[02:32:46] [INFO]   [stderr] warning: in the working copy of 'public/data/chunks/fl.json', LF will be replaced by CRLF the next time Git touches it
[02:32:46] [INFO]   [stderr] warning: in the working copy of 'public/data/chunks/ga.json', LF will be replaced by CRLF the next time Git touches it
[02:32:46] [INFO]   [stderr] warning: in the working copy of 'public/data/chunks/hi.json', LF will be replaced by CRLF the next time Git touches it
[02:32:46] [INFO]   [stderr] warning: in the working copy of 'public/data/chunks/ia.json', LF will be replaced by CRLF the next time Git touches it
[02:32:46] [INFO]   [stderr] warning: in the working copy of 'public/data/chunks/id.json', LF will be replaced by CRLF the next time Git touches it
[02:32:46] [INFO]   [stderr] warning: in the working copy of 'public/data/chunks/il.json', LF will be replaced by CRLF the next time Git touches it
[02:32:46] [INFO]   [stderr] warning: in the working copy of 'public/data/chunks/in.json', LF will be replaced by CRLF the next time Git touches it
[02:32:46] [INFO]   [stderr] warning: in the working copy of 'public/data/chunks/ks.json', LF will be replaced by CRLF the next time Git touches it
[02:32:46] [INFO]   [stderr] warning: in the working copy of 'public/data/chunks/ky.json', LF will be replaced by CRLF the next time Git touches it
[02:32:46] [INFO]   [stderr] warning: in the working copy of 'public/data/chunks/la.json', LF will be replaced by CRLF the next time Git touches it
[02:32:46] [INFO]   [stderr] warning: in the working copy of 'public/data/chunks/ma.json', LF will be replaced by CRLF the next time Git touches it
[02:32:46] [INFO]   [stderr] warning: in the working copy of 'public/data/chunks/md.json', LF will be replaced by CRLF the next time Git touches it
[02:32:46] [INFO]   [stderr] warning: in the working copy of 'public/data/chunks/me.json', LF will be replaced by CRLF the next time Git touches it
[02:32:46] [INFO]   [stderr] warning: in the working copy of 'public/data/chunks/mi.json', LF will be replaced by CRLF the next time Git touches it
[02:32:46] [INFO]   [stderr] warning: in the working copy of 'public/data/chunks/mn.json', LF will be replaced by CRLF the next time Git touches it
[02:32:46] [INFO]   [stderr] warning: in the working copy of 'public/data/chunks/mo.json', LF will be replaced by CRLF the next time Git touches it
[02:32:46] [INFO]   [stderr] warning: in the working copy of 'public/data/chunks/ms.json', LF will be replaced by CRLF the next time Git touches it
[02:32:46] [INFO]   [stderr] warning: in the working copy of 'public/data/chunks/mt.json', LF will be replaced by CRLF the next time Git touches it
[02:32:46] [INFO]   [stderr] warning: in the working copy of 'public/data/chunks/nc.json', LF will be replaced by CRLF the next time Git touches it
[02:32:46] [INFO]   [stderr] warning: in the working copy of 'public/data/chunks/nd.json', LF will be replaced by CRLF the next time Git touches it
[02:32:46] [INFO]   [stderr] warning: in the working copy of 'public/data/chunks/ne.json', LF will be replaced by CRLF the next time Git touches it
[02:32:46] [INFO]   [stderr] warning: in the working copy of 'public/data/chunks/nh.json', LF will be replaced by CRLF the next time Git touches it
[02:32:46] [INFO]   [stderr] warning: in the working copy of 'public/data/chunks/nj.json', LF will be replaced by CRLF the next time Git touches it
[02:32:46] [INFO]   [stderr] warning: in the working copy of 'public/data/chunks/nm.json', LF will be replaced by CRLF the next time Git touches it
[02:32:46] [INFO]   [stderr] warning: in the working copy of 'public/data/chunks/nv.json', LF will be replaced by CRLF the next time Git touches it
[02:32:46] [INFO]   [stderr] warning: in the working copy of 'public/data/chunks/ny.json', LF will be replaced by CRLF the next time Git touches it
[02:32:46] [INFO]   [stderr] warning: in the working copy of 'public/data/chunks/oh.json', LF will be replaced by CRLF the next time Git touches it
[02:32:46] [INFO]   [stderr] warning: in the working copy of 'public/data/chunks/ok.json', LF will be replaced by CRLF the next time Git touches it
[02:32:46] [INFO]   [stderr] warning: in the working copy of 'public/data/chunks/or.json', LF will be replaced by CRLF the next time Git touches it
[02:32:46] [INFO]   [stderr] warning: in the working copy of 'public/data/chunks/pa.json', LF will be replaced by CRLF the next time Git touches it
[02:32:46] [INFO]   [stderr] warning: in the working copy of 'public/data/chunks/ri.json', LF will be replaced by CRLF the next time Git touches it
[02:32:46] [INFO]   [stderr] warning: in the working copy of 'public/data/chunks/sc.json', LF will be replaced by CRLF the next time Git touches it
[02:32:46] [INFO]   [stderr] warning: in the working copy of 'public/data/chunks/sd.json', LF will be replaced by CRLF the next time Git touches it
[02:32:46] [INFO]   [stderr] warning: in the working copy of 'public/data/chunks/tn.json', LF will be replaced by CRLF the next time Git touches it
[02:32:46] [INFO]   [stderr] warning: in the working copy of 'public/data/chunks/tx.json', LF will be replaced by CRLF the next time Git touches it
[02:32:46] [INFO]   [stderr] warning: in the working copy of 'public/data/chunks/uc.json', LF will be replaced by CRLF the next time Git touches it
[02:32:46] [INFO]   [stderr] warning: in the working copy of 'public/data/chunks/umass.json', LF will be replaced by CRLF the next time Git touches it
[02:32:46] [INFO]   [stderr] warning: in the working copy of 'public/data/chunks/ut.json', LF will be replaced by CRLF the next time Git touches it
[02:32:46] [INFO]   [stderr] warning: in the working copy of 'public/data/chunks/va.json', LF will be replaced by CRLF the next time Git touches it
[02:32:46] [INFO]   [stderr] warning: in the working copy of 'public/data/chunks/vt.json', LF will be replaced by CRLF the next time Git touches it
[02:32:46] [INFO]   [stderr] warning: in the working copy of 'public/data/chunks/wa.json', LF will be replaced by CRLF the next time Git touches it
[02:32:46] [INFO]   [stderr] warning: in the working copy of 'public/data/chunks/wi.json', LF will be replaced by CRLF the next time Git touches it
[02:32:46] [INFO]   [stderr] warning: in the working copy of 'public/data/chunks/wv.json', LF will be replaced by CRLF the next time Git touches it
[02:32:46] [INFO]   [stderr] warning: in the working copy of 'public/data/chunks/wy.json', LF will be replaced by CRLF the next time Git touches it
[02:32:46] [INFO]   [stderr] warning: in the working copy of 'public/data/jobs-manifest.json', LF will be replaced by CRLF the next time Git touches it
[02:32:46] [INFO]   [stderr] warning: in the working copy of 'public/data/site-stats.json', LF will be replaced by CRLF the next time Git touches it
[02:32:46] [INFO]   [stderr] warning: in the working copy of 'public/jobs.json', LF will be replaced by CRLF the next time Git touches it
[02:32:46] [INFO]   [stderr] warning: in the working copy of 'public/policy-excluded-colleges.json', LF will be replaced by CRLF the next time Git touches it
[02:32:46] [INFO]   [stderr] warning: in the working copy of 'public/robots.txt', LF will be replaced by CRLF the next time Git touches it
[02:32:46] [INFO]   [stderr] warning: in the working copy of 'public/sitemap.xml', LF will be replaced by CRLF the next time Git touches it
[02:32:46] [INFO]   [stderr] warning: in the working copy of 'web-vue/public/policy-excluded-colleges.json', LF will be replaced by CRLF the next time Git touches it
[02:32:46] [INFO]   [stderr] warning: in the working copy of 'docs/assets/index-B1Fe9rZq.css', LF will be replaced by CRLF the next time Git touches it
[02:32:46] [INFO]   [stderr] warning: in the working copy of 'public/assets/index-B1Fe9rZq.css', LF will be replaced by CRLF the next time Git touches it
[02:32:46] [OK] git add succeeded.
[02:32:47] [INFO] Running: C:\Program Files\Git\cmd\git.exe commit -F C:\Users\StevenAzeka\AppData\Local\Temp\tmp1578.tmp
[02:32:48] [INFO]   [main 9c32abb] Daily scrape update 2026-06-12
[02:32:48] [INFO]    130 files changed, 43278 insertions(+), 46882 deletions(-)
[02:32:48] [INFO]    create mode 100644 docs/assets/index-B1Fe9rZq.css
[02:32:48] [INFO]    create mode 100644 docs/assets/index-b5mNniGz.js
[02:32:48] [INFO]    create mode 100644 public/assets/index-B1Fe9rZq.css
[02:32:48] [INFO]    create mode 100644 public/assets/index-b5mNniGz.js
[02:32:48] [OK] git commit succeeded.
[02:32:48] [INFO] Running: C:\Program Files\Git\cmd\git.exe push
[02:32:50] [INFO]   [stderr] To https://github.com/sazeka/Faculty-Jobs.git
[02:32:50] [INFO]   [stderr]  ! [rejected]        main -> main (fetch first)
[02:32:50] [INFO]   [stderr] error: failed to push some refs to 'https://github.com/sazeka/Faculty-Jobs.git'
[02:32:50] [INFO]   [stderr] hint: Updates were rejected because the remote contains work that you do not
[02:32:50] [INFO]   [stderr] hint: have locally. This is usually caused by another repository pushing to
[02:32:50] [INFO]   [stderr] hint: the same ref. If you want to integrate the remote changes, use
[02:32:50] [INFO]   [stderr] hint: 'git pull' before pushing again.
[02:32:50] [INFO]   [stderr] hint: See the 'Note about fast-forwards' in 'git push --help' for details.
[02:32:50] [ERROR] git push FAILED (exit code 1)
[02:32:50] [WARN] Push rejected - fetching and merging remote changes...
[02:32:50] [INFO] Running: C:\Program Files\Git\cmd\git.exe fetch
[02:32:51] [INFO]   [stderr] From https://github.com/sazeka/Faculty-Jobs
[02:32:51] [INFO]   [stderr]    7c52e05..a8efe19  main       -> origin/main
[02:32:51] [OK] git fetch succeeded.
[02:32:51] [INFO] Running: C:\Program Files\Git\cmd\git.exe merge -X ours origin/main
[02:32:55] [INFO]   [stderr] warning: in the working copy of 'generated/enrichment-report.json', LF will be replaced by CRLF the next time Git touches it
[02:32:55] [INFO]   [stderr] warning: in the working copy of 'generated/job-descriptions-report.json', LF will be replaced by CRLF the next time Git touches it
[02:32:55] [INFO]   [stderr] warning: in the working copy of 'generated/job-presence-report.json', LF will be replaced by CRLF the next time Git touches it
[02:32:55] [INFO]   [stderr] warning: in the working copy of 'generated/job-presence.json', LF will be replaced by CRLF the next time Git touches it
[02:32:55] [INFO]   [stderr] warning: in the working copy of 'generated/post-quality-report.json', LF will be replaced by CRLF the next time Git touches it
[02:32:55] [INFO]   [stderr] warning: in the working copy of 'web-vue/public/data/chunks/ak.json', LF will be replaced by CRLF the next time Git touches it
[02:32:55] [INFO]   [stderr] warning: in the working copy of 'web-vue/public/data/chunks/al.json', LF will be replaced by CRLF the next time Git touches it
[02:32:55] [INFO]   [stderr] warning: in the working copy of 'web-vue/public/data/chunks/ar.json', LF will be replaced by CRLF the next time Git touches it
[02:32:55] [INFO]   [stderr] warning: in the working copy of 'web-vue/public/data/chunks/az.json', LF will be replaced by CRLF the next time Git touches it
[02:32:55] [INFO]   [stderr] warning: in the working copy of 'web-vue/public/data/chunks/ca-private.json', LF will be replaced by CRLF the next time Git touches it
[02:32:55] [INFO]   [stderr] warning: in the working copy of 'web-vue/public/data/chunks/claremont-colleges.json', LF will be replaced by CRLF the next time Git touches it
[02:32:55] [INFO]   [stderr] warning: in the working copy of 'web-vue/public/data/chunks/claremont.json', LF will be replaced by CRLF the next time Git touches it
[02:32:55] [INFO]   [stderr] warning: in the working copy of 'web-vue/public/data/chunks/co.json', LF will be replaced by CRLF the next time Git touches it
[02:32:55] [INFO]   [stderr] warning: in the working copy of 'web-vue/public/data/chunks/csu.json', LF will be replaced by CRLF the next time Git touches it
[02:32:55] [INFO]   [stderr] warning: in the working copy of 'web-vue/public/data/chunks/ct-state.json', LF will be replaced by CRLF the next time Git touches it
[02:32:55] [INFO]   [stderr] warning: in the working copy of 'web-vue/public/data/chunks/ct.json', LF will be replaced by CRLF the next time Git touches it
[02:32:55] [INFO]   [stderr] warning: in the working copy of 'web-vue/public/data/chunks/de.json', LF will be replaced by CRLF the next time Git touches it
[02:32:55] [INFO]   [stderr] warning: in the working copy of 'web-vue/public/data/chunks/fl.json', LF will be replaced by CRLF the next time Git touches it
[02:32:55] [INFO]   [stderr] warning: in the working copy of 'web-vue/public/data/chunks/ga.json', LF will be replaced by CRLF the next time Git touches it
[02:32:55] [INFO]   [stderr] warning: in the working copy of 'web-vue/public/data/chunks/hi.json', LF will be replaced by CRLF the next time Git touches it
[02:32:55] [INFO]   [stderr] warning: in the working copy of 'web-vue/public/data/chunks/ia.json', LF will be replaced by CRLF the next time Git touches it
[02:32:55] [INFO]   [stderr] warning: in the working copy of 'web-vue/public/data/chunks/id.json', LF will be replaced by CRLF the next time Git touches it
[02:32:55] [INFO]   [stderr] warning: in the working copy of 'web-vue/public/data/chunks/il.json', LF will be replaced by CRLF the next time Git touches it
[02:32:55] [INFO]   [stderr] warning: in the working copy of 'web-vue/public/data/chunks/in.json', LF will be replaced by CRLF the next time Git touches it
[02:32:55] [INFO]   [stderr] warning: in the working copy of 'web-vue/public/data/chunks/ks.json', LF will be replaced by CRLF the next time Git touches it
[02:32:55] [INFO]   [stderr] warning: in the working copy of 'web-vue/public/data/chunks/ky.json', LF will be replaced by CRLF the next time Git touches it
[02:32:55] [INFO]   [stderr] warning: in the working copy of 'web-vue/public/data/chunks/la.json', LF will be replaced by CRLF the next time Git touches it
[02:32:55] [INFO]   [stderr] warning: in the working copy of 'web-vue/public/data/chunks/ma.json', LF will be replaced by CRLF the next time Git touches it
[02:32:55] [INFO]   [stderr] warning: in the working copy of 'web-vue/public/data/chunks/md.json', LF will be replaced by CRLF the next time Git touches it
[02:32:55] [INFO]   [stderr] warning: in the working copy of 'web-vue/public/data/chunks/me.json', LF will be replaced by CRLF the next time Git touches it
[02:32:55] [INFO]   [stderr] warning: in the working copy of 'web-vue/public/data/chunks/mi.json', LF will be replaced by CRLF the next time Git touches it
[02:32:55] [INFO]   [stderr] warning: in the working copy of 'web-vue/public/data/chunks/mn.json', LF will be replaced by CRLF the next time Git touches it
[02:32:55] [INFO]   [stderr] warning: in the working copy of 'web-vue/public/data/chunks/mo.json', LF will be replaced by CRLF the next time Git touches it
[02:32:55] [INFO]   [stderr] warning: in the working copy of 'web-vue/public/data/chunks/ms.json', LF will be replaced by CRLF the next time Git touches it
[02:32:55] [INFO]   [stderr] warning: in the working copy of 'web-vue/public/data/chunks/mt.json', LF will be replaced by CRLF the next time Git touches it
[02:32:55] [INFO]   [stderr] warning: in the working copy of 'web-vue/public/data/chunks/nc.json', LF will be replaced by CRLF the next time Git touches it
[02:32:55] [INFO]   [stderr] warning: in the working copy of 'web-vue/public/data/chunks/nd.json', LF will be replaced by CRLF the next time Git touches it
[02:32:55] [INFO]   [stderr] warning: in the working copy of 'web-vue/public/data/chunks/ne.json', LF will be replaced by CRLF the next time Git touches it
[02:32:55] [INFO]   [stderr] warning: in the working copy of 'web-vue/public/data/chunks/nh.json', LF will be replaced by CRLF the next time Git touches it
[02:32:55] [INFO]   [stderr] warning: in the working copy of 'web-vue/public/data/chunks/nj.json', LF will be replaced by CRLF the next time Git touches it
[02:32:55] [INFO]   [stderr] warning: in the working copy of 'web-vue/public/data/chunks/nm.json', LF will be replaced by CRLF the next time Git touches it
[02:32:55] [INFO]   [stderr] warning: in the working copy of 'web-vue/public/data/chunks/nv.json', LF will be replaced by CRLF the next time Git touches it
[02:32:55] [INFO]   [stderr] warning: in the working copy of 'web-vue/public/data/chunks/ny.json', LF will be replaced by CRLF the next time Git touches it
[02:32:55] [INFO]   [stderr] warning: in the working copy of 'web-vue/public/data/chunks/oh.json', LF will be replaced by CRLF the next time Git touches it
[02:32:55] [INFO]   [stderr] warning: in the working copy of 'web-vue/public/data/chunks/ok.json', LF will be replaced by CRLF the next time Git touches it
[02:32:55] [INFO]   [stderr] warning: in the working copy of 'web-vue/public/data/chunks/or.json', LF will be replaced by CRLF the next time Git touches it
[02:32:55] [INFO]   [stderr] warning: in the working copy of 'web-vue/public/data/chunks/pa.json', LF will be replaced by CRLF the next time Git touches it
[02:32:55] [INFO]   [stderr] warning: in the working copy of 'web-vue/public/data/chunks/ri.json', LF will be replaced by CRLF the next time Git touches it
[02:32:55] [INFO]   [stderr] warning: in the working copy of 'web-vue/public/data/chunks/sc.json', LF will be replaced by CRLF the next time Git touches it
[02:32:55] [INFO]   [stderr] warning: in the working copy of 'web-vue/public/data/chunks/sd.json', LF will be replaced by CRLF the next time Git touches it
[02:32:55] [INFO]   [stderr] warning: in the working copy of 'web-vue/public/data/chunks/tn.json', LF will be replaced by CRLF the next time Git touches it
[02:32:55] [INFO]   [stderr] warning: in the working copy of 'web-vue/public/data/chunks/tx.json', LF will be replaced by CRLF the next time Git touches it
[02:32:55] [INFO]   [stderr] warning: in the working copy of 'web-vue/public/data/chunks/uc.json', LF will be replaced by CRLF the next time Git touches it
[02:32:55] [INFO]   [stderr] warning: in the working copy of 'web-vue/public/data/chunks/umass.json', LF will be replaced by CRLF the next time Git touches it
[02:32:55] [INFO]   [stderr] warning: in the working copy of 'web-vue/public/data/chunks/ut.json', LF will be replaced by CRLF the next time Git touches it
[02:32:55] [INFO]   [stderr] warning: in the working copy of 'web-vue/public/data/chunks/va.json', LF will be replaced by CRLF the next time Git touches it
[02:32:55] [INFO]   [stderr] warning: in the working copy of 'web-vue/public/data/chunks/vt.json', LF will be replaced by CRLF the next time Git touches it
[02:32:55] [INFO]   [stderr] warning: in the working copy of 'web-vue/public/data/chunks/wa.json', LF will be replaced by CRLF the next time Git touches it
[02:32:55] [INFO]   [stderr] warning: in the working copy of 'web-vue/public/data/chunks/wi.json', LF will be replaced by CRLF the next time Git touches it
[02:32:55] [INFO]   [stderr] warning: in the working copy of 'web-vue/public/data/chunks/wv.json', LF will be replaced by CRLF the next time Git touches it
[02:32:55] [INFO]   [stderr] warning: in the working copy of 'web-vue/public/data/chunks/wy.json', LF will be replaced by CRLF the next time Git touches it
[02:32:55] [INFO]   [stderr] warning: in the working copy of 'web-vue/public/data/jobs-manifest.json', LF will be replaced by CRLF the next time Git touches it
[02:32:55] [INFO]   [stderr] warning: in the working copy of 'web-vue/public/data/site-stats.json', LF will be replaced by CRLF the next time Git touches it
[02:32:55] [INFO]   [stderr] warning: in the working copy of 'web-vue/public/jobs.json', LF will be replaced by CRLF the next time Git touches it
[02:32:55] [INFO]   [stderr] error: Your local changes to the following files would be overwritten by merge:
[02:32:55] [INFO]   [stderr] 	generated/enrichment-report.json
[02:32:55] [INFO]   [stderr] 	generated/job-descriptions-report.json
[02:32:55] [INFO]   [stderr] 	generated/job-presence-report.json
[02:32:55] [INFO]   [stderr] 	generated/job-presence.json
[02:32:55] [INFO]   [stderr] 	generated/job-url-cache.json
[02:32:55] [INFO]   [stderr] 	generated/job-url-dead.json
[02:32:55] [INFO]   [stderr] 	generated/job-url-report.json
[02:32:55] [INFO]   [stderr] Please commit your changes or stash them before you merge.
[02:32:55] [INFO]   [stderr] Aborting
[02:32:55] [INFO]   [stderr] Merge with strategy ort failed.
[02:32:55] [ERROR] git merge -X ours FAILED (exit code 2)
[02:32:55] [INFO] Running: C:\Program Files\Git\cmd\git.exe push
[02:32:57] [INFO]   [stderr] To https://github.com/sazeka/Faculty-Jobs.git
[02:32:57] [INFO]   [stderr]  ! [rejected]        main -> main (non-fast-forward)
[02:32:57] [INFO]   [stderr] error: failed to push some refs to 'https://github.com/sazeka/Faculty-Jobs.git'
[02:32:57] [INFO]   [stderr] hint: Updates were rejected because the tip of your current branch is behind
[02:32:57] [INFO]   [stderr] hint: its remote counterpart. If you want to integrate the remote changes,
[02:32:57] [INFO]   [stderr] hint: use 'git pull' before pushing again.
[02:32:57] [INFO]   [stderr] hint: See the 'Note about fast-forwards' in 'git push --help' for details.
[02:32:57] [ERROR] git push (retry) FAILED (exit code 1)
[02:32:57] [ERROR] Push failed after merge retry.
[02:32:57] [INFO] 
[02:32:57] [INFO] --------------------------------------------------
[02:32:57] [INFO]   Step 7/8 - Validate job URLs
[02:32:57] [INFO] --------------------------------------------------
[02:32:57] [INFO] Running: C:\Program Files\nodejs\npm.cmd run verify:job-urls
[02:33:20] [INFO]   
[02:33:20] [INFO]   > faculty-jobs@1.0.0 verify:job-urls
[02:33:20] [INFO]   > node scripts/verify-job-urls.js
[02:33:20] [INFO]   
[02:33:20] [INFO]   
[02:33:20] [INFO]   Faculty Atlas - Job URL Validator
[02:33:20] [INFO]     Sample: 8/source | Concurrency: 6 | Recheck: every 7d | Timeout: 12000ms
[02:33:20] [INFO]   
[02:33:20] [INFO]   Loaded 6,472 jobs.
[02:33:20] [INFO]     228 URLs selected to check this run (6244 not sampled or already fresh in cache)
[02:33:20] [INFO]   
[02:33:20] [INFO]   
[02:33:20] [INFO]     Checked 10/228...
[02:33:20] [INFO]     Checked 20/228...
[02:33:20] [INFO]     Checked 30/228...
[02:33:20] [INFO]     Checked 40/228...
[02:33:20] [INFO]     Checked 50/228...
[02:33:20] [INFO]     Checked 60/228...
[02:33:20] [INFO]     Checked 70/228...
[02:33:20] [INFO]     Checked 80/228...
[02:33:20] [INFO]     Checked 90/228...
[02:33:20] [INFO]     Checked 100/228...
[02:33:20] [INFO]     Checked 110/228...
[02:33:20] [INFO]     Checked 120/228...
[02:33:20] [INFO]     Checked 130/228...
[02:33:20] [INFO]     Checked 140/228...
[02:33:20] [INFO]     Checked 150/228...
[02:33:20] [INFO]     Checked 160/228...
[02:33:20] [INFO]     Checked 170/228...
[02:33:20] [INFO]     Checked 180/228...
[02:33:20] [INFO]     Checked 190/228...
[02:33:20] [INFO]     Checked 200/228...
[02:33:20] [INFO]     Checked 210/228...
[02:33:20] [INFO]     Checked 220/228...
[02:33:20] [INFO]     Checked 228/228...
[02:33:20] [INFO]   
[02:33:20] [INFO]   -- Results (this run) --
[02:33:20] [INFO]     OK        : 203
[02:33:20] [INFO]     Dead      : 0  (404/410)
[02:33:20] [INFO]     Redirected: 0  (redirected to homepage)
[02:33:20] [INFO]     Blocked   : 8  (403/405 - assumed live)
[02:33:20] [INFO]     Timeout   : 0
[02:33:20] [INFO]     Other     : 17
[02:33:20] [INFO]   
[02:33:20] [INFO]   -- Overall (from cache) --
[02:33:20] [INFO]     URLs in cache  : 8,062 / 6,472 (124.6% coverage)
[02:33:20] [INFO]     Confirmed dead : 0
[02:33:20] [INFO]   
[02:33:20] [INFO]     Report  : generated\job-url-report.json
[02:33:20] [INFO]     Dead    : generated\job-url-dead.json
[02:33:20] [INFO]     Cache   : generated\job-url-cache.json
[02:33:20] [INFO]   
[02:33:20] [OK] Verify job URLs succeeded.
[02:33:20] [INFO] 
[02:33:20] [INFO] --------------------------------------------------
[02:33:20] [INFO]   Step 8/8 - Monitor live site
[02:33:20] [INFO] --------------------------------------------------
[02:33:20] [INFO] Waiting 30s for GitHub Pages to propagate...
[02:33:50] [INFO] Running: C:\Program Files\nodejs\npm.cmd run monitor:live
[02:33:53] [INFO]   
[02:33:53] [INFO]   > faculty-jobs@1.0.0 monitor:live
[02:33:53] [INFO]   > node scripts/monitor-live-site.js
[02:33:53] [INFO]   
[02:33:53] [INFO]   
[02:33:53] [INFO]   🔍 Faculty Atlas — Live Site Health Check
[02:33:53] [INFO]      Target: https://sazeka.github.io/Faculty-Jobs
[02:33:53] [INFO]      Freshness limit: warn >7d, fail >14d
[02:33:53] [INFO]      Min job count: 500
[02:33:53] [INFO]   
[02:33:53] [INFO]   ── Availability ─────────────────────────────
[02:33:53] [INFO]     ✅ [PASS] Site root reachable: HTTP 200
[02:33:53] [INFO]   
[02:33:53] [INFO]   ── Assets ───────────────────────────────────
[02:33:53] [INFO]     ❌ [FAIL] JS bundle loads: HTTP 404
[02:33:53] [INFO]     ❌ [FAIL] CSS bundle loads: HTTP 404
[02:33:53] [INFO]   
[02:33:53] [INFO]   ── Data ─────────────────────────────────────
[02:33:53] [INFO]     ✅ [PASS] Manifest loads: 56 chunks declared
[02:33:53] [INFO]     ✅ [PASS] Job count meets minimum: 6,494 jobs (min: 500)
[02:33:53] [INFO]     ✅ [PASS] Data freshness: 1.0 days old (scraped 6/11/2026)
[02:33:53] [INFO]   
[02:33:53] [INFO]   ── Chunk spot-check ─────────────────────────
[02:33:53] [INFO]     ✅ [PASS] Chunk de: 14 jobs
[02:33:53] [INFO]     ✅ [PASS] Chunk umass: 39 jobs
[02:33:53] [INFO]     ✅ [PASS] Chunk co: 21 jobs
[02:33:53] [INFO]   
[02:33:53] [INFO]   ── Map data ─────────────────────────────────
[02:33:53] [INFO]     ✅ [PASS] College coordinates: 531 entries
[02:33:53] [INFO]   
[02:33:53] [INFO]   ─────────────────────────────────────────────
[02:33:53] [INFO]   ❌ Overall: FAIL  (8 passed, 0 warned, 2 failed) — 0.8s
[02:33:53] [INFO]      Report written to generated/live-site-health.json
[02:33:53] [INFO]   
[02:33:53] [ERROR] Monitor FAILED (exit code 1)
[02:33:53] [INFO] 
[02:33:53] [INFO] ================================================
[02:33:53] [INFO]   [FAILED]  Daily update finished with errors - check log.
[02:33:53] [INFO]   Log: C:\Users\StevenAzeka\OneDrive\Documents\GitHub\Faculty-Jobs\generated\automation-logs\daily-update-2026-06-12_02-00-01.log
[02:33:53] [INFO] ================================================
[02:33:53] [INFO] 
